2026-01-06T08:25:40.644907Z  INFO tailwindcss_oxide::scanner: Provided sources:
2026-01-06T08:25:40.645861Z  INFO tailwindcss_oxide::scanner: Source: PublicSourceEntry { base: "C:\\xampp\\htdocs\\tutorial2", pattern: "**/*", negated: false }
2026-01-06T08:25:40.648026Z  INFO tailwindcss_oxide::scanner: Optimized sources:
2026-01-06T08:25:40.648081Z  INFO tailwindcss_oxide::scanner: Source: Auto { base: "C:\\xampp\\htdocs\\tutorial2" }
2026-01-06T08:25:40.657032Z  INFO scan_sources: tailwindcss_oxide::scanner: enter
2026-01-06T08:25:40.661052Z  INFO scan_sources: tailwindcss_oxide::scanner: Discovering "C:\\xampp\\htdocs\\tutorial2\\ADMIN_MODULES_IMPLEMENTATION.md"
2026-01-06T08:25:40.661783Z  INFO scan_sources: tailwindcss_oxide::scanner: Discovering "C:\\xampp\\htdocs\\tutorial2\\api"
2026-01-06T08:25:40.662423Z  INFO scan_sources: tailwindcss_oxide::scanner: Discovering "C:\\xampp\\htdocs\\tutorial2\\api\\auth"
2026-01-06T08:25:40.662889Z  INFO scan_sources: tailwindcss_oxide::scanner: Discovering "C:\\xampp\\htdocs\\tutorial2\\api\\auth\\login.php"
2026-01-06T08:25:40.663060Z  INFO scan_sources: tailwindcss_oxide::scanner: Discovering "C:\\xampp\\htdocs\\tutorial2\\api\\auth\\logout.php"
2026-01-06T08:25:40.663216Z  INFO scan_sources: tailwindcss_oxide::scanner: Discovering "C:\\xampp\\htdocs\\tutorial2\\api\\auth\\me.php"
2026-01-06T08:25:40.663417Z  INFO scan_sources: tailwindcss_oxide::scanner: Discovering "C:\\xampp\\htdocs\\tutorial2\\api\\auth\\register.php"
2026-01-06T08:25:40.663884Z  INFO scan_sources: tailwindcss_oxide::scanner: Discovering "C:\\xampp\\htdocs\\tutorial2\\app"
2026-01-06T08:25:40.664375Z  INFO scan_sources: tailwindcss_oxide::scanner: Discovering "C:\\xampp\\htdocs\\tutorial2\\app\\(layout)"
2026-01-06T08:25:40.664687Z  INFO scan_sources: tailwindcss_oxide::scanner: Discovering "C:\\xampp\\htdocs\\tutorial2\\app\\(layout)\\layout.tsx"
2026-01-06T08:25:40.664992Z  INFO scan_sources: tailwindcss_oxide::scanner: Discovering "C:\\xampp\\htdocs\\tutorial2\\app\\(shared-layout)"
2026-01-06T08:25:40.665290Z  INFO scan_sources: tailwindcss_oxide::scanner: Discovering "C:\\xampp\\htdocs\\tutorial2\\app\\(shared-layout)\\layout.tsx"
2026-01-06T08:25:40.665436Z  INFO scan_sources: tailwindcss_oxide::scanner: Discovering "C:\\xampp\\htdocs\\tutorial2\\app\\(shared-layout)\\page.tsx"
2026-01-06T08:25:40.665732Z  INFO scan_sources: tailwindcss_oxide::scanner: Discovering "C:\\xampp\\htdocs\\tutorial2\\app\\about"
2026-01-06T08:25:40.666061Z  INFO scan_sources: tailwindcss_oxide::scanner: Discovering "C:\\xampp\\htdocs\\tutorial2\\app\\about\\page.tsx"
2026-01-06T08:25:40.666365Z  INFO scan_sources: tailwindcss_oxide::scanner: Discovering "C:\\xampp\\htdocs\\tutorial2\\app\\about-us"
2026-01-06T08:25:40.666657Z  INFO scan_sources: tailwindcss_oxide::scanner: Discovering "C:\\xampp\\htdocs\\tutorial2\\app\\about-us\\page.tsx"
2026-01-06T08:25:40.666941Z  INFO scan_sources: tailwindcss_oxide::scanner: Discovering "C:\\xampp\\htdocs\\tutorial2\\app\\admin"
2026-01-06T08:25:40.667319Z  INFO scan_sources: tailwindcss_oxide::scanner: Discovering "C:\\xampp\\htdocs\\tutorial2\\app\\admin\\content"
2026-01-06T08:25:40.667825Z  INFO scan_sources: tailwindcss_oxide::scanner: Discovering "C:\\xampp\\htdocs\\tutorial2\\app\\admin\\content\\about"
2026-01-06T08:25:40.668109Z  INFO scan_sources: tailwindcss_oxide::scanner: Discovering "C:\\xampp\\htdocs\\tutorial2\\app\\admin\\content\\about\\page.tsx"
2026-01-06T08:25:40.668419Z  INFO scan_sources: tailwindcss_oxide::scanner: Discovering "C:\\xampp\\htdocs\\tutorial2\\app\\admin\\content\\contact"
2026-01-06T08:25:40.668697Z  INFO scan_sources: tailwindcss_oxide::scanner: Discovering "C:\\xampp\\htdocs\\tutorial2\\app\\admin\\content\\contact\\page.tsx"
2026-01-06T08:25:40.669021Z  INFO scan_sources: tailwindcss_oxide::scanner: Discovering "C:\\xampp\\htdocs\\tutorial2\\app\\admin\\content\\home"
2026-01-06T08:25:40.669293Z  INFO scan_sources: tailwindcss_oxide::scanner: Discovering "C:\\xampp\\htdocs\\tutorial2\\app\\admin\\content\\home\\page.tsx"
2026-01-06T08:25:40.669510Z  INFO scan_sources: tailwindcss_oxide::scanner: Discovering "C:\\xampp\\htdocs\\tutorial2\\app\\admin\\content\\page.tsx"
2026-01-06T08:25:40.669877Z  INFO scan_sources: tailwindcss_oxide::scanner: Discovering "C:\\xampp\\htdocs\\tutorial2\\app\\admin\\dashboard"
2026-01-06T08:25:40.670167Z  INFO scan_sources: tailwindcss_oxide::scanner: Discovering "C:\\xampp\\htdocs\\tutorial2\\app\\admin\\dashboard\\page.tsx"
2026-01-06T08:25:40.670745Z  INFO scan_sources: tailwindcss_oxide::scanner: Discovering "C:\\xampp\\htdocs\\tutorial2\\app\\admin\\events"
2026-01-06T08:25:40.671158Z  INFO scan_sources: tailwindcss_oxide::scanner: Discovering "C:\\xampp\\htdocs\\tutorial2\\app\\admin\\events\\page.tsx"
2026-01-06T08:25:40.671407Z  INFO scan_sources: tailwindcss_oxide::scanner: Discovering "C:\\xampp\\htdocs\\tutorial2\\app\\admin\\events\\[id]"
2026-01-06T08:25:40.671724Z  INFO scan_sources: tailwindcss_oxide::scanner: Discovering "C:\\xampp\\htdocs\\tutorial2\\app\\admin\\events\\[id]\\page.tsx"
2026-01-06T08:25:40.672089Z  INFO scan_sources: tailwindcss_oxide::scanner: Discovering "C:\\xampp\\htdocs\\tutorial2\\app\\admin\\events\\[id]\\registrations"
2026-01-06T08:25:40.672881Z  INFO scan_sources: tailwindcss_oxide::scanner: Discovering "C:\\xampp\\htdocs\\tutorial2\\app\\admin\\events\\[id]\\registrations\\page.tsx"
2026-01-06T08:25:40.673219Z  INFO scan_sources: tailwindcss_oxide::scanner: Discovering "C:\\xampp\\htdocs\\tutorial2\\app\\admin\\layout.tsx"
2026-01-06T08:25:40.673714Z  INFO scan_sources: tailwindcss_oxide::scanner: Discovering "C:\\xampp\\htdocs\\tutorial2\\app\\admin\\membership"
2026-01-06T08:25:40.674402Z  INFO scan_sources: tailwindcss_oxide::scanner: Discovering "C:\\xampp\\htdocs\\tutorial2\\app\\admin\\membership\\page.tsx"
2026-01-06T08:25:40.674580Z  INFO scan_sources: tailwindcss_oxide::scanner: Discovering "C:\\xampp\\htdocs\\tutorial2\\app\\admin\\page.old.tsx"
2026-01-06T08:25:40.674656Z  INFO scan_sources: tailwindcss_oxide::scanner: Discovering "C:\\xampp\\htdocs\\tutorial2\\app\\admin\\page.tsx"
2026-01-06T08:25:40.674736Z  INFO scan_sources: tailwindcss_oxide::scanner: Discovering "C:\\xampp\\htdocs\\tutorial2\\app\\admin\\page.tsx.backup"
2026-01-06T08:25:40.674824Z  INFO scan_sources: tailwindcss_oxide::scanner: Discovering "C:\\xampp\\htdocs\\tutorial2\\app\\admin\\page.tsx.new"
2026-01-06T08:25:40.675025Z  INFO scan_sources: tailwindcss_oxide::scanner: Discovering "C:\\xampp\\htdocs\\tutorial2\\app\\admin\\payments"
2026-01-06T08:25:40.675568Z  INFO scan_sources: tailwindcss_oxide::scanner: Discovering "C:\\xampp\\htdocs\\tutorial2\\app\\admin\\payments\\page.tsx"
2026-01-06T08:25:40.676096Z  INFO scan_sources: tailwindcss_oxide::scanner: Discovering "C:\\xampp\\htdocs\\tutorial2\\app\\admin\\reports"
2026-01-06T08:25:40.676472Z  INFO scan_sources: tailwindcss_oxide::scanner: Discovering "C:\\xampp\\htdocs\\tutorial2\\app\\admin\\reports\\page.tsx"
2026-01-06T08:25:40.676798Z  INFO scan_sources: tailwindcss_oxide::scanner: Discovering "C:\\xampp\\htdocs\\tutorial2\\app\\admin\\requests"
2026-01-06T08:25:40.677117Z  INFO scan_sources: tailwindcss_oxide::scanner: Discovering "C:\\xampp\\htdocs\\tutorial2\\app\\admin\\requests\\page.tsx"
2026-01-06T08:25:40.677451Z  INFO scan_sources: tailwindcss_oxide::scanner: Discovering "C:\\xampp\\htdocs\\tutorial2\\app\\admin\\users"
2026-01-06T08:25:40.677781Z  INFO scan_sources: tailwindcss_oxide::scanner: Discovering "C:\\xampp\\htdocs\\tutorial2\\app\\admin\\users\\page.tsx"
2026-01-06T08:25:40.678038Z  INFO scan_sources: tailwindcss_oxide::scanner: Discovering "C:\\xampp\\htdocs\\tutorial2\\app\\admin\\users\\[id]"
2026-01-06T08:25:40.678370Z  INFO scan_sources: tailwindcss_oxide::scanner: Discovering "C:\\xampp\\htdocs\\tutorial2\\app\\admin\\users\\[id]\\page.tsx"
2026-01-06T08:25:40.678785Z  INFO scan_sources: tailwindcss_oxide::scanner: Discovering "C:\\xampp\\htdocs\\tutorial2\\app\\api"
2026-01-06T08:25:40.679065Z  INFO scan_sources: tailwindcss_oxide::scanner: Discovering "C:\\xampp\\htdocs\\tutorial2\\app\\api\\about-content"
2026-01-06T08:25:40.679254Z  INFO scan_sources: tailwindcss_oxide::scanner: Discovering "C:\\xampp\\htdocs\\tutorial2\\app\\api\\about-content\\route.ts"
2026-01-06T08:25:40.679559Z  INFO scan_sources: tailwindcss_oxide::scanner: Discovering "C:\\xampp\\htdocs\\tutorial2\\app\\api\\admin"
2026-01-06T08:25:40.679828Z  INFO scan_sources: tailwindcss_oxide::scanner: Discovering "C:\\xampp\\htdocs\\tutorial2\\app\\api\\admin\\content"
2026-01-06T08:25:40.680049Z  INFO scan_sources: tailwindcss_oxide::scanner: Discovering "C:\\xampp\\htdocs\\tutorial2\\app\\api\\admin\\content\\about"
2026-01-06T08:25:40.680263Z  INFO scan_sources: tailwindcss_oxide::scanner: Discovering "C:\\xampp\\htdocs\\tutorial2\\app\\api\\admin\\content\\about\\route.ts"
2026-01-06T08:25:40.680393Z  INFO scan_sources: tailwindcss_oxide::scanner: Discovering "C:\\xampp\\htdocs\\tutorial2\\app\\api\\admin\\content\\about\\[id]"
2026-01-06T08:25:40.680687Z  INFO scan_sources: tailwindcss_oxide::scanner: Discovering "C:\\xampp\\htdocs\\tutorial2\\app\\api\\admin\\content\\about\\[id]\\route.ts"
2026-01-06T08:25:40.681196Z  INFO scan_sources: tailwindcss_oxide::scanner: Discovering "C:\\xampp\\htdocs\\tutorial2\\app\\api\\admin\\content\\contact"
2026-01-06T08:25:40.681585Z  INFO scan_sources: tailwindcss_oxide::scanner: Discovering "C:\\xampp\\htdocs\\tutorial2\\app\\api\\admin\\content\\contact\\route.ts"
2026-01-06T08:25:40.681870Z  INFO scan_sources: tailwindcss_oxide::scanner: Discovering "C:\\xampp\\htdocs\\tutorial2\\app\\api\\admin\\content\\contact\\[id]"
2026-01-06T08:25:40.682186Z  INFO scan_sources: tailwindcss_oxide::scanner: Discovering "C:\\xampp\\htdocs\\tutorial2\\app\\api\\admin\\content\\contact\\[id]\\route.ts"
2026-01-06T08:25:40.682562Z  INFO scan_sources: tailwindcss_oxide::scanner: Discovering "C:\\xampp\\htdocs\\tutorial2\\app\\api\\admin\\content\\footer"
2026-01-06T08:25:40.682863Z  INFO scan_sources: tailwindcss_oxide::scanner: Discovering "C:\\xampp\\htdocs\\tutorial2\\app\\api\\admin\\content\\footer\\route.ts"
2026-01-06T08:25:40.683127Z  INFO scan_sources: tailwindcss_oxide::scanner: Discovering "C:\\xampp\\htdocs\\tutorial2\\app\\api\\admin\\content\\home"
2026-01-06T08:25:40.683450Z  INFO scan_sources: tailwindcss_oxide::scanner: Discovering "C:\\xampp\\htdocs\\tutorial2\\app\\api\\admin\\content\\home\\route.ts"
2026-01-06T08:25:40.683743Z  INFO scan_sources: tailwindcss_oxide::scanner: Discovering "C:\\xampp\\htdocs\\tutorial2\\app\\api\\admin\\content\\home\\[id]"
2026-01-06T08:25:40.684046Z  INFO scan_sources: tailwindcss_oxide::scanner: Discovering "C:\\xampp\\htdocs\\tutorial2\\app\\api\\admin\\content\\home\\[id]\\route.ts"
2026-01-06T08:25:40.684386Z  INFO scan_sources: tailwindcss_oxide::scanner: Discovering "C:\\xampp\\htdocs\\tutorial2\\app\\api\\admin\\content\\media"
2026-01-06T08:25:40.684691Z  INFO scan_sources: tailwindcss_oxide::scanner: Discovering "C:\\xampp\\htdocs\\tutorial2\\app\\api\\admin\\content\\media\\route.ts"
2026-01-06T08:25:40.685009Z  INFO scan_sources: tailwindcss_oxide::scanner: Discovering "C:\\xampp\\htdocs\\tutorial2\\app\\api\\admin\\content\\navigation"
2026-01-06T08:25:40.685178Z  INFO scan_sources: tailwindcss_oxide::scanner: Discovering "C:\\xampp\\htdocs\\tutorial2\\app\\api\\admin\\content\\navigation\\route.ts"
2026-01-06T08:25:40.685314Z  INFO scan_sources: tailwindcss_oxide::scanner: Discovering "C:\\xampp\\htdocs\\tutorial2\\app\\api\\admin\\content\\pages"
2026-01-06T08:25:40.685463Z  INFO scan_sources: tailwindcss_oxide::scanner: Discovering "C:\\xampp\\htdocs\\tutorial2\\app\\api\\admin\\content\\pages\\route.ts"
2026-01-06T08:25:40.685599Z  INFO scan_sources: tailwindcss_oxide::scanner: Discovering "C:\\xampp\\htdocs\\tutorial2\\app\\api\\admin\\content\\pages\\[id]"
2026-01-06T08:25:40.685752Z  INFO scan_sources: tailwindcss_oxide::scanner: Discovering "C:\\xampp\\htdocs\\tutorial2\\app\\api\\admin\\content\\pages\\[id]\\route.ts"
2026-01-06T08:25:40.685920Z  INFO scan_sources: tailwindcss_oxide::scanner: Discovering "C:\\xampp\\htdocs\\tutorial2\\app\\api\\admin\\content\\settings"
2026-01-06T08:25:40.686079Z  INFO scan_sources: tailwindcss_oxide::scanner: Discovering "C:\\xampp\\htdocs\\tutorial2\\app\\api\\admin\\content\\settings\\route.ts"
2026-01-06T08:25:40.686248Z  INFO scan_sources: tailwindcss_oxide::scanner: Discovering "C:\\xampp\\htdocs\\tutorial2\\app\\api\\admin\\create-admin"
2026-01-06T08:25:40.686406Z  INFO scan_sources: tailwindcss_oxide::scanner: Discovering "C:\\xampp\\htdocs\\tutorial2\\app\\api\\admin\\create-admin\\route.ts"
2026-01-06T08:25:40.686681Z  INFO scan_sources: tailwindcss_oxide::scanner: Discovering "C:\\xampp\\htdocs\\tutorial2\\app\\api\\admin\\deleted-users"
2026-01-06T08:25:40.687855Z  INFO scan_sources: tailwindcss_oxide::scanner: Discovering "C:\\xampp\\htdocs\\tutorial2\\app\\api\\admin\\deleted-users\\route.ts"
2026-01-06T08:25:40.688291Z  INFO scan_sources: tailwindcss_oxide::scanner: Discovering "C:\\xampp\\htdocs\\tutorial2\\app\\api\\admin\\events"
2026-01-06T08:25:40.688676Z  INFO scan_sources: tailwindcss_oxide::scanner: Discovering "C:\\xampp\\htdocs\\tutorial2\\app\\api\\admin\\events\\route.ts"
2026-01-06T08:25:40.688834Z  INFO scan_sources: tailwindcss_oxide::scanner: Discovering "C:\\xampp\\htdocs\\tutorial2\\app\\api\\admin\\events\\route_original.ts"
2026-01-06T08:25:40.689389Z  INFO scan_sources: tailwindcss_oxide::scanner: Discovering "C:\\xampp\\htdocs\\tutorial2\\app\\api\\admin\\events\\[id]"
2026-01-06T08:25:40.690258Z  INFO scan_sources: tailwindcss_oxide::scanner: Discovering "C:\\xampp\\htdocs\\tutorial2\\app\\api\\admin\\events\\[id]\\registrations"
2026-01-06T08:25:40.691122Z  INFO scan_sources: tailwindcss_oxide::scanner: Discovering "C:\\xampp\\htdocs\\tutorial2\\app\\api\\admin\\events\\[id]\\registrations\\route.ts"
2026-01-06T08:25:40.691287Z  INFO scan_sources: tailwindcss_oxide::scanner: Discovering "C:\\xampp\\htdocs\\tutorial2\\app\\api\\admin\\events\\[id]\\route.ts"
2026-01-06T08:25:40.691542Z  INFO scan_sources: tailwindcss_oxide::scanner: Discovering "C:\\xampp\\htdocs\\tutorial2\\app\\api\\admin\\events\\[id]\\route_original.ts"
2026-01-06T08:25:40.691906Z  INFO scan_sources: tailwindcss_oxide::scanner: Discovering "C:\\xampp\\htdocs\\tutorial2\\app\\api\\admin\\fix-admin"
2026-01-06T08:25:40.692197Z  INFO scan_sources: tailwindcss_oxide::scanner: Discovering "C:\\xampp\\htdocs\\tutorial2\\app\\api\\admin\\fix-admin\\route.ts"
2026-01-06T08:25:40.692395Z  INFO scan_sources: tailwindcss_oxide::scanner: Discovering "C:\\xampp\\htdocs\\tutorial2\\app\\api\\admin\\membership"
2026-01-06T08:25:40.692652Z  INFO scan_sources: tailwindcss_oxide::scanner: Discovering "C:\\xampp\\htdocs\\tutorial2\\app\\api\\admin\\membership\\cycles"
2026-01-06T08:25:40.692893Z  INFO scan_sources: tailwindcss_oxide::scanner: Discovering "C:\\xampp\\htdocs\\tutorial2\\app\\api\\admin\\membership\\cycles\\route.ts"
2026-01-06T08:25:40.693066Z  INFO scan_sources: tailwindcss_oxide::scanner: Discovering "C:\\xampp\\htdocs\\tutorial2\\app\\api\\admin\\membership\\settings"
2026-01-06T08:25:40.693223Z  INFO scan_sources: tailwindcss_oxide::scanner: Discovering "C:\\xampp\\htdocs\\tutorial2\\app\\api\\admin\\membership\\settings\\route.ts"
2026-01-06T08:25:40.693350Z  INFO scan_sources: tailwindcss_oxide::scanner: Discovering "C:\\xampp\\htdocs\\tutorial2\\app\\api\\admin\\membership\\types"
2026-01-06T08:25:40.693474Z  INFO scan_sources: tailwindcss_oxide::scanner: Discovering "C:\\xampp\\htdocs\\tutorial2\\app\\api\\admin\\membership\\types\\route.ts"
2026-01-06T08:25:40.693603Z  INFO scan_sources: tailwindcss_oxide::scanner: Discovering "C:\\xampp\\htdocs\\tutorial2\\app\\api\\admin\\payments"
2026-01-06T08:25:40.693714Z  INFO scan_sources: tailwindcss_oxide::scanner: Discovering "C:\\xampp\\htdocs\\tutorial2\\app\\api\\admin\\payments\\route.ts"
2026-01-06T08:25:40.693843Z  INFO scan_sources: tailwindcss_oxide::scanner: Discovering "C:\\xampp\\htdocs\\tutorial2\\app\\api\\admin\\payments\\[id]"
2026-01-06T08:25:40.694086Z  INFO scan_sources: tailwindcss_oxide::scanner: Discovering "C:\\xampp\\htdocs\\tutorial2\\app\\api\\admin\\payments\\[id]\\refund"
2026-01-06T08:25:40.694476Z  INFO scan_sources: tailwindcss_oxide::scanner: Discovering "C:\\xampp\\htdocs\\tutorial2\\app\\api\\admin\\payments\\[id]\\refund\\route.ts"
2026-01-06T08:25:40.694749Z  INFO scan_sources: tailwindcss_oxide::scanner: Discovering "C:\\xampp\\htdocs\\tutorial2\\app\\api\\admin\\payments\\[id]\\route.ts"
2026-01-06T08:25:40.695656Z  INFO scan_sources: tailwindcss_oxide::scanner: Discovering "C:\\xampp\\htdocs\\tutorial2\\app\\api\\admin\\report"
2026-01-06T08:25:40.696048Z  INFO scan_sources: tailwindcss_oxide::scanner: Discovering "C:\\xampp\\htdocs\\tutorial2\\app\\api\\admin\\report\\route.ts"
2026-01-06T08:25:40.696409Z  INFO scan_sources: tailwindcss_oxide::scanner: Discovering "C:\\xampp\\htdocs\\tutorial2\\app\\api\\admin\\reports"
2026-01-06T08:25:40.696922Z  INFO scan_sources: tailwindcss_oxide::scanner: Discovering "C:\\xampp\\htdocs\\tutorial2\\app\\api\\admin\\reports\\generate"
2026-01-06T08:25:40.697253Z  INFO scan_sources: tailwindcss_oxide::scanner: Discovering "C:\\xampp\\htdocs\\tutorial2\\app\\api\\admin\\reports\\generate\\route.ts"
2026-01-06T08:25:40.697468Z  INFO scan_sources: tailwindcss_oxide::scanner: Discovering "C:\\xampp\\htdocs\\tutorial2\\app\\api\\admin\\reports\\route.ts"
2026-01-06T08:25:40.697790Z  INFO scan_sources: tailwindcss_oxide::scanner: Discovering "C:\\xampp\\htdocs\\tutorial2\\app\\api\\admin\\reset-admin"
2026-01-06T08:25:40.698085Z  INFO scan_sources: tailwindcss_oxide::scanner: Discovering "C:\\xampp\\htdocs\\tutorial2\\app\\api\\admin\\reset-admin\\route.ts"
2026-01-06T08:25:40.698398Z  INFO scan_sources: tailwindcss_oxide::scanner: Discovering "C:\\xampp\\htdocs\\tutorial2\\app\\api\\admin\\users"
2026-01-06T08:25:40.698772Z  INFO scan_sources: tailwindcss_oxide::scanner: Discovering "C:\\xampp\\htdocs\\tutorial2\\app\\api\\admin\\users\\restore"
2026-01-06T08:25:40.699056Z  INFO scan_sources: tailwindcss_oxide::scanner: Discovering "C:\\xampp\\htdocs\\tutorial2\\app\\api\\admin\\users\\restore\\route.ts"
2026-01-06T08:25:40.699239Z  INFO scan_sources: tailwindcss_oxide::scanner: Discovering "C:\\xampp\\htdocs\\tutorial2\\app\\api\\admin\\users\\route.ts"
2026-01-06T08:25:40.699466Z  INFO scan_sources: tailwindcss_oxide::scanner: Discovering "C:\\xampp\\htdocs\\tutorial2\\app\\api\\admin\\users\\[id]"
2026-01-06T08:25:40.699870Z  INFO scan_sources: tailwindcss_oxide::scanner: Discovering "C:\\xampp\\htdocs\\tutorial2\\app\\api\\admin\\users\\[id]\\approve"
2026-01-06T08:25:40.700151Z  INFO scan_sources: tailwindcss_oxide::scanner: Discovering "C:\\xampp\\htdocs\\tutorial2\\app\\api\\admin\\users\\[id]\\approve\\route.ts"
2026-01-06T08:25:40.700418Z  INFO scan_sources: tailwindcss_oxide::scanner: Discovering "C:\\xampp\\htdocs\\tutorial2\\app\\api\\admin\\users\\[id]\\details"
2026-01-06T08:25:40.700703Z  INFO scan_sources: tailwindcss_oxide::scanner: Discovering "C:\\xampp\\htdocs\\tutorial2\\app\\api\\admin\\users\\[id]\\details\\route.ts"
2026-01-06T08:25:40.700973Z  INFO scan_sources: tailwindcss_oxide::scanner: Discovering "C:\\xampp\\htdocs\\tutorial2\\app\\api\\admin\\users\\[id]\\membership-status"
2026-01-06T08:25:40.701334Z  INFO scan_sources: tailwindcss_oxide::scanner: Discovering "C:\\xampp\\htdocs\\tutorial2\\app\\api\\admin\\users\\[id]\\membership-status\\route.ts"
2026-01-06T08:25:40.701743Z  INFO scan_sources: tailwindcss_oxide::scanner: Discovering "C:\\xampp\\htdocs\\tutorial2\\app\\api\\admin\\users\\[id]\\password"
2026-01-06T08:25:40.702042Z  INFO scan_sources: tailwindcss_oxide::scanner: Discovering "C:\\xampp\\htdocs\\tutorial2\\app\\api\\admin\\users\\[id]\\password\\route.ts"
2026-01-06T08:25:40.702306Z  INFO scan_sources: tailwindcss_oxide::scanner: Discovering "C:\\xampp\\htdocs\\tutorial2\\app\\api\\admin\\users\\[id]\\reject"
2026-01-06T08:25:40.702620Z  INFO scan_sources: tailwindcss_oxide::scanner: Discovering "C:\\xampp\\htdocs\\tutorial2\\app\\api\\admin\\users\\[id]\\reject\\route.ts"
2026-01-06T08:25:40.702799Z  INFO scan_sources: tailwindcss_oxide::scanner: Discovering "C:\\xampp\\htdocs\\tutorial2\\app\\api\\admin\\users\\[id]\\route.ts"
2026-01-06T08:25:40.703160Z  INFO scan_sources: tailwindcss_oxide::scanner: Discovering "C:\\xampp\\htdocs\\tutorial2\\app\\api\\auth"
2026-01-06T08:25:40.703846Z  INFO scan_sources: tailwindcss_oxide::scanner: Discovering "C:\\xampp\\htdocs\\tutorial2\\app\\api\\auth\\login"
2026-01-06T08:25:40.704398Z  INFO scan_sources: tailwindcss_oxide::scanner: Discovering "C:\\xampp\\htdocs\\tutorial2\\app\\api\\auth\\login\\route.ts"
2026-01-06T08:25:40.705406Z  INFO scan_sources: tailwindcss_oxide::scanner: Discovering "C:\\xampp\\htdocs\\tutorial2\\app\\api\\auth\\logout"
2026-01-06T08:25:40.705745Z  INFO scan_sources: tailwindcss_oxide::scanner: Discovering "C:\\xampp\\htdocs\\tutorial2\\app\\api\\auth\\logout\\route.ts"
2026-01-06T08:25:40.706025Z  INFO scan_sources: tailwindcss_oxide::scanner: Discovering "C:\\xampp\\htdocs\\tutorial2\\app\\api\\auth\\me"
2026-01-06T08:25:40.706404Z  INFO scan_sources: tailwindcss_oxide::scanner: Discovering "C:\\xampp\\htdocs\\tutorial2\\app\\api\\auth\\me\\route.ts"
2026-01-06T08:25:40.706922Z  INFO scan_sources: tailwindcss_oxide::scanner: Discovering "C:\\xampp\\htdocs\\tutorial2\\app\\api\\auth\\profile"
2026-01-06T08:25:40.707648Z  INFO scan_sources: tailwindcss_oxide::scanner: Discovering "C:\\xampp\\htdocs\\tutorial2\\app\\api\\auth\\profile\\route.ts"
2026-01-06T08:25:40.707798Z  INFO scan_sources: tailwindcss_oxide::scanner: Discovering "C:\\xampp\\htdocs\\tutorial2\\app\\api\\auth\\profile\\route.ts.new"
2026-01-06T08:25:40.708099Z  INFO scan_sources: tailwindcss_oxide::scanner: Discovering "C:\\xampp\\htdocs\\tutorial2\\app\\api\\auth\\refresh"
2026-01-06T08:25:40.708375Z  INFO scan_sources: tailwindcss_oxide::scanner: Discovering "C:\\xampp\\htdocs\\tutorial2\\app\\api\\auth\\refresh\\route.ts"
2026-01-06T08:25:40.708502Z  INFO scan_sources: tailwindcss_oxide::scanner: Discovering "C:\\xampp\\htdocs\\tutorial2\\app\\api\\auth\\register"
2026-01-06T08:25:40.708612Z  INFO scan_sources: tailwindcss_oxide::scanner: Discovering "C:\\xampp\\htdocs\\tutorial2\\app\\api\\auth\\register\\route.ts"
2026-01-06T08:25:40.708735Z  INFO scan_sources: tailwindcss_oxide::scanner: Discovering "C:\\xampp\\htdocs\\tutorial2\\app\\api\\contact-content"
2026-01-06T08:25:40.708847Z  INFO scan_sources: tailwindcss_oxide::scanner: Discovering "C:\\xampp\\htdocs\\tutorial2\\app\\api\\contact-content\\route.ts"
2026-01-06T08:25:40.708961Z  INFO scan_sources: tailwindcss_oxide::scanner: Discovering "C:\\xampp\\htdocs\\tutorial2\\app\\api\\debug"
2026-01-06T08:25:40.709094Z  INFO scan_sources: tailwindcss_oxide::scanner: Discovering "C:\\xampp\\htdocs\\tutorial2\\app\\api\\debug\\pricing"
2026-01-06T08:25:40.709200Z  INFO scan_sources: tailwindcss_oxide::scanner: Discovering "C:\\xampp\\htdocs\\tutorial2\\app\\api\\debug\\pricing\\route.ts"
2026-01-06T08:25:40.709343Z  INFO scan_sources: tailwindcss_oxide::scanner: Discovering "C:\\xampp\\htdocs\\tutorial2\\app\\api\\events"
2026-01-06T08:25:40.709443Z  INFO scan_sources: tailwindcss_oxide::scanner: Discovering "C:\\xampp\\htdocs\\tutorial2\\app\\api\\events\\route.ts"
2026-01-06T08:25:40.709522Z  INFO scan_sources: tailwindcss_oxide::scanner: Discovering "C:\\xampp\\htdocs\\tutorial2\\app\\api\\events\\[id]"
2026-01-06T08:25:40.709663Z  INFO scan_sources: tailwindcss_oxide::scanner: Discovering "C:\\xampp\\htdocs\\tutorial2\\app\\api\\events\\[id]\\register"
2026-01-06T08:25:40.709776Z  INFO scan_sources: tailwindcss_oxide::scanner: Discovering "C:\\xampp\\htdocs\\tutorial2\\app\\api\\events\\[id]\\register\\route.ts"
2026-01-06T08:25:40.709969Z  INFO scan_sources: tailwindcss_oxide::scanner: Discovering "C:\\xampp\\htdocs\\tutorial2\\app\\api\\fix-membership"
2026-01-06T08:25:40.710186Z  INFO scan_sources: tailwindcss_oxide::scanner: Discovering "C:\\xampp\\htdocs\\tutorial2\\app\\api\\fix-membership\\route.ts"
2026-01-06T08:25:40.710347Z  INFO scan_sources: tailwindcss_oxide::scanner: Discovering "C:\\xampp\\htdocs\\tutorial2\\app\\api\\home-content"
2026-01-06T08:25:40.710495Z  INFO scan_sources: tailwindcss_oxide::scanner: Discovering "C:\\xampp\\htdocs\\tutorial2\\app\\api\\home-content\\route.ts"
2026-01-06T08:25:40.710643Z  INFO scan_sources: tailwindcss_oxide::scanner: Discovering "C:\\xampp\\htdocs\\tutorial2\\app\\api\\membership"
2026-01-06T08:25:40.711368Z  INFO scan_sources: tailwindcss_oxide::scanner: Discovering "C:\\xampp\\htdocs\\tutorial2\\app\\api\\membership\\next-number"
2026-01-06T08:25:40.712338Z  INFO scan_sources: tailwindcss_oxide::scanner: Discovering "C:\\xampp\\htdocs\\tutorial2\\app\\api\\membership\\next-number\\route.ts"
2026-01-06T08:25:40.712951Z  INFO scan_sources: tailwindcss_oxide::scanner: Discovering "C:\\xampp\\htdocs\\tutorial2\\app\\api\\membership\\pay"
2026-01-06T08:25:40.713410Z  INFO scan_sources: tailwindcss_oxide::scanner: Discovering "C:\\xampp\\htdocs\\tutorial2\\app\\api\\membership\\pay\\route.ts"
2026-01-06T08:25:40.713748Z  INFO scan_sources: tailwindcss_oxide::scanner: Discovering "C:\\xampp\\htdocs\\tutorial2\\app\\api\\membership\\payment-status"
2026-01-06T08:25:40.714062Z  INFO scan_sources: tailwindcss_oxide::scanner: Discovering "C:\\xampp\\htdocs\\tutorial2\\app\\api\\membership\\payment-status\\route.ts"
2026-01-06T08:25:40.714346Z  INFO scan_sources: tailwindcss_oxide::scanner: Discovering "C:\\xampp\\htdocs\\tutorial2\\app\\api\\membership\\status"
2026-01-06T08:25:40.714635Z  INFO scan_sources: tailwindcss_oxide::scanner: Discovering "C:\\xampp\\htdocs\\tutorial2\\app\\api\\membership\\status\\route.ts"
2026-01-06T08:25:40.714967Z  INFO scan_sources: tailwindcss_oxide::scanner: Discovering "C:\\xampp\\htdocs\\tutorial2\\app\\api\\messages"
2026-01-06T08:25:40.715335Z  INFO scan_sources: tailwindcss_oxide::scanner: Discovering "C:\\xampp\\htdocs\\tutorial2\\app\\api\\messages\\reply"
2026-01-06T08:25:40.715638Z  INFO scan_sources: tailwindcss_oxide::scanner: Discovering "C:\\xampp\\htdocs\\tutorial2\\app\\api\\messages\\reply\\route.ts"
2026-01-06T08:25:40.715826Z  INFO scan_sources: tailwindcss_oxide::scanner: Discovering "C:\\xampp\\htdocs\\tutorial2\\app\\api\\messages\\route.ts"
2026-01-06T08:25:40.716053Z  INFO scan_sources: tailwindcss_oxide::scanner: Discovering "C:\\xampp\\htdocs\\tutorial2\\app\\api\\messages\\[id]"
2026-01-06T08:25:40.716419Z  INFO scan_sources: tailwindcss_oxide::scanner: Discovering "C:\\xampp\\htdocs\\tutorial2\\app\\api\\messages\\[id]\\read"
2026-01-06T08:25:40.716707Z  INFO scan_sources: tailwindcss_oxide::scanner: Discovering "C:\\xampp\\htdocs\\tutorial2\\app\\api\\messages\\[id]\\read\\route.ts"
2026-01-06T08:25:40.716879Z  INFO scan_sources: tailwindcss_oxide::scanner: Discovering "C:\\xampp\\htdocs\\tutorial2\\app\\api\\messages\\[id]\\route.ts"
2026-01-06T08:25:40.717194Z  INFO scan_sources: tailwindcss_oxide::scanner: Discovering "C:\\xampp\\htdocs\\tutorial2\\app\\api\\payments"
2026-01-06T08:25:40.717602Z  INFO scan_sources: tailwindcss_oxide::scanner: Discovering "C:\\xampp\\htdocs\\tutorial2\\app\\api\\payments\\azampay"
2026-01-06T08:25:40.717973Z  INFO scan_sources: tailwindcss_oxide::scanner: Discovering "C:\\xampp\\htdocs\\tutorial2\\app\\api\\payments\\azampay\\callback"
2026-01-06T08:25:40.718278Z  INFO scan_sources: tailwindcss_oxide::scanner: Discovering "C:\\xampp\\htdocs\\tutorial2\\app\\api\\payments\\azampay\\callback\\route.ts"
2026-01-06T08:25:40.718543Z  INFO scan_sources: tailwindcss_oxide::scanner: Discovering "C:\\xampp\\htdocs\\tutorial2\\app\\api\\payments\\azampay\\checkout"
2026-01-06T08:25:40.718812Z  INFO scan_sources: tailwindcss_oxide::scanner: Discovering "C:\\xampp\\htdocs\\tutorial2\\app\\api\\payments\\azampay\\checkout\\route.ts"
2026-01-06T08:25:40.719105Z  INFO scan_sources: tailwindcss_oxide::scanner: Discovering "C:\\xampp\\htdocs\\tutorial2\\app\\api\\payments\\cleanup"
2026-01-06T08:25:40.719371Z  INFO scan_sources: tailwindcss_oxide::scanner: Discovering "C:\\xampp\\htdocs\\tutorial2\\app\\api\\payments\\cleanup\\route.ts"
2026-01-06T08:25:40.719651Z  INFO scan_sources: tailwindcss_oxide::scanner: Discovering "C:\\xampp\\htdocs\\tutorial2\\app\\api\\payments\\mobile-money"
2026-01-06T08:25:40.719911Z  INFO scan_sources: tailwindcss_oxide::scanner: Discovering "C:\\xampp\\htdocs\\tutorial2\\app\\api\\payments\\mobile-money\\route.ts"
2026-01-06T08:25:40.720230Z  INFO scan_sources: tailwindcss_oxide::scanner: Discovering "C:\\xampp\\htdocs\\tutorial2\\app\\api\\reports"
2026-01-06T08:25:40.721246Z  INFO scan_sources: tailwindcss_oxide::scanner: Discovering "C:\\xampp\\htdocs\\tutorial2\\app\\api\\reports\\generate"
2026-01-06T08:25:40.721756Z  INFO scan_sources: tailwindcss_oxide::scanner: Discovering "C:\\xampp\\htdocs\\tutorial2\\app\\api\\reports\\generate\\route.ts"
2026-01-06T08:25:40.722171Z  INFO scan_sources: tailwindcss_oxide::scanner: Discovering "C:\\xampp\\htdocs\\tutorial2\\app\\api\\reports\\send-email"
2026-01-06T08:25:40.722781Z  INFO scan_sources: tailwindcss_oxide::scanner: Discovering "C:\\xampp\\htdocs\\tutorial2\\app\\api\\reports\\send-email\\route.ts"
2026-01-06T08:25:40.723048Z  INFO scan_sources: tailwindcss_oxide::scanner: Discovering "C:\\xampp\\htdocs\\tutorial2\\app\\api\\send-approval-email"
2026-01-06T08:25:40.723237Z  INFO scan_sources: tailwindcss_oxide::scanner: Discovering "C:\\xampp\\htdocs\\tutorial2\\app\\api\\send-approval-email\\route.ts"
2026-01-06T08:25:40.723410Z  INFO scan_sources: tailwindcss_oxide::scanner: Discovering "C:\\xampp\\htdocs\\tutorial2\\app\\api\\settings"
2026-01-06T08:25:40.723598Z  INFO scan_sources: tailwindcss_oxide::scanner: Discovering "C:\\xampp\\htdocs\\tutorial2\\app\\api\\settings\\route.ts"
2026-01-06T08:25:40.723775Z  INFO scan_sources: tailwindcss_oxide::scanner: Discovering "C:\\xampp\\htdocs\\tutorial2\\app\\api\\setup"
2026-01-06T08:25:40.724086Z  INFO scan_sources: tailwindcss_oxide::scanner: Discovering "C:\\xampp\\htdocs\\tutorial2\\app\\api\\setup\\ensure-admin"
2026-01-06T08:25:40.724574Z  INFO scan_sources: tailwindcss_oxide::scanner: Discovering "C:\\xampp\\htdocs\\tutorial2\\app\\api\\setup\\ensure-admin\\route.ts"
2026-01-06T08:25:40.724843Z  INFO scan_sources: tailwindcss_oxide::scanner: Discovering "C:\\xampp\\htdocs\\tutorial2\\app\\auth"
2026-01-06T08:25:40.725015Z  INFO scan_sources: tailwindcss_oxide::scanner: Discovering "C:\\xampp\\htdocs\\tutorial2\\app\\auth\\layout.tsx"
2026-01-06T08:25:40.725139Z  INFO scan_sources: tailwindcss_oxide::scanner: Discovering "C:\\xampp\\htdocs\\tutorial2\\app\\auth\\login"
2026-01-06T08:25:40.725292Z  INFO scan_sources: tailwindcss_oxide::scanner: Discovering "C:\\xampp\\htdocs\\tutorial2\\app\\auth\\login\\page.tsx"
2026-01-06T08:25:40.725472Z  INFO scan_sources: tailwindcss_oxide::scanner: Discovering "C:\\xampp\\htdocs\\tutorial2\\app\\auth\\pending-approval"
2026-01-06T08:25:40.725646Z  INFO scan_sources: tailwindcss_oxide::scanner: Discovering "C:\\xampp\\htdocs\\tutorial2\\app\\auth\\pending-approval\\page.tsx"
2026-01-06T08:25:40.725818Z  INFO scan_sources: tailwindcss_oxide::scanner: Discovering "C:\\xampp\\htdocs\\tutorial2\\app\\auth\\register"
2026-01-06T08:25:40.725999Z  INFO scan_sources: tailwindcss_oxide::scanner: Discovering "C:\\xampp\\htdocs\\tutorial2\\app\\auth\\register\\page.tsx"
2026-01-06T08:25:40.726214Z  INFO scan_sources: tailwindcss_oxide::scanner: Discovering "C:\\xampp\\htdocs\\tutorial2\\app\\components"
2026-01-06T08:25:40.726783Z  INFO scan_sources: tailwindcss_oxide::scanner: Discovering "C:\\xampp\\htdocs\\tutorial2\\app\\components\\ConditionalLayout.tsx"
2026-01-06T08:25:40.726986Z  INFO scan_sources: tailwindcss_oxide::scanner: Discovering "C:\\xampp\\htdocs\\tutorial2\\app\\components\\SharedLayout.tsx"
2026-01-06T08:25:40.727505Z  INFO scan_sources: tailwindcss_oxide::scanner: Discovering "C:\\xampp\\htdocs\\tutorial2\\app\\contact"
2026-01-06T08:25:40.728195Z  INFO scan_sources: tailwindcss_oxide::scanner: Discovering "C:\\xampp\\htdocs\\tutorial2\\app\\contact\\page.tsx"
2026-01-06T08:25:40.728402Z  INFO scan_sources: tailwindcss_oxide::scanner: Discovering "C:\\xampp\\htdocs\\tutorial2\\app\\dashboard"
2026-01-06T08:25:40.728787Z  INFO scan_sources: tailwindcss_oxide::scanner: Discovering "C:\\xampp\\htdocs\\tutorial2\\app\\dashboard\\complete-profile"
2026-01-06T08:25:40.729389Z  INFO scan_sources: tailwindcss_oxide::scanner: Discovering "C:\\xampp\\htdocs\\tutorial2\\app\\dashboard\\complete-profile\\page.tsx"
2026-01-06T08:25:40.729850Z  INFO scan_sources: tailwindcss_oxide::scanner: Discovering "C:\\xampp\\htdocs\\tutorial2\\app\\dashboard\\events"
2026-01-06T08:25:40.730069Z  INFO scan_sources: tailwindcss_oxide::scanner: Discovering "C:\\xampp\\htdocs\\tutorial2\\app\\dashboard\\events\\page.tsx"
2026-01-06T08:25:40.730190Z  INFO scan_sources: tailwindcss_oxide::scanner: Discovering "C:\\xampp\\htdocs\\tutorial2\\app\\dashboard\\layout.tsx"
2026-01-06T08:25:40.730360Z  INFO scan_sources: tailwindcss_oxide::scanner: Discovering "C:\\xampp\\htdocs\\tutorial2\\app\\dashboard\\membership-card"
2026-01-06T08:25:40.730534Z  INFO scan_sources: tailwindcss_oxide::scanner: Discovering "C:\\xampp\\htdocs\\tutorial2\\app\\dashboard\\membership-card\\page.tsx"
2026-01-06T08:25:40.730620Z  INFO scan_sources: tailwindcss_oxide::scanner: Discovering "C:\\xampp\\htdocs\\tutorial2\\app\\dashboard\\membership-card\\print-styles.css"
2026-01-06T08:25:40.730781Z  INFO scan_sources: tailwindcss_oxide::scanner: Discovering "C:\\xampp\\htdocs\\tutorial2\\app\\dashboard\\messages"
2026-01-06T08:25:40.730953Z  INFO scan_sources: tailwindcss_oxide::scanner: Discovering "C:\\xampp\\htdocs\\tutorial2\\app\\dashboard\\messages\\page.tsx"
2026-01-06T08:25:40.731066Z  INFO scan_sources: tailwindcss_oxide::scanner: Discovering "C:\\xampp\\htdocs\\tutorial2\\app\\dashboard\\page.tsx"
2026-01-06T08:25:40.731195Z  INFO scan_sources: tailwindcss_oxide::scanner: Discovering "C:\\xampp\\htdocs\\tutorial2\\app\\dashboard\\payment"
2026-01-06T08:25:40.731375Z  INFO scan_sources: tailwindcss_oxide::scanner: Discovering "C:\\xampp\\htdocs\\tutorial2\\app\\dashboard\\payment\\page.tsx"
2026-01-06T08:25:40.731671Z  INFO scan_sources: tailwindcss_oxide::scanner: Discovering "C:\\xampp\\htdocs\\tutorial2\\app\\dashboard\\payment\\success"
2026-01-06T08:25:40.731940Z  INFO scan_sources: tailwindcss_oxide::scanner: Discovering "C:\\xampp\\htdocs\\tutorial2\\app\\dashboard\\payment\\success\\page.tsx"
2026-01-06T08:25:40.732191Z  INFO scan_sources: tailwindcss_oxide::scanner: Discovering "C:\\xampp\\htdocs\\tutorial2\\app\\dashboard\\subscribe"
2026-01-06T08:25:40.732392Z  INFO scan_sources: tailwindcss_oxide::scanner: Discovering "C:\\xampp\\htdocs\\tutorial2\\app\\dashboard\\subscribe\\page.tsx"
2026-01-06T08:25:40.732770Z  INFO scan_sources: tailwindcss_oxide::scanner: Discovering "C:\\xampp\\htdocs\\tutorial2\\app\\fix-auth"
2026-01-06T08:25:40.733121Z  INFO scan_sources: tailwindcss_oxide::scanner: Discovering "C:\\xampp\\htdocs\\tutorial2\\app\\fix-auth\\page.tsx"
2026-01-06T08:25:40.733338Z  INFO scan_sources: tailwindcss_oxide::scanner: Discovering "C:\\xampp\\htdocs\\tutorial2\\app\\globals.css"
2026-01-06T08:25:40.733506Z  INFO scan_sources: tailwindcss_oxide::scanner: Discovering "C:\\xampp\\htdocs\\tutorial2\\app\\layout.tsx"
2026-01-06T08:25:40.733689Z  INFO scan_sources: tailwindcss_oxide::scanner: Discovering "C:\\xampp\\htdocs\\tutorial2\\app\\not-found.tsx"
2026-01-06T08:25:40.733858Z  INFO scan_sources: tailwindcss_oxide::scanner: Discovering "C:\\xampp\\htdocs\\tutorial2\\app\\page.tsx"
2026-01-06T08:25:40.734184Z  INFO scan_sources: tailwindcss_oxide::scanner: Discovering "C:\\xampp\\htdocs\\tutorial2\\app\\schemas"
2026-01-06T08:25:40.734537Z  INFO scan_sources: tailwindcss_oxide::scanner: Discovering "C:\\xampp\\htdocs\\tutorial2\\app\\schemas\\auth.ts"
2026-01-06T08:25:40.734851Z  INFO scan_sources: tailwindcss_oxide::scanner: Discovering "C:\\xampp\\htdocs\\tutorial2\\app\\scripts"
2026-01-06T08:25:40.735136Z  INFO scan_sources: tailwindcss_oxide::scanner: Discovering "C:\\xampp\\htdocs\\tutorial2\\app\\scripts\\seed.ts"
2026-01-06T08:25:40.735409Z  INFO scan_sources: tailwindcss_oxide::scanner: Discovering "C:\\xampp\\htdocs\\tutorial2\\app\\unauthorized"
2026-01-06T08:25:40.735692Z  INFO scan_sources: tailwindcss_oxide::scanner: Discovering "C:\\xampp\\htdocs\\tutorial2\\app\\unauthorized\\page.tsx"
2026-01-06T08:25:40.736036Z  INFO scan_sources: tailwindcss_oxide::scanner: Discovering "C:\\xampp\\htdocs\\tutorial2\\components"
2026-01-06T08:25:40.736456Z  INFO scan_sources: tailwindcss_oxide::scanner: Discovering "C:\\xampp\\htdocs\\tutorial2\\components\\admin"
2026-01-06T08:25:40.736785Z  INFO scan_sources: tailwindcss_oxide::scanner: Discovering "C:\\xampp\\htdocs\\tutorial2\\components\\admin\\ReportModal.tsx"
2026-01-06T08:25:40.736928Z  INFO scan_sources: tailwindcss_oxide::scanner: Discovering "C:\\xampp\\htdocs\\tutorial2\\components\\admin\\UserRegistrationForm.tsx"
2026-01-06T08:25:40.738066Z  INFO scan_sources: tailwindcss_oxide::scanner: Discovering "C:\\xampp\\htdocs\\tutorial2\\components\\ConditionalLayout.tsx"
2026-01-06T08:25:40.738748Z  INFO scan_sources: tailwindcss_oxide::scanner: Discovering "C:\\xampp\\htdocs\\tutorial2\\components\\dashboard"
2026-01-06T08:25:40.739139Z  INFO scan_sources: tailwindcss_oxide::scanner: Discovering "C:\\xampp\\htdocs\\tutorial2\\components\\dashboard\\DashboardSidebar.tsx"
2026-01-06T08:25:40.739243Z  INFO scan_sources: tailwindcss_oxide::scanner: Discovering "C:\\xampp\\htdocs\\tutorial2\\components\\dashboard\\PaymentStatusSidebar.tsx"
2026-01-06T08:25:40.739432Z  INFO scan_sources: tailwindcss_oxide::scanner: Discovering "C:\\xampp\\htdocs\\tutorial2\\components\\PaymentLogos.tsx"
2026-01-06T08:25:40.739557Z  INFO scan_sources: tailwindcss_oxide::scanner: Discovering "C:\\xampp\\htdocs\\tutorial2\\components\\PaymentMethodSelector.tsx"
2026-01-06T08:25:40.739624Z  INFO scan_sources: tailwindcss_oxide::scanner: Discovering "C:\\xampp\\htdocs\\tutorial2\\components\\PhoneNumberInput.tsx"
2026-01-06T08:25:40.739999Z  INFO scan_sources: tailwindcss_oxide::scanner: Discovering "C:\\xampp\\htdocs\\tutorial2\\components\\ui"
2026-01-06T08:25:40.740538Z  INFO scan_sources: tailwindcss_oxide::scanner: Discovering "C:\\xampp\\htdocs\\tutorial2\\components\\ui\\button.tsx"
2026-01-06T08:25:40.740731Z  INFO scan_sources: tailwindcss_oxide::scanner: Discovering "C:\\xampp\\htdocs\\tutorial2\\components\\ui\\card.tsx"
2026-01-06T08:25:40.740892Z  INFO scan_sources: tailwindcss_oxide::scanner: Discovering "C:\\xampp\\htdocs\\tutorial2\\components\\ui\\dropdown-menu.tsx"
2026-01-06T08:25:40.741046Z  INFO scan_sources: tailwindcss_oxide::scanner: Discovering "C:\\xampp\\htdocs\\tutorial2\\components\\ui\\field.tsx"
2026-01-06T08:25:40.741207Z  INFO scan_sources: tailwindcss_oxide::scanner: Discovering "C:\\xampp\\htdocs\\tutorial2\\components\\ui\\input.tsx"
2026-01-06T08:25:40.741356Z  INFO scan_sources: tailwindcss_oxide::scanner: Discovering "C:\\xampp\\htdocs\\tutorial2\\components\\ui\\label.tsx"
2026-01-06T08:25:40.741632Z  INFO scan_sources: tailwindcss_oxide::scanner: Discovering "C:\\xampp\\htdocs\\tutorial2\\components\\ui\\modal.tsx"
2026-01-06T08:25:40.741725Z  INFO scan_sources: tailwindcss_oxide::scanner: Discovering "C:\\xampp\\htdocs\\tutorial2\\components\\ui\\separator.tsx"
2026-01-06T08:25:40.741811Z  INFO scan_sources: tailwindcss_oxide::scanner: Discovering "C:\\xampp\\htdocs\\tutorial2\\components\\ui\\theme-provider.tsx"
2026-01-06T08:25:40.742024Z  INFO scan_sources: tailwindcss_oxide::scanner: Discovering "C:\\xampp\\htdocs\\tutorial2\\components\\web"
2026-01-06T08:25:40.742161Z  INFO scan_sources: tailwindcss_oxide::scanner: Discovering "C:\\xampp\\htdocs\\tutorial2\\components\\web\\footer.tsx"
2026-01-06T08:25:40.742209Z  INFO scan_sources: tailwindcss_oxide::scanner: Discovering "C:\\xampp\\htdocs\\tutorial2\\components\\web\\navbar.tsx"
2026-01-06T08:25:40.742256Z  INFO scan_sources: tailwindcss_oxide::scanner: Discovering "C:\\xampp\\htdocs\\tutorial2\\components\\web\\theme-toggle.tsx"
2026-01-06T08:25:40.742346Z  INFO scan_sources: tailwindcss_oxide::scanner: Discovering "C:\\xampp\\htdocs\\tutorial2\\components.json"
2026-01-06T08:25:40.742426Z  INFO scan_sources: tailwindcss_oxide::scanner: Discovering "C:\\xampp\\htdocs\\tutorial2\\contexts"
2026-01-06T08:25:40.742526Z  INFO scan_sources: tailwindcss_oxide::scanner: Discovering "C:\\xampp\\htdocs\\tutorial2\\contexts\\AuthContext.tsx"
2026-01-06T08:25:40.742628Z  INFO scan_sources: tailwindcss_oxide::scanner: Discovering "C:\\xampp\\htdocs\\tutorial2\\convex"
2026-01-06T08:25:40.742810Z  INFO scan_sources: tailwindcss_oxide::scanner: Discovering "C:\\xampp\\htdocs\\tutorial2\\convex\\_generated"
2026-01-06T08:25:40.742925Z  INFO scan_sources: tailwindcss_oxide::scanner: Discovering "C:\\xampp\\htdocs\\tutorial2\\convex\\_generated\\api.d.ts"
2026-01-06T08:25:40.742975Z  INFO scan_sources: tailwindcss_oxide::scanner: Discovering "C:\\xampp\\htdocs\\tutorial2\\convex\\_generated\\api.js"
2026-01-06T08:25:40.743027Z  INFO scan_sources: tailwindcss_oxide::scanner: Discovering "C:\\xampp\\htdocs\\tutorial2\\convex\\_generated\\dataModel.d.ts"
2026-01-06T08:25:40.743080Z  INFO scan_sources: tailwindcss_oxide::scanner: Discovering "C:\\xampp\\htdocs\\tutorial2\\convex\\_generated\\server.d.ts"
2026-01-06T08:25:40.743130Z  INFO scan_sources: tailwindcss_oxide::scanner: Discovering "C:\\xampp\\htdocs\\tutorial2\\convex\\_generated\\server.js"
2026-01-06T08:25:40.743252Z  INFO scan_sources: tailwindcss_oxide::scanner: Discovering "C:\\xampp\\htdocs\\tutorial2\\cookies.txt"
2026-01-06T08:25:40.743349Z  INFO scan_sources: tailwindcss_oxide::scanner: Discovering "C:\\xampp\\htdocs\\tutorial2\\database"
2026-01-06T08:25:40.743479Z  INFO scan_sources: tailwindcss_oxide::scanner: Discovering "C:\\xampp\\htdocs\\tutorial2\\database\\add_phone_number_to_payments.sql"
2026-01-06T08:25:40.743537Z  INFO scan_sources: tailwindcss_oxide::scanner: Discovering "C:\\xampp\\htdocs\\tutorial2\\database\\create_content_management_tables.sql"
2026-01-06T08:25:40.743604Z  INFO scan_sources: tailwindcss_oxide::scanner: Discovering "C:\\xampp\\htdocs\\tutorial2\\database\\create_content_tables.sql"
2026-01-06T08:25:40.743665Z  INFO scan_sources: tailwindcss_oxide::scanner: Discovering "C:\\xampp\\htdocs\\tutorial2\\database\\create_events_first.sql"
2026-01-06T08:25:40.743715Z  INFO scan_sources: tailwindcss_oxide::scanner: Discovering "C:\\xampp\\htdocs\\tutorial2\\database\\create_events_tables.sql"
2026-01-06T08:25:40.743781Z  INFO scan_sources: tailwindcss_oxide::scanner: Discovering "C:\\xampp\\htdocs\\tutorial2\\database\\create_messages_table.sql"
2026-01-06T08:25:40.743884Z  INFO scan_sources: tailwindcss_oxide::scanner: Discovering "C:\\xampp\\htdocs\\tutorial2\\database\\create_payments_table.sql"
2026-01-06T08:25:40.743970Z  INFO scan_sources: tailwindcss_oxide::scanner: Discovering "C:\\xampp\\htdocs\\tutorial2\\database\\events_setup_clean.sql"
2026-01-06T08:25:40.744046Z  INFO scan_sources: tailwindcss_oxide::scanner: Discovering "C:\\xampp\\htdocs\\tutorial2\\database\\fix_payments_table.sql"
2026-01-06T08:25:40.744127Z  INFO scan_sources: tailwindcss_oxide::scanner: Discovering "C:\\xampp\\htdocs\\tutorial2\\database\\quick_fix_payments.sql"
2026-01-06T08:25:40.744262Z  INFO scan_sources: tailwindcss_oxide::scanner: Discovering "C:\\xampp\\htdocs\\tutorial2\\database\\setup_events.sql"
2026-01-06T08:25:40.744515Z  INFO scan_sources: tailwindcss_oxide::scanner: Discovering "C:\\xampp\\htdocs\\tutorial2\\database\\setup_tables.bat"
2026-01-06T08:25:40.744738Z  INFO scan_sources: tailwindcss_oxide::scanner: Discovering "C:\\xampp\\htdocs\\tutorial2\\Database.php"
2026-01-06T08:25:40.745068Z  INFO scan_sources: tailwindcss_oxide::scanner: Discovering "C:\\xampp\\htdocs\\tutorial2\\Database.php~"
2026-01-06T08:25:40.745215Z  INFO scan_sources: tailwindcss_oxide::scanner: Discovering "C:\\xampp\\htdocs\\tutorial2\\eslint.config.mjs"
2026-01-06T08:25:40.745292Z  INFO scan_sources: tailwindcss_oxide::scanner: Discovering "C:\\xampp\\htdocs\\tutorial2\\fix_all_membership_numbers.sql"
2026-01-06T08:25:40.745373Z  INFO scan_sources: tailwindcss_oxide::scanner: Discovering "C:\\xampp\\htdocs\\tutorial2\\fix_all_membership_status.php"
2026-01-06T08:25:40.745447Z  INFO scan_sources: tailwindcss_oxide::scanner: Discovering "C:\\xampp\\htdocs\\tutorial2\\fix_membership.php"
2026-01-06T08:25:40.745531Z  INFO scan_sources: tailwindcss_oxide::scanner: Discovering "C:\\xampp\\htdocs\\tutorial2\\fix_memberships_table.sql"
2026-01-06T08:25:40.745917Z  INFO scan_sources: tailwindcss_oxide::scanner: Discovering "C:\\xampp\\htdocs\\tutorial2\\fix_membership_number.php"
2026-01-06T08:25:40.746140Z  INFO scan_sources: tailwindcss_oxide::scanner: Discovering "C:\\xampp\\htdocs\\tutorial2\\fix_membership_numbers.sql"
2026-01-06T08:25:40.746308Z  INFO scan_sources: tailwindcss_oxide::scanner: Discovering "C:\\xampp\\htdocs\\tutorial2\\fix_membership_standalone.php"
2026-01-06T08:25:40.746447Z  INFO scan_sources: tailwindcss_oxide::scanner: Discovering "C:\\xampp\\htdocs\\tutorial2\\fix_membership_status.sql"
2026-01-06T08:25:40.746592Z  INFO scan_sources: tailwindcss_oxide::scanner: Discovering "C:\\xampp\\htdocs\\tutorial2\\jwt.php"
2026-01-06T08:25:40.746910Z  INFO scan_sources: tailwindcss_oxide::scanner: Discovering "C:\\xampp\\htdocs\\tutorial2\\lib"
2026-01-06T08:25:40.747280Z  INFO scan_sources: tailwindcss_oxide::scanner: Discovering "C:\\xampp\\htdocs\\tutorial2\\lib\\auth.ts"
2026-01-06T08:25:40.747421Z  INFO scan_sources: tailwindcss_oxide::scanner: Discovering "C:\\xampp\\htdocs\\tutorial2\\lib\\azampay.ts"
2026-01-06T08:25:40.747570Z  INFO scan_sources: tailwindcss_oxide::scanner: Discovering "C:\\xampp\\htdocs\\tutorial2\\lib\\db.ts"
2026-01-06T08:25:40.747706Z  INFO scan_sources: tailwindcss_oxide::scanner: Discovering "C:\\xampp\\htdocs\\tutorial2\\lib\\membership-pricing.ts"
2026-01-06T08:25:40.747846Z  INFO scan_sources: tailwindcss_oxide::scanner: Discovering "C:\\xampp\\htdocs\\tutorial2\\lib\\membership.ts"
2026-01-06T08:25:40.747984Z  INFO scan_sources: tailwindcss_oxide::scanner: Discovering "C:\\xampp\\htdocs\\tutorial2\\lib\\mobile-money.ts"
2026-01-06T08:25:40.748128Z  INFO scan_sources: tailwindcss_oxide::scanner: Discovering "C:\\xampp\\htdocs\\tutorial2\\lib\\profileCompletion.ts"
2026-01-06T08:25:40.748300Z  INFO scan_sources: tailwindcss_oxide::scanner: Discovering "C:\\xampp\\htdocs\\tutorial2\\lib\\utils.ts"
2026-01-06T08:25:40.748516Z  INFO scan_sources: tailwindcss_oxide::scanner: Discovering "C:\\xampp\\htdocs\\tutorial2\\middleware.ts"
2026-01-06T08:25:40.748814Z  INFO scan_sources: tailwindcss_oxide::scanner: Discovering "C:\\xampp\\htdocs\\tutorial2\\migrations"
2026-01-06T08:25:40.749202Z  INFO scan_sources: tailwindcss_oxide::scanner: Discovering "C:\\xampp\\htdocs\\tutorial2\\migrations\\0002_add_refresh_token_column.sql"
2026-01-06T08:25:40.749347Z  INFO scan_sources: tailwindcss_oxide::scanner: Discovering "C:\\xampp\\htdocs\\tutorial2\\migrations\\0003_add_report_tables.sql"
2026-01-06T08:25:40.749477Z  INFO scan_sources: tailwindcss_oxide::scanner: Discovering "C:\\xampp\\htdocs\\tutorial2\\migrations\\0004_add_profile_fields.sql"
2026-01-06T08:25:40.749612Z  INFO scan_sources: tailwindcss_oxide::scanner: Discovering "C:\\xampp\\htdocs\\tutorial2\\migrations\\0005_create_report_tables.sql"
2026-01-06T08:25:40.749745Z  INFO scan_sources: tailwindcss_oxide::scanner: Discovering "C:\\xampp\\htdocs\\tutorial2\\migrations\\0006_create_membership_sequence.sql"
2026-01-06T08:25:40.749879Z  INFO scan_sources: tailwindcss_oxide::scanner: Discovering "C:\\xampp\\htdocs\\tutorial2\\migrations\\20251230000000_add_professional_fields.sql"
2026-01-06T08:25:40.750076Z  INFO scan_sources: tailwindcss_oxide::scanner: Discovering "C:\\xampp\\htdocs\\tutorial2\\next.config.ts"
2026-01-06T08:25:40.750579Z  INFO scan_sources: tailwindcss_oxide::scanner: Discovering "C:\\xampp\\htdocs\\tutorial2\\package.json"
2026-01-06T08:25:40.750763Z  INFO scan_sources: tailwindcss_oxide::scanner: Discovering "C:\\xampp\\htdocs\\tutorial2\\pnpm-workspace.yaml"
2026-01-06T08:25:40.750891Z  INFO scan_sources: tailwindcss_oxide::scanner: Discovering "C:\\xampp\\htdocs\\tutorial2\\postcss.config.mjs"
2026-01-06T08:25:40.751124Z  INFO scan_sources: tailwindcss_oxide::scanner: Discovering "C:\\xampp\\htdocs\\tutorial2\\public"
2026-01-06T08:25:40.751441Z  INFO scan_sources: tailwindcss_oxide::scanner: Discovering "C:\\xampp\\htdocs\\tutorial2\\public\\file.svg"
2026-01-06T08:25:40.751629Z  INFO scan_sources: tailwindcss_oxide::scanner: Discovering "C:\\xampp\\htdocs\\tutorial2\\public\\globe.svg"
2026-01-06T08:25:40.751774Z  INFO scan_sources: tailwindcss_oxide::scanner: Discovering "C:\\xampp\\htdocs\\tutorial2\\public\\next.svg"
2026-01-06T08:25:40.752017Z  INFO scan_sources: tailwindcss_oxide::scanner: Discovering "C:\\xampp\\htdocs\\tutorial2\\public\\uploads"
2026-01-06T08:25:40.752501Z  INFO scan_sources: tailwindcss_oxide::scanner: Discovering "C:\\xampp\\htdocs\\tutorial2\\public\\uploads\\documents"
2026-01-06T08:25:40.752762Z  INFO scan_sources: tailwindcss_oxide::scanner: Discovering "C:\\xampp\\htdocs\\tutorial2\\public\\uploads\\profile-pictures"
2026-01-06T08:25:40.752983Z  INFO scan_sources: tailwindcss_oxide::scanner: Discovering "C:\\xampp\\htdocs\\tutorial2\\public\\vercel.svg"
2026-01-06T08:25:40.753048Z  INFO scan_sources: tailwindcss_oxide::scanner: Discovering "C:\\xampp\\htdocs\\tutorial2\\public\\window.svg"
2026-01-06T08:25:40.753123Z  INFO scan_sources: tailwindcss_oxide::scanner: Discovering "C:\\xampp\\htdocs\\tutorial2\\README.md"
2026-01-06T08:25:40.753174Z  INFO scan_sources: tailwindcss_oxide::scanner: Discovering "C:\\xampp\\htdocs\\tutorial2\\sampleData.jsonl"
2026-01-06T08:25:40.754141Z  INFO scan_sources: tailwindcss_oxide::scanner: Discovering "C:\\xampp\\htdocs\\tutorial2\\tsconfig.json"
2026-01-06T08:25:40.755070Z  INFO scan_sources: tailwindcss_oxide::scanner: exit
2026-01-06T08:25:40.755198Z  INFO extract_candidates: tailwindcss_oxide::scanner: enter
2026-01-06T08:25:40.755230Z  INFO extract_candidates:read_all_files: tailwindcss_oxide::scanner: enter
2026-01-06T08:25:40.755241Z  INFO extract_candidates:read_all_files: tailwindcss_oxide::scanner: Reading 200 file(s)
2026-01-06T08:25:40.757662Z  INFO tailwindcss_oxide::scanner: Reading "C:\\xampp\\htdocs\\tutorial2\\database\\create_content_management_tables.sql"
2026-01-06T08:25:40.757849Z  INFO tailwindcss_oxide::scanner: Reading "C:\\xampp\\htdocs\\tutorial2\\database\\create_content_tables.sql"
2026-01-06T08:25:40.757961Z  INFO tailwindcss_oxide::scanner: Reading "C:\\xampp\\htdocs\\tutorial2\\database\\create_events_first.sql"
2026-01-06T08:25:40.758040Z  INFO tailwindcss_oxide::scanner: Reading "C:\\xampp\\htdocs\\tutorial2\\database\\create_events_tables.sql"
2026-01-06T08:25:40.758118Z  INFO tailwindcss_oxide::scanner: Reading "C:\\xampp\\htdocs\\tutorial2\\database\\create_messages_table.sql"
2026-01-06T08:25:40.758212Z  INFO tailwindcss_oxide::scanner: Reading "C:\\xampp\\htdocs\\tutorial2\\database\\create_payments_table.sql"
2026-01-06T08:25:40.758214Z  INFO tailwindcss_oxide::scanner: Reading "C:\\xampp\\htdocs\\tutorial2\\app\\auth\\pending-approval\\page.tsx"
2026-01-06T08:25:40.758249Z  INFO tailwindcss_oxide::scanner: Reading "C:\\xampp\\htdocs\\tutorial2\\components\\dashboard\\PaymentStatusSidebar.tsx"
2026-01-06T08:25:40.758277Z  INFO tailwindcss_oxide::scanner: Reading "C:\\xampp\\htdocs\\tutorial2\\app\\admin\\reports\\page.tsx"
2026-01-06T08:25:40.758302Z  INFO tailwindcss_oxide::scanner: Reading "C:\\xampp\\htdocs\\tutorial2\\database\\events_setup_clean.sql"
2026-01-06T08:25:40.758309Z  INFO tailwindcss_oxide::scanner: Reading "C:\\xampp\\htdocs\\tutorial2\\ADMIN_MODULES_IMPLEMENTATION.md"
2026-01-06T08:25:40.758366Z  INFO tailwindcss_oxide::scanner: Reading "C:\\xampp\\htdocs\\tutorial2\\app\\api\\admin\\membership\\cycles\\route.ts"
2026-01-06T08:25:40.758412Z  INFO tailwindcss_oxide::scanner: Reading "C:\\xampp\\htdocs\\tutorial2\\database\\fix_payments_table.sql"
2026-01-06T08:25:40.758449Z  INFO tailwindcss_oxide::scanner: Reading "C:\\xampp\\htdocs\\tutorial2\\app\\api\\admin\\content\\media\\route.ts"
2026-01-06T08:25:40.758481Z  INFO tailwindcss_oxide::scanner: Reading "C:\\xampp\\htdocs\\tutorial2\\database\\quick_fix_payments.sql"
2026-01-06T08:25:40.758526Z  INFO tailwindcss_oxide::scanner: Reading "C:\\xampp\\htdocs\\tutorial2\\app\\admin\\content\\home\\page.tsx"
2026-01-06T08:25:40.758546Z  INFO tailwindcss_oxide::scanner: Reading "C:\\xampp\\htdocs\\tutorial2\\database\\setup_events.sql"
2026-01-06T08:25:40.758805Z  INFO tailwindcss_oxide::scanner: Reading "C:\\xampp\\htdocs\\tutorial2\\api\\auth\\login.php"
2026-01-06T08:25:40.758859Z  INFO tailwindcss_oxide::scanner: Reading "C:\\xampp\\htdocs\\tutorial2\\database\\setup_tables.bat"
2026-01-06T08:25:40.758885Z  INFO tailwindcss_oxide::scanner: Reading "C:\\xampp\\htdocs\\tutorial2\\app\\api\\admin\\membership\\settings\\route.ts"
2026-01-06T08:25:40.758887Z  INFO tailwindcss_oxide::scanner: Reading "C:\\xampp\\htdocs\\tutorial2\\app\\auth\\register\\page.tsx"
2026-01-06T08:25:40.758942Z  INFO tailwindcss_oxide::scanner: Reading "C:\\xampp\\htdocs\\tutorial2\\components\\PaymentLogos.tsx"
2026-01-06T08:25:40.759070Z  INFO tailwindcss_oxide::scanner: Reading "C:\\xampp\\htdocs\\tutorial2\\api\\auth\\logout.php"
2026-01-06T08:25:40.759074Z  INFO tailwindcss_oxide::scanner: Reading "C:\\xampp\\htdocs\\tutorial2\\Database.php"
2026-01-06T08:25:40.759198Z  INFO tailwindcss_oxide::scanner: Reading "C:\\xampp\\htdocs\\tutorial2\\Database.php~"
2026-01-06T08:25:40.759271Z  INFO tailwindcss_oxide::scanner: Reading "C:\\xampp\\htdocs\\tutorial2\\app\\admin\\requests\\page.tsx"
2026-01-06T08:25:40.759292Z  INFO tailwindcss_oxide::scanner: Reading "C:\\xampp\\htdocs\\tutorial2\\app\\api\\admin\\content\\navigation\\route.ts"
2026-01-06T08:25:40.759427Z  INFO tailwindcss_oxide::scanner: Reading "C:\\xampp\\htdocs\\tutorial2\\eslint.config.mjs"
2026-01-06T08:25:40.759531Z  INFO tailwindcss_oxide::scanner: Reading "C:\\xampp\\htdocs\\tutorial2\\api\\auth\\me.php"
2026-01-06T08:25:40.759549Z  INFO tailwindcss_oxide::scanner: Reading "C:\\xampp\\htdocs\\tutorial2\\app\\components\\ConditionalLayout.tsx"
2026-01-06T08:25:40.759569Z  INFO tailwindcss_oxide::scanner: Reading "C:\\xampp\\htdocs\\tutorial2\\components\\PaymentMethodSelector.tsx"
2026-01-06T08:25:40.759666Z  INFO tailwindcss_oxide::scanner: Reading "C:\\xampp\\htdocs\\tutorial2\\app\\admin\\content\\page.tsx"
2026-01-06T08:25:40.759683Z  INFO tailwindcss_oxide::scanner: Reading "C:\\xampp\\htdocs\\tutorial2\\app\\api\\admin\\membership\\types\\route.ts"
2026-01-06T08:25:40.759704Z  INFO tailwindcss_oxide::scanner: Reading "C:\\xampp\\htdocs\\tutorial2\\app\\components\\SharedLayout.tsx"
2026-01-06T08:25:40.759863Z  INFO tailwindcss_oxide::scanner: Reading "C:\\xampp\\htdocs\\tutorial2\\fix_all_membership_numbers.sql"
2026-01-06T08:25:40.759899Z  INFO tailwindcss_oxide::scanner: Reading "C:\\xampp\\htdocs\\tutorial2\\app\\contact\\page.tsx"
2026-01-06T08:25:40.759920Z  INFO tailwindcss_oxide::scanner: Reading "C:\\xampp\\htdocs\\tutorial2\\api\\auth\\register.php"
2026-01-06T08:25:40.759933Z  INFO tailwindcss_oxide::scanner: Reading "C:\\xampp\\htdocs\\tutorial2\\app\\admin\\users\\page.tsx"
2026-01-06T08:25:40.760043Z  INFO tailwindcss_oxide::scanner: Reading "C:\\xampp\\htdocs\\tutorial2\\app\\(layout)\\layout.tsx"
2026-01-06T08:25:40.760085Z  INFO tailwindcss_oxide::scanner: Reading "C:\\xampp\\htdocs\\tutorial2\\app\\api\\admin\\content\\pages\\route.ts"
2026-01-06T08:25:40.760099Z  INFO tailwindcss_oxide::scanner: Reading "C:\\xampp\\htdocs\\tutorial2\\components\\PhoneNumberInput.tsx"
2026-01-06T08:25:40.760172Z  INFO tailwindcss_oxide::scanner: Reading "C:\\xampp\\htdocs\\tutorial2\\app\\api\\admin\\payments\\route.ts"
2026-01-06T08:25:40.760245Z  INFO tailwindcss_oxide::scanner: Reading "C:\\xampp\\htdocs\\tutorial2\\app\\(shared-layout)\\layout.tsx"
2026-01-06T08:25:40.760277Z  INFO tailwindcss_oxide::scanner: Reading "C:\\xampp\\htdocs\\tutorial2\\fix_all_membership_status.php"
2026-01-06T08:25:40.760638Z  INFO tailwindcss_oxide::scanner: Reading "C:\\xampp\\htdocs\\tutorial2\\app\\(shared-layout)\\page.tsx"
2026-01-06T08:25:40.760655Z  INFO tailwindcss_oxide::scanner: Reading "C:\\xampp\\htdocs\\tutorial2\\app\\admin\\dashboard\\page.tsx"
2026-01-06T08:25:40.760670Z  INFO tailwindcss_oxide::scanner: Reading "C:\\xampp\\htdocs\\tutorial2\\components\\ui\\button.tsx"
2026-01-06T08:25:40.760887Z  INFO tailwindcss_oxide::scanner: Reading "C:\\xampp\\htdocs\\tutorial2\\app\\api\\admin\\payments\\[id]\\refund\\route.ts"
2026-01-06T08:25:40.760912Z  INFO tailwindcss_oxide::scanner: Reading "C:\\xampp\\htdocs\\tutorial2\\fix_membership.php"
2026-01-06T08:25:40.760963Z  INFO tailwindcss_oxide::scanner: Reading "C:\\xampp\\htdocs\\tutorial2\\app\\api\\admin\\content\\pages\\[id]\\route.ts"
2026-01-06T08:25:40.761117Z  INFO tailwindcss_oxide::scanner: Reading "C:\\xampp\\htdocs\\tutorial2\\fix_memberships_table.sql"
2026-01-06T08:25:40.761202Z  INFO tailwindcss_oxide::scanner: Reading "C:\\xampp\\htdocs\\tutorial2\\app\\about\\page.tsx"
2026-01-06T08:25:40.761209Z  INFO tailwindcss_oxide::scanner: Reading "C:\\xampp\\htdocs\\tutorial2\\app\\admin\\users\\[id]\\page.tsx"
2026-01-06T08:25:40.761255Z  INFO tailwindcss_oxide::scanner: Reading "C:\\xampp\\htdocs\\tutorial2\\components\\ui\\card.tsx"
2026-01-06T08:25:40.761412Z  INFO tailwindcss_oxide::scanner: Reading "C:\\xampp\\htdocs\\tutorial2\\app\\admin\\events\\page.tsx"
2026-01-06T08:25:40.761584Z  INFO tailwindcss_oxide::scanner: Reading "C:\\xampp\\htdocs\\tutorial2\\fix_membership_number.php"
2026-01-06T08:25:40.761594Z  INFO tailwindcss_oxide::scanner: Reading "C:\\xampp\\htdocs\\tutorial2\\app\\api\\about-content\\route.ts"
2026-01-06T08:25:40.761738Z  INFO tailwindcss_oxide::scanner: Reading "C:\\xampp\\htdocs\\tutorial2\\app\\about-us\\page.tsx"
2026-01-06T08:25:40.761751Z  INFO tailwindcss_oxide::scanner: Reading "C:\\xampp\\htdocs\\tutorial2\\app\\api\\admin\\content\\settings\\route.ts"
2026-01-06T08:25:40.761840Z  INFO tailwindcss_oxide::scanner: Reading "C:\\xampp\\htdocs\\tutorial2\\app\\api\\admin\\payments\\[id]\\route.ts"
2026-01-06T08:25:40.761895Z  INFO tailwindcss_oxide::scanner: Reading "C:\\xampp\\htdocs\\tutorial2\\components\\ui\\dropdown-menu.tsx"
2026-01-06T08:25:40.762030Z  INFO tailwindcss_oxide::scanner: Reading "C:\\xampp\\htdocs\\tutorial2\\fix_membership_numbers.sql"
2026-01-06T08:25:40.762074Z  INFO tailwindcss_oxide::scanner: Reading "C:\\xampp\\htdocs\\tutorial2\\app\\admin\\events\\[id]\\page.tsx"
2026-01-06T08:25:40.762201Z  INFO tailwindcss_oxide::scanner: Reading "C:\\xampp\\htdocs\\tutorial2\\app\\admin\\content\\about\\page.tsx"
2026-01-06T08:25:40.762285Z  INFO tailwindcss_oxide::scanner: Reading "C:\\xampp\\htdocs\\tutorial2\\components\\ui\\field.tsx"
2026-01-06T08:25:40.762318Z  INFO tailwindcss_oxide::scanner: Reading "C:\\xampp\\htdocs\\tutorial2\\app\\api\\admin\\content\\about\\route.ts"
2026-01-06T08:25:40.762375Z  INFO tailwindcss_oxide::scanner: Reading "C:\\xampp\\htdocs\\tutorial2\\fix_membership_standalone.php"
2026-01-06T08:25:40.762451Z  INFO tailwindcss_oxide::scanner: Reading "C:\\xampp\\htdocs\\tutorial2\\app\\api\\admin\\create-admin\\route.ts"
2026-01-06T08:25:40.762521Z  INFO tailwindcss_oxide::scanner: Reading "C:\\xampp\\htdocs\\tutorial2\\fix_membership_status.sql"
2026-01-06T08:25:40.762675Z  INFO tailwindcss_oxide::scanner: Reading "C:\\xampp\\htdocs\\tutorial2\\app\\api\\admin\\report\\route.ts"
2026-01-06T08:25:40.762693Z  INFO tailwindcss_oxide::scanner: Reading "C:\\xampp\\htdocs\\tutorial2\\jwt.php"
2026-01-06T08:25:40.762716Z  INFO tailwindcss_oxide::scanner: Reading "C:\\xampp\\htdocs\\tutorial2\\components\\ui\\input.tsx"
2026-01-06T08:25:40.762722Z  INFO tailwindcss_oxide::scanner: Reading "C:\\xampp\\htdocs\\tutorial2\\app\\admin\\events\\[id]\\registrations\\page.tsx"
2026-01-06T08:25:40.762818Z  INFO tailwindcss_oxide::scanner: Reading "C:\\xampp\\htdocs\\tutorial2\\app\\admin\\content\\contact\\page.tsx"
2026-01-06T08:25:40.762877Z  INFO tailwindcss_oxide::scanner: Reading "C:\\xampp\\htdocs\\tutorial2\\app\\api\\admin\\content\\about\\[id]\\route.ts"
2026-01-06T08:25:40.762951Z  INFO tailwindcss_oxide::scanner: Reading "C:\\xampp\\htdocs\\tutorial2\\components\\ui\\label.tsx"
2026-01-06T08:25:40.762954Z  INFO tailwindcss_oxide::scanner: Reading "C:\\xampp\\htdocs\\tutorial2\\app\\api\\admin\\deleted-users\\route.ts"
2026-01-06T08:25:40.763032Z  INFO tailwindcss_oxide::scanner: Reading "C:\\xampp\\htdocs\\tutorial2\\lib\\auth.ts"
2026-01-06T08:25:40.763187Z  INFO tailwindcss_oxide::scanner: Reading "C:\\xampp\\htdocs\\tutorial2\\app\\api\\admin\\reports\\generate\\route.ts"
2026-01-06T08:25:40.763202Z  INFO tailwindcss_oxide::scanner: Reading "C:\\xampp\\htdocs\\tutorial2\\app\\admin\\layout.tsx"
2026-01-06T08:25:40.763326Z  INFO tailwindcss_oxide::scanner: Reading "C:\\xampp\\htdocs\\tutorial2\\app\\api\\admin\\content\\contact\\route.ts"
2026-01-06T08:25:40.763375Z  INFO tailwindcss_oxide::scanner: Reading "C:\\xampp\\htdocs\\tutorial2\\app\\admin\\page.tsx"
2026-01-06T08:25:40.763570Z  INFO tailwindcss_oxide::scanner: Reading "C:\\xampp\\htdocs\\tutorial2\\components\\ui\\modal.tsx"
2026-01-06T08:25:40.763641Z  INFO tailwindcss_oxide::scanner: Reading "C:\\xampp\\htdocs\\tutorial2\\app\\dashboard\\complete-profile\\page.tsx"
2026-01-06T08:25:40.763845Z  INFO tailwindcss_oxide::scanner: Reading "C:\\xampp\\htdocs\\tutorial2\\app\\api\\admin\\reports\\route.ts"
2026-01-06T08:25:40.763878Z  INFO tailwindcss_oxide::scanner: Reading "C:\\xampp\\htdocs\\tutorial2\\components\\ui\\separator.tsx"
2026-01-06T08:25:40.763913Z  INFO tailwindcss_oxide::scanner: Reading "C:\\xampp\\htdocs\\tutorial2\\app\\api\\admin\\events\\route.ts"
2026-01-06T08:25:40.763941Z  INFO tailwindcss_oxide::scanner: Reading "C:\\xampp\\htdocs\\tutorial2\\lib\\azampay.ts"
2026-01-06T08:25:40.764017Z  INFO tailwindcss_oxide::scanner: Reading "C:\\xampp\\htdocs\\tutorial2\\app\\admin\\page.tsx.backup"
2026-01-06T08:25:40.764033Z  INFO tailwindcss_oxide::scanner: Reading "C:\\xampp\\htdocs\\tutorial2\\components\\ui\\theme-provider.tsx"
2026-01-06T08:25:40.764061Z  INFO tailwindcss_oxide::scanner: Reading "C:\\xampp\\htdocs\\tutorial2\\app\\admin\\membership\\page.tsx"
2026-01-06T08:25:40.764095Z  INFO tailwindcss_oxide::scanner: Reading "C:\\xampp\\htdocs\\tutorial2\\app\\api\\admin\\events\\route_original.ts"
2026-01-06T08:25:40.764091Z  INFO tailwindcss_oxide::scanner: Reading "C:\\xampp\\htdocs\\tutorial2\\app\\api\\admin\\content\\contact\\[id]\\route.ts"
2026-01-06T08:25:40.764253Z  INFO tailwindcss_oxide::scanner: Reading "C:\\xampp\\htdocs\\tutorial2\\lib\\db.ts"
2026-01-06T08:25:40.764320Z  INFO tailwindcss_oxide::scanner: Reading "C:\\xampp\\htdocs\\tutorial2\\app\\dashboard\\events\\page.tsx"
2026-01-06T08:25:40.764485Z  INFO tailwindcss_oxide::scanner: Reading "C:\\xampp\\htdocs\\tutorial2\\app\\admin\\page.tsx.new"
2026-01-06T08:25:40.764488Z  INFO tailwindcss_oxide::scanner: Reading "C:\\xampp\\htdocs\\tutorial2\\app\\api\\admin\\reset-admin\\route.ts"
2026-01-06T08:25:40.764546Z  INFO tailwindcss_oxide::scanner: Reading "C:\\xampp\\htdocs\\tutorial2\\components\\web\\footer.tsx"
2026-01-06T08:25:40.764714Z  INFO tailwindcss_oxide::scanner: Reading "C:\\xampp\\htdocs\\tutorial2\\app\\api\\admin\\content\\footer\\route.ts"
2026-01-06T08:25:40.764834Z  INFO tailwindcss_oxide::scanner: Reading "C:\\xampp\\htdocs\\tutorial2\\app\\admin\\page.old.tsx"
2026-01-06T08:25:40.764951Z  INFO tailwindcss_oxide::scanner: Reading "C:\\xampp\\htdocs\\tutorial2\\app\\dashboard\\layout.tsx"
2026-01-06T08:25:40.764954Z  INFO tailwindcss_oxide::scanner: Reading "C:\\xampp\\htdocs\\tutorial2\\lib\\membership-pricing.ts"
2026-01-06T08:25:40.764999Z  INFO tailwindcss_oxide::scanner: Reading "C:\\xampp\\htdocs\\tutorial2\\app\\api\\admin\\events\\[id]\\registrations\\route.ts"
2026-01-06T08:25:40.765117Z  INFO tailwindcss_oxide::scanner: Reading "C:\\xampp\\htdocs\\tutorial2\\app\\api\\admin\\users\\restore\\route.ts"
2026-01-06T08:25:40.765278Z  INFO tailwindcss_oxide::scanner: Reading "C:\\xampp\\htdocs\\tutorial2\\app\\admin\\payments\\page.tsx"
2026-01-06T08:25:40.765362Z  INFO tailwindcss_oxide::scanner: Reading "C:\\xampp\\htdocs\\tutorial2\\components\\web\\navbar.tsx"
2026-01-06T08:25:40.765405Z  INFO tailwindcss_oxide::scanner: Reading "C:\\xampp\\htdocs\\tutorial2\\lib\\membership.ts"
2026-01-06T08:25:40.765602Z  INFO tailwindcss_oxide::scanner: Reading "C:\\xampp\\htdocs\\tutorial2\\app\\api\\admin\\content\\home\\route.ts"
2026-01-06T08:25:40.765601Z  INFO tailwindcss_oxide::scanner: Reading "C:\\xampp\\htdocs\\tutorial2\\app\\dashboard\\payment\\success\\page.tsx"
2026-01-06T08:25:40.765752Z  INFO tailwindcss_oxide::scanner: Reading "C:\\xampp\\htdocs\\tutorial2\\app\\api\\admin\\users\\route.ts"
2026-01-06T08:25:40.765809Z  INFO tailwindcss_oxide::scanner: Reading "C:\\xampp\\htdocs\\tutorial2\\app\\dashboard\\membership-card\\page.tsx"
2026-01-06T08:25:40.765850Z  INFO tailwindcss_oxide::scanner: Reading "C:\\xampp\\htdocs\\tutorial2\\app\\api\\admin\\events\\[id]\\route.ts"
2026-01-06T08:25:40.765967Z  INFO tailwindcss_oxide::scanner: Reading "C:\\xampp\\htdocs\\tutorial2\\lib\\mobile-money.ts"
2026-01-06T08:25:40.766032Z  INFO tailwindcss_oxide::scanner: Reading "C:\\xampp\\htdocs\\tutorial2\\components\\web\\theme-toggle.tsx"
2026-01-06T08:25:40.766036Z  INFO tailwindcss_oxide::scanner: Reading "C:\\xampp\\htdocs\\tutorial2\\app\\api\\contact-content\\route.ts"
2026-01-06T08:25:40.766122Z  INFO tailwindcss_oxide::scanner: Reading "C:\\xampp\\htdocs\\tutorial2\\app\\api\\admin\\events\\[id]\\route_original.ts"
2026-01-06T08:25:40.766207Z  INFO tailwindcss_oxide::scanner: Reading "C:\\xampp\\htdocs\\tutorial2\\components.json"
2026-01-06T08:25:40.766230Z  INFO tailwindcss_oxide::scanner: Reading "C:\\xampp\\htdocs\\tutorial2\\app\\api\\admin\\content\\home\\[id]\\route.ts"
2026-01-06T08:25:40.766406Z  INFO tailwindcss_oxide::scanner: Reading "C:\\xampp\\htdocs\\tutorial2\\app\\api\\admin\\users\\[id]\\approve\\route.ts"
2026-01-06T08:25:40.766433Z  INFO tailwindcss_oxide::scanner: Reading "C:\\xampp\\htdocs\\tutorial2\\app\\dashboard\\subscribe\\page.tsx"
2026-01-06T08:25:40.766658Z  INFO tailwindcss_oxide::scanner: Reading "C:\\xampp\\htdocs\\tutorial2\\app\\dashboard\\messages\\page.tsx"
2026-01-06T08:25:40.766673Z  INFO tailwindcss_oxide::scanner: Reading "C:\\xampp\\htdocs\\tutorial2\\lib\\profileCompletion.ts"
2026-01-06T08:25:40.766600Z  INFO tailwindcss_oxide::scanner: Reading "C:\\xampp\\htdocs\\tutorial2\\app\\api\\debug\\pricing\\route.ts"
2026-01-06T08:25:40.766724Z  INFO tailwindcss_oxide::scanner: Reading "C:\\xampp\\htdocs\\tutorial2\\app\\api\\auth\\login\\route.ts"
2026-01-06T08:25:40.766785Z  INFO tailwindcss_oxide::scanner: Reading "C:\\xampp\\htdocs\\tutorial2\\contexts\\AuthContext.tsx"
2026-01-06T08:25:40.766681Z  INFO tailwindcss_oxide::scanner: Reading "C:\\xampp\\htdocs\\tutorial2\\app\\api\\admin\\fix-admin\\route.ts"
2026-01-06T08:25:40.766930Z  INFO tailwindcss_oxide::scanner: Reading "C:\\xampp\\htdocs\\tutorial2\\lib\\utils.ts"
2026-01-06T08:25:40.766964Z  INFO tailwindcss_oxide::scanner: Reading "C:\\xampp\\htdocs\\tutorial2\\app\\api\\auth\\logout\\route.ts"
2026-01-06T08:25:40.767137Z  INFO tailwindcss_oxide::scanner: Reading "C:\\xampp\\htdocs\\tutorial2\\convex\\_generated\\api.d.ts"
2026-01-06T08:25:40.767134Z  INFO tailwindcss_oxide::scanner: Reading "C:\\xampp\\htdocs\\tutorial2\\app\\fix-auth\\page.tsx"
2026-01-06T08:25:40.767229Z  INFO tailwindcss_oxide::scanner: Reading "C:\\xampp\\htdocs\\tutorial2\\app\\api\\events\\route.ts"
2026-01-06T08:25:40.767275Z  INFO tailwindcss_oxide::scanner: Reading "C:\\xampp\\htdocs\\tutorial2\\app\\api\\admin\\users\\[id]\\details\\route.ts"
2026-01-06T08:25:40.767342Z  INFO tailwindcss_oxide::scanner: Reading "C:\\xampp\\htdocs\\tutorial2\\app\\dashboard\\page.tsx"
2026-01-06T08:25:40.767371Z  INFO tailwindcss_oxide::scanner: Reading "C:\\xampp\\htdocs\\tutorial2\\convex\\_generated\\api.js"
2026-01-06T08:25:40.767437Z  INFO tailwindcss_oxide::scanner: Reading "C:\\xampp\\htdocs\\tutorial2\\app\\api\\admin\\users\\[id]\\password\\route.ts"
2026-01-06T08:25:40.767571Z  INFO tailwindcss_oxide::scanner: Reading "C:\\xampp\\htdocs\\tutorial2\\app\\dashboard\\payment\\page.tsx"
2026-01-06T08:25:40.767573Z  INFO tailwindcss_oxide::scanner: Reading "C:\\xampp\\htdocs\\tutorial2\\middleware.ts"
2026-01-06T08:25:40.767663Z  INFO tailwindcss_oxide::scanner: Reading "C:\\xampp\\htdocs\\tutorial2\\app\\api\\auth\\me\\route.ts"
2026-01-06T08:25:40.767669Z  INFO tailwindcss_oxide::scanner: Reading "C:\\xampp\\htdocs\\tutorial2\\app\\api\\events\\[id]\\register\\route.ts"
2026-01-06T08:25:40.767719Z  INFO tailwindcss_oxide::scanner: Reading "C:\\xampp\\htdocs\\tutorial2\\convex\\_generated\\dataModel.d.ts"
2026-01-06T08:25:40.767761Z  INFO tailwindcss_oxide::scanner: Reading "C:\\xampp\\htdocs\\tutorial2\\migrations\\0002_add_refresh_token_column.sql"
2026-01-06T08:25:40.767853Z  INFO tailwindcss_oxide::scanner: Reading "C:\\xampp\\htdocs\\tutorial2\\app\\layout.tsx"
2026-01-06T08:25:40.767886Z  INFO tailwindcss_oxide::scanner: Reading "C:\\xampp\\htdocs\\tutorial2\\app\\api\\admin\\users\\[id]\\membership-status\\route.ts"
2026-01-06T08:25:40.767915Z  INFO tailwindcss_oxide::scanner: Reading "C:\\xampp\\htdocs\\tutorial2\\migrations\\20251230000000_add_professional_fields.sql"
2026-01-06T08:25:40.768058Z  INFO tailwindcss_oxide::scanner: Reading "C:\\xampp\\htdocs\\tutorial2\\next.config.ts"
2026-01-06T08:25:40.768080Z  INFO tailwindcss_oxide::scanner: Reading "C:\\xampp\\htdocs\\tutorial2\\migrations\\0003_add_report_tables.sql"
2026-01-06T08:25:40.768115Z  INFO tailwindcss_oxide::scanner: Reading "C:\\xampp\\htdocs\\tutorial2\\app\\api\\admin\\users\\[id]\\reject\\route.ts"
2026-01-06T08:25:40.768130Z  INFO tailwindcss_oxide::scanner: Reading "C:\\xampp\\htdocs\\tutorial2\\convex\\_generated\\server.d.ts"
2026-01-06T08:25:40.768143Z  INFO tailwindcss_oxide::scanner: Reading "C:\\xampp\\htdocs\\tutorial2\\package.json"
2026-01-06T08:25:40.768161Z  INFO tailwindcss_oxide::scanner: Reading "C:\\xampp\\htdocs\\tutorial2\\app\\api\\fix-membership\\route.ts"
2026-01-06T08:25:40.768251Z  INFO tailwindcss_oxide::scanner: Reading "C:\\xampp\\htdocs\\tutorial2\\migrations\\0004_add_profile_fields.sql"
2026-01-06T08:25:40.768422Z  INFO tailwindcss_oxide::scanner: Reading "C:\\xampp\\htdocs\\tutorial2\\app\\api\\home-content\\route.ts"
2026-01-06T08:25:40.768491Z  INFO tailwindcss_oxide::scanner: Reading "C:\\xampp\\htdocs\\tutorial2\\pnpm-workspace.yaml"
2026-01-06T08:25:40.768517Z  INFO tailwindcss_oxide::scanner: Reading "C:\\xampp\\htdocs\\tutorial2\\app\\not-found.tsx"
2026-01-06T08:25:40.768596Z  INFO tailwindcss_oxide::scanner: Reading "C:\\xampp\\htdocs\\tutorial2\\convex\\_generated\\server.js"
2026-01-06T08:25:40.768625Z  INFO tailwindcss_oxide::scanner: Reading "C:\\xampp\\htdocs\\tutorial2\\postcss.config.mjs"
2026-01-06T08:25:40.768637Z  INFO tailwindcss_oxide::scanner: Reading "C:\\xampp\\htdocs\\tutorial2\\migrations\\0005_create_report_tables.sql"
2026-01-06T08:25:40.768670Z  INFO tailwindcss_oxide::scanner: Reading "C:\\xampp\\htdocs\\tutorial2\\app\\api\\auth\\profile\\route.ts"
2026-01-06T08:25:40.768679Z  INFO tailwindcss_oxide::scanner: Reading "C:\\xampp\\htdocs\\tutorial2\\app\\page.tsx"
2026-01-06T08:25:40.768732Z  INFO tailwindcss_oxide::scanner: Reading "C:\\xampp\\htdocs\\tutorial2\\public\\file.svg"
2026-01-06T08:25:40.768864Z  INFO tailwindcss_oxide::scanner: Reading "C:\\xampp\\htdocs\\tutorial2\\app\\schemas\\auth.ts"
2026-01-06T08:25:40.768876Z  INFO tailwindcss_oxide::scanner: Reading "C:\\xampp\\htdocs\\tutorial2\\migrations\\0006_create_membership_sequence.sql"
2026-01-06T08:25:40.768995Z  INFO tailwindcss_oxide::scanner: Reading "C:\\xampp\\htdocs\\tutorial2\\app\\api\\admin\\users\\[id]\\route.ts"
2026-01-06T08:25:40.768999Z  INFO tailwindcss_oxide::scanner: Reading "C:\\xampp\\htdocs\\tutorial2\\app\\scripts\\seed.ts"
2026-01-06T08:25:40.769027Z  INFO tailwindcss_oxide::scanner: Reading "C:\\xampp\\htdocs\\tutorial2\\database\\add_phone_number_to_payments.sql"
2026-01-06T08:25:40.769115Z  INFO tailwindcss_oxide::scanner: Reading "C:\\xampp\\htdocs\\tutorial2\\app\\unauthorized\\page.tsx"
2026-01-06T08:25:40.769252Z  INFO tailwindcss_oxide::scanner: Reading "C:\\xampp\\htdocs\\tutorial2\\public\\globe.svg"
2026-01-06T08:25:40.769256Z  INFO tailwindcss_oxide::scanner: Reading "C:\\xampp\\htdocs\\tutorial2\\public\\window.svg"
2026-01-06T08:25:40.769260Z  INFO tailwindcss_oxide::scanner: Reading "C:\\xampp\\htdocs\\tutorial2\\app\\api\\auth\\profile\\route.ts.new"
2026-01-06T08:25:40.769276Z  INFO tailwindcss_oxide::scanner: Reading "C:\\xampp\\htdocs\\tutorial2\\app\\api\\auth\\refresh\\route.ts"
2026-01-06T08:25:40.769294Z  INFO tailwindcss_oxide::scanner: Reading "C:\\xampp\\htdocs\\tutorial2\\cookies.txt"
2026-01-06T08:25:40.769446Z  INFO tailwindcss_oxide::scanner: Reading "C:\\xampp\\htdocs\\tutorial2\\app\\api\\membership\\next-number\\route.ts"
2026-01-06T08:25:40.769565Z  INFO tailwindcss_oxide::scanner: Reading "C:\\xampp\\htdocs\\tutorial2\\public\\next.svg"
2026-01-06T08:25:40.769575Z  INFO tailwindcss_oxide::scanner: Reading "C:\\xampp\\htdocs\\tutorial2\\app\\api\\auth\\register\\route.ts"
2026-01-06T08:25:40.769585Z  INFO tailwindcss_oxide::scanner: Reading "C:\\xampp\\htdocs\\tutorial2\\README.md"
2026-01-06T08:25:40.769663Z  INFO tailwindcss_oxide::scanner: Reading "C:\\xampp\\htdocs\\tutorial2\\components\\admin\\ReportModal.tsx"
2026-01-06T08:25:40.769697Z  INFO tailwindcss_oxide::scanner: Reading "C:\\xampp\\htdocs\\tutorial2\\sampleData.jsonl"
2026-01-06T08:25:40.769727Z  INFO tailwindcss_oxide::scanner: Reading "C:\\xampp\\htdocs\\tutorial2\\app\\api\\reports\\generate\\route.ts"
2026-01-06T08:25:40.769792Z  INFO tailwindcss_oxide::scanner: Reading "C:\\xampp\\htdocs\\tutorial2\\public\\vercel.svg"
2026-01-06T08:25:40.769840Z  INFO tailwindcss_oxide::scanner: Reading "C:\\xampp\\htdocs\\tutorial2\\app\\api\\membership\\status\\route.ts"
2026-01-06T08:25:40.769904Z  INFO tailwindcss_oxide::scanner: Reading "C:\\xampp\\htdocs\\tutorial2\\app\\api\\messages\\[id]\\read\\route.ts"
2026-01-06T08:25:40.769973Z  INFO tailwindcss_oxide::scanner: Reading "C:\\xampp\\htdocs\\tutorial2\\app\\api\\membership\\pay\\route.ts"
2026-01-06T08:25:40.769921Z  INFO tailwindcss_oxide::scanner: Reading "C:\\xampp\\htdocs\\tutorial2\\components\\ConditionalLayout.tsx"
2026-01-06T08:25:40.770051Z  INFO tailwindcss_oxide::scanner: Reading "C:\\xampp\\htdocs\\tutorial2\\components\\admin\\UserRegistrationForm.tsx"
2026-01-06T08:25:40.770075Z  INFO tailwindcss_oxide::scanner: Reading "C:\\xampp\\htdocs\\tutorial2\\tsconfig.json"
2026-01-06T08:25:40.770530Z  INFO tailwindcss_oxide::scanner: Reading "C:\\xampp\\htdocs\\tutorial2\\app\\auth\\layout.tsx"
2026-01-06T08:25:40.770675Z  INFO tailwindcss_oxide::scanner: Reading "C:\\xampp\\htdocs\\tutorial2\\app\\api\\reports\\send-email\\route.ts"
2026-01-06T08:25:40.770660Z  INFO tailwindcss_oxide::scanner: Reading "C:\\xampp\\htdocs\\tutorial2\\components\\dashboard\\DashboardSidebar.tsx"
2026-01-06T08:25:40.770718Z  INFO tailwindcss_oxide::scanner: Reading "C:\\xampp\\htdocs\\tutorial2\\app\\api\\messages\\reply\\route.ts"
2026-01-06T08:25:40.770729Z  INFO tailwindcss_oxide::scanner: Reading "C:\\xampp\\htdocs\\tutorial2\\app\\api\\membership\\payment-status\\route.ts"
2026-01-06T08:25:40.770806Z  INFO tailwindcss_oxide::scanner: Reading "C:\\xampp\\htdocs\\tutorial2\\app\\api\\setup\\ensure-admin\\route.ts"
2026-01-06T08:25:40.770996Z  INFO tailwindcss_oxide::scanner: Reading "C:\\xampp\\htdocs\\tutorial2\\app\\api\\messages\\[id]\\route.ts"
2026-01-06T08:25:40.771097Z  INFO tailwindcss_oxide::scanner: Reading "C:\\xampp\\htdocs\\tutorial2\\app\\api\\settings\\route.ts"
2026-01-06T08:25:40.771441Z  INFO tailwindcss_oxide::scanner: Reading "C:\\xampp\\htdocs\\tutorial2\\app\\api\\send-approval-email\\route.ts"
2026-01-06T08:25:40.771453Z  INFO tailwindcss_oxide::scanner: Reading "C:\\xampp\\htdocs\\tutorial2\\app\\auth\\login\\page.tsx"
2026-01-06T08:25:40.771598Z  INFO tailwindcss_oxide::scanner: Reading "C:\\xampp\\htdocs\\tutorial2\\app\\api\\payments\\azampay\\callback\\route.ts"
2026-01-06T08:25:40.771627Z  INFO tailwindcss_oxide::scanner: Reading "C:\\xampp\\htdocs\\tutorial2\\app\\api\\payments\\cleanup\\route.ts"
2026-01-06T08:25:40.771655Z  INFO tailwindcss_oxide::scanner: Reading "C:\\xampp\\htdocs\\tutorial2\\app\\api\\payments\\azampay\\checkout\\route.ts"
2026-01-06T08:25:40.771643Z  INFO tailwindcss_oxide::scanner: Reading "C:\\xampp\\htdocs\\tutorial2\\app\\api\\payments\\mobile-money\\route.ts"
2026-01-06T08:25:40.771925Z  INFO tailwindcss_oxide::scanner: Reading "C:\\xampp\\htdocs\\tutorial2\\app\\api\\messages\\route.ts"
2026-01-06T08:25:40.772278Z  INFO extract_candidates:read_all_files: tailwindcss_oxide::scanner: exit
2026-01-06T08:25:40.772318Z  INFO extract_candidates:parse_all_blobs: tailwindcss_oxide::scanner: enter
2026-01-06T08:25:40.772330Z  INFO extract_candidates:parse_all_blobs:extract: tailwindcss_oxide::scanner: enter
2026-01-06T08:25:40.790810Z  INFO extract_candidates:parse_all_blobs:extract: tailwindcss_oxide::scanner: exit
2026-01-06T08:25:40.791351Z  INFO extract_candidates:parse_all_blobs: tailwindcss_oxide::scanner: exit
2026-01-06T08:25:40.791404Z  INFO extract_candidates:read_all_files: tailwindcss_oxide::scanner: enter
2026-01-06T08:25:40.791417Z  INFO extract_candidates:read_all_files: tailwindcss_oxide::scanner: Reading 2 file(s)
2026-01-06T08:25:40.792294Z  INFO tailwindcss_oxide::scanner: Reading "C:\\xampp\\htdocs\\tutorial2\\app\\globals.css"
2026-01-06T08:25:40.792308Z  INFO tailwindcss_oxide::scanner: Reading "C:\\xampp\\htdocs\\tutorial2\\app\\dashboard\\membership-card\\print-styles.css"
2026-01-06T08:25:40.792360Z  INFO extract_candidates:read_all_files: tailwindcss_oxide::scanner: exit
2026-01-06T08:25:40.792389Z  INFO extract_candidates:extract_css_variables: tailwindcss_oxide::scanner: enter
2026-01-06T08:25:40.792396Z  INFO extract_candidates:extract_css_variables:extract: tailwindcss_oxide::scanner: enter
2026-01-06T08:25:40.792579Z  INFO extract_candidates:extract_css_variables:extract: tailwindcss_oxide::scanner: exit
2026-01-06T08:25:40.792590Z  INFO extract_candidates:extract_css_variables: tailwindcss_oxide::scanner: exit
2026-01-06T08:25:40.796154Z  INFO extract_candidates: tailwindcss_oxide::scanner: exit
2026-01-06T08:25:40.799253Z  INFO get_files: tailwindcss_oxide::scanner: enter
2026-01-06T08:25:40.799315Z  INFO get_files:scan_sources: tailwindcss_oxide::scanner: enter
2026-01-06T08:25:40.803075Z  INFO get_files:scan_sources: tailwindcss_oxide::scanner: Discovering "C:\\xampp\\htdocs\\tutorial2\\api"
2026-01-06T08:25:40.803608Z  INFO get_files:scan_sources: tailwindcss_oxide::scanner: Discovering "C:\\xampp\\htdocs\\tutorial2\\api\\auth"
2026-01-06T08:25:40.805480Z  INFO get_files:scan_sources: tailwindcss_oxide::scanner: Discovering "C:\\xampp\\htdocs\\tutorial2\\app"
2026-01-06T08:25:40.806183Z  INFO get_files:scan_sources: tailwindcss_oxide::scanner: Discovering "C:\\xampp\\htdocs\\tutorial2\\app\\(layout)"
2026-01-06T08:25:40.807274Z  INFO get_files:scan_sources: tailwindcss_oxide::scanner: Discovering "C:\\xampp\\htdocs\\tutorial2\\app\\(shared-layout)"
2026-01-06T08:25:40.808650Z  INFO get_files:scan_sources: tailwindcss_oxide::scanner: Discovering "C:\\xampp\\htdocs\\tutorial2\\app\\about"
2026-01-06T08:25:40.809037Z  INFO get_files:scan_sources: tailwindcss_oxide::scanner: Discovering "C:\\xampp\\htdocs\\tutorial2\\app\\about-us"
2026-01-06T08:25:40.809516Z  INFO get_files:scan_sources: tailwindcss_oxide::scanner: Discovering "C:\\xampp\\htdocs\\tutorial2\\app\\admin"
2026-01-06T08:25:40.809850Z  INFO get_files:scan_sources: tailwindcss_oxide::scanner: Discovering "C:\\xampp\\htdocs\\tutorial2\\app\\admin\\content"
2026-01-06T08:25:40.811307Z  INFO get_files:scan_sources: tailwindcss_oxide::scanner: Discovering "C:\\xampp\\htdocs\\tutorial2\\app\\admin\\content\\about"
2026-01-06T08:25:40.812804Z  INFO get_files:scan_sources: tailwindcss_oxide::scanner: Discovering "C:\\xampp\\htdocs\\tutorial2\\app\\admin\\content\\contact"
2026-01-06T08:25:40.813678Z  INFO get_files:scan_sources: tailwindcss_oxide::scanner: Discovering "C:\\xampp\\htdocs\\tutorial2\\app\\admin\\content\\home"
2026-01-06T08:25:40.814505Z  INFO get_files:scan_sources: tailwindcss_oxide::scanner: Discovering "C:\\xampp\\htdocs\\tutorial2\\app\\admin\\dashboard"
2026-01-06T08:25:40.815153Z  INFO get_files:scan_sources: tailwindcss_oxide::scanner: Discovering "C:\\xampp\\htdocs\\tutorial2\\app\\admin\\events"
2026-01-06T08:25:40.816361Z  INFO get_files:scan_sources: tailwindcss_oxide::scanner: Discovering "C:\\xampp\\htdocs\\tutorial2\\app\\admin\\events\\[id]"
2026-01-06T08:25:40.817017Z  INFO get_files:scan_sources: tailwindcss_oxide::scanner: Discovering "C:\\xampp\\htdocs\\tutorial2\\app\\admin\\events\\[id]\\registrations"
2026-01-06T08:25:40.817898Z  INFO get_files:scan_sources: tailwindcss_oxide::scanner: Discovering "C:\\xampp\\htdocs\\tutorial2\\app\\admin\\membership"
2026-01-06T08:25:40.818789Z  INFO get_files:scan_sources: tailwindcss_oxide::scanner: Discovering "C:\\xampp\\htdocs\\tutorial2\\app\\admin\\payments"
2026-01-06T08:25:40.819317Z  INFO get_files:scan_sources: tailwindcss_oxide::scanner: Discovering "C:\\xampp\\htdocs\\tutorial2\\app\\admin\\reports"
2026-01-06T08:25:40.819820Z  INFO get_files:scan_sources: tailwindcss_oxide::scanner: Discovering "C:\\xampp\\htdocs\\tutorial2\\app\\admin\\requests"
2026-01-06T08:25:40.820797Z  INFO get_files:scan_sources: tailwindcss_oxide::scanner: Discovering "C:\\xampp\\htdocs\\tutorial2\\app\\admin\\users"
2026-01-06T08:25:40.821780Z  INFO get_files:scan_sources: tailwindcss_oxide::scanner: Discovering "C:\\xampp\\htdocs\\tutorial2\\app\\admin\\users\\[id]"
2026-01-06T08:25:40.823223Z  INFO get_files:scan_sources: tailwindcss_oxide::scanner: Discovering "C:\\xampp\\htdocs\\tutorial2\\app\\api"
2026-01-06T08:25:40.824698Z  INFO get_files:scan_sources: tailwindcss_oxide::scanner: Discovering "C:\\xampp\\htdocs\\tutorial2\\app\\api\\about-content"
2026-01-06T08:25:40.825267Z  INFO get_files:scan_sources: tailwindcss_oxide::scanner: Discovering "C:\\xampp\\htdocs\\tutorial2\\app\\api\\admin"
2026-01-06T08:25:40.826437Z  INFO get_files:scan_sources: tailwindcss_oxide::scanner: Discovering "C:\\xampp\\htdocs\\tutorial2\\app\\api\\admin\\content"
2026-01-06T08:25:40.828138Z  INFO get_files:scan_sources: tailwindcss_oxide::scanner: Discovering "C:\\xampp\\htdocs\\tutorial2\\app\\api\\admin\\content\\about"
2026-01-06T08:25:40.828597Z  INFO get_files:scan_sources: tailwindcss_oxide::scanner: Discovering "C:\\xampp\\htdocs\\tutorial2\\app\\api\\admin\\content\\about\\[id]"
2026-01-06T08:25:40.829062Z  INFO get_files:scan_sources: tailwindcss_oxide::scanner: Discovering "C:\\xampp\\htdocs\\tutorial2\\app\\api\\admin\\content\\contact"
2026-01-06T08:25:40.829348Z  INFO get_files:scan_sources: tailwindcss_oxide::scanner: Discovering "C:\\xampp\\htdocs\\tutorial2\\app\\api\\admin\\content\\contact\\[id]"
2026-01-06T08:25:40.829718Z  INFO get_files:scan_sources: tailwindcss_oxide::scanner: Discovering "C:\\xampp\\htdocs\\tutorial2\\app\\api\\admin\\content\\footer"
2026-01-06T08:25:40.833493Z  INFO get_files:scan_sources: tailwindcss_oxide::scanner: Discovering "C:\\xampp\\htdocs\\tutorial2\\app\\api\\admin\\content\\home"
2026-01-06T08:25:40.833940Z  INFO get_files:scan_sources: tailwindcss_oxide::scanner: Discovering "C:\\xampp\\htdocs\\tutorial2\\app\\api\\admin\\content\\home\\[id]"
2026-01-06T08:25:40.834298Z  INFO get_files:scan_sources: tailwindcss_oxide::scanner: Discovering "C:\\xampp\\htdocs\\tutorial2\\app\\api\\admin\\content\\media"
2026-01-06T08:25:40.834613Z  INFO get_files:scan_sources: tailwindcss_oxide::scanner: Discovering "C:\\xampp\\htdocs\\tutorial2\\app\\api\\admin\\content\\navigation"
2026-01-06T08:25:40.834886Z  INFO get_files:scan_sources: tailwindcss_oxide::scanner: Discovering "C:\\xampp\\htdocs\\tutorial2\\app\\api\\admin\\content\\pages"
2026-01-06T08:25:40.835127Z  INFO get_files:scan_sources: tailwindcss_oxide::scanner: Discovering "C:\\xampp\\htdocs\\tutorial2\\app\\api\\admin\\content\\pages\\[id]"
2026-01-06T08:25:40.835422Z  INFO get_files:scan_sources: tailwindcss_oxide::scanner: Discovering "C:\\xampp\\htdocs\\tutorial2\\app\\api\\admin\\content\\settings"
2026-01-06T08:25:40.835716Z  INFO get_files:scan_sources: tailwindcss_oxide::scanner: Discovering "C:\\xampp\\htdocs\\tutorial2\\app\\api\\admin\\create-admin"
2026-01-06T08:25:40.835987Z  INFO get_files:scan_sources: tailwindcss_oxide::scanner: Discovering "C:\\xampp\\htdocs\\tutorial2\\app\\api\\admin\\deleted-users"
2026-01-06T08:25:40.836321Z  INFO get_files:scan_sources: tailwindcss_oxide::scanner: Discovering "C:\\xampp\\htdocs\\tutorial2\\app\\api\\admin\\events"
2026-01-06T08:25:40.836622Z  INFO get_files:scan_sources: tailwindcss_oxide::scanner: Discovering "C:\\xampp\\htdocs\\tutorial2\\app\\api\\admin\\events\\[id]"
2026-01-06T08:25:40.837862Z  INFO get_files:scan_sources: tailwindcss_oxide::scanner: Discovering "C:\\xampp\\htdocs\\tutorial2\\app\\api\\admin\\events\\[id]\\registrations"
2026-01-06T08:25:40.839711Z  INFO get_files:scan_sources: tailwindcss_oxide::scanner: Discovering "C:\\xampp\\htdocs\\tutorial2\\app\\api\\admin\\fix-admin"
2026-01-06T08:25:40.841248Z  INFO get_files:scan_sources: tailwindcss_oxide::scanner: Discovering "C:\\xampp\\htdocs\\tutorial2\\app\\api\\admin\\membership"
2026-01-06T08:25:40.841705Z  INFO get_files:scan_sources: tailwindcss_oxide::scanner: Discovering "C:\\xampp\\htdocs\\tutorial2\\app\\api\\admin\\membership\\cycles"
2026-01-06T08:25:40.842064Z  INFO get_files:scan_sources: tailwindcss_oxide::scanner: Discovering "C:\\xampp\\htdocs\\tutorial2\\app\\api\\admin\\membership\\settings"
2026-01-06T08:25:40.842399Z  INFO get_files:scan_sources: tailwindcss_oxide::scanner: Discovering "C:\\xampp\\htdocs\\tutorial2\\app\\api\\admin\\membership\\types"
2026-01-06T08:25:40.842808Z  INFO get_files:scan_sources: tailwindcss_oxide::scanner: Discovering "C:\\xampp\\htdocs\\tutorial2\\app\\api\\admin\\payments"
2026-01-06T08:25:40.843127Z  INFO get_files:scan_sources: tailwindcss_oxide::scanner: Discovering "C:\\xampp\\htdocs\\tutorial2\\app\\api\\admin\\payments\\[id]"
2026-01-06T08:25:40.843366Z  INFO get_files:scan_sources: tailwindcss_oxide::scanner: Discovering "C:\\xampp\\htdocs\\tutorial2\\app\\api\\admin\\payments\\[id]\\refund"
2026-01-06T08:25:40.843820Z  INFO get_files:scan_sources: tailwindcss_oxide::scanner: Discovering "C:\\xampp\\htdocs\\tutorial2\\app\\api\\admin\\report"
2026-01-06T08:25:40.848730Z  INFO get_files:scan_sources: tailwindcss_oxide::scanner: Discovering "C:\\xampp\\htdocs\\tutorial2\\app\\api\\admin\\reports"
2026-01-06T08:25:40.849296Z  INFO get_files:scan_sources: tailwindcss_oxide::scanner: Discovering "C:\\xampp\\htdocs\\tutorial2\\app\\api\\admin\\reports\\generate"
2026-01-06T08:25:40.850042Z  INFO get_files:scan_sources: tailwindcss_oxide::scanner: Discovering "C:\\xampp\\htdocs\\tutorial2\\app\\api\\admin\\reset-admin"
2026-01-06T08:25:40.850670Z  INFO get_files:scan_sources: tailwindcss_oxide::scanner: Discovering "C:\\xampp\\htdocs\\tutorial2\\app\\api\\admin\\users"
2026-01-06T08:25:40.851193Z  INFO get_files:scan_sources: tailwindcss_oxide::scanner: Discovering "C:\\xampp\\htdocs\\tutorial2\\app\\api\\admin\\users\\restore"
2026-01-06T08:25:40.851836Z  INFO get_files:scan_sources: tailwindcss_oxide::scanner: Discovering "C:\\xampp\\htdocs\\tutorial2\\app\\api\\admin\\users\\[id]"
2026-01-06T08:25:40.852256Z  INFO get_files:scan_sources: tailwindcss_oxide::scanner: Discovering "C:\\xampp\\htdocs\\tutorial2\\app\\api\\admin\\users\\[id]\\approve"
2026-01-06T08:25:40.852773Z  INFO get_files:scan_sources: tailwindcss_oxide::scanner: Discovering "C:\\xampp\\htdocs\\tutorial2\\app\\api\\admin\\users\\[id]\\details"
2026-01-06T08:25:40.853310Z  INFO get_files:scan_sources: tailwindcss_oxide::scanner: Discovering "C:\\xampp\\htdocs\\tutorial2\\app\\api\\admin\\users\\[id]\\membership-status"
2026-01-06T08:25:40.854407Z  INFO get_files:scan_sources: tailwindcss_oxide::scanner: Discovering "C:\\xampp\\htdocs\\tutorial2\\app\\api\\admin\\users\\[id]\\password"
2026-01-06T08:25:40.855054Z  INFO get_files:scan_sources: tailwindcss_oxide::scanner: Discovering "C:\\xampp\\htdocs\\tutorial2\\app\\api\\admin\\users\\[id]\\reject"
2026-01-06T08:25:40.859305Z  INFO get_files:scan_sources: tailwindcss_oxide::scanner: Discovering "C:\\xampp\\htdocs\\tutorial2\\app\\api\\auth"
2026-01-06T08:25:40.859620Z  INFO get_files:scan_sources: tailwindcss_oxide::scanner: Discovering "C:\\xampp\\htdocs\\tutorial2\\app\\api\\auth\\login"
2026-01-06T08:25:40.859992Z  INFO get_files:scan_sources: tailwindcss_oxide::scanner: Discovering "C:\\xampp\\htdocs\\tutorial2\\app\\api\\auth\\logout"
2026-01-06T08:25:40.860422Z  INFO get_files:scan_sources: tailwindcss_oxide::scanner: Discovering "C:\\xampp\\htdocs\\tutorial2\\app\\api\\auth\\me"
2026-01-06T08:25:40.860795Z  INFO get_files:scan_sources: tailwindcss_oxide::scanner: Discovering "C:\\xampp\\htdocs\\tutorial2\\app\\api\\auth\\profile"
2026-01-06T08:25:40.861134Z  INFO get_files:scan_sources: tailwindcss_oxide::scanner: Discovering "C:\\xampp\\htdocs\\tutorial2\\app\\api\\auth\\refresh"
2026-01-06T08:25:40.861406Z  INFO get_files:scan_sources: tailwindcss_oxide::scanner: Discovering "C:\\xampp\\htdocs\\tutorial2\\app\\api\\auth\\register"
2026-01-06T08:25:40.861706Z  INFO get_files:scan_sources: tailwindcss_oxide::scanner: Discovering "C:\\xampp\\htdocs\\tutorial2\\app\\api\\contact-content"
2026-01-06T08:25:40.861958Z  INFO get_files:scan_sources: tailwindcss_oxide::scanner: Discovering "C:\\xampp\\htdocs\\tutorial2\\app\\api\\debug"
2026-01-06T08:25:40.862159Z  INFO get_files:scan_sources: tailwindcss_oxide::scanner: Discovering "C:\\xampp\\htdocs\\tutorial2\\app\\api\\debug\\pricing"
2026-01-06T08:25:40.863498Z  INFO get_files:scan_sources: tailwindcss_oxide::scanner: Discovering "C:\\xampp\\htdocs\\tutorial2\\app\\api\\events"
2026-01-06T08:25:40.864846Z  INFO get_files:scan_sources: tailwindcss_oxide::scanner: Discovering "C:\\xampp\\htdocs\\tutorial2\\app\\api\\events\\[id]"
2026-01-06T08:25:40.867202Z  INFO get_files:scan_sources: tailwindcss_oxide::scanner: Discovering "C:\\xampp\\htdocs\\tutorial2\\app\\api\\events\\[id]\\register"
2026-01-06T08:25:40.867794Z  INFO get_files:scan_sources: tailwindcss_oxide::scanner: Discovering "C:\\xampp\\htdocs\\tutorial2\\app\\api\\fix-membership"
2026-01-06T08:25:40.868136Z  INFO get_files:scan_sources: tailwindcss_oxide::scanner: Discovering "C:\\xampp\\htdocs\\tutorial2\\app\\api\\home-content"
2026-01-06T08:25:40.868547Z  INFO get_files:scan_sources: tailwindcss_oxide::scanner: Discovering "C:\\xampp\\htdocs\\tutorial2\\app\\api\\membership"
2026-01-06T08:25:40.869420Z  INFO get_files:scan_sources: tailwindcss_oxide::scanner: Discovering "C:\\xampp\\htdocs\\tutorial2\\app\\api\\membership\\next-number"
2026-01-06T08:25:40.869837Z  INFO get_files:scan_sources: tailwindcss_oxide::scanner: Discovering "C:\\xampp\\htdocs\\tutorial2\\app\\api\\membership\\pay"
2026-01-06T08:25:40.870959Z  INFO get_files:scan_sources: tailwindcss_oxide::scanner: Discovering "C:\\xampp\\htdocs\\tutorial2\\app\\api\\membership\\payment-status"
2026-01-06T08:25:40.871855Z  INFO get_files:scan_sources: tailwindcss_oxide::scanner: Discovering "C:\\xampp\\htdocs\\tutorial2\\app\\api\\membership\\status"
2026-01-06T08:25:40.872586Z  INFO get_files:scan_sources: tailwindcss_oxide::scanner: Discovering "C:\\xampp\\htdocs\\tutorial2\\app\\api\\messages"
2026-01-06T08:25:40.873257Z  INFO get_files:scan_sources: tailwindcss_oxide::scanner: Discovering "C:\\xampp\\htdocs\\tutorial2\\app\\api\\messages\\reply"
2026-01-06T08:25:40.874056Z  INFO get_files:scan_sources: tailwindcss_oxide::scanner: Discovering "C:\\xampp\\htdocs\\tutorial2\\app\\api\\messages\\[id]"
2026-01-06T08:25:40.874508Z  INFO get_files:scan_sources: tailwindcss_oxide::scanner: Discovering "C:\\xampp\\htdocs\\tutorial2\\app\\api\\messages\\[id]\\read"
2026-01-06T08:25:40.875689Z  INFO get_files:scan_sources: tailwindcss_oxide::scanner: Discovering "C:\\xampp\\htdocs\\tutorial2\\app\\api\\payments"
2026-01-06T08:25:40.876381Z  INFO get_files:scan_sources: tailwindcss_oxide::scanner: Discovering "C:\\xampp\\htdocs\\tutorial2\\app\\api\\payments\\azampay"
2026-01-06T08:25:40.876828Z  INFO get_files:scan_sources: tailwindcss_oxide::scanner: Discovering "C:\\xampp\\htdocs\\tutorial2\\app\\api\\payments\\azampay\\callback"
2026-01-06T08:25:40.877360Z  INFO get_files:scan_sources: tailwindcss_oxide::scanner: Discovering "C:\\xampp\\htdocs\\tutorial2\\app\\api\\payments\\azampay\\checkout"
2026-01-06T08:25:40.877999Z  INFO get_files:scan_sources: tailwindcss_oxide::scanner: Discovering "C:\\xampp\\htdocs\\tutorial2\\app\\api\\payments\\cleanup"
2026-01-06T08:25:40.878521Z  INFO get_files:scan_sources: tailwindcss_oxide::scanner: Discovering "C:\\xampp\\htdocs\\tutorial2\\app\\api\\payments\\mobile-money"
2026-01-06T08:25:40.879103Z  INFO get_files:scan_sources: tailwindcss_oxide::scanner: Discovering "C:\\xampp\\htdocs\\tutorial2\\app\\api\\reports"
2026-01-06T08:25:40.879498Z  INFO get_files:scan_sources: tailwindcss_oxide::scanner: Discovering "C:\\xampp\\htdocs\\tutorial2\\app\\api\\reports\\generate"
2026-01-06T08:25:40.882324Z  INFO get_files:scan_sources: tailwindcss_oxide::scanner: Discovering "C:\\xampp\\htdocs\\tutorial2\\app\\api\\reports\\send-email"
2026-01-06T08:25:40.883315Z  INFO get_files:scan_sources: tailwindcss_oxide::scanner: Discovering "C:\\xampp\\htdocs\\tutorial2\\app\\api\\send-approval-email"
2026-01-06T08:25:40.883971Z  INFO get_files:scan_sources: tailwindcss_oxide::scanner: Discovering "C:\\xampp\\htdocs\\tutorial2\\app\\api\\settings"
2026-01-06T08:25:40.884529Z  INFO get_files:scan_sources: tailwindcss_oxide::scanner: Discovering "C:\\xampp\\htdocs\\tutorial2\\app\\api\\setup"
2026-01-06T08:25:40.884929Z  INFO get_files:scan_sources: tailwindcss_oxide::scanner: Discovering "C:\\xampp\\htdocs\\tutorial2\\app\\api\\setup\\ensure-admin"
2026-01-06T08:25:40.885537Z  INFO get_files:scan_sources: tailwindcss_oxide::scanner: Discovering "C:\\xampp\\htdocs\\tutorial2\\app\\auth"
2026-01-06T08:25:40.886238Z  INFO get_files:scan_sources: tailwindcss_oxide::scanner: Discovering "C:\\xampp\\htdocs\\tutorial2\\app\\auth\\login"
2026-01-06T08:25:40.887839Z  INFO get_files:scan_sources: tailwindcss_oxide::scanner: Discovering "C:\\xampp\\htdocs\\tutorial2\\app\\auth\\pending-approval"
2026-01-06T08:25:40.888700Z  INFO get_files:scan_sources: tailwindcss_oxide::scanner: Discovering "C:\\xampp\\htdocs\\tutorial2\\app\\auth\\register"
2026-01-06T08:25:40.889333Z  INFO get_files:scan_sources: tailwindcss_oxide::scanner: Discovering "C:\\xampp\\htdocs\\tutorial2\\app\\components"
2026-01-06T08:25:40.889814Z  INFO get_files:scan_sources: tailwindcss_oxide::scanner: Discovering "C:\\xampp\\htdocs\\tutorial2\\app\\contact"
2026-01-06T08:25:40.890373Z  INFO get_files:scan_sources: tailwindcss_oxide::scanner: Discovering "C:\\xampp\\htdocs\\tutorial2\\app\\dashboard"
2026-01-06T08:25:40.890824Z  INFO get_files:scan_sources: tailwindcss_oxide::scanner: Discovering "C:\\xampp\\htdocs\\tutorial2\\app\\dashboard\\complete-profile"
2026-01-06T08:25:40.891183Z  INFO get_files:scan_sources: tailwindcss_oxide::scanner: Discovering "C:\\xampp\\htdocs\\tutorial2\\app\\dashboard\\events"
2026-01-06T08:25:40.891555Z  INFO get_files:scan_sources: tailwindcss_oxide::scanner: Discovering "C:\\xampp\\htdocs\\tutorial2\\app\\dashboard\\membership-card"
2026-01-06T08:25:40.892002Z  INFO get_files:scan_sources: tailwindcss_oxide::scanner: Discovering "C:\\xampp\\htdocs\\tutorial2\\app\\dashboard\\messages"
2026-01-06T08:25:40.892387Z  INFO get_files:scan_sources: tailwindcss_oxide::scanner: Discovering "C:\\xampp\\htdocs\\tutorial2\\app\\dashboard\\payment"
2026-01-06T08:25:40.892673Z  INFO get_files:scan_sources: tailwindcss_oxide::scanner: Discovering "C:\\xampp\\htdocs\\tutorial2\\app\\dashboard\\payment\\success"
2026-01-06T08:25:40.892991Z  INFO get_files:scan_sources: tailwindcss_oxide::scanner: Discovering "C:\\xampp\\htdocs\\tutorial2\\app\\dashboard\\subscribe"
2026-01-06T08:25:40.893295Z  INFO get_files:scan_sources: tailwindcss_oxide::scanner: Discovering "C:\\xampp\\htdocs\\tutorial2\\app\\fix-auth"
2026-01-06T08:25:40.893611Z  INFO get_files:scan_sources: tailwindcss_oxide::scanner: Discovering "C:\\xampp\\htdocs\\tutorial2\\app\\schemas"
2026-01-06T08:25:40.893879Z  INFO get_files:scan_sources: tailwindcss_oxide::scanner: Discovering "C:\\xampp\\htdocs\\tutorial2\\app\\scripts"
2026-01-06T08:25:40.894156Z  INFO get_files:scan_sources: tailwindcss_oxide::scanner: Discovering "C:\\xampp\\htdocs\\tutorial2\\app\\unauthorized"
2026-01-06T08:25:40.894512Z  INFO get_files:scan_sources: tailwindcss_oxide::scanner: Discovering "C:\\xampp\\htdocs\\tutorial2\\components"
2026-01-06T08:25:40.895016Z  INFO get_files:scan_sources: tailwindcss_oxide::scanner: Discovering "C:\\xampp\\htdocs\\tutorial2\\components\\admin"
2026-01-06T08:25:40.896117Z  INFO get_files:scan_sources: tailwindcss_oxide::scanner: Discovering "C:\\xampp\\htdocs\\tutorial2\\components\\dashboard"
2026-01-06T08:25:40.897141Z  INFO get_files:scan_sources: tailwindcss_oxide::scanner: Discovering "C:\\xampp\\htdocs\\tutorial2\\components\\ui"
2026-01-06T08:25:40.898456Z  INFO get_files:scan_sources: tailwindcss_oxide::scanner: Discovering "C:\\xampp\\htdocs\\tutorial2\\components\\web"
2026-01-06T08:25:40.899375Z  INFO get_files:scan_sources: tailwindcss_oxide::scanner: Discovering "C:\\xampp\\htdocs\\tutorial2\\contexts"
2026-01-06T08:25:40.899891Z  INFO get_files:scan_sources: tailwindcss_oxide::scanner: Discovering "C:\\xampp\\htdocs\\tutorial2\\convex"
2026-01-06T08:25:40.904488Z  INFO get_files:scan_sources: tailwindcss_oxide::scanner: Discovering "C:\\xampp\\htdocs\\tutorial2\\convex\\_generated"
2026-01-06T08:25:40.905064Z  INFO get_files:scan_sources: tailwindcss_oxide::scanner: Discovering "C:\\xampp\\htdocs\\tutorial2\\database"
2026-01-06T08:25:40.906028Z  INFO get_files:scan_sources: tailwindcss_oxide::scanner: Discovering "C:\\xampp\\htdocs\\tutorial2\\lib"
2026-01-06T08:25:40.907125Z  INFO get_files:scan_sources: tailwindcss_oxide::scanner: Discovering "C:\\xampp\\htdocs\\tutorial2\\migrations"
2026-01-06T08:25:40.907933Z  INFO get_files:scan_sources: tailwindcss_oxide::scanner: Discovering "C:\\xampp\\htdocs\\tutorial2\\public"
2026-01-06T08:25:40.908247Z  INFO get_files:scan_sources: tailwindcss_oxide::scanner: Discovering "C:\\xampp\\htdocs\\tutorial2\\public\\uploads"
2026-01-06T08:25:40.908839Z  INFO get_files:scan_sources: tailwindcss_oxide::scanner: Discovering "C:\\xampp\\htdocs\\tutorial2\\public\\uploads\\documents"
2026-01-06T08:25:40.909434Z  INFO get_files:scan_sources: tailwindcss_oxide::scanner: Discovering "C:\\xampp\\htdocs\\tutorial2\\public\\uploads\\profile-pictures"
2026-01-06T08:25:40.910894Z  INFO get_files:scan_sources: tailwindcss_oxide::scanner: exit
2026-01-06T08:25:40.911406Z  INFO get_files: tailwindcss_oxide::scanner: exit
2026-01-06T08:25:40.912373Z  INFO get_globs: tailwindcss_oxide::scanner: enter
2026-01-06T08:25:40.912411Z  INFO get_globs:scan_sources: tailwindcss_oxide::scanner: enter
2026-01-06T08:25:40.914987Z  INFO get_globs:scan_sources: tailwindcss_oxide::scanner: Discovering "C:\\xampp\\htdocs\\tutorial2\\api"
2026-01-06T08:25:40.915262Z  INFO get_globs:scan_sources: tailwindcss_oxide::scanner: Discovering "C:\\xampp\\htdocs\\tutorial2\\api\\auth"
2026-01-06T08:25:40.915735Z  INFO get_globs:scan_sources: tailwindcss_oxide::scanner: Discovering "C:\\xampp\\htdocs\\tutorial2\\app"
2026-01-06T08:25:40.915997Z  INFO get_globs:scan_sources: tailwindcss_oxide::scanner: Discovering "C:\\xampp\\htdocs\\tutorial2\\app\\(layout)"
2026-01-06T08:25:40.916455Z  INFO get_globs:scan_sources: tailwindcss_oxide::scanner: Discovering "C:\\xampp\\htdocs\\tutorial2\\app\\(shared-layout)"
2026-01-06T08:25:40.916732Z  INFO get_globs:scan_sources: tailwindcss_oxide::scanner: Discovering "C:\\xampp\\htdocs\\tutorial2\\app\\about"
2026-01-06T08:25:40.916932Z  INFO get_globs:scan_sources: tailwindcss_oxide::scanner: Discovering "C:\\xampp\\htdocs\\tutorial2\\app\\about-us"
2026-01-06T08:25:40.917110Z  INFO get_globs:scan_sources: tailwindcss_oxide::scanner: Discovering "C:\\xampp\\htdocs\\tutorial2\\app\\admin"
2026-01-06T08:25:40.917281Z  INFO get_globs:scan_sources: tailwindcss_oxide::scanner: Discovering "C:\\xampp\\htdocs\\tutorial2\\app\\admin\\content"
2026-01-06T08:25:40.917433Z  INFO get_globs:scan_sources: tailwindcss_oxide::scanner: Discovering "C:\\xampp\\htdocs\\tutorial2\\app\\admin\\content\\about"
2026-01-06T08:25:40.917736Z  INFO get_globs:scan_sources: tailwindcss_oxide::scanner: Discovering "C:\\xampp\\htdocs\\tutorial2\\app\\admin\\content\\contact"
2026-01-06T08:25:40.918011Z  INFO get_globs:scan_sources: tailwindcss_oxide::scanner: Discovering "C:\\xampp\\htdocs\\tutorial2\\app\\admin\\content\\home"
2026-01-06T08:25:40.918381Z  INFO get_globs:scan_sources: tailwindcss_oxide::scanner: Discovering "C:\\xampp\\htdocs\\tutorial2\\app\\admin\\dashboard"
2026-01-06T08:25:40.919063Z  INFO get_globs:scan_sources: tailwindcss_oxide::scanner: Discovering "C:\\xampp\\htdocs\\tutorial2\\app\\admin\\events"
2026-01-06T08:25:40.919673Z  INFO get_globs:scan_sources: tailwindcss_oxide::scanner: Discovering "C:\\xampp\\htdocs\\tutorial2\\app\\admin\\events\\[id]"
2026-01-06T08:25:40.920217Z  INFO get_globs:scan_sources: tailwindcss_oxide::scanner: Discovering "C:\\xampp\\htdocs\\tutorial2\\app\\admin\\events\\[id]\\registrations"
2026-01-06T08:25:40.921440Z  INFO get_globs:scan_sources: tailwindcss_oxide::scanner: Discovering "C:\\xampp\\htdocs\\tutorial2\\app\\admin\\membership"
2026-01-06T08:25:40.922414Z  INFO get_globs:scan_sources: tailwindcss_oxide::scanner: Discovering "C:\\xampp\\htdocs\\tutorial2\\app\\admin\\payments"
2026-01-06T08:25:40.922968Z  INFO get_globs:scan_sources: tailwindcss_oxide::scanner: Discovering "C:\\xampp\\htdocs\\tutorial2\\app\\admin\\reports"
2026-01-06T08:25:40.923586Z  INFO get_globs:scan_sources: tailwindcss_oxide::scanner: Discovering "C:\\xampp\\htdocs\\tutorial2\\app\\admin\\requests"
2026-01-06T08:25:40.923920Z  INFO get_globs:scan_sources: tailwindcss_oxide::scanner: Discovering "C:\\xampp\\htdocs\\tutorial2\\app\\admin\\users"
2026-01-06T08:25:40.924211Z  INFO get_globs:scan_sources: tailwindcss_oxide::scanner: Discovering "C:\\xampp\\htdocs\\tutorial2\\app\\admin\\users\\[id]"
2026-01-06T08:25:40.924564Z  INFO get_globs:scan_sources: tailwindcss_oxide::scanner: Discovering "C:\\xampp\\htdocs\\tutorial2\\app\\api"
2026-01-06T08:25:40.924809Z  INFO get_globs:scan_sources: tailwindcss_oxide::scanner: Discovering "C:\\xampp\\htdocs\\tutorial2\\app\\api\\about-content"
2026-01-06T08:25:40.925118Z  INFO get_globs:scan_sources: tailwindcss_oxide::scanner: Discovering "C:\\xampp\\htdocs\\tutorial2\\app\\api\\admin"
2026-01-06T08:25:40.925350Z  INFO get_globs:scan_sources: tailwindcss_oxide::scanner: Discovering "C:\\xampp\\htdocs\\tutorial2\\app\\api\\admin\\content"
2026-01-06T08:25:40.925588Z  INFO get_globs:scan_sources: tailwindcss_oxide::scanner: Discovering "C:\\xampp\\htdocs\\tutorial2\\app\\api\\admin\\content\\about"
2026-01-06T08:25:40.925821Z  INFO get_globs:scan_sources: tailwindcss_oxide::scanner: Discovering "C:\\xampp\\htdocs\\tutorial2\\app\\api\\admin\\content\\about\\[id]"
2026-01-06T08:25:40.926087Z  INFO get_globs:scan_sources: tailwindcss_oxide::scanner: Discovering "C:\\xampp\\htdocs\\tutorial2\\app\\api\\admin\\content\\contact"
2026-01-06T08:25:40.926293Z  INFO get_globs:scan_sources: tailwindcss_oxide::scanner: Discovering "C:\\xampp\\htdocs\\tutorial2\\app\\api\\admin\\content\\contact\\[id]"
2026-01-06T08:25:40.927058Z  INFO get_globs:scan_sources: tailwindcss_oxide::scanner: Discovering "C:\\xampp\\htdocs\\tutorial2\\app\\api\\admin\\content\\footer"
2026-01-06T08:25:40.927905Z  INFO get_globs:scan_sources: tailwindcss_oxide::scanner: Discovering "C:\\xampp\\htdocs\\tutorial2\\app\\api\\admin\\content\\home"
2026-01-06T08:25:40.928686Z  INFO get_globs:scan_sources: tailwindcss_oxide::scanner: Discovering "C:\\xampp\\htdocs\\tutorial2\\app\\api\\admin\\content\\home\\[id]"
2026-01-06T08:25:40.929352Z  INFO get_globs:scan_sources: tailwindcss_oxide::scanner: Discovering "C:\\xampp\\htdocs\\tutorial2\\app\\api\\admin\\content\\media"
2026-01-06T08:25:40.929974Z  INFO get_globs:scan_sources: tailwindcss_oxide::scanner: Discovering "C:\\xampp\\htdocs\\tutorial2\\app\\api\\admin\\content\\navigation"
2026-01-06T08:25:40.930540Z  INFO get_globs:scan_sources: tailwindcss_oxide::scanner: Discovering "C:\\xampp\\htdocs\\tutorial2\\app\\api\\admin\\content\\pages"
2026-01-06T08:25:40.931025Z  INFO get_globs:scan_sources: tailwindcss_oxide::scanner: Discovering "C:\\xampp\\htdocs\\tutorial2\\app\\api\\admin\\content\\pages\\[id]"
2026-01-06T08:25:40.931681Z  INFO get_globs:scan_sources: tailwindcss_oxide::scanner: Discovering "C:\\xampp\\htdocs\\tutorial2\\app\\api\\admin\\content\\settings"
2026-01-06T08:25:40.932251Z  INFO get_globs:scan_sources: tailwindcss_oxide::scanner: Discovering "C:\\xampp\\htdocs\\tutorial2\\app\\api\\admin\\create-admin"
2026-01-06T08:25:40.932784Z  INFO get_globs:scan_sources: tailwindcss_oxide::scanner: Discovering "C:\\xampp\\htdocs\\tutorial2\\app\\api\\admin\\deleted-users"
2026-01-06T08:25:40.933317Z  INFO get_globs:scan_sources: tailwindcss_oxide::scanner: Discovering "C:\\xampp\\htdocs\\tutorial2\\app\\api\\admin\\events"
2026-01-06T08:25:40.933918Z  INFO get_globs:scan_sources: tailwindcss_oxide::scanner: Discovering "C:\\xampp\\htdocs\\tutorial2\\app\\api\\admin\\events\\[id]"
2026-01-06T08:25:40.934341Z  INFO get_globs:scan_sources: tailwindcss_oxide::scanner: Discovering "C:\\xampp\\htdocs\\tutorial2\\app\\api\\admin\\events\\[id]\\registrations"
2026-01-06T08:25:40.935103Z  INFO get_globs:scan_sources: tailwindcss_oxide::scanner: Discovering "C:\\xampp\\htdocs\\tutorial2\\app\\api\\admin\\fix-admin"
2026-01-06T08:25:40.935721Z  INFO get_globs:scan_sources: tailwindcss_oxide::scanner: Discovering "C:\\xampp\\htdocs\\tutorial2\\app\\api\\admin\\membership"
2026-01-06T08:25:40.936147Z  INFO get_globs:scan_sources: tailwindcss_oxide::scanner: Discovering "C:\\xampp\\htdocs\\tutorial2\\app\\api\\admin\\membership\\cycles"
2026-01-06T08:25:40.936655Z  INFO get_globs:scan_sources: tailwindcss_oxide::scanner: Discovering "C:\\xampp\\htdocs\\tutorial2\\app\\api\\admin\\membership\\settings"
2026-01-06T08:25:40.937644Z  INFO get_globs:scan_sources: tailwindcss_oxide::scanner: Discovering "C:\\xampp\\htdocs\\tutorial2\\app\\api\\admin\\membership\\types"
2026-01-06T08:25:40.938337Z  INFO get_globs:scan_sources: tailwindcss_oxide::scanner: Discovering "C:\\xampp\\htdocs\\tutorial2\\app\\api\\admin\\payments"
2026-01-06T08:25:40.939270Z  INFO get_globs:scan_sources: tailwindcss_oxide::scanner: Discovering "C:\\xampp\\htdocs\\tutorial2\\app\\api\\admin\\payments\\[id]"
2026-01-06T08:25:40.939891Z  INFO get_globs:scan_sources: tailwindcss_oxide::scanner: Discovering "C:\\xampp\\htdocs\\tutorial2\\app\\api\\admin\\payments\\[id]\\refund"
2026-01-06T08:25:40.940813Z  INFO get_globs:scan_sources: tailwindcss_oxide::scanner: Discovering "C:\\xampp\\htdocs\\tutorial2\\app\\api\\admin\\report"
2026-01-06T08:25:40.941442Z  INFO get_globs:scan_sources: tailwindcss_oxide::scanner: Discovering "C:\\xampp\\htdocs\\tutorial2\\app\\api\\admin\\reports"
2026-01-06T08:25:40.941920Z  INFO get_globs:scan_sources: tailwindcss_oxide::scanner: Discovering "C:\\xampp\\htdocs\\tutorial2\\app\\api\\admin\\reports\\generate"
2026-01-06T08:25:40.942728Z  INFO get_globs:scan_sources: tailwindcss_oxide::scanner: Discovering "C:\\xampp\\htdocs\\tutorial2\\app\\api\\admin\\reset-admin"
2026-01-06T08:25:40.943367Z  INFO get_globs:scan_sources: tailwindcss_oxide::scanner: Discovering "C:\\xampp\\htdocs\\tutorial2\\app\\api\\admin\\users"
2026-01-06T08:25:40.943876Z  INFO get_globs:scan_sources: tailwindcss_oxide::scanner: Discovering "C:\\xampp\\htdocs\\tutorial2\\app\\api\\admin\\users\\restore"
2026-01-06T08:25:40.944423Z  INFO get_globs:scan_sources: tailwindcss_oxide::scanner: Discovering "C:\\xampp\\htdocs\\tutorial2\\app\\api\\admin\\users\\[id]"
2026-01-06T08:25:40.944674Z  INFO get_globs:scan_sources: tailwindcss_oxide::scanner: Discovering "C:\\xampp\\htdocs\\tutorial2\\app\\api\\admin\\users\\[id]\\approve"
2026-01-06T08:25:40.944995Z  INFO get_globs:scan_sources: tailwindcss_oxide::scanner: Discovering "C:\\xampp\\htdocs\\tutorial2\\app\\api\\admin\\users\\[id]\\details"
2026-01-06T08:25:40.945294Z  INFO get_globs:scan_sources: tailwindcss_oxide::scanner: Discovering "C:\\xampp\\htdocs\\tutorial2\\app\\api\\admin\\users\\[id]\\membership-status"
2026-01-06T08:25:40.945613Z  INFO get_globs:scan_sources: tailwindcss_oxide::scanner: Discovering "C:\\xampp\\htdocs\\tutorial2\\app\\api\\admin\\users\\[id]\\password"
2026-01-06T08:25:40.946111Z  INFO get_globs:scan_sources: tailwindcss_oxide::scanner: Discovering "C:\\xampp\\htdocs\\tutorial2\\app\\api\\admin\\users\\[id]\\reject"
2026-01-06T08:25:40.946659Z  INFO get_globs:scan_sources: tailwindcss_oxide::scanner: Discovering "C:\\xampp\\htdocs\\tutorial2\\app\\api\\auth"
2026-01-06T08:25:40.947184Z  INFO get_globs:scan_sources: tailwindcss_oxide::scanner: Discovering "C:\\xampp\\htdocs\\tutorial2\\app\\api\\auth\\login"
2026-01-06T08:25:40.948019Z  INFO get_globs:scan_sources: tailwindcss_oxide::scanner: Discovering "C:\\xampp\\htdocs\\tutorial2\\app\\api\\auth\\logout"
2026-01-06T08:25:40.948668Z  INFO get_globs:scan_sources: tailwindcss_oxide::scanner: Discovering "C:\\xampp\\htdocs\\tutorial2\\app\\api\\auth\\me"
2026-01-06T08:25:40.949301Z  INFO get_globs:scan_sources: tailwindcss_oxide::scanner: Discovering "C:\\xampp\\htdocs\\tutorial2\\app\\api\\auth\\profile"
2026-01-06T08:25:40.949994Z  INFO get_globs:scan_sources: tailwindcss_oxide::scanner: Discovering "C:\\xampp\\htdocs\\tutorial2\\app\\api\\auth\\refresh"
2026-01-06T08:25:40.950472Z  INFO get_globs:scan_sources: tailwindcss_oxide::scanner: Discovering "C:\\xampp\\htdocs\\tutorial2\\app\\api\\auth\\register"
2026-01-06T08:25:40.950861Z  INFO get_globs:scan_sources: tailwindcss_oxide::scanner: Discovering "C:\\xampp\\htdocs\\tutorial2\\app\\api\\contact-content"
2026-01-06T08:25:40.951234Z  INFO get_globs:scan_sources: tailwindcss_oxide::scanner: Discovering "C:\\xampp\\htdocs\\tutorial2\\app\\api\\debug"
2026-01-06T08:25:40.951472Z  INFO get_globs:scan_sources: tailwindcss_oxide::scanner: Discovering "C:\\xampp\\htdocs\\tutorial2\\app\\api\\debug\\pricing"
2026-01-06T08:25:40.951802Z  INFO get_globs:scan_sources: tailwindcss_oxide::scanner: Discovering "C:\\xampp\\htdocs\\tutorial2\\app\\api\\events"
2026-01-06T08:25:40.952059Z  INFO get_globs:scan_sources: tailwindcss_oxide::scanner: Discovering "C:\\xampp\\htdocs\\tutorial2\\app\\api\\events\\[id]"
2026-01-06T08:25:40.952463Z  INFO get_globs:scan_sources: tailwindcss_oxide::scanner: Discovering "C:\\xampp\\htdocs\\tutorial2\\app\\api\\events\\[id]\\register"
2026-01-06T08:25:40.953048Z  INFO get_globs:scan_sources: tailwindcss_oxide::scanner: Discovering "C:\\xampp\\htdocs\\tutorial2\\app\\api\\fix-membership"
2026-01-06T08:25:40.954128Z  INFO get_globs:scan_sources: tailwindcss_oxide::scanner: Discovering "C:\\xampp\\htdocs\\tutorial2\\app\\api\\home-content"
2026-01-06T08:25:40.954926Z  INFO get_globs:scan_sources: tailwindcss_oxide::scanner: Discovering "C:\\xampp\\htdocs\\tutorial2\\app\\api\\membership"
2026-01-06T08:25:40.955781Z  INFO get_globs:scan_sources: tailwindcss_oxide::scanner: Discovering "C:\\xampp\\htdocs\\tutorial2\\app\\api\\membership\\next-number"
2026-01-06T08:25:40.956193Z  INFO get_globs:scan_sources: tailwindcss_oxide::scanner: Discovering "C:\\xampp\\htdocs\\tutorial2\\app\\api\\membership\\pay"
2026-01-06T08:25:40.956759Z  INFO get_globs:scan_sources: tailwindcss_oxide::scanner: Discovering "C:\\xampp\\htdocs\\tutorial2\\app\\api\\membership\\payment-status"
2026-01-06T08:25:40.957042Z  INFO get_globs:scan_sources: tailwindcss_oxide::scanner: Discovering "C:\\xampp\\htdocs\\tutorial2\\app\\api\\membership\\status"
2026-01-06T08:25:40.957284Z  INFO get_globs:scan_sources: tailwindcss_oxide::scanner: Discovering "C:\\xampp\\htdocs\\tutorial2\\app\\api\\messages"
2026-01-06T08:25:40.958000Z  INFO get_globs:scan_sources: tailwindcss_oxide::scanner: Discovering "C:\\xampp\\htdocs\\tutorial2\\app\\api\\messages\\reply"
2026-01-06T08:25:40.958473Z  INFO get_globs:scan_sources: tailwindcss_oxide::scanner: Discovering "C:\\xampp\\htdocs\\tutorial2\\app\\api\\messages\\[id]"
2026-01-06T08:25:40.958820Z  INFO get_globs:scan_sources: tailwindcss_oxide::scanner: Discovering "C:\\xampp\\htdocs\\tutorial2\\app\\api\\messages\\[id]\\read"
2026-01-06T08:25:40.959313Z  INFO get_globs:scan_sources: tailwindcss_oxide::scanner: Discovering "C:\\xampp\\htdocs\\tutorial2\\app\\api\\payments"
2026-01-06T08:25:40.959654Z  INFO get_globs:scan_sources: tailwindcss_oxide::scanner: Discovering "C:\\xampp\\htdocs\\tutorial2\\app\\api\\payments\\azampay"
2026-01-06T08:25:40.959951Z  INFO get_globs:scan_sources: tailwindcss_oxide::scanner: Discovering "C:\\xampp\\htdocs\\tutorial2\\app\\api\\payments\\azampay\\callback"
2026-01-06T08:25:40.960266Z  INFO get_globs:scan_sources: tailwindcss_oxide::scanner: Discovering "C:\\xampp\\htdocs\\tutorial2\\app\\api\\payments\\azampay\\checkout"
2026-01-06T08:25:40.960593Z  INFO get_globs:scan_sources: tailwindcss_oxide::scanner: Discovering "C:\\xampp\\htdocs\\tutorial2\\app\\api\\payments\\cleanup"
2026-01-06T08:25:40.960915Z  INFO get_globs:scan_sources: tailwindcss_oxide::scanner: Discovering "C:\\xampp\\htdocs\\tutorial2\\app\\api\\payments\\mobile-money"
2026-01-06T08:25:40.961497Z  INFO get_globs:scan_sources: tailwindcss_oxide::scanner: Discovering "C:\\xampp\\htdocs\\tutorial2\\app\\api\\reports"
2026-01-06T08:25:40.961767Z  INFO get_globs:scan_sources: tailwindcss_oxide::scanner: Discovering "C:\\xampp\\htdocs\\tutorial2\\app\\api\\reports\\generate"
2026-01-06T08:25:40.962140Z  INFO get_globs:scan_sources: tailwindcss_oxide::scanner: Discovering "C:\\xampp\\htdocs\\tutorial2\\app\\api\\reports\\send-email"
2026-01-06T08:25:40.962628Z  INFO get_globs:scan_sources: tailwindcss_oxide::scanner: Discovering "C:\\xampp\\htdocs\\tutorial2\\app\\api\\send-approval-email"
2026-01-06T08:25:40.962913Z  INFO get_globs:scan_sources: tailwindcss_oxide::scanner: Discovering "C:\\xampp\\htdocs\\tutorial2\\app\\api\\settings"
2026-01-06T08:25:40.963196Z  INFO get_globs:scan_sources: tailwindcss_oxide::scanner: Discovering "C:\\xampp\\htdocs\\tutorial2\\app\\api\\setup"
2026-01-06T08:25:40.963412Z  INFO get_globs:scan_sources: tailwindcss_oxide::scanner: Discovering "C:\\xampp\\htdocs\\tutorial2\\app\\api\\setup\\ensure-admin"
2026-01-06T08:25:40.963768Z  INFO get_globs:scan_sources: tailwindcss_oxide::scanner: Discovering "C:\\xampp\\htdocs\\tutorial2\\app\\auth"
2026-01-06T08:25:40.964237Z  INFO get_globs:scan_sources: tailwindcss_oxide::scanner: Discovering "C:\\xampp\\htdocs\\tutorial2\\app\\auth\\login"
2026-01-06T08:25:40.964701Z  INFO get_globs:scan_sources: tailwindcss_oxide::scanner: Discovering "C:\\xampp\\htdocs\\tutorial2\\app\\auth\\pending-approval"
2026-01-06T08:25:40.965074Z  INFO get_globs:scan_sources: tailwindcss_oxide::scanner: Discovering "C:\\xampp\\htdocs\\tutorial2\\app\\auth\\register"
2026-01-06T08:25:40.965445Z  INFO get_globs:scan_sources: tailwindcss_oxide::scanner: Discovering "C:\\xampp\\htdocs\\tutorial2\\app\\components"
2026-01-06T08:25:40.965817Z  INFO get_globs:scan_sources: tailwindcss_oxide::scanner: Discovering "C:\\xampp\\htdocs\\tutorial2\\app\\contact"
2026-01-06T08:25:40.966235Z  INFO get_globs:scan_sources: tailwindcss_oxide::scanner: Discovering "C:\\xampp\\htdocs\\tutorial2\\app\\dashboard"
2026-01-06T08:25:40.966794Z  INFO get_globs:scan_sources: tailwindcss_oxide::scanner: Discovering "C:\\xampp\\htdocs\\tutorial2\\app\\dashboard\\complete-profile"
2026-01-06T08:25:40.967682Z  INFO get_globs:scan_sources: tailwindcss_oxide::scanner: Discovering "C:\\xampp\\htdocs\\tutorial2\\app\\dashboard\\events"
2026-01-06T08:25:40.968084Z  INFO get_globs:scan_sources: tailwindcss_oxide::scanner: Discovering "C:\\xampp\\htdocs\\tutorial2\\app\\dashboard\\membership-card"
2026-01-06T08:25:40.968457Z  INFO get_globs:scan_sources: tailwindcss_oxide::scanner: Discovering "C:\\xampp\\htdocs\\tutorial2\\app\\dashboard\\messages"
2026-01-06T08:25:40.969364Z  INFO get_globs:scan_sources: tailwindcss_oxide::scanner: Discovering "C:\\xampp\\htdocs\\tutorial2\\app\\dashboard\\payment"
2026-01-06T08:25:40.969943Z  INFO get_globs:scan_sources: tailwindcss_oxide::scanner: Discovering "C:\\xampp\\htdocs\\tutorial2\\app\\dashboard\\payment\\success"
2026-01-06T08:25:40.971156Z  INFO get_globs:scan_sources: tailwindcss_oxide::scanner: Discovering "C:\\xampp\\htdocs\\tutorial2\\app\\dashboard\\subscribe"
2026-01-06T08:25:40.971898Z  INFO get_globs:scan_sources: tailwindcss_oxide::scanner: Discovering "C:\\xampp\\htdocs\\tutorial2\\app\\fix-auth"
2026-01-06T08:25:40.972780Z  INFO get_globs:scan_sources: tailwindcss_oxide::scanner: Discovering "C:\\xampp\\htdocs\\tutorial2\\app\\schemas"
2026-01-06T08:25:40.973353Z  INFO get_globs:scan_sources: tailwindcss_oxide::scanner: Discovering "C:\\xampp\\htdocs\\tutorial2\\app\\scripts"
2026-01-06T08:25:40.974026Z  INFO get_globs:scan_sources: tailwindcss_oxide::scanner: Discovering "C:\\xampp\\htdocs\\tutorial2\\app\\unauthorized"
2026-01-06T08:25:40.974597Z  INFO get_globs:scan_sources: tailwindcss_oxide::scanner: Discovering "C:\\xampp\\htdocs\\tutorial2\\components"
2026-01-06T08:25:40.975040Z  INFO get_globs:scan_sources: tailwindcss_oxide::scanner: Discovering "C:\\xampp\\htdocs\\tutorial2\\components\\admin"
2026-01-06T08:25:40.975888Z  INFO get_globs:scan_sources: tailwindcss_oxide::scanner: Discovering "C:\\xampp\\htdocs\\tutorial2\\components\\dashboard"
2026-01-06T08:25:40.976733Z  INFO get_globs:scan_sources: tailwindcss_oxide::scanner: Discovering "C:\\xampp\\htdocs\\tutorial2\\components\\ui"
2026-01-06T08:25:40.978019Z  INFO get_globs:scan_sources: tailwindcss_oxide::scanner: Discovering "C:\\xampp\\htdocs\\tutorial2\\components\\web"
2026-01-06T08:25:40.979068Z  INFO get_globs:scan_sources: tailwindcss_oxide::scanner: Discovering "C:\\xampp\\htdocs\\tutorial2\\contexts"
2026-01-06T08:25:40.979638Z  INFO get_globs:scan_sources: tailwindcss_oxide::scanner: Discovering "C:\\xampp\\htdocs\\tutorial2\\convex"
2026-01-06T08:25:40.980278Z  INFO get_globs:scan_sources: tailwindcss_oxide::scanner: Discovering "C:\\xampp\\htdocs\\tutorial2\\convex\\_generated"
2026-01-06T08:25:40.981698Z  INFO get_globs:scan_sources: tailwindcss_oxide::scanner: Discovering "C:\\xampp\\htdocs\\tutorial2\\database"
2026-01-06T08:25:40.984710Z  INFO get_globs:scan_sources: tailwindcss_oxide::scanner: Discovering "C:\\xampp\\htdocs\\tutorial2\\lib"
2026-01-06T08:25:41.024148Z  INFO get_globs:scan_sources: tailwindcss_oxide::scanner: Discovering "C:\\xampp\\htdocs\\tutorial2\\migrations"
2026-01-06T08:25:41.039015Z  INFO get_globs:scan_sources: tailwindcss_oxide::scanner: Discovering "C:\\xampp\\htdocs\\tutorial2\\public"
2026-01-06T08:25:41.039668Z  INFO get_globs:scan_sources: tailwindcss_oxide::scanner: Discovering "C:\\xampp\\htdocs\\tutorial2\\public\\uploads"
2026-01-06T08:25:41.040305Z  INFO get_globs:scan_sources: tailwindcss_oxide::scanner: Discovering "C:\\xampp\\htdocs\\tutorial2\\public\\uploads\\documents"
2026-01-06T08:25:41.041957Z  INFO get_globs:scan_sources: tailwindcss_oxide::scanner: Discovering "C:\\xampp\\htdocs\\tutorial2\\public\\uploads\\profile-pictures"
2026-01-06T08:25:41.043325Z  INFO get_globs:scan_sources: tailwindcss_oxide::scanner: exit
2026-01-06T08:25:41.102794Z  INFO get_globs: tailwindcss_oxide::scanner: exit
