2026-01-15T15:40:52.724394Z  INFO tailwindcss_oxide::scanner: Provided sources:
2026-01-15T15:40:52.724581Z  INFO tailwindcss_oxide::scanner: Source: PublicSourceEntry { base: "C:\\xampp\\htdocs\\tutorial2", pattern: "**/*", negated: false }
2026-01-15T15:40:52.725065Z  INFO tailwindcss_oxide::scanner: Optimized sources:
2026-01-15T15:40:52.725107Z  INFO tailwindcss_oxide::scanner: Source: Auto { base: "C:\\xampp\\htdocs\\tutorial2" }
2026-01-15T15:40:52.726736Z  INFO scan_sources: tailwindcss_oxide::scanner: enter
2026-01-15T15:40:52.727887Z  INFO scan_sources: tailwindcss_oxide::scanner: Discovering "C:\\xampp\\htdocs\\tutorial2\\.windsurf"
2026-01-15T15:40:52.728587Z  INFO scan_sources: tailwindcss_oxide::scanner: Discovering "C:\\xampp\\htdocs\\tutorial2\\.windsurf\\workflows"
2026-01-15T15:40:52.728683Z  INFO scan_sources: tailwindcss_oxide::scanner: Discovering "C:\\xampp\\htdocs\\tutorial2\\.windsurf\\workflows\\complete-profile.md"
2026-01-15T15:40:52.728723Z  INFO scan_sources: tailwindcss_oxide::scanner: Discovering "C:\\xampp\\htdocs\\tutorial2\\.windsurf\\workflows\\notification.md"
2026-01-15T15:40:52.728784Z  INFO scan_sources: tailwindcss_oxide::scanner: Discovering "C:\\xampp\\htdocs\\tutorial2\\add_reference_to_memberships.php"
2026-01-15T15:40:52.728817Z  INFO scan_sources: tailwindcss_oxide::scanner: Discovering "C:\\xampp\\htdocs\\tutorial2\\add_work_columns.php"
2026-01-15T15:40:52.728849Z  INFO scan_sources: tailwindcss_oxide::scanner: Discovering "C:\\xampp\\htdocs\\tutorial2\\add_work_columns.sql"
2026-01-15T15:40:52.728879Z  INFO scan_sources: tailwindcss_oxide::scanner: Discovering "C:\\xampp\\htdocs\\tutorial2\\add_work_fields_user25.php"
2026-01-15T15:40:52.728912Z  INFO scan_sources: tailwindcss_oxide::scanner: Discovering "C:\\xampp\\htdocs\\tutorial2\\ADMIN_MODULES_IMPLEMENTATION.md"
2026-01-15T15:40:52.728972Z  INFO scan_sources: tailwindcss_oxide::scanner: Discovering "C:\\xampp\\htdocs\\tutorial2\\api"
2026-01-15T15:40:52.729065Z  INFO scan_sources: tailwindcss_oxide::scanner: Discovering "C:\\xampp\\htdocs\\tutorial2\\api\\auth"
2026-01-15T15:40:52.729133Z  INFO scan_sources: tailwindcss_oxide::scanner: Discovering "C:\\xampp\\htdocs\\tutorial2\\api\\auth\\login.php"
2026-01-15T15:40:52.729163Z  INFO scan_sources: tailwindcss_oxide::scanner: Discovering "C:\\xampp\\htdocs\\tutorial2\\api\\auth\\logout.php"
2026-01-15T15:40:52.729194Z  INFO scan_sources: tailwindcss_oxide::scanner: Discovering "C:\\xampp\\htdocs\\tutorial2\\api\\auth\\me.php"
2026-01-15T15:40:52.729225Z  INFO scan_sources: tailwindcss_oxide::scanner: Discovering "C:\\xampp\\htdocs\\tutorial2\\api\\auth\\register.php"
2026-01-15T15:40:52.729297Z  INFO scan_sources: tailwindcss_oxide::scanner: Discovering "C:\\xampp\\htdocs\\tutorial2\\app"
2026-01-15T15:40:52.729383Z  INFO scan_sources: tailwindcss_oxide::scanner: Discovering "C:\\xampp\\htdocs\\tutorial2\\app\\(layout)"
2026-01-15T15:40:52.729446Z  INFO scan_sources: tailwindcss_oxide::scanner: Discovering "C:\\xampp\\htdocs\\tutorial2\\app\\(layout)\\layout.tsx"
2026-01-15T15:40:52.729505Z  INFO scan_sources: tailwindcss_oxide::scanner: Discovering "C:\\xampp\\htdocs\\tutorial2\\app\\(shared-layout)"
2026-01-15T15:40:52.729568Z  INFO scan_sources: tailwindcss_oxide::scanner: Discovering "C:\\xampp\\htdocs\\tutorial2\\app\\(shared-layout)\\layout.tsx"
2026-01-15T15:40:52.729599Z  INFO scan_sources: tailwindcss_oxide::scanner: Discovering "C:\\xampp\\htdocs\\tutorial2\\app\\(shared-layout)\\page.tsx"
2026-01-15T15:40:52.729657Z  INFO scan_sources: tailwindcss_oxide::scanner: Discovering "C:\\xampp\\htdocs\\tutorial2\\app\\about"
2026-01-15T15:40:52.729726Z  INFO scan_sources: tailwindcss_oxide::scanner: Discovering "C:\\xampp\\htdocs\\tutorial2\\app\\about\\page.tsx"
2026-01-15T15:40:52.729787Z  INFO scan_sources: tailwindcss_oxide::scanner: Discovering "C:\\xampp\\htdocs\\tutorial2\\app\\about-us"
2026-01-15T15:40:52.729849Z  INFO scan_sources: tailwindcss_oxide::scanner: Discovering "C:\\xampp\\htdocs\\tutorial2\\app\\about-us\\page.tsx"
2026-01-15T15:40:52.729910Z  INFO scan_sources: tailwindcss_oxide::scanner: Discovering "C:\\xampp\\htdocs\\tutorial2\\app\\admin"
2026-01-15T15:40:52.730049Z  INFO scan_sources: tailwindcss_oxide::scanner: Discovering "C:\\xampp\\htdocs\\tutorial2\\app\\admin\\cards"
2026-01-15T15:40:52.730123Z  INFO scan_sources: tailwindcss_oxide::scanner: Discovering "C:\\xampp\\htdocs\\tutorial2\\app\\admin\\cards\\page.tsx"
2026-01-15T15:40:52.730199Z  INFO scan_sources: tailwindcss_oxide::scanner: Discovering "C:\\xampp\\htdocs\\tutorial2\\app\\admin\\content"
2026-01-15T15:40:52.730282Z  INFO scan_sources: tailwindcss_oxide::scanner: Discovering "C:\\xampp\\htdocs\\tutorial2\\app\\admin\\content\\about"
2026-01-15T15:40:52.730348Z  INFO scan_sources: tailwindcss_oxide::scanner: Discovering "C:\\xampp\\htdocs\\tutorial2\\app\\admin\\content\\about\\page.tsx"
2026-01-15T15:40:52.730408Z  INFO scan_sources: tailwindcss_oxide::scanner: Discovering "C:\\xampp\\htdocs\\tutorial2\\app\\admin\\content\\contact"
2026-01-15T15:40:52.730473Z  INFO scan_sources: tailwindcss_oxide::scanner: Discovering "C:\\xampp\\htdocs\\tutorial2\\app\\admin\\content\\contact\\page.tsx"
2026-01-15T15:40:52.730534Z  INFO scan_sources: tailwindcss_oxide::scanner: Discovering "C:\\xampp\\htdocs\\tutorial2\\app\\admin\\content\\home"
2026-01-15T15:40:52.730595Z  INFO scan_sources: tailwindcss_oxide::scanner: Discovering "C:\\xampp\\htdocs\\tutorial2\\app\\admin\\content\\home\\page.tsx"
2026-01-15T15:40:52.730635Z  INFO scan_sources: tailwindcss_oxide::scanner: Discovering "C:\\xampp\\htdocs\\tutorial2\\app\\admin\\content\\page.tsx"
2026-01-15T15:40:52.730694Z  INFO scan_sources: tailwindcss_oxide::scanner: Discovering "C:\\xampp\\htdocs\\tutorial2\\app\\admin\\dashboard"
2026-01-15T15:40:52.730766Z  INFO scan_sources: tailwindcss_oxide::scanner: Discovering "C:\\xampp\\htdocs\\tutorial2\\app\\admin\\dashboard\\page.tsx"
2026-01-15T15:40:52.730824Z  INFO scan_sources: tailwindcss_oxide::scanner: Discovering "C:\\xampp\\htdocs\\tutorial2\\app\\admin\\events"
2026-01-15T15:40:52.730885Z  INFO scan_sources: tailwindcss_oxide::scanner: Discovering "C:\\xampp\\htdocs\\tutorial2\\app\\admin\\events\\page.tsx"
2026-01-15T15:40:52.730935Z  INFO scan_sources: tailwindcss_oxide::scanner: Discovering "C:\\xampp\\htdocs\\tutorial2\\app\\admin\\events\\[id]"
2026-01-15T15:40:52.731024Z  INFO scan_sources: tailwindcss_oxide::scanner: Discovering "C:\\xampp\\htdocs\\tutorial2\\app\\admin\\events\\[id]\\page.tsx"
2026-01-15T15:40:52.731099Z  INFO scan_sources: tailwindcss_oxide::scanner: Discovering "C:\\xampp\\htdocs\\tutorial2\\app\\admin\\events\\[id]\\registrations"
2026-01-15T15:40:52.731211Z  INFO scan_sources: tailwindcss_oxide::scanner: Discovering "C:\\xampp\\htdocs\\tutorial2\\app\\admin\\events\\[id]\\registrations\\page.tsx"
2026-01-15T15:40:52.731521Z  INFO scan_sources: tailwindcss_oxide::scanner: Discovering "C:\\xampp\\htdocs\\tutorial2\\app\\admin\\layout.tsx"
2026-01-15T15:40:52.731695Z  INFO scan_sources: tailwindcss_oxide::scanner: Discovering "C:\\xampp\\htdocs\\tutorial2\\app\\admin\\membership"
2026-01-15T15:40:52.732174Z  INFO scan_sources: tailwindcss_oxide::scanner: Discovering "C:\\xampp\\htdocs\\tutorial2\\app\\admin\\membership\\page.tsx"
2026-01-15T15:40:52.732460Z  INFO scan_sources: tailwindcss_oxide::scanner: Discovering "C:\\xampp\\htdocs\\tutorial2\\app\\admin\\news"
2026-01-15T15:40:52.732722Z  INFO scan_sources: tailwindcss_oxide::scanner: Discovering "C:\\xampp\\htdocs\\tutorial2\\app\\admin\\news\\page.tsx"
2026-01-15T15:40:52.732902Z  INFO scan_sources: tailwindcss_oxide::scanner: Discovering "C:\\xampp\\htdocs\\tutorial2\\app\\admin\\page.old.tsx"
2026-01-15T15:40:52.733022Z  INFO scan_sources: tailwindcss_oxide::scanner: Discovering "C:\\xampp\\htdocs\\tutorial2\\app\\admin\\page.tsx"
2026-01-15T15:40:52.733135Z  INFO scan_sources: tailwindcss_oxide::scanner: Discovering "C:\\xampp\\htdocs\\tutorial2\\app\\admin\\page.tsx.backup"
2026-01-15T15:40:52.733279Z  INFO scan_sources: tailwindcss_oxide::scanner: Discovering "C:\\xampp\\htdocs\\tutorial2\\app\\admin\\page.tsx.new"
2026-01-15T15:40:52.733441Z  INFO scan_sources: tailwindcss_oxide::scanner: Discovering "C:\\xampp\\htdocs\\tutorial2\\app\\admin\\payment"
2026-01-15T15:40:52.733539Z  INFO scan_sources: tailwindcss_oxide::scanner: Discovering "C:\\xampp\\htdocs\\tutorial2\\app\\admin\\payment\\page.tsx"
2026-01-15T15:40:52.733616Z  INFO scan_sources: tailwindcss_oxide::scanner: Discovering "C:\\xampp\\htdocs\\tutorial2\\app\\admin\\payments"
2026-01-15T15:40:52.733687Z  INFO scan_sources: tailwindcss_oxide::scanner: Discovering "C:\\xampp\\htdocs\\tutorial2\\app\\admin\\payments\\page.tsx"
2026-01-15T15:40:52.733750Z  INFO scan_sources: tailwindcss_oxide::scanner: Discovering "C:\\xampp\\htdocs\\tutorial2\\app\\admin\\reports"
2026-01-15T15:40:52.733816Z  INFO scan_sources: tailwindcss_oxide::scanner: Discovering "C:\\xampp\\htdocs\\tutorial2\\app\\admin\\reports\\page.tsx"
2026-01-15T15:40:52.733878Z  INFO scan_sources: tailwindcss_oxide::scanner: Discovering "C:\\xampp\\htdocs\\tutorial2\\app\\admin\\requests"
2026-01-15T15:40:52.733945Z  INFO scan_sources: tailwindcss_oxide::scanner: Discovering "C:\\xampp\\htdocs\\tutorial2\\app\\admin\\requests\\page.tsx"
2026-01-15T15:40:52.734034Z  INFO scan_sources: tailwindcss_oxide::scanner: Discovering "C:\\xampp\\htdocs\\tutorial2\\app\\admin\\users"
2026-01-15T15:40:52.734103Z  INFO scan_sources: tailwindcss_oxide::scanner: Discovering "C:\\xampp\\htdocs\\tutorial2\\app\\admin\\users\\page.tsx"
2026-01-15T15:40:52.734159Z  INFO scan_sources: tailwindcss_oxide::scanner: Discovering "C:\\xampp\\htdocs\\tutorial2\\app\\admin\\users\\[id]"
2026-01-15T15:40:52.734228Z  INFO scan_sources: tailwindcss_oxide::scanner: Discovering "C:\\xampp\\htdocs\\tutorial2\\app\\admin\\users\\[id]\\page.tsx"
2026-01-15T15:40:52.734324Z  INFO scan_sources: tailwindcss_oxide::scanner: Discovering "C:\\xampp\\htdocs\\tutorial2\\app\\api"
2026-01-15T15:40:52.734417Z  INFO scan_sources: tailwindcss_oxide::scanner: Discovering "C:\\xampp\\htdocs\\tutorial2\\app\\api\\about-content"
2026-01-15T15:40:52.734485Z  INFO scan_sources: tailwindcss_oxide::scanner: Discovering "C:\\xampp\\htdocs\\tutorial2\\app\\api\\about-content\\route.ts"
2026-01-15T15:40:52.734550Z  INFO scan_sources: tailwindcss_oxide::scanner: Discovering "C:\\xampp\\htdocs\\tutorial2\\app\\api\\admin"
2026-01-15T15:40:52.734649Z  INFO scan_sources: tailwindcss_oxide::scanner: Discovering "C:\\xampp\\htdocs\\tutorial2\\app\\api\\admin\\content"
2026-01-15T15:40:52.734737Z  INFO scan_sources: tailwindcss_oxide::scanner: Discovering "C:\\xampp\\htdocs\\tutorial2\\app\\api\\admin\\content\\about"
2026-01-15T15:40:52.734808Z  INFO scan_sources: tailwindcss_oxide::scanner: Discovering "C:\\xampp\\htdocs\\tutorial2\\app\\api\\admin\\content\\about\\route.ts"
2026-01-15T15:40:52.734863Z  INFO scan_sources: tailwindcss_oxide::scanner: Discovering "C:\\xampp\\htdocs\\tutorial2\\app\\api\\admin\\content\\about\\[id]"
2026-01-15T15:40:52.734945Z  INFO scan_sources: tailwindcss_oxide::scanner: Discovering "C:\\xampp\\htdocs\\tutorial2\\app\\api\\admin\\content\\about\\[id]\\route.ts"
2026-01-15T15:40:52.735021Z  INFO scan_sources: tailwindcss_oxide::scanner: Discovering "C:\\xampp\\htdocs\\tutorial2\\app\\api\\admin\\content\\contact"
2026-01-15T15:40:52.735091Z  INFO scan_sources: tailwindcss_oxide::scanner: Discovering "C:\\xampp\\htdocs\\tutorial2\\app\\api\\admin\\content\\contact\\route.ts"
2026-01-15T15:40:52.735143Z  INFO scan_sources: tailwindcss_oxide::scanner: Discovering "C:\\xampp\\htdocs\\tutorial2\\app\\api\\admin\\content\\contact\\[id]"
2026-01-15T15:40:52.735211Z  INFO scan_sources: tailwindcss_oxide::scanner: Discovering "C:\\xampp\\htdocs\\tutorial2\\app\\api\\admin\\content\\contact\\[id]\\route.ts"
2026-01-15T15:40:52.735287Z  INFO scan_sources: tailwindcss_oxide::scanner: Discovering "C:\\xampp\\htdocs\\tutorial2\\app\\api\\admin\\content\\footer"
2026-01-15T15:40:52.735393Z  INFO scan_sources: tailwindcss_oxide::scanner: Discovering "C:\\xampp\\htdocs\\tutorial2\\app\\api\\admin\\content\\footer\\route.ts"
2026-01-15T15:40:52.735457Z  INFO scan_sources: tailwindcss_oxide::scanner: Discovering "C:\\xampp\\htdocs\\tutorial2\\app\\api\\admin\\content\\home"
2026-01-15T15:40:52.735532Z  INFO scan_sources: tailwindcss_oxide::scanner: Discovering "C:\\xampp\\htdocs\\tutorial2\\app\\api\\admin\\content\\home\\route.ts"
2026-01-15T15:40:52.735589Z  INFO scan_sources: tailwindcss_oxide::scanner: Discovering "C:\\xampp\\htdocs\\tutorial2\\app\\api\\admin\\content\\home\\[id]"
2026-01-15T15:40:52.735657Z  INFO scan_sources: tailwindcss_oxide::scanner: Discovering "C:\\xampp\\htdocs\\tutorial2\\app\\api\\admin\\content\\home\\[id]\\route.ts"
2026-01-15T15:40:52.735731Z  INFO scan_sources: tailwindcss_oxide::scanner: Discovering "C:\\xampp\\htdocs\\tutorial2\\app\\api\\admin\\content\\media"
2026-01-15T15:40:52.735798Z  INFO scan_sources: tailwindcss_oxide::scanner: Discovering "C:\\xampp\\htdocs\\tutorial2\\app\\api\\admin\\content\\media\\route.ts"
2026-01-15T15:40:52.735868Z  INFO scan_sources: tailwindcss_oxide::scanner: Discovering "C:\\xampp\\htdocs\\tutorial2\\app\\api\\admin\\content\\navigation"
2026-01-15T15:40:52.735936Z  INFO scan_sources: tailwindcss_oxide::scanner: Discovering "C:\\xampp\\htdocs\\tutorial2\\app\\api\\admin\\content\\navigation\\route.ts"
2026-01-15T15:40:52.736016Z  INFO scan_sources: tailwindcss_oxide::scanner: Discovering "C:\\xampp\\htdocs\\tutorial2\\app\\api\\admin\\content\\pages"
2026-01-15T15:40:52.736086Z  INFO scan_sources: tailwindcss_oxide::scanner: Discovering "C:\\xampp\\htdocs\\tutorial2\\app\\api\\admin\\content\\pages\\route.ts"
2026-01-15T15:40:52.736139Z  INFO scan_sources: tailwindcss_oxide::scanner: Discovering "C:\\xampp\\htdocs\\tutorial2\\app\\api\\admin\\content\\pages\\[id]"
2026-01-15T15:40:52.736207Z  INFO scan_sources: tailwindcss_oxide::scanner: Discovering "C:\\xampp\\htdocs\\tutorial2\\app\\api\\admin\\content\\pages\\[id]\\route.ts"
2026-01-15T15:40:52.736283Z  INFO scan_sources: tailwindcss_oxide::scanner: Discovering "C:\\xampp\\htdocs\\tutorial2\\app\\api\\admin\\content\\settings"
2026-01-15T15:40:52.736350Z  INFO scan_sources: tailwindcss_oxide::scanner: Discovering "C:\\xampp\\htdocs\\tutorial2\\app\\api\\admin\\content\\settings\\route.ts"
2026-01-15T15:40:52.736426Z  INFO scan_sources: tailwindcss_oxide::scanner: Discovering "C:\\xampp\\htdocs\\tutorial2\\app\\api\\admin\\create-admin"
2026-01-15T15:40:52.736493Z  INFO scan_sources: tailwindcss_oxide::scanner: Discovering "C:\\xampp\\htdocs\\tutorial2\\app\\api\\admin\\create-admin\\route.ts"
2026-01-15T15:40:52.736559Z  INFO scan_sources: tailwindcss_oxide::scanner: Discovering "C:\\xampp\\htdocs\\tutorial2\\app\\api\\admin\\deleted-users"
2026-01-15T15:40:52.736626Z  INFO scan_sources: tailwindcss_oxide::scanner: Discovering "C:\\xampp\\htdocs\\tutorial2\\app\\api\\admin\\deleted-users\\route.ts"
2026-01-15T15:40:52.736690Z  INFO scan_sources: tailwindcss_oxide::scanner: Discovering "C:\\xampp\\htdocs\\tutorial2\\app\\api\\admin\\events"
2026-01-15T15:40:52.736760Z  INFO scan_sources: tailwindcss_oxide::scanner: Discovering "C:\\xampp\\htdocs\\tutorial2\\app\\api\\admin\\events\\route.ts"
2026-01-15T15:40:52.736794Z  INFO scan_sources: tailwindcss_oxide::scanner: Discovering "C:\\xampp\\htdocs\\tutorial2\\app\\api\\admin\\events\\route_original.ts"
2026-01-15T15:40:52.736848Z  INFO scan_sources: tailwindcss_oxide::scanner: Discovering "C:\\xampp\\htdocs\\tutorial2\\app\\api\\admin\\events\\[id]"
2026-01-15T15:40:52.736948Z  INFO scan_sources: tailwindcss_oxide::scanner: Discovering "C:\\xampp\\htdocs\\tutorial2\\app\\api\\admin\\events\\[id]\\registrations"
2026-01-15T15:40:52.737020Z  INFO scan_sources: tailwindcss_oxide::scanner: Discovering "C:\\xampp\\htdocs\\tutorial2\\app\\api\\admin\\events\\[id]\\registrations\\route.ts"
2026-01-15T15:40:52.737074Z  INFO scan_sources: tailwindcss_oxide::scanner: Discovering "C:\\xampp\\htdocs\\tutorial2\\app\\api\\admin\\events\\[id]\\route.ts"
2026-01-15T15:40:52.737109Z  INFO scan_sources: tailwindcss_oxide::scanner: Discovering "C:\\xampp\\htdocs\\tutorial2\\app\\api\\admin\\events\\[id]\\route_original.ts"
2026-01-15T15:40:52.737228Z  INFO scan_sources: tailwindcss_oxide::scanner: Discovering "C:\\xampp\\htdocs\\tutorial2\\app\\api\\admin\\fix-admin"
2026-01-15T15:40:52.737301Z  INFO scan_sources: tailwindcss_oxide::scanner: Discovering "C:\\xampp\\htdocs\\tutorial2\\app\\api\\admin\\fix-admin\\route.ts"
2026-01-15T15:40:52.737368Z  INFO scan_sources: tailwindcss_oxide::scanner: Discovering "C:\\xampp\\htdocs\\tutorial2\\app\\api\\admin\\membership"
2026-01-15T15:40:52.737455Z  INFO scan_sources: tailwindcss_oxide::scanner: Discovering "C:\\xampp\\htdocs\\tutorial2\\app\\api\\admin\\membership\\cycles"
2026-01-15T15:40:52.737528Z  INFO scan_sources: tailwindcss_oxide::scanner: Discovering "C:\\xampp\\htdocs\\tutorial2\\app\\api\\admin\\membership\\cycles\\route.ts"
2026-01-15T15:40:52.737594Z  INFO scan_sources: tailwindcss_oxide::scanner: Discovering "C:\\xampp\\htdocs\\tutorial2\\app\\api\\admin\\membership\\settings"
2026-01-15T15:40:52.737663Z  INFO scan_sources: tailwindcss_oxide::scanner: Discovering "C:\\xampp\\htdocs\\tutorial2\\app\\api\\admin\\membership\\settings\\route.ts"
2026-01-15T15:40:52.737729Z  INFO scan_sources: tailwindcss_oxide::scanner: Discovering "C:\\xampp\\htdocs\\tutorial2\\app\\api\\admin\\membership\\types"
2026-01-15T15:40:52.737798Z  INFO scan_sources: tailwindcss_oxide::scanner: Discovering "C:\\xampp\\htdocs\\tutorial2\\app\\api\\admin\\membership\\types\\route.ts"
2026-01-15T15:40:52.737879Z  INFO scan_sources: tailwindcss_oxide::scanner: Discovering "C:\\xampp\\htdocs\\tutorial2\\app\\api\\admin\\news"
2026-01-15T15:40:52.737948Z  INFO scan_sources: tailwindcss_oxide::scanner: Discovering "C:\\xampp\\htdocs\\tutorial2\\app\\api\\admin\\news\\route.ts"
2026-01-15T15:40:52.738012Z  INFO scan_sources: tailwindcss_oxide::scanner: Discovering "C:\\xampp\\htdocs\\tutorial2\\app\\api\\admin\\payment"
2026-01-15T15:40:52.738082Z  INFO scan_sources: tailwindcss_oxide::scanner: Discovering "C:\\xampp\\htdocs\\tutorial2\\app\\api\\admin\\payment\\route.ts"
2026-01-15T15:40:52.738147Z  INFO scan_sources: tailwindcss_oxide::scanner: Discovering "C:\\xampp\\htdocs\\tutorial2\\app\\api\\admin\\payments"
2026-01-15T15:40:52.738235Z  INFO scan_sources: tailwindcss_oxide::scanner: Discovering "C:\\xampp\\htdocs\\tutorial2\\app\\api\\admin\\payments\\list"
2026-01-15T15:40:52.738324Z  INFO scan_sources: tailwindcss_oxide::scanner: Discovering "C:\\xampp\\htdocs\\tutorial2\\app\\api\\admin\\payments\\list\\export"
2026-01-15T15:40:52.738392Z  INFO scan_sources: tailwindcss_oxide::scanner: Discovering "C:\\xampp\\htdocs\\tutorial2\\app\\api\\admin\\payments\\list\\export\\route.ts"
2026-01-15T15:40:52.738443Z  INFO scan_sources: tailwindcss_oxide::scanner: Discovering "C:\\xampp\\htdocs\\tutorial2\\app\\api\\admin\\payments\\list\\route.ts"
2026-01-15T15:40:52.738488Z  INFO scan_sources: tailwindcss_oxide::scanner: Discovering "C:\\xampp\\htdocs\\tutorial2\\app\\api\\admin\\payments\\route.ts"
2026-01-15T15:40:52.738547Z  INFO scan_sources: tailwindcss_oxide::scanner: Discovering "C:\\xampp\\htdocs\\tutorial2\\app\\api\\admin\\payments\\[id]"
2026-01-15T15:40:52.738648Z  INFO scan_sources: tailwindcss_oxide::scanner: Discovering "C:\\xampp\\htdocs\\tutorial2\\app\\api\\admin\\payments\\[id]\\refund"
2026-01-15T15:40:52.738736Z  INFO scan_sources: tailwindcss_oxide::scanner: Discovering "C:\\xampp\\htdocs\\tutorial2\\app\\api\\admin\\payments\\[id]\\refund\\route.ts"
2026-01-15T15:40:52.738796Z  INFO scan_sources: tailwindcss_oxide::scanner: Discovering "C:\\xampp\\htdocs\\tutorial2\\app\\api\\admin\\payments\\[id]\\route.ts"
2026-01-15T15:40:52.738922Z  INFO scan_sources: tailwindcss_oxide::scanner: Discovering "C:\\xampp\\htdocs\\tutorial2\\app\\api\\admin\\report"
2026-01-15T15:40:52.739015Z  INFO scan_sources: tailwindcss_oxide::scanner: Discovering "C:\\xampp\\htdocs\\tutorial2\\app\\api\\admin\\report\\route.ts"
2026-01-15T15:40:52.739096Z  INFO scan_sources: tailwindcss_oxide::scanner: Discovering "C:\\xampp\\htdocs\\tutorial2\\app\\api\\admin\\reports"
2026-01-15T15:40:52.739260Z  INFO scan_sources: tailwindcss_oxide::scanner: Discovering "C:\\xampp\\htdocs\\tutorial2\\app\\api\\admin\\reports\\generate"
2026-01-15T15:40:52.739410Z  INFO scan_sources: tailwindcss_oxide::scanner: Discovering "C:\\xampp\\htdocs\\tutorial2\\app\\api\\admin\\reports\\generate\\route.ts"
2026-01-15T15:40:52.739467Z  INFO scan_sources: tailwindcss_oxide::scanner: Discovering "C:\\xampp\\htdocs\\tutorial2\\app\\api\\admin\\reports\\route.ts"
2026-01-15T15:40:52.739539Z  INFO scan_sources: tailwindcss_oxide::scanner: Discovering "C:\\xampp\\htdocs\\tutorial2\\app\\api\\admin\\reset-admin"
2026-01-15T15:40:52.739610Z  INFO scan_sources: tailwindcss_oxide::scanner: Discovering "C:\\xampp\\htdocs\\tutorial2\\app\\api\\admin\\reset-admin\\route.ts"
2026-01-15T15:40:52.739673Z  INFO scan_sources: tailwindcss_oxide::scanner: Discovering "C:\\xampp\\htdocs\\tutorial2\\app\\api\\admin\\users"
2026-01-15T15:40:52.739758Z  INFO scan_sources: tailwindcss_oxide::scanner: Discovering "C:\\xampp\\htdocs\\tutorial2\\app\\api\\admin\\users\\restore"
2026-01-15T15:40:52.739825Z  INFO scan_sources: tailwindcss_oxide::scanner: Discovering "C:\\xampp\\htdocs\\tutorial2\\app\\api\\admin\\users\\restore\\route.ts"
2026-01-15T15:40:52.739869Z  INFO scan_sources: tailwindcss_oxide::scanner: Discovering "C:\\xampp\\htdocs\\tutorial2\\app\\api\\admin\\users\\route.ts"
2026-01-15T15:40:52.739922Z  INFO scan_sources: tailwindcss_oxide::scanner: Discovering "C:\\xampp\\htdocs\\tutorial2\\app\\api\\admin\\users\\[id]"
2026-01-15T15:40:52.740013Z  INFO scan_sources: tailwindcss_oxide::scanner: Discovering "C:\\xampp\\htdocs\\tutorial2\\app\\api\\admin\\users\\[id]\\approve"
2026-01-15T15:40:52.740098Z  INFO scan_sources: tailwindcss_oxide::scanner: Discovering "C:\\xampp\\htdocs\\tutorial2\\app\\api\\admin\\users\\[id]\\approve\\route.ts"
2026-01-15T15:40:52.740160Z  INFO scan_sources: tailwindcss_oxide::scanner: Discovering "C:\\xampp\\htdocs\\tutorial2\\app\\api\\admin\\users\\[id]\\details"
2026-01-15T15:40:52.740227Z  INFO scan_sources: tailwindcss_oxide::scanner: Discovering "C:\\xampp\\htdocs\\tutorial2\\app\\api\\admin\\users\\[id]\\details\\route.ts"
2026-01-15T15:40:52.740291Z  INFO scan_sources: tailwindcss_oxide::scanner: Discovering "C:\\xampp\\htdocs\\tutorial2\\app\\api\\admin\\users\\[id]\\membership-status"
2026-01-15T15:40:52.740367Z  INFO scan_sources: tailwindcss_oxide::scanner: Discovering "C:\\xampp\\htdocs\\tutorial2\\app\\api\\admin\\users\\[id]\\membership-status\\route.ts"
2026-01-15T15:40:52.740434Z  INFO scan_sources: tailwindcss_oxide::scanner: Discovering "C:\\xampp\\htdocs\\tutorial2\\app\\api\\admin\\users\\[id]\\password"
2026-01-15T15:40:52.740500Z  INFO scan_sources: tailwindcss_oxide::scanner: Discovering "C:\\xampp\\htdocs\\tutorial2\\app\\api\\admin\\users\\[id]\\password\\route.ts"
2026-01-15T15:40:52.740566Z  INFO scan_sources: tailwindcss_oxide::scanner: Discovering "C:\\xampp\\htdocs\\tutorial2\\app\\api\\admin\\users\\[id]\\reject"
2026-01-15T15:40:52.740634Z  INFO scan_sources: tailwindcss_oxide::scanner: Discovering "C:\\xampp\\htdocs\\tutorial2\\app\\api\\admin\\users\\[id]\\reject\\route.ts"
2026-01-15T15:40:52.740680Z  INFO scan_sources: tailwindcss_oxide::scanner: Discovering "C:\\xampp\\htdocs\\tutorial2\\app\\api\\admin\\users\\[id]\\route.ts"
2026-01-15T15:40:52.740781Z  INFO scan_sources: tailwindcss_oxide::scanner: Discovering "C:\\xampp\\htdocs\\tutorial2\\app\\api\\auth"
2026-01-15T15:40:52.740876Z  INFO scan_sources: tailwindcss_oxide::scanner: Discovering "C:\\xampp\\htdocs\\tutorial2\\app\\api\\auth\\forgot-password"
2026-01-15T15:40:52.740958Z  INFO scan_sources: tailwindcss_oxide::scanner: Discovering "C:\\xampp\\htdocs\\tutorial2\\app\\api\\auth\\forgot-password\\route.ts"
2026-01-15T15:40:52.741025Z  INFO scan_sources: tailwindcss_oxide::scanner: Discovering "C:\\xampp\\htdocs\\tutorial2\\app\\api\\auth\\login"
2026-01-15T15:40:52.741110Z  INFO scan_sources: tailwindcss_oxide::scanner: Discovering "C:\\xampp\\htdocs\\tutorial2\\app\\api\\auth\\login\\route.ts"
2026-01-15T15:40:52.741176Z  INFO scan_sources: tailwindcss_oxide::scanner: Discovering "C:\\xampp\\htdocs\\tutorial2\\app\\api\\auth\\logout"
2026-01-15T15:40:52.741289Z  INFO scan_sources: tailwindcss_oxide::scanner: Discovering "C:\\xampp\\htdocs\\tutorial2\\app\\api\\auth\\logout\\route.ts"
2026-01-15T15:40:52.741361Z  INFO scan_sources: tailwindcss_oxide::scanner: Discovering "C:\\xampp\\htdocs\\tutorial2\\app\\api\\auth\\me"
2026-01-15T15:40:52.741430Z  INFO scan_sources: tailwindcss_oxide::scanner: Discovering "C:\\xampp\\htdocs\\tutorial2\\app\\api\\auth\\me\\route.ts"
2026-01-15T15:40:52.741497Z  INFO scan_sources: tailwindcss_oxide::scanner: Discovering "C:\\xampp\\htdocs\\tutorial2\\app\\api\\auth\\membership-status"
2026-01-15T15:40:52.741588Z  INFO scan_sources: tailwindcss_oxide::scanner: Discovering "C:\\xampp\\htdocs\\tutorial2\\app\\api\\auth\\membership-status\\route.ts"
2026-01-15T15:40:52.741687Z  INFO scan_sources: tailwindcss_oxide::scanner: Discovering "C:\\xampp\\htdocs\\tutorial2\\app\\api\\auth\\profile"
2026-01-15T15:40:52.741775Z  INFO scan_sources: tailwindcss_oxide::scanner: Discovering "C:\\xampp\\htdocs\\tutorial2\\app\\api\\auth\\profile\\route.ts"
2026-01-15T15:40:52.741814Z  INFO scan_sources: tailwindcss_oxide::scanner: Discovering "C:\\xampp\\htdocs\\tutorial2\\app\\api\\auth\\profile\\route.ts.new"
2026-01-15T15:40:52.741916Z  INFO scan_sources: tailwindcss_oxide::scanner: Discovering "C:\\xampp\\htdocs\\tutorial2\\app\\api\\auth\\refresh"
2026-01-15T15:40:52.741993Z  INFO scan_sources: tailwindcss_oxide::scanner: Discovering "C:\\xampp\\htdocs\\tutorial2\\app\\api\\auth\\refresh\\route.ts"
2026-01-15T15:40:52.742081Z  INFO scan_sources: tailwindcss_oxide::scanner: Discovering "C:\\xampp\\htdocs\\tutorial2\\app\\api\\auth\\register"
2026-01-15T15:40:52.742156Z  INFO scan_sources: tailwindcss_oxide::scanner: Discovering "C:\\xampp\\htdocs\\tutorial2\\app\\api\\auth\\register\\route.ts"
2026-01-15T15:40:52.742248Z  INFO scan_sources: tailwindcss_oxide::scanner: Discovering "C:\\xampp\\htdocs\\tutorial2\\app\\api\\auth\\[...nextauth]"
2026-01-15T15:40:52.742325Z  INFO scan_sources: tailwindcss_oxide::scanner: Discovering "C:\\xampp\\htdocs\\tutorial2\\app\\api\\auth\\[...nextauth]\\route.ts"
2026-01-15T15:40:52.742411Z  INFO scan_sources: tailwindcss_oxide::scanner: Discovering "C:\\xampp\\htdocs\\tutorial2\\app\\api\\contact-content"
2026-01-15T15:40:52.742481Z  INFO scan_sources: tailwindcss_oxide::scanner: Discovering "C:\\xampp\\htdocs\\tutorial2\\app\\api\\contact-content\\route.ts"
2026-01-15T15:40:52.742577Z  INFO scan_sources: tailwindcss_oxide::scanner: Discovering "C:\\xampp\\htdocs\\tutorial2\\app\\api\\debug"
2026-01-15T15:40:52.742699Z  INFO scan_sources: tailwindcss_oxide::scanner: Discovering "C:\\xampp\\htdocs\\tutorial2\\app\\api\\debug\\pricing"
2026-01-15T15:40:52.742774Z  INFO scan_sources: tailwindcss_oxide::scanner: Discovering "C:\\xampp\\htdocs\\tutorial2\\app\\api\\debug\\pricing\\route.ts"
2026-01-15T15:40:52.742850Z  INFO scan_sources: tailwindcss_oxide::scanner: Discovering "C:\\xampp\\htdocs\\tutorial2\\app\\api\\events"
2026-01-15T15:40:52.742920Z  INFO scan_sources: tailwindcss_oxide::scanner: Discovering "C:\\xampp\\htdocs\\tutorial2\\app\\api\\events\\route.ts"
2026-01-15T15:40:52.742985Z  INFO scan_sources: tailwindcss_oxide::scanner: Discovering "C:\\xampp\\htdocs\\tutorial2\\app\\api\\events\\[id]"
2026-01-15T15:40:52.743081Z  INFO scan_sources: tailwindcss_oxide::scanner: Discovering "C:\\xampp\\htdocs\\tutorial2\\app\\api\\events\\[id]\\register"
2026-01-15T15:40:52.743156Z  INFO scan_sources: tailwindcss_oxide::scanner: Discovering "C:\\xampp\\htdocs\\tutorial2\\app\\api\\events\\[id]\\register\\route.ts"
2026-01-15T15:40:52.743246Z  INFO scan_sources: tailwindcss_oxide::scanner: Discovering "C:\\xampp\\htdocs\\tutorial2\\app\\api\\fix-membership"
2026-01-15T15:40:52.743315Z  INFO scan_sources: tailwindcss_oxide::scanner: Discovering "C:\\xampp\\htdocs\\tutorial2\\app\\api\\fix-membership\\route.ts"
2026-01-15T15:40:52.743389Z  INFO scan_sources: tailwindcss_oxide::scanner: Discovering "C:\\xampp\\htdocs\\tutorial2\\app\\api\\home-content"
2026-01-15T15:40:52.743468Z  INFO scan_sources: tailwindcss_oxide::scanner: Discovering "C:\\xampp\\htdocs\\tutorial2\\app\\api\\home-content\\route.ts"
2026-01-15T15:40:52.743542Z  INFO scan_sources: tailwindcss_oxide::scanner: Discovering "C:\\xampp\\htdocs\\tutorial2\\app\\api\\membership"
2026-01-15T15:40:52.743640Z  INFO scan_sources: tailwindcss_oxide::scanner: Discovering "C:\\xampp\\htdocs\\tutorial2\\app\\api\\membership\\complete-payment"
2026-01-15T15:40:52.743714Z  INFO scan_sources: tailwindcss_oxide::scanner: Discovering "C:\\xampp\\htdocs\\tutorial2\\app\\api\\membership\\complete-payment\\route.ts"
2026-01-15T15:40:52.743780Z  INFO scan_sources: tailwindcss_oxide::scanner: Discovering "C:\\xampp\\htdocs\\tutorial2\\app\\api\\membership\\next-number"
2026-01-15T15:40:52.743848Z  INFO scan_sources: tailwindcss_oxide::scanner: Discovering "C:\\xampp\\htdocs\\tutorial2\\app\\api\\membership\\next-number\\route.ts"
2026-01-15T15:40:52.743916Z  INFO scan_sources: tailwindcss_oxide::scanner: Discovering "C:\\xampp\\htdocs\\tutorial2\\app\\api\\membership\\pay"
2026-01-15T15:40:52.743985Z  INFO scan_sources: tailwindcss_oxide::scanner: Discovering "C:\\xampp\\htdocs\\tutorial2\\app\\api\\membership\\pay\\route.ts"
2026-01-15T15:40:52.744050Z  INFO scan_sources: tailwindcss_oxide::scanner: Discovering "C:\\xampp\\htdocs\\tutorial2\\app\\api\\membership\\pay-early"
2026-01-15T15:40:52.744124Z  INFO scan_sources: tailwindcss_oxide::scanner: Discovering "C:\\xampp\\htdocs\\tutorial2\\app\\api\\membership\\pay-early\\route.ts"
2026-01-15T15:40:52.744190Z  INFO scan_sources: tailwindcss_oxide::scanner: Discovering "C:\\xampp\\htdocs\\tutorial2\\app\\api\\membership\\payment-status"
2026-01-15T15:40:52.744257Z  INFO scan_sources: tailwindcss_oxide::scanner: Discovering "C:\\xampp\\htdocs\\tutorial2\\app\\api\\membership\\payment-status\\route.ts"
2026-01-15T15:40:52.744322Z  INFO scan_sources: tailwindcss_oxide::scanner: Discovering "C:\\xampp\\htdocs\\tutorial2\\app\\api\\membership\\payment-success"
2026-01-15T15:40:52.744392Z  INFO scan_sources: tailwindcss_oxide::scanner: Discovering "C:\\xampp\\htdocs\\tutorial2\\app\\api\\membership\\payment-success\\route-final.ts"
2026-01-15T15:40:52.744427Z  INFO scan_sources: tailwindcss_oxide::scanner: Discovering "C:\\xampp\\htdocs\\tutorial2\\app\\api\\membership\\payment-success\\route-new.ts"
2026-01-15T15:40:52.744459Z  INFO scan_sources: tailwindcss_oxide::scanner: Discovering "C:\\xampp\\htdocs\\tutorial2\\app\\api\\membership\\payment-success\\route.ts"
2026-01-15T15:40:52.744523Z  INFO scan_sources: tailwindcss_oxide::scanner: Discovering "C:\\xampp\\htdocs\\tutorial2\\app\\api\\membership\\status"
2026-01-15T15:40:52.744591Z  INFO scan_sources: tailwindcss_oxide::scanner: Discovering "C:\\xampp\\htdocs\\tutorial2\\app\\api\\membership\\status\\route-debug.ts"
2026-01-15T15:40:52.744626Z  INFO scan_sources: tailwindcss_oxide::scanner: Discovering "C:\\xampp\\htdocs\\tutorial2\\app\\api\\membership\\status\\route-minimal.ts"
2026-01-15T15:40:52.744660Z  INFO scan_sources: tailwindcss_oxide::scanner: Discovering "C:\\xampp\\htdocs\\tutorial2\\app\\api\\membership\\status\\route.ts"
2026-01-15T15:40:52.744741Z  INFO scan_sources: tailwindcss_oxide::scanner: Discovering "C:\\xampp\\htdocs\\tutorial2\\app\\api\\messages"
2026-01-15T15:40:52.744846Z  INFO scan_sources: tailwindcss_oxide::scanner: Discovering "C:\\xampp\\htdocs\\tutorial2\\app\\api\\messages\\reply"
2026-01-15T15:40:52.744915Z  INFO scan_sources: tailwindcss_oxide::scanner: Discovering "C:\\xampp\\htdocs\\tutorial2\\app\\api\\messages\\reply\\route.ts"
2026-01-15T15:40:52.744979Z  INFO scan_sources: tailwindcss_oxide::scanner: Discovering "C:\\xampp\\htdocs\\tutorial2\\app\\api\\messages\\route.ts"
2026-01-15T15:40:52.745035Z  INFO scan_sources: tailwindcss_oxide::scanner: Discovering "C:\\xampp\\htdocs\\tutorial2\\app\\api\\messages\\[id]"
2026-01-15T15:40:52.745126Z  INFO scan_sources: tailwindcss_oxide::scanner: Discovering "C:\\xampp\\htdocs\\tutorial2\\app\\api\\messages\\[id]\\read"
2026-01-15T15:40:52.745249Z  INFO scan_sources: tailwindcss_oxide::scanner: Discovering "C:\\xampp\\htdocs\\tutorial2\\app\\api\\messages\\[id]\\read\\route.ts"
2026-01-15T15:40:52.745317Z  INFO scan_sources: tailwindcss_oxide::scanner: Discovering "C:\\xampp\\htdocs\\tutorial2\\app\\api\\messages\\[id]\\route.ts"
2026-01-15T15:40:52.745401Z  INFO scan_sources: tailwindcss_oxide::scanner: Discovering "C:\\xampp\\htdocs\\tutorial2\\app\\api\\news"
2026-01-15T15:40:52.745499Z  INFO scan_sources: tailwindcss_oxide::scanner: Discovering "C:\\xampp\\htdocs\\tutorial2\\app\\api\\news\\route.ts"
2026-01-15T15:40:52.745563Z  INFO scan_sources: tailwindcss_oxide::scanner: Discovering "C:\\xampp\\htdocs\\tutorial2\\app\\api\\payment"
2026-01-15T15:40:52.745653Z  INFO scan_sources: tailwindcss_oxide::scanner: Discovering "C:\\xampp\\htdocs\\tutorial2\\app\\api\\payment\\pesapal"
2026-01-15T15:40:52.745723Z  INFO scan_sources: tailwindcss_oxide::scanner: Discovering "C:\\xampp\\htdocs\\tutorial2\\app\\api\\payment\\pesapal\\route.ts"
2026-01-15T15:40:52.745800Z  INFO scan_sources: tailwindcss_oxide::scanner: Discovering "C:\\xampp\\htdocs\\tutorial2\\app\\api\\payments"
2026-01-15T15:40:52.745895Z  INFO scan_sources: tailwindcss_oxide::scanner: Discovering "C:\\xampp\\htdocs\\tutorial2\\app\\api\\payments\\activate-test"
2026-01-15T15:40:52.745969Z  INFO scan_sources: tailwindcss_oxide::scanner: Discovering "C:\\xampp\\htdocs\\tutorial2\\app\\api\\payments\\activate-test\\route.ts"
2026-01-15T15:40:52.746037Z  INFO scan_sources: tailwindcss_oxide::scanner: Discovering "C:\\xampp\\htdocs\\tutorial2\\app\\api\\payments\\azampay"
2026-01-15T15:40:52.746136Z  INFO scan_sources: tailwindcss_oxide::scanner: Discovering "C:\\xampp\\htdocs\\tutorial2\\app\\api\\payments\\azampay\\callback"
2026-01-15T15:40:52.746211Z  INFO scan_sources: tailwindcss_oxide::scanner: Discovering "C:\\xampp\\htdocs\\tutorial2\\app\\api\\payments\\azampay\\callback\\route.ts"
2026-01-15T15:40:52.746280Z  INFO scan_sources: tailwindcss_oxide::scanner: Discovering "C:\\xampp\\htdocs\\tutorial2\\app\\api\\payments\\azampay\\checkout"
2026-01-15T15:40:52.746353Z  INFO scan_sources: tailwindcss_oxide::scanner: Discovering "C:\\xampp\\htdocs\\tutorial2\\app\\api\\payments\\azampay\\checkout\\route.ts"
2026-01-15T15:40:52.746434Z  INFO scan_sources: tailwindcss_oxide::scanner: Discovering "C:\\xampp\\htdocs\\tutorial2\\app\\api\\payments\\cleanup"
2026-01-15T15:40:52.746510Z  INFO scan_sources: tailwindcss_oxide::scanner: Discovering "C:\\xampp\\htdocs\\tutorial2\\app\\api\\payments\\cleanup\\route.ts"
2026-01-15T15:40:52.746585Z  INFO scan_sources: tailwindcss_oxide::scanner: Discovering "C:\\xampp\\htdocs\\tutorial2\\app\\api\\payments\\complete"
2026-01-15T15:40:52.746655Z  INFO scan_sources: tailwindcss_oxide::scanner: Discovering "C:\\xampp\\htdocs\\tutorial2\\app\\api\\payments\\complete\\route.ts"
2026-01-15T15:40:52.746738Z  INFO scan_sources: tailwindcss_oxide::scanner: Discovering "C:\\xampp\\htdocs\\tutorial2\\app\\api\\payments\\mobile-money"
2026-01-15T15:40:52.746815Z  INFO scan_sources: tailwindcss_oxide::scanner: Discovering "C:\\xampp\\htdocs\\tutorial2\\app\\api\\payments\\mobile-money\\route.ts"
2026-01-15T15:40:52.746895Z  INFO scan_sources: tailwindcss_oxide::scanner: Discovering "C:\\xampp\\htdocs\\tutorial2\\app\\api\\reports"
2026-01-15T15:40:52.747017Z  INFO scan_sources: tailwindcss_oxide::scanner: Discovering "C:\\xampp\\htdocs\\tutorial2\\app\\api\\reports\\generate"
2026-01-15T15:40:52.747176Z  INFO scan_sources: tailwindcss_oxide::scanner: Discovering "C:\\xampp\\htdocs\\tutorial2\\app\\api\\reports\\generate\\route.ts"
2026-01-15T15:40:52.747477Z  INFO scan_sources: tailwindcss_oxide::scanner: Discovering "C:\\xampp\\htdocs\\tutorial2\\app\\api\\reports\\send-email"
2026-01-15T15:40:52.747578Z  INFO scan_sources: tailwindcss_oxide::scanner: Discovering "C:\\xampp\\htdocs\\tutorial2\\app\\api\\reports\\send-email\\route.ts"
2026-01-15T15:40:52.747685Z  INFO scan_sources: tailwindcss_oxide::scanner: Discovering "C:\\xampp\\htdocs\\tutorial2\\app\\api\\send-approval-email"
2026-01-15T15:40:52.748097Z  INFO scan_sources: tailwindcss_oxide::scanner: Discovering "C:\\xampp\\htdocs\\tutorial2\\app\\api\\send-approval-email\\route.ts"
2026-01-15T15:40:52.748394Z  INFO scan_sources: tailwindcss_oxide::scanner: Discovering "C:\\xampp\\htdocs\\tutorial2\\app\\api\\settings"
2026-01-15T15:40:52.748555Z  INFO scan_sources: tailwindcss_oxide::scanner: Discovering "C:\\xampp\\htdocs\\tutorial2\\app\\api\\settings\\route.ts"
2026-01-15T15:40:52.748668Z  INFO scan_sources: tailwindcss_oxide::scanner: Discovering "C:\\xampp\\htdocs\\tutorial2\\app\\api\\setup"
2026-01-15T15:40:52.748830Z  INFO scan_sources: tailwindcss_oxide::scanner: Discovering "C:\\xampp\\htdocs\\tutorial2\\app\\api\\setup\\ensure-admin"
2026-01-15T15:40:52.749038Z  INFO scan_sources: tailwindcss_oxide::scanner: Discovering "C:\\xampp\\htdocs\\tutorial2\\app\\api\\setup\\ensure-admin\\route.ts"
2026-01-15T15:40:52.749335Z  INFO scan_sources: tailwindcss_oxide::scanner: Discovering "C:\\xampp\\htdocs\\tutorial2\\app\\api\\test-events"
2026-01-15T15:40:52.749559Z  INFO scan_sources: tailwindcss_oxide::scanner: Discovering "C:\\xampp\\htdocs\\tutorial2\\app\\api\\test-events\\route.ts"
2026-01-15T15:40:52.749745Z  INFO scan_sources: tailwindcss_oxide::scanner: Discovering "C:\\xampp\\htdocs\\tutorial2\\app\\api\\user"
2026-01-15T15:40:52.749979Z  INFO scan_sources: tailwindcss_oxide::scanner: Discovering "C:\\xampp\\htdocs\\tutorial2\\app\\api\\user\\profile"
2026-01-15T15:40:52.750172Z  INFO scan_sources: tailwindcss_oxide::scanner: Discovering "C:\\xampp\\htdocs\\tutorial2\\app\\api\\user\\profile\\route.ts"
2026-01-15T15:40:52.750415Z  INFO scan_sources: tailwindcss_oxide::scanner: Discovering "C:\\xampp\\htdocs\\tutorial2\\app\\auth"
2026-01-15T15:40:52.750696Z  INFO scan_sources: tailwindcss_oxide::scanner: Discovering "C:\\xampp\\htdocs\\tutorial2\\app\\auth\\forgot-password"
2026-01-15T15:40:52.750992Z  INFO scan_sources: tailwindcss_oxide::scanner: Discovering "C:\\xampp\\htdocs\\tutorial2\\app\\auth\\forgot-password\\page.tsx"
2026-01-15T15:40:52.751076Z  INFO scan_sources: tailwindcss_oxide::scanner: Discovering "C:\\xampp\\htdocs\\tutorial2\\app\\auth\\layout.tsx"
2026-01-15T15:40:52.751156Z  INFO scan_sources: tailwindcss_oxide::scanner: Discovering "C:\\xampp\\htdocs\\tutorial2\\app\\auth\\login"
2026-01-15T15:40:52.751260Z  INFO scan_sources: tailwindcss_oxide::scanner: Discovering "C:\\xampp\\htdocs\\tutorial2\\app\\auth\\login\\page.tsx"
2026-01-15T15:40:52.751331Z  INFO scan_sources: tailwindcss_oxide::scanner: Discovering "C:\\xampp\\htdocs\\tutorial2\\app\\auth\\pending-approval"
2026-01-15T15:40:52.751405Z  INFO scan_sources: tailwindcss_oxide::scanner: Discovering "C:\\xampp\\htdocs\\tutorial2\\app\\auth\\pending-approval\\page.tsx"
2026-01-15T15:40:52.751503Z  INFO scan_sources: tailwindcss_oxide::scanner: Discovering "C:\\xampp\\htdocs\\tutorial2\\app\\auth\\register"
2026-01-15T15:40:52.751602Z  INFO scan_sources: tailwindcss_oxide::scanner: Discovering "C:\\xampp\\htdocs\\tutorial2\\app\\auth\\register\\page.tsx"
2026-01-15T15:40:52.751691Z  INFO scan_sources: tailwindcss_oxide::scanner: Discovering "C:\\xampp\\htdocs\\tutorial2\\app\\components"
2026-01-15T15:40:52.751767Z  INFO scan_sources: tailwindcss_oxide::scanner: Discovering "C:\\xampp\\htdocs\\tutorial2\\app\\components\\ConditionalLayout.tsx"
2026-01-15T15:40:52.751803Z  INFO scan_sources: tailwindcss_oxide::scanner: Discovering "C:\\xampp\\htdocs\\tutorial2\\app\\components\\SharedLayout.tsx"
2026-01-15T15:40:52.751879Z  INFO scan_sources: tailwindcss_oxide::scanner: Discovering "C:\\xampp\\htdocs\\tutorial2\\app\\contact"
2026-01-15T15:40:52.751954Z  INFO scan_sources: tailwindcss_oxide::scanner: Discovering "C:\\xampp\\htdocs\\tutorial2\\app\\contact\\page.tsx"
2026-01-15T15:40:52.752026Z  INFO scan_sources: tailwindcss_oxide::scanner: Discovering "C:\\xampp\\htdocs\\tutorial2\\app\\dashboard"
2026-01-15T15:40:52.752129Z  INFO scan_sources: tailwindcss_oxide::scanner: Discovering "C:\\xampp\\htdocs\\tutorial2\\app\\dashboard\\complete-profile"
2026-01-15T15:40:52.752216Z  INFO scan_sources: tailwindcss_oxide::scanner: Discovering "C:\\xampp\\htdocs\\tutorial2\\app\\dashboard\\complete-profile\\page.tsx"
2026-01-15T15:40:52.752289Z  INFO scan_sources: tailwindcss_oxide::scanner: Discovering "C:\\xampp\\htdocs\\tutorial2\\app\\dashboard\\events"
2026-01-15T15:40:52.752364Z  INFO scan_sources: tailwindcss_oxide::scanner: Discovering "C:\\xampp\\htdocs\\tutorial2\\app\\dashboard\\events\\page.tsx"
2026-01-15T15:40:52.752419Z  INFO scan_sources: tailwindcss_oxide::scanner: Discovering "C:\\xampp\\htdocs\\tutorial2\\app\\dashboard\\layout.tsx"
2026-01-15T15:40:52.752486Z  INFO scan_sources: tailwindcss_oxide::scanner: Discovering "C:\\xampp\\htdocs\\tutorial2\\app\\dashboard\\membership-card"
2026-01-15T15:40:52.752564Z  INFO scan_sources: tailwindcss_oxide::scanner: Discovering "C:\\xampp\\htdocs\\tutorial2\\app\\dashboard\\membership-card\\page.tsx"
2026-01-15T15:40:52.752609Z  INFO scan_sources: tailwindcss_oxide::scanner: Discovering "C:\\xampp\\htdocs\\tutorial2\\app\\dashboard\\membership-card\\print-styles.css"
2026-01-15T15:40:52.752861Z  INFO scan_sources: tailwindcss_oxide::scanner: Discovering "C:\\xampp\\htdocs\\tutorial2\\app\\dashboard\\messages"
2026-01-15T15:40:52.753155Z  INFO scan_sources: tailwindcss_oxide::scanner: Discovering "C:\\xampp\\htdocs\\tutorial2\\app\\dashboard\\messages\\page.tsx"
2026-01-15T15:40:52.753355Z  INFO scan_sources: tailwindcss_oxide::scanner: Discovering "C:\\xampp\\htdocs\\tutorial2\\app\\dashboard\\news"
2026-01-15T15:40:52.753582Z  INFO scan_sources: tailwindcss_oxide::scanner: Discovering "C:\\xampp\\htdocs\\tutorial2\\app\\dashboard\\news\\page.tsx"
2026-01-15T15:40:52.753731Z  INFO scan_sources: tailwindcss_oxide::scanner: Discovering "C:\\xampp\\htdocs\\tutorial2\\app\\dashboard\\page.tsx"
2026-01-15T15:40:52.753872Z  INFO scan_sources: tailwindcss_oxide::scanner: Discovering "C:\\xampp\\htdocs\\tutorial2\\app\\dashboard\\payment"
2026-01-15T15:40:52.753989Z  INFO scan_sources: tailwindcss_oxide::scanner: Discovering "C:\\xampp\\htdocs\\tutorial2\\app\\dashboard\\payment\\callback"
2026-01-15T15:40:52.754072Z  INFO scan_sources: tailwindcss_oxide::scanner: Discovering "C:\\xampp\\htdocs\\tutorial2\\app\\dashboard\\payment\\callback\\page.tsx"
2026-01-15T15:40:52.754123Z  INFO scan_sources: tailwindcss_oxide::scanner: Discovering "C:\\xampp\\htdocs\\tutorial2\\app\\dashboard\\payment\\page.tsx"
2026-01-15T15:40:52.754239Z  INFO scan_sources: tailwindcss_oxide::scanner: Discovering "C:\\xampp\\htdocs\\tutorial2\\app\\dashboard\\payment\\success"
2026-01-15T15:40:52.754310Z  INFO scan_sources: tailwindcss_oxide::scanner: Discovering "C:\\xampp\\htdocs\\tutorial2\\app\\dashboard\\payment\\success\\page.tsx"
2026-01-15T15:40:52.754390Z  INFO scan_sources: tailwindcss_oxide::scanner: Discovering "C:\\xampp\\htdocs\\tutorial2\\app\\dashboard\\profile"
2026-01-15T15:40:52.754457Z  INFO scan_sources: tailwindcss_oxide::scanner: Discovering "C:\\xampp\\htdocs\\tutorial2\\app\\dashboard\\profile\\page.tsx"
2026-01-15T15:40:52.754541Z  INFO scan_sources: tailwindcss_oxide::scanner: Discovering "C:\\xampp\\htdocs\\tutorial2\\app\\dashboard\\subscribe"
2026-01-15T15:40:52.754643Z  INFO scan_sources: tailwindcss_oxide::scanner: Discovering "C:\\xampp\\htdocs\\tutorial2\\app\\dashboard\\subscribe\\page.tsx"
2026-01-15T15:40:52.754735Z  INFO scan_sources: tailwindcss_oxide::scanner: Discovering "C:\\xampp\\htdocs\\tutorial2\\app\\fix-auth"
2026-01-15T15:40:52.754806Z  INFO scan_sources: tailwindcss_oxide::scanner: Discovering "C:\\xampp\\htdocs\\tutorial2\\app\\fix-auth\\page.tsx"
2026-01-15T15:40:52.754852Z  INFO scan_sources: tailwindcss_oxide::scanner: Discovering "C:\\xampp\\htdocs\\tutorial2\\app\\globals.css"
2026-01-15T15:40:52.754884Z  INFO scan_sources: tailwindcss_oxide::scanner: Discovering "C:\\xampp\\htdocs\\tutorial2\\app\\layout.tsx"
2026-01-15T15:40:52.754917Z  INFO scan_sources: tailwindcss_oxide::scanner: Discovering "C:\\xampp\\htdocs\\tutorial2\\app\\not-found.tsx"
2026-01-15T15:40:52.754957Z  INFO scan_sources: tailwindcss_oxide::scanner: Discovering "C:\\xampp\\htdocs\\tutorial2\\app\\page.tsx"
2026-01-15T15:40:52.754993Z  INFO scan_sources: tailwindcss_oxide::scanner: Discovering "C:\\xampp\\htdocs\\tutorial2\\app\\print.css"
2026-01-15T15:40:52.755048Z  INFO scan_sources: tailwindcss_oxide::scanner: Discovering "C:\\xampp\\htdocs\\tutorial2\\app\\schemas"
2026-01-15T15:40:52.755120Z  INFO scan_sources: tailwindcss_oxide::scanner: Discovering "C:\\xampp\\htdocs\\tutorial2\\app\\schemas\\auth.ts"
2026-01-15T15:40:52.755194Z  INFO scan_sources: tailwindcss_oxide::scanner: Discovering "C:\\xampp\\htdocs\\tutorial2\\app\\scripts"
2026-01-15T15:40:52.755261Z  INFO scan_sources: tailwindcss_oxide::scanner: Discovering "C:\\xampp\\htdocs\\tutorial2\\app\\scripts\\seed.ts"
2026-01-15T15:40:52.755327Z  INFO scan_sources: tailwindcss_oxide::scanner: Discovering "C:\\xampp\\htdocs\\tutorial2\\app\\unauthorized"
2026-01-15T15:40:52.755397Z  INFO scan_sources: tailwindcss_oxide::scanner: Discovering "C:\\xampp\\htdocs\\tutorial2\\app\\unauthorized\\page.tsx"
2026-01-15T15:40:52.755476Z  INFO scan_sources: tailwindcss_oxide::scanner: Discovering "C:\\xampp\\htdocs\\tutorial2\\check_database.php"
2026-01-15T15:40:52.755512Z  INFO scan_sources: tailwindcss_oxide::scanner: Discovering "C:\\xampp\\htdocs\\tutorial2\\check_membership.php"
2026-01-15T15:40:52.755548Z  INFO scan_sources: tailwindcss_oxide::scanner: Discovering "C:\\xampp\\htdocs\\tutorial2\\check_memberships_columns.php"
2026-01-15T15:40:52.755582Z  INFO scan_sources: tailwindcss_oxide::scanner: Discovering "C:\\xampp\\htdocs\\tutorial2\\check_membership_numbers.php"
2026-01-15T15:40:52.755614Z  INFO scan_sources: tailwindcss_oxide::scanner: Discovering "C:\\xampp\\htdocs\\tutorial2\\check_payments_structure.php"
2026-01-15T15:40:52.755647Z  INFO scan_sources: tailwindcss_oxide::scanner: Discovering "C:\\xampp\\htdocs\\tutorial2\\check_payment_methods.php"
2026-01-15T15:40:52.755681Z  INFO scan_sources: tailwindcss_oxide::scanner: Discovering "C:\\xampp\\htdocs\\tutorial2\\check_payment_tables.php"
2026-01-15T15:40:52.755714Z  INFO scan_sources: tailwindcss_oxide::scanner: Discovering "C:\\xampp\\htdocs\\tutorial2\\check_recent_payments.php"
2026-01-15T15:40:52.755746Z  INFO scan_sources: tailwindcss_oxide::scanner: Discovering "C:\\xampp\\htdocs\\tutorial2\\check_table_structure.php"
2026-01-15T15:40:52.755779Z  INFO scan_sources: tailwindcss_oxide::scanner: Discovering "C:\\xampp\\htdocs\\tutorial2\\check_user_profile.php"
2026-01-15T15:40:52.755811Z  INFO scan_sources: tailwindcss_oxide::scanner: Discovering "C:\\xampp\\htdocs\\tutorial2\\check_user_profiles_structure.php"
2026-01-15T15:40:52.755845Z  INFO scan_sources: tailwindcss_oxide::scanner: Discovering "C:\\xampp\\htdocs\\tutorial2\\complete_latest_payment.php"
2026-01-15T15:40:52.755877Z  INFO scan_sources: tailwindcss_oxide::scanner: Discovering "C:\\xampp\\htdocs\\tutorial2\\complete_pending_payments.php"
2026-01-15T15:40:52.755938Z  INFO scan_sources: tailwindcss_oxide::scanner: Discovering "C:\\xampp\\htdocs\\tutorial2\\components"
2026-01-15T15:40:52.756039Z  INFO scan_sources: tailwindcss_oxide::scanner: Discovering "C:\\xampp\\htdocs\\tutorial2\\components\\admin"
2026-01-15T15:40:52.756109Z  INFO scan_sources: tailwindcss_oxide::scanner: Discovering "C:\\xampp\\htdocs\\tutorial2\\components\\admin\\ReportModal.tsx"
2026-01-15T15:40:52.756143Z  INFO scan_sources: tailwindcss_oxide::scanner: Discovering "C:\\xampp\\htdocs\\tutorial2\\components\\admin\\UserRegistrationForm.tsx"
2026-01-15T15:40:52.756188Z  INFO scan_sources: tailwindcss_oxide::scanner: Discovering "C:\\xampp\\htdocs\\tutorial2\\components\\AzamPayCheckout.tsx"
2026-01-15T15:40:52.756221Z  INFO scan_sources: tailwindcss_oxide::scanner: Discovering "C:\\xampp\\htdocs\\tutorial2\\components\\ConditionalLayout.tsx"
2026-01-15T15:40:52.756277Z  INFO scan_sources: tailwindcss_oxide::scanner: Discovering "C:\\xampp\\htdocs\\tutorial2\\components\\dashboard"
2026-01-15T15:40:52.756348Z  INFO scan_sources: tailwindcss_oxide::scanner: Discovering "C:\\xampp\\htdocs\\tutorial2\\components\\dashboard\\DashboardSidebar.tsx"
2026-01-15T15:40:52.756386Z  INFO scan_sources: tailwindcss_oxide::scanner: Discovering "C:\\xampp\\htdocs\\tutorial2\\components\\dashboard\\PaymentStatusSidebar.tsx"
2026-01-15T15:40:52.756433Z  INFO scan_sources: tailwindcss_oxide::scanner: Discovering "C:\\xampp\\htdocs\\tutorial2\\components\\PaymentForm.tsx"
2026-01-15T15:40:52.756466Z  INFO scan_sources: tailwindcss_oxide::scanner: Discovering "C:\\xampp\\htdocs\\tutorial2\\components\\PaymentLogos.tsx"
2026-01-15T15:40:52.756499Z  INFO scan_sources: tailwindcss_oxide::scanner: Discovering "C:\\xampp\\htdocs\\tutorial2\\components\\PaymentMethodSelector.tsx"
2026-01-15T15:40:52.756532Z  INFO scan_sources: tailwindcss_oxide::scanner: Discovering "C:\\xampp\\htdocs\\tutorial2\\components\\PhoneNumberInput.tsx"
2026-01-15T15:40:52.756565Z  INFO scan_sources: tailwindcss_oxide::scanner: Discovering "C:\\xampp\\htdocs\\tutorial2\\components\\SimplePhoneInput.tsx"
2026-01-15T15:40:52.756629Z  INFO scan_sources: tailwindcss_oxide::scanner: Discovering "C:\\xampp\\htdocs\\tutorial2\\components\\ui"
2026-01-15T15:40:52.756708Z  INFO scan_sources: tailwindcss_oxide::scanner: Discovering "C:\\xampp\\htdocs\\tutorial2\\components\\ui\\button.tsx"
2026-01-15T15:40:52.756745Z  INFO scan_sources: tailwindcss_oxide::scanner: Discovering "C:\\xampp\\htdocs\\tutorial2\\components\\ui\\card.tsx"
2026-01-15T15:40:52.756779Z  INFO scan_sources: tailwindcss_oxide::scanner: Discovering "C:\\xampp\\htdocs\\tutorial2\\components\\ui\\dropdown-menu.tsx"
2026-01-15T15:40:52.756813Z  INFO scan_sources: tailwindcss_oxide::scanner: Discovering "C:\\xampp\\htdocs\\tutorial2\\components\\ui\\field.tsx"
2026-01-15T15:40:52.756847Z  INFO scan_sources: tailwindcss_oxide::scanner: Discovering "C:\\xampp\\htdocs\\tutorial2\\components\\ui\\input.tsx"
2026-01-15T15:40:52.756880Z  INFO scan_sources: tailwindcss_oxide::scanner: Discovering "C:\\xampp\\htdocs\\tutorial2\\components\\ui\\label.tsx"
2026-01-15T15:40:52.756914Z  INFO scan_sources: tailwindcss_oxide::scanner: Discovering "C:\\xampp\\htdocs\\tutorial2\\components\\ui\\modal.tsx"
2026-01-15T15:40:52.756948Z  INFO scan_sources: tailwindcss_oxide::scanner: Discovering "C:\\xampp\\htdocs\\tutorial2\\components\\ui\\select.tsx"
2026-01-15T15:40:52.756988Z  INFO scan_sources: tailwindcss_oxide::scanner: Discovering "C:\\xampp\\htdocs\\tutorial2\\components\\ui\\separator.tsx"
2026-01-15T15:40:52.757022Z  INFO scan_sources: tailwindcss_oxide::scanner: Discovering "C:\\xampp\\htdocs\\tutorial2\\components\\ui\\table.tsx"
2026-01-15T15:40:52.757058Z  INFO scan_sources: tailwindcss_oxide::scanner: Discovering "C:\\xampp\\htdocs\\tutorial2\\components\\ui\\theme-provider.tsx"
2026-01-15T15:40:52.757133Z  INFO scan_sources: tailwindcss_oxide::scanner: Discovering "C:\\xampp\\htdocs\\tutorial2\\components\\web"
2026-01-15T15:40:52.757205Z  INFO scan_sources: tailwindcss_oxide::scanner: Discovering "C:\\xampp\\htdocs\\tutorial2\\components\\web\\footer.tsx"
2026-01-15T15:40:52.757237Z  INFO scan_sources: tailwindcss_oxide::scanner: Discovering "C:\\xampp\\htdocs\\tutorial2\\components\\web\\navbar.tsx"
2026-01-15T15:40:52.757269Z  INFO scan_sources: tailwindcss_oxide::scanner: Discovering "C:\\xampp\\htdocs\\tutorial2\\components\\web\\theme-toggle.tsx"
2026-01-15T15:40:52.757328Z  INFO scan_sources: tailwindcss_oxide::scanner: Discovering "C:\\xampp\\htdocs\\tutorial2\\components.json"
2026-01-15T15:40:52.757361Z  INFO scan_sources: tailwindcss_oxide::scanner: Discovering "C:\\xampp\\htdocs\\tutorial2\\config.php"
2026-01-15T15:40:52.757419Z  INFO scan_sources: tailwindcss_oxide::scanner: Discovering "C:\\xampp\\htdocs\\tutorial2\\contexts"
2026-01-15T15:40:52.757502Z  INFO scan_sources: tailwindcss_oxide::scanner: Discovering "C:\\xampp\\htdocs\\tutorial2\\contexts\\AuthContext.tsx"
2026-01-15T15:40:52.757576Z  INFO scan_sources: tailwindcss_oxide::scanner: Discovering "C:\\xampp\\htdocs\\tutorial2\\convex"
2026-01-15T15:40:52.757675Z  INFO scan_sources: tailwindcss_oxide::scanner: Discovering "C:\\xampp\\htdocs\\tutorial2\\convex\\_generated"
2026-01-15T15:40:52.757753Z  INFO scan_sources: tailwindcss_oxide::scanner: Discovering "C:\\xampp\\htdocs\\tutorial2\\convex\\_generated\\api.d.ts"
2026-01-15T15:40:52.757789Z  INFO scan_sources: tailwindcss_oxide::scanner: Discovering "C:\\xampp\\htdocs\\tutorial2\\convex\\_generated\\api.js"
2026-01-15T15:40:52.757833Z  INFO scan_sources: tailwindcss_oxide::scanner: Discovering "C:\\xampp\\htdocs\\tutorial2\\convex\\_generated\\dataModel.d.ts"
2026-01-15T15:40:52.757866Z  INFO scan_sources: tailwindcss_oxide::scanner: Discovering "C:\\xampp\\htdocs\\tutorial2\\convex\\_generated\\server.d.ts"
2026-01-15T15:40:52.757898Z  INFO scan_sources: tailwindcss_oxide::scanner: Discovering "C:\\xampp\\htdocs\\tutorial2\\convex\\_generated\\server.js"
2026-01-15T15:40:52.757956Z  INFO scan_sources: tailwindcss_oxide::scanner: Discovering "C:\\xampp\\htdocs\\tutorial2\\cookies.txt"
2026-01-15T15:40:52.757990Z  INFO scan_sources: tailwindcss_oxide::scanner: Discovering "C:\\xampp\\htdocs\\tutorial2\\create_payments_table.php"
2026-01-15T15:40:52.758024Z  INFO scan_sources: tailwindcss_oxide::scanner: Discovering "C:\\xampp\\htdocs\\tutorial2\\create_profile_for_user25.php"
2026-01-15T15:40:52.758057Z  INFO scan_sources: tailwindcss_oxide::scanner: Discovering "C:\\xampp\\htdocs\\tutorial2\\create_profile_user25.php"
2026-01-15T15:40:52.758130Z  INFO scan_sources: tailwindcss_oxide::scanner: Discovering "C:\\xampp\\htdocs\\tutorial2\\database"
2026-01-15T15:40:52.758208Z  INFO scan_sources: tailwindcss_oxide::scanner: Discovering "C:\\xampp\\htdocs\\tutorial2\\database\\add_phone_number_to_payments.sql"
2026-01-15T15:40:52.758242Z  INFO scan_sources: tailwindcss_oxide::scanner: Discovering "C:\\xampp\\htdocs\\tutorial2\\database\\create_content_management_tables.sql"
2026-01-15T15:40:52.758275Z  INFO scan_sources: tailwindcss_oxide::scanner: Discovering "C:\\xampp\\htdocs\\tutorial2\\database\\create_content_tables.sql"
2026-01-15T15:40:52.758308Z  INFO scan_sources: tailwindcss_oxide::scanner: Discovering "C:\\xampp\\htdocs\\tutorial2\\database\\create_events_first.sql"
2026-01-15T15:40:52.758341Z  INFO scan_sources: tailwindcss_oxide::scanner: Discovering "C:\\xampp\\htdocs\\tutorial2\\database\\create_events_tables.sql"
2026-01-15T15:40:52.758375Z  INFO scan_sources: tailwindcss_oxide::scanner: Discovering "C:\\xampp\\htdocs\\tutorial2\\database\\create_membership_payments_table.sql"
2026-01-15T15:40:52.758408Z  INFO scan_sources: tailwindcss_oxide::scanner: Discovering "C:\\xampp\\htdocs\\tutorial2\\database\\create_messages_table.sql"
2026-01-15T15:40:52.758439Z  INFO scan_sources: tailwindcss_oxide::scanner: Discovering "C:\\xampp\\htdocs\\tutorial2\\database\\create_payments_table.sql"
2026-01-15T15:40:52.758473Z  INFO scan_sources: tailwindcss_oxide::scanner: Discovering "C:\\xampp\\htdocs\\tutorial2\\database\\events_setup_clean.sql"
2026-01-15T15:40:52.758506Z  INFO scan_sources: tailwindcss_oxide::scanner: Discovering "C:\\xampp\\htdocs\\tutorial2\\database\\fix_payments_table.sql"
2026-01-15T15:40:52.758540Z  INFO scan_sources: tailwindcss_oxide::scanner: Discovering "C:\\xampp\\htdocs\\tutorial2\\database\\quick_fix_payments.sql"
2026-01-15T15:40:52.758573Z  INFO scan_sources: tailwindcss_oxide::scanner: Discovering "C:\\xampp\\htdocs\\tutorial2\\database\\setup_events.sql"
2026-01-15T15:40:52.758606Z  INFO scan_sources: tailwindcss_oxide::scanner: Discovering "C:\\xampp\\htdocs\\tutorial2\\database\\setup_tables.bat"
2026-01-15T15:40:52.758653Z  INFO scan_sources: tailwindcss_oxide::scanner: Discovering "C:\\xampp\\htdocs\\tutorial2\\Database.php"
2026-01-15T15:40:52.758685Z  INFO scan_sources: tailwindcss_oxide::scanner: Discovering "C:\\xampp\\htdocs\\tutorial2\\Database.php~"
2026-01-15T15:40:52.758720Z  INFO scan_sources: tailwindcss_oxide::scanner: Discovering "C:\\xampp\\htdocs\\tutorial2\\debug_membership.php"
2026-01-15T15:40:52.758754Z  INFO scan_sources: tailwindcss_oxide::scanner: Discovering "C:\\xampp\\htdocs\\tutorial2\\debug_membership_card_issue.php"
2026-01-15T15:40:52.758815Z  INFO scan_sources: tailwindcss_oxide::scanner: Discovering "C:\\xampp\\htdocs\\tutorial2\\debug_password.php"
2026-01-15T15:40:52.758862Z  INFO scan_sources: tailwindcss_oxide::scanner: Discovering "C:\\xampp\\htdocs\\tutorial2\\debug_payment_flow.php"
2026-01-15T15:40:52.758895Z  INFO scan_sources: tailwindcss_oxide::scanner: Discovering "C:\\xampp\\htdocs\\tutorial2\\debug_profile_data.php"
2026-01-15T15:40:52.758938Z  INFO scan_sources: tailwindcss_oxide::scanner: Discovering "C:\\xampp\\htdocs\\tutorial2\\debug_report_generation.php"
2026-01-15T15:40:52.758969Z  INFO scan_sources: tailwindcss_oxide::scanner: Discovering "C:\\xampp\\htdocs\\tutorial2\\debug_test_payment.php"
2026-01-15T15:40:52.759000Z  INFO scan_sources: tailwindcss_oxide::scanner: Discovering "C:\\xampp\\htdocs\\tutorial2\\debug_user25_api.php"
2026-01-15T15:40:52.759032Z  INFO scan_sources: tailwindcss_oxide::scanner: Discovering "C:\\xampp\\htdocs\\tutorial2\\debug_user26.php"
2026-01-15T15:40:52.759091Z  INFO scan_sources: tailwindcss_oxide::scanner: Discovering "C:\\xampp\\htdocs\\tutorial2\\deploy-minimal"
2026-01-15T15:40:52.759275Z  INFO scan_sources: tailwindcss_oxide::scanner: Discovering "C:\\xampp\\htdocs\\tutorial2\\deploy-simple"
2026-01-15T15:40:52.759441Z  INFO scan_sources: tailwindcss_oxide::scanner: Discovering "C:\\xampp\\htdocs\\tutorial2\\deploy-temp"
2026-01-15T15:40:52.759592Z  INFO scan_sources: tailwindcss_oxide::scanner: Discovering "C:\\xampp\\htdocs\\tutorial2\\ensure_approved_users_membership.php"
2026-01-15T15:40:52.759626Z  INFO scan_sources: tailwindcss_oxide::scanner: Discovering "C:\\xampp\\htdocs\\tutorial2\\ensure_membership_numbers.php"
2026-01-15T15:40:52.759660Z  INFO scan_sources: tailwindcss_oxide::scanner: Discovering "C:\\xampp\\htdocs\\tutorial2\\eslint.config.mjs"
2026-01-15T15:40:52.759693Z  INFO scan_sources: tailwindcss_oxide::scanner: Discovering "C:\\xampp\\htdocs\\tutorial2\\fix_all_membership_numbers.sql"
2026-01-15T15:40:52.759725Z  INFO scan_sources: tailwindcss_oxide::scanner: Discovering "C:\\xampp\\htdocs\\tutorial2\\fix_all_membership_status.php"
2026-01-15T15:40:52.759757Z  INFO scan_sources: tailwindcss_oxide::scanner: Discovering "C:\\xampp\\htdocs\\tutorial2\\fix_membership.php"
2026-01-15T15:40:52.759788Z  INFO scan_sources: tailwindcss_oxide::scanner: Discovering "C:\\xampp\\htdocs\\tutorial2\\fix_memberships_table.sql"
2026-01-15T15:40:52.759818Z  INFO scan_sources: tailwindcss_oxide::scanner: Discovering "C:\\xampp\\htdocs\\tutorial2\\fix_membership_number.php"
2026-01-15T15:40:52.759850Z  INFO scan_sources: tailwindcss_oxide::scanner: Discovering "C:\\xampp\\htdocs\\tutorial2\\fix_membership_numbers.sql"
2026-01-15T15:40:52.759881Z  INFO scan_sources: tailwindcss_oxide::scanner: Discovering "C:\\xampp\\htdocs\\tutorial2\\fix_membership_standalone.php"
2026-01-15T15:40:52.759914Z  INFO scan_sources: tailwindcss_oxide::scanner: Discovering "C:\\xampp\\htdocs\\tutorial2\\fix_membership_status.sql"
2026-01-15T15:40:52.759945Z  INFO scan_sources: tailwindcss_oxide::scanner: Discovering "C:\\xampp\\htdocs\\tutorial2\\fix_missing_membership.php"
2026-01-15T15:40:52.759977Z  INFO scan_sources: tailwindcss_oxide::scanner: Discovering "C:\\xampp\\htdocs\\tutorial2\\fix_payment_methods.php"
2026-01-15T15:40:52.760008Z  INFO scan_sources: tailwindcss_oxide::scanner: Discovering "C:\\xampp\\htdocs\\tutorial2\\fix_user25_profile.php"
2026-01-15T15:40:52.760042Z  INFO scan_sources: tailwindcss_oxide::scanner: Discovering "C:\\xampp\\htdocs\\tutorial2\\generate_random_membership_numbers.php"
2026-01-15T15:40:52.760074Z  INFO scan_sources: tailwindcss_oxide::scanner: Discovering "C:\\xampp\\htdocs\\tutorial2\\how a206dee --stat"
2026-01-15T15:40:52.760105Z  INFO scan_sources: tailwindcss_oxide::scanner: Discovering "C:\\xampp\\htdocs\\tutorial2\\insert_user25_profile.sql"
2026-01-15T15:40:52.760137Z  INFO scan_sources: tailwindcss_oxide::scanner: Discovering "C:\\xampp\\htdocs\\tutorial2\\jwt.php"
2026-01-15T15:40:52.760193Z  INFO scan_sources: tailwindcss_oxide::scanner: Discovering "C:\\xampp\\htdocs\\tutorial2\\lib"
2026-01-15T15:40:52.760266Z  INFO scan_sources: tailwindcss_oxide::scanner: Discovering "C:\\xampp\\htdocs\\tutorial2\\lib\\auth.ts"
2026-01-15T15:40:52.760299Z  INFO scan_sources: tailwindcss_oxide::scanner: Discovering "C:\\xampp\\htdocs\\tutorial2\\lib\\azampay.ts"
2026-01-15T15:40:52.760330Z  INFO scan_sources: tailwindcss_oxide::scanner: Discovering "C:\\xampp\\htdocs\\tutorial2\\lib\\db-mock.ts"
2026-01-15T15:40:52.760362Z  INFO scan_sources: tailwindcss_oxide::scanner: Discovering "C:\\xampp\\htdocs\\tutorial2\\lib\\db-utils.ts"
2026-01-15T15:40:52.760397Z  INFO scan_sources: tailwindcss_oxide::scanner: Discovering "C:\\xampp\\htdocs\\tutorial2\\lib\\db.ts"
2026-01-15T15:40:52.760429Z  INFO scan_sources: tailwindcss_oxide::scanner: Discovering "C:\\xampp\\htdocs\\tutorial2\\lib\\email-config.ts"
2026-01-15T15:40:52.760460Z  INFO scan_sources: tailwindcss_oxide::scanner: Discovering "C:\\xampp\\htdocs\\tutorial2\\lib\\email-simple.ts"
2026-01-15T15:40:52.760492Z  INFO scan_sources: tailwindcss_oxide::scanner: Discovering "C:\\xampp\\htdocs\\tutorial2\\lib\\membership-pricing.ts"
2026-01-15T15:40:52.760529Z  INFO scan_sources: tailwindcss_oxide::scanner: Discovering "C:\\xampp\\htdocs\\tutorial2\\lib\\membership.ts"
2026-01-15T15:40:52.760562Z  INFO scan_sources: tailwindcss_oxide::scanner: Discovering "C:\\xampp\\htdocs\\tutorial2\\lib\\membershipPayment.ts"
2026-01-15T15:40:52.760593Z  INFO scan_sources: tailwindcss_oxide::scanner: Discovering "C:\\xampp\\htdocs\\tutorial2\\lib\\mobile-money.ts"
2026-01-15T15:40:52.760631Z  INFO scan_sources: tailwindcss_oxide::scanner: Discovering "C:\\xampp\\htdocs\\tutorial2\\lib\\profileCompletion.ts"
2026-01-15T15:40:52.760663Z  INFO scan_sources: tailwindcss_oxide::scanner: Discovering "C:\\xampp\\htdocs\\tutorial2\\lib\\utils.ts"
2026-01-15T15:40:52.760707Z  INFO scan_sources: tailwindcss_oxide::scanner: Discovering "C:\\xampp\\htdocs\\tutorial2\\list_memberships_cols.php"
2026-01-15T15:40:52.760740Z  INFO scan_sources: tailwindcss_oxide::scanner: Discovering "C:\\xampp\\htdocs\\tutorial2\\manual_activate_payment.php"
2026-01-15T15:40:52.760791Z  INFO scan_sources: tailwindcss_oxide::scanner: Discovering "C:\\xampp\\htdocs\\tutorial2\\middleware.ts"
2026-01-15T15:40:52.760845Z  INFO scan_sources: tailwindcss_oxide::scanner: Discovering "C:\\xampp\\htdocs\\tutorial2\\migrations"
2026-01-15T15:40:52.760922Z  INFO scan_sources: tailwindcss_oxide::scanner: Discovering "C:\\xampp\\htdocs\\tutorial2\\migrations\\0002_add_refresh_token_column.sql"
2026-01-15T15:40:52.760958Z  INFO scan_sources: tailwindcss_oxide::scanner: Discovering "C:\\xampp\\htdocs\\tutorial2\\migrations\\0003_add_report_tables.sql"
2026-01-15T15:40:52.760990Z  INFO scan_sources: tailwindcss_oxide::scanner: Discovering "C:\\xampp\\htdocs\\tutorial2\\migrations\\0004_add_profile_fields.sql"
2026-01-15T15:40:52.761022Z  INFO scan_sources: tailwindcss_oxide::scanner: Discovering "C:\\xampp\\htdocs\\tutorial2\\migrations\\0005_create_report_tables.sql"
2026-01-15T15:40:52.761055Z  INFO scan_sources: tailwindcss_oxide::scanner: Discovering "C:\\xampp\\htdocs\\tutorial2\\migrations\\0006_create_membership_sequence.sql"
2026-01-15T15:40:52.761088Z  INFO scan_sources: tailwindcss_oxide::scanner: Discovering "C:\\xampp\\htdocs\\tutorial2\\migrations\\20250108000000_create_membership_payments.sql"
2026-01-15T15:40:52.761121Z  INFO scan_sources: tailwindcss_oxide::scanner: Discovering "C:\\xampp\\htdocs\\tutorial2\\migrations\\20250108000001_create_news_notifications.sql"
2026-01-15T15:40:52.761154Z  INFO scan_sources: tailwindcss_oxide::scanner: Discovering "C:\\xampp\\htdocs\\tutorial2\\migrations\\20250108000002_add_password_reset_columns.sql"
2026-01-15T15:40:52.761192Z  INFO scan_sources: tailwindcss_oxide::scanner: Discovering "C:\\xampp\\htdocs\\tutorial2\\migrations\\20251228152102_add_flattened_profile_columns.sql"
2026-01-15T15:40:52.761225Z  INFO scan_sources: tailwindcss_oxide::scanner: Discovering "C:\\xampp\\htdocs\\tutorial2\\migrations\\20251230000000_add_professional_fields.sql"
2026-01-15T15:40:52.761258Z  INFO scan_sources: tailwindcss_oxide::scanner: Discovering "C:\\xampp\\htdocs\\tutorial2\\migrations\\add_work_fields_to_profiles.sql"
2026-01-15T15:40:52.761290Z  INFO scan_sources: tailwindcss_oxide::scanner: Discovering "C:\\xampp\\htdocs\\tutorial2\\migrations\\create_payments_table.sql"
2026-01-15T15:40:52.761322Z  INFO scan_sources: tailwindcss_oxide::scanner: Discovering "C:\\xampp\\htdocs\\tutorial2\\migrations\\update_membership_types.sql"
2026-01-15T15:40:52.761370Z  INFO scan_sources: tailwindcss_oxide::scanner: Discovering "C:\\xampp\\htdocs\\tutorial2\\next.config.js"
2026-01-15T15:40:52.761401Z  INFO scan_sources: tailwindcss_oxide::scanner: Discovering "C:\\xampp\\htdocs\\tutorial2\\next.config.ts"
2026-01-15T15:40:52.761527Z  INFO scan_sources: tailwindcss_oxide::scanner: Discovering "C:\\xampp\\htdocs\\tutorial2\\package.json"
2026-01-15T15:40:52.761562Z  INFO scan_sources: tailwindcss_oxide::scanner: Discovering "C:\\xampp\\htdocs\\tutorial2\\PAYMENT_FLOW_IMPLEMENTATION.md"
2026-01-15T15:40:52.761594Z  INFO scan_sources: tailwindcss_oxide::scanner: Discovering "C:\\xampp\\htdocs\\tutorial2\\PAYMENT_TESTING_GUIDE.md"
2026-01-15T15:40:52.761651Z  INFO scan_sources: tailwindcss_oxide::scanner: Discovering "C:\\xampp\\htdocs\\tutorial2\\pnpm-workspace.yaml"
2026-01-15T15:40:52.761683Z  INFO scan_sources: tailwindcss_oxide::scanner: Discovering "C:\\xampp\\htdocs\\tutorial2\\postcss.config.mjs"
2026-01-15T15:40:52.761739Z  INFO scan_sources: tailwindcss_oxide::scanner: Discovering "C:\\xampp\\htdocs\\tutorial2\\public"
2026-01-15T15:40:52.761818Z  INFO scan_sources: tailwindcss_oxide::scanner: Discovering "C:\\xampp\\htdocs\\tutorial2\\public\\file.svg"
2026-01-15T15:40:52.761851Z  INFO scan_sources: tailwindcss_oxide::scanner: Discovering "C:\\xampp\\htdocs\\tutorial2\\public\\globe.svg"
2026-01-15T15:40:52.761888Z  INFO scan_sources: tailwindcss_oxide::scanner: Discovering "C:\\xampp\\htdocs\\tutorial2\\public\\next.svg"
2026-01-15T15:40:52.761941Z  INFO scan_sources: tailwindcss_oxide::scanner: Discovering "C:\\xampp\\htdocs\\tutorial2\\public\\uploads"
2026-01-15T15:40:52.762029Z  INFO scan_sources: tailwindcss_oxide::scanner: Discovering "C:\\xampp\\htdocs\\tutorial2\\public\\uploads\\documents"
2026-01-15T15:40:52.762140Z  INFO scan_sources: tailwindcss_oxide::scanner: Discovering "C:\\xampp\\htdocs\\tutorial2\\public\\uploads\\profile-pictures"
2026-01-15T15:40:52.762251Z  INFO scan_sources: tailwindcss_oxide::scanner: Discovering "C:\\xampp\\htdocs\\tutorial2\\public\\vercel.svg"
2026-01-15T15:40:52.762283Z  INFO scan_sources: tailwindcss_oxide::scanner: Discovering "C:\\xampp\\htdocs\\tutorial2\\public\\window.svg"
2026-01-15T15:40:52.762326Z  INFO scan_sources: tailwindcss_oxide::scanner: Discovering "C:\\xampp\\htdocs\\tutorial2\\README.md"
2026-01-15T15:40:52.762358Z  INFO scan_sources: tailwindcss_oxide::scanner: Discovering "C:\\xampp\\htdocs\\tutorial2\\recreate_payments_table.php"
2026-01-15T15:40:52.762390Z  INFO scan_sources: tailwindcss_oxide::scanner: Discovering "C:\\xampp\\htdocs\\tutorial2\\run_membership_type_update.php"
2026-01-15T15:40:52.762422Z  INFO scan_sources: tailwindcss_oxide::scanner: Discovering "C:\\xampp\\htdocs\\tutorial2\\run_migration.php"
2026-01-15T15:40:52.762454Z  INFO scan_sources: tailwindcss_oxide::scanner: Discovering "C:\\xampp\\htdocs\\tutorial2\\run_password_reset_migration.php"
2026-01-15T15:40:52.762486Z  INFO scan_sources: tailwindcss_oxide::scanner: Discovering "C:\\xampp\\htdocs\\tutorial2\\sampleData.jsonl"
2026-01-15T15:40:52.762776Z  INFO scan_sources: tailwindcss_oxide::scanner: Discovering "C:\\xampp\\htdocs\\tutorial2\\temp_page.tsx"
2026-01-15T15:40:52.762819Z  INFO scan_sources: tailwindcss_oxide::scanner: Discovering "C:\\xampp\\htdocs\\tutorial2\\test-forgot-password.php"
2026-01-15T15:40:52.762859Z  INFO scan_sources: tailwindcss_oxide::scanner: Discovering "C:\\xampp\\htdocs\\tutorial2\\test-nodemailer.js"
2026-01-15T15:40:52.762905Z  INFO scan_sources: tailwindcss_oxide::scanner: Discovering "C:\\xampp\\htdocs\\tutorial2\\test_admin_payments_api.php"
2026-01-15T15:40:52.762943Z  INFO scan_sources: tailwindcss_oxide::scanner: Discovering "C:\\xampp\\htdocs\\tutorial2\\test_api_fixed.php"
2026-01-15T15:40:52.762979Z  INFO scan_sources: tailwindcss_oxide::scanner: Discovering "C:\\xampp\\htdocs\\tutorial2\\test_api_response.php"
2026-01-15T15:40:52.763012Z  INFO scan_sources: tailwindcss_oxide::scanner: Discovering "C:\\xampp\\htdocs\\tutorial2\\test_complete_flow.php"
2026-01-15T15:40:52.763045Z  INFO scan_sources: tailwindcss_oxide::scanner: Discovering "C:\\xampp\\htdocs\\tutorial2\\test_db_connection.php"
2026-01-15T15:40:52.763077Z  INFO scan_sources: tailwindcss_oxide::scanner: Discovering "C:\\xampp\\htdocs\\tutorial2\\test_final_payment_flow.php"
2026-01-15T15:40:52.763109Z  INFO scan_sources: tailwindcss_oxide::scanner: Discovering "C:\\xampp\\htdocs\\tutorial2\\test_fixed_report.php"
2026-01-15T15:40:52.763141Z  INFO scan_sources: tailwindcss_oxide::scanner: Discovering "C:\\xampp\\htdocs\\tutorial2\\test_membership_api.php"
2026-01-15T15:40:52.763174Z  INFO scan_sources: tailwindcss_oxide::scanner: Discovering "C:\\xampp\\htdocs\\tutorial2\\test_membership_simple.php"
2026-01-15T15:40:52.763206Z  INFO scan_sources: tailwindcss_oxide::scanner: Discovering "C:\\xampp\\htdocs\\tutorial2\\test_membership_status_api.php"
2026-01-15T15:40:52.763241Z  INFO scan_sources: tailwindcss_oxide::scanner: Discovering "C:\\xampp\\htdocs\\tutorial2\\test_me_api.php"
2026-01-15T15:40:52.763275Z  INFO scan_sources: tailwindcss_oxide::scanner: Discovering "C:\\xampp\\htdocs\\tutorial2\\test_me_endpoint.php"
2026-01-15T15:40:52.763308Z  INFO scan_sources: tailwindcss_oxide::scanner: Discovering "C:\\xampp\\htdocs\\tutorial2\\test_payment_flow_complete.php"
2026-01-15T15:40:52.763340Z  INFO scan_sources: tailwindcss_oxide::scanner: Discovering "C:\\xampp\\htdocs\\tutorial2\\test_payment_flow_new.php"
2026-01-15T15:40:52.763371Z  INFO scan_sources: tailwindcss_oxide::scanner: Discovering "C:\\xampp\\htdocs\\tutorial2\\test_payment_methods_fixed.php"
2026-01-15T15:40:52.763404Z  INFO scan_sources: tailwindcss_oxide::scanner: Discovering "C:\\xampp\\htdocs\\tutorial2\\test_payment_success_endpoint.php"
2026-01-15T15:40:52.763437Z  INFO scan_sources: tailwindcss_oxide::scanner: Discovering "C:\\xampp\\htdocs\\tutorial2\\test_reports_api.php"
2026-01-15T15:40:52.763468Z  INFO scan_sources: tailwindcss_oxide::scanner: Discovering "C:\\xampp\\htdocs\\tutorial2\\test_reports_endpoint.php"
2026-01-15T15:40:52.763508Z  INFO scan_sources: tailwindcss_oxide::scanner: Discovering "C:\\xampp\\htdocs\\tutorial2\\test_simple_api.php"
2026-01-15T15:40:52.763536Z  INFO scan_sources: tailwindcss_oxide::scanner: Discovering "C:\\xampp\\htdocs\\tutorial2\\test_simple_payment.php"
2026-01-15T15:40:52.763566Z  INFO scan_sources: tailwindcss_oxide::scanner: Discovering "C:\\xampp\\htdocs\\tutorial2\\test_sophisticated_payment_system.php"
2026-01-15T15:40:52.763596Z  INFO scan_sources: tailwindcss_oxide::scanner: Discovering "C:\\xampp\\htdocs\\tutorial2\\tsconfig.json"
2026-01-15T15:40:52.763657Z  INFO scan_sources: tailwindcss_oxide::scanner: Discovering "C:\\xampp\\htdocs\\tutorial2\\types"
2026-01-15T15:40:52.763725Z  INFO scan_sources: tailwindcss_oxide::scanner: Discovering "C:\\xampp\\htdocs\\tutorial2\\types\\database.d.ts"
2026-01-15T15:40:52.763767Z  INFO scan_sources: tailwindcss_oxide::scanner: Discovering "C:\\xampp\\htdocs\\tutorial2\\update_approval_process.php"
2026-01-15T15:40:52.763806Z  INFO scan_sources: tailwindcss_oxide::scanner: Discovering "C:\\xampp\\htdocs\\tutorial2\\update_user25_profile.php"
2026-01-15T15:40:52.763834Z  INFO scan_sources: tailwindcss_oxide::scanner: Discovering "C:\\xampp\\htdocs\\tutorial2\\vercel.json"
2026-01-15T15:40:52.763863Z  INFO scan_sources: tailwindcss_oxide::scanner: Discovering "C:\\xampp\\htdocs\\tutorial2\\verify_user_membership.php"
2026-01-15T15:40:52.763934Z  INFO scan_sources: tailwindcss_oxide::scanner: exit
2026-01-15T15:40:52.763941Z  INFO extract_candidates: tailwindcss_oxide::scanner: enter
2026-01-15T15:40:52.763949Z  INFO extract_candidates:read_all_files: tailwindcss_oxide::scanner: enter
2026-01-15T15:40:52.763954Z  INFO extract_candidates:read_all_files: tailwindcss_oxide::scanner: Reading 323 file(s)
2026-01-15T15:40:52.764638Z  INFO tailwindcss_oxide::scanner: Reading "C:\\xampp\\htdocs\\tutorial2\\.windsurf\\workflows\\complete-profile.md"
2026-01-15T15:40:52.764673Z  INFO tailwindcss_oxide::scanner: Reading "C:\\xampp\\htdocs\\tutorial2\\generate_random_membership_numbers.php"
2026-01-15T15:40:52.764683Z  INFO tailwindcss_oxide::scanner: Reading "C:\\xampp\\htdocs\\tutorial2\\check_recent_payments.php"
2026-01-15T15:40:52.764738Z  INFO tailwindcss_oxide::scanner: Reading "C:\\xampp\\htdocs\\tutorial2\\public\\file.svg"
2026-01-15T15:40:52.764785Z  INFO tailwindcss_oxide::scanner: Reading "C:\\xampp\\htdocs\\tutorial2\\how a206dee --stat"
2026-01-15T15:40:52.764809Z  INFO tailwindcss_oxide::scanner: Reading "C:\\xampp\\htdocs\\tutorial2\\check_table_structure.php"
2026-01-15T15:40:52.764824Z  INFO tailwindcss_oxide::scanner: Reading "C:\\xampp\\htdocs\\tutorial2\\public\\globe.svg"
2026-01-15T15:40:52.764823Z  INFO tailwindcss_oxide::scanner: Reading "C:\\xampp\\htdocs\\tutorial2\\create_payments_table.php"
2026-01-15T15:40:52.764891Z  INFO tailwindcss_oxide::scanner: Reading "C:\\xampp\\htdocs\\tutorial2\\public\\next.svg"
2026-01-15T15:40:52.764899Z  INFO tailwindcss_oxide::scanner: Reading "C:\\xampp\\htdocs\\tutorial2\\insert_user25_profile.sql"
2026-01-15T15:40:52.764903Z  INFO tailwindcss_oxide::scanner: Reading "C:\\xampp\\htdocs\\tutorial2\\check_user_profile.php"
2026-01-15T15:40:52.764917Z  INFO tailwindcss_oxide::scanner: Reading "C:\\xampp\\htdocs\\tutorial2\\create_profile_for_user25.php"
2026-01-15T15:40:52.764973Z  INFO tailwindcss_oxide::scanner: Reading "C:\\xampp\\htdocs\\tutorial2\\.windsurf\\workflows\\notification.md"
2026-01-15T15:40:52.764994Z  INFO tailwindcss_oxide::scanner: Reading "C:\\xampp\\htdocs\\tutorial2\\public\\vercel.svg"
2026-01-15T15:40:52.764999Z  INFO tailwindcss_oxide::scanner: Reading "C:\\xampp\\htdocs\\tutorial2\\create_profile_user25.php"
2026-01-15T15:40:52.765028Z  INFO tailwindcss_oxide::scanner: Reading "C:\\xampp\\htdocs\\tutorial2\\check_user_profiles_structure.php"
2026-01-15T15:40:52.765037Z  INFO tailwindcss_oxide::scanner: Reading "C:\\xampp\\htdocs\\tutorial2\\add_reference_to_memberships.php"
2026-01-15T15:40:52.765038Z  INFO tailwindcss_oxide::scanner: Reading "C:\\xampp\\htdocs\\tutorial2\\jwt.php"
2026-01-15T15:40:52.765065Z  INFO tailwindcss_oxide::scanner: Reading "C:\\xampp\\htdocs\\tutorial2\\database\\add_phone_number_to_payments.sql"
2026-01-15T15:40:52.765068Z  INFO tailwindcss_oxide::scanner: Reading "C:\\xampp\\htdocs\\tutorial2\\public\\window.svg"
2026-01-15T15:40:52.765096Z  INFO tailwindcss_oxide::scanner: Reading "C:\\xampp\\htdocs\\tutorial2\\add_work_columns.php"
2026-01-15T15:40:52.765123Z  INFO tailwindcss_oxide::scanner: Reading "C:\\xampp\\htdocs\\tutorial2\\README.md"
2026-01-15T15:40:52.765123Z  INFO tailwindcss_oxide::scanner: Reading "C:\\xampp\\htdocs\\tutorial2\\database\\create_content_management_tables.sql"
2026-01-15T15:40:52.765140Z  INFO tailwindcss_oxide::scanner: Reading "C:\\xampp\\htdocs\\tutorial2\\complete_latest_payment.php"
2026-01-15T15:40:52.765142Z  INFO tailwindcss_oxide::scanner: Reading "C:\\xampp\\htdocs\\tutorial2\\lib\\auth.ts"
2026-01-15T15:40:52.765180Z  INFO tailwindcss_oxide::scanner: Reading "C:\\xampp\\htdocs\\tutorial2\\recreate_payments_table.php"
2026-01-15T15:40:52.765183Z  INFO tailwindcss_oxide::scanner: Reading "C:\\xampp\\htdocs\\tutorial2\\database\\create_content_tables.sql"
2026-01-15T15:40:52.765183Z  INFO tailwindcss_oxide::scanner: Reading "C:\\xampp\\htdocs\\tutorial2\\add_work_columns.sql"
2026-01-15T15:40:52.765274Z  INFO tailwindcss_oxide::scanner: Reading "C:\\xampp\\htdocs\\tutorial2\\database\\create_events_first.sql"
2026-01-15T15:40:52.765279Z  INFO tailwindcss_oxide::scanner: Reading "C:\\xampp\\htdocs\\tutorial2\\complete_pending_payments.php"
2026-01-15T15:40:52.765285Z  INFO tailwindcss_oxide::scanner: Reading "C:\\xampp\\htdocs\\tutorial2\\run_membership_type_update.php"
2026-01-15T15:40:52.765293Z  INFO tailwindcss_oxide::scanner: Reading "C:\\xampp\\htdocs\\tutorial2\\lib\\azampay.ts"
2026-01-15T15:40:52.765418Z  INFO tailwindcss_oxide::scanner: Reading "C:\\xampp\\htdocs\\tutorial2\\run_migration.php"
2026-01-15T15:40:52.765418Z  INFO tailwindcss_oxide::scanner: Reading "C:\\xampp\\htdocs\\tutorial2\\database\\create_events_tables.sql"
2026-01-15T15:40:52.765478Z  INFO tailwindcss_oxide::scanner: Reading "C:\\xampp\\htdocs\\tutorial2\\database\\create_membership_payments_table.sql"
2026-01-15T15:40:52.765479Z  INFO tailwindcss_oxide::scanner: Reading "C:\\xampp\\htdocs\\tutorial2\\run_password_reset_migration.php"
2026-01-15T15:40:52.765508Z  INFO tailwindcss_oxide::scanner: Reading "C:\\xampp\\htdocs\\tutorial2\\components\\admin\\ReportModal.tsx"
2026-01-15T15:40:52.765536Z  INFO tailwindcss_oxide::scanner: Reading "C:\\xampp\\htdocs\\tutorial2\\sampleData.jsonl"
2026-01-15T15:40:52.765536Z  INFO tailwindcss_oxide::scanner: Reading "C:\\xampp\\htdocs\\tutorial2\\database\\create_messages_table.sql"
2026-01-15T15:40:52.765601Z  INFO tailwindcss_oxide::scanner: Reading "C:\\xampp\\htdocs\\tutorial2\\temp_page.tsx"
2026-01-15T15:40:52.765680Z  INFO tailwindcss_oxide::scanner: Reading "C:\\xampp\\htdocs\\tutorial2\\components\\admin\\UserRegistrationForm.tsx"
2026-01-15T15:40:52.765825Z  INFO tailwindcss_oxide::scanner: Reading "C:\\xampp\\htdocs\\tutorial2\\app\\api\\admin\\users\\[id]\\route.ts"
2026-01-15T15:40:52.765680Z  INFO tailwindcss_oxide::scanner: Reading "C:\\xampp\\htdocs\\tutorial2\\database\\create_payments_table.sql"
2026-01-15T15:40:52.765906Z  INFO tailwindcss_oxide::scanner: Reading "C:\\xampp\\htdocs\\tutorial2\\lib\\db-mock.ts"
2026-01-15T15:40:52.765961Z  INFO tailwindcss_oxide::scanner: Reading "C:\\xampp\\htdocs\\tutorial2\\app\\api\\auth\\forgot-password\\route.ts"
2026-01-15T15:40:52.765962Z  INFO tailwindcss_oxide::scanner: Reading "C:\\xampp\\htdocs\\tutorial2\\database\\events_setup_clean.sql"
2026-01-15T15:40:52.766028Z  INFO tailwindcss_oxide::scanner: Reading "C:\\xampp\\htdocs\\tutorial2\\app\\api\\auth\\login\\route.ts"
2026-01-15T15:40:52.766042Z  INFO tailwindcss_oxide::scanner: Reading "C:\\xampp\\htdocs\\tutorial2\\database\\fix_payments_table.sql"
2026-01-15T15:40:52.766079Z  INFO tailwindcss_oxide::scanner: Reading "C:\\xampp\\htdocs\\tutorial2\\lib\\db-utils.ts"
2026-01-15T15:40:52.766084Z  INFO tailwindcss_oxide::scanner: Reading "C:\\xampp\\htdocs\\tutorial2\\app\\api\\auth\\logout\\route.ts"
2026-01-15T15:40:52.766094Z  INFO tailwindcss_oxide::scanner: Reading "C:\\xampp\\htdocs\\tutorial2\\database\\quick_fix_payments.sql"
2026-01-15T15:40:52.766100Z  INFO tailwindcss_oxide::scanner: Reading "C:\\xampp\\htdocs\\tutorial2\\components\\AzamPayCheckout.tsx"
2026-01-15T15:40:52.766150Z  INFO tailwindcss_oxide::scanner: Reading "C:\\xampp\\htdocs\\tutorial2\\app\\api\\auth\\me\\route.ts"
2026-01-15T15:40:52.766191Z  INFO tailwindcss_oxide::scanner: Reading "C:\\xampp\\htdocs\\tutorial2\\database\\setup_events.sql"
2026-01-15T15:40:52.766190Z  INFO tailwindcss_oxide::scanner: Reading "C:\\xampp\\htdocs\\tutorial2\\lib\\db.ts"
2026-01-15T15:40:52.766274Z  INFO tailwindcss_oxide::scanner: Reading "C:\\xampp\\htdocs\\tutorial2\\components\\ConditionalLayout.tsx"
2026-01-15T15:40:52.765819Z  INFO tailwindcss_oxide::scanner: Reading "C:\\xampp\\htdocs\\tutorial2\\test-forgot-password.php"
2026-01-15T15:40:52.766247Z  INFO tailwindcss_oxide::scanner: Reading "C:\\xampp\\htdocs\\tutorial2\\database\\setup_tables.bat"
2026-01-15T15:40:52.766413Z  INFO tailwindcss_oxide::scanner: Reading "C:\\xampp\\htdocs\\tutorial2\\components\\dashboard\\DashboardSidebar.tsx"
2026-01-15T15:40:52.766234Z  INFO tailwindcss_oxide::scanner: Reading "C:\\xampp\\htdocs\\tutorial2\\app\\api\\auth\\membership-status\\route.ts"
2026-01-15T15:40:52.766541Z  INFO tailwindcss_oxide::scanner: Reading "C:\\xampp\\htdocs\\tutorial2\\components\\dashboard\\PaymentStatusSidebar.tsx"
2026-01-15T15:40:52.766546Z  INFO tailwindcss_oxide::scanner: Reading "C:\\xampp\\htdocs\\tutorial2\\Database.php"
2026-01-15T15:40:52.766552Z  INFO tailwindcss_oxide::scanner: Reading "C:\\xampp\\htdocs\\tutorial2\\test-nodemailer.js"
2026-01-15T15:40:52.766640Z  INFO tailwindcss_oxide::scanner: Reading "C:\\xampp\\htdocs\\tutorial2\\app\\api\\auth\\profile\\route.ts"
2026-01-15T15:40:52.766355Z  INFO tailwindcss_oxide::scanner: Reading "C:\\xampp\\htdocs\\tutorial2\\lib\\email-config.ts"
2026-01-15T15:40:52.766683Z  INFO tailwindcss_oxide::scanner: Reading "C:\\xampp\\htdocs\\tutorial2\\components\\PaymentForm.tsx"
2026-01-15T15:40:52.766709Z  INFO tailwindcss_oxide::scanner: Reading "C:\\xampp\\htdocs\\tutorial2\\Database.php~"
2026-01-15T15:40:52.766726Z  INFO tailwindcss_oxide::scanner: Reading "C:\\xampp\\htdocs\\tutorial2\\app\\api\\auth\\profile\\route.ts.new"
2026-01-15T15:40:52.766734Z  INFO tailwindcss_oxide::scanner: Reading "C:\\xampp\\htdocs\\tutorial2\\test_admin_payments_api.php"
2026-01-15T15:40:52.766798Z  INFO tailwindcss_oxide::scanner: Reading "C:\\xampp\\htdocs\\tutorial2\\app\\api\\auth\\refresh\\route.ts"
2026-01-15T15:40:52.766809Z  INFO tailwindcss_oxide::scanner: Reading "C:\\xampp\\htdocs\\tutorial2\\add_work_fields_user25.php"
2026-01-15T15:40:52.766821Z  INFO tailwindcss_oxide::scanner: Reading "C:\\xampp\\htdocs\\tutorial2\\debug_membership.php"
2026-01-15T15:40:52.766853Z  INFO tailwindcss_oxide::scanner: Reading "C:\\xampp\\htdocs\\tutorial2\\app\\api\\auth\\register\\route.ts"
2026-01-15T15:40:52.766853Z  INFO tailwindcss_oxide::scanner: Reading "C:\\xampp\\htdocs\\tutorial2\\test_api_fixed.php"
2026-01-15T15:40:52.766869Z  INFO tailwindcss_oxide::scanner: Reading "C:\\xampp\\htdocs\\tutorial2\\ADMIN_MODULES_IMPLEMENTATION.md"
2026-01-15T15:40:52.766917Z  INFO tailwindcss_oxide::scanner: Reading "C:\\xampp\\htdocs\\tutorial2\\app\\api\\auth\\[...nextauth]\\route.ts"
2026-01-15T15:40:52.766955Z  INFO tailwindcss_oxide::scanner: Reading "C:\\xampp\\htdocs\\tutorial2\\test_api_response.php"
2026-01-15T15:40:52.766821Z  INFO tailwindcss_oxide::scanner: Reading "C:\\xampp\\htdocs\\tutorial2\\lib\\email-simple.ts"
2026-01-15T15:40:52.766972Z  INFO tailwindcss_oxide::scanner: Reading "C:\\xampp\\htdocs\\tutorial2\\app\\api\\contact-content\\route.ts"
2026-01-15T15:40:52.766740Z  INFO tailwindcss_oxide::scanner: Reading "C:\\xampp\\htdocs\\tutorial2\\components\\PaymentLogos.tsx"
2026-01-15T15:40:52.767017Z  INFO tailwindcss_oxide::scanner: Reading "C:\\xampp\\htdocs\\tutorial2\\api\\auth\\login.php"
2026-01-15T15:40:52.767030Z  INFO tailwindcss_oxide::scanner: Reading "C:\\xampp\\htdocs\\tutorial2\\app\\api\\debug\\pricing\\route.ts"
2026-01-15T15:40:52.767068Z  INFO tailwindcss_oxide::scanner: Reading "C:\\xampp\\htdocs\\tutorial2\\test_complete_flow.php"
2026-01-15T15:40:52.767063Z  INFO tailwindcss_oxide::scanner: Reading "C:\\xampp\\htdocs\\tutorial2\\components\\ui\\field.tsx"
2026-01-15T15:40:52.767088Z  INFO tailwindcss_oxide::scanner: Reading "C:\\xampp\\htdocs\\tutorial2\\app\\api\\events\\route.ts"
2026-01-15T15:40:52.767099Z  INFO tailwindcss_oxide::scanner: Reading "C:\\xampp\\htdocs\\tutorial2\\lib\\membership-pricing.ts"
2026-01-15T15:40:52.767127Z  INFO tailwindcss_oxide::scanner: Reading "C:\\xampp\\htdocs\\tutorial2\\api\\auth\\logout.php"
2026-01-15T15:40:52.767144Z  INFO tailwindcss_oxide::scanner: Reading "C:\\xampp\\htdocs\\tutorial2\\components\\ui\\input.tsx"
2026-01-15T15:40:52.767147Z  INFO tailwindcss_oxide::scanner: Reading "C:\\xampp\\htdocs\\tutorial2\\app\\api\\events\\[id]\\register\\route.ts"
2026-01-15T15:40:52.767145Z  INFO tailwindcss_oxide::scanner: Reading "C:\\xampp\\htdocs\\tutorial2\\components\\PaymentMethodSelector.tsx"
2026-01-15T15:40:52.767156Z  INFO tailwindcss_oxide::scanner: Reading "C:\\xampp\\htdocs\\tutorial2\\test_db_connection.php"
2026-01-15T15:40:52.767172Z  INFO tailwindcss_oxide::scanner: Reading "C:\\xampp\\htdocs\\tutorial2\\lib\\membership.ts"
2026-01-15T15:40:52.767199Z  INFO tailwindcss_oxide::scanner: Reading "C:\\xampp\\htdocs\\tutorial2\\components\\ui\\label.tsx"
2026-01-15T15:40:52.767210Z  INFO tailwindcss_oxide::scanner: Reading "C:\\xampp\\htdocs\\tutorial2\\app\\api\\fix-membership\\route.ts"
2026-01-15T15:40:52.767214Z  INFO tailwindcss_oxide::scanner: Reading "C:\\xampp\\htdocs\\tutorial2\\api\\auth\\me.php"
2026-01-15T15:40:52.767223Z  INFO tailwindcss_oxide::scanner: Reading "C:\\xampp\\htdocs\\tutorial2\\components\\PhoneNumberInput.tsx"
2026-01-15T15:40:52.767246Z  INFO tailwindcss_oxide::scanner: Reading "C:\\xampp\\htdocs\\tutorial2\\test_final_payment_flow.php"
2026-01-15T15:40:52.767255Z  INFO tailwindcss_oxide::scanner: Reading "C:\\xampp\\htdocs\\tutorial2\\components\\ui\\modal.tsx"
2026-01-15T15:40:52.767264Z  INFO tailwindcss_oxide::scanner: Reading "C:\\xampp\\htdocs\\tutorial2\\lib\\membershipPayment.ts"
2026-01-15T15:40:52.767272Z  INFO tailwindcss_oxide::scanner: Reading "C:\\xampp\\htdocs\\tutorial2\\app\\api\\home-content\\route.ts"
2026-01-15T15:40:52.767277Z  INFO tailwindcss_oxide::scanner: Reading "C:\\xampp\\htdocs\\tutorial2\\components\\SimplePhoneInput.tsx"
2026-01-15T15:40:52.767309Z  INFO tailwindcss_oxide::scanner: Reading "C:\\xampp\\htdocs\\tutorial2\\components\\ui\\select.tsx"
2026-01-15T15:40:52.767329Z  INFO tailwindcss_oxide::scanner: Reading "C:\\xampp\\htdocs\\tutorial2\\components\\ui\\button.tsx"
2026-01-15T15:40:52.767329Z  INFO tailwindcss_oxide::scanner: Reading "C:\\xampp\\htdocs\\tutorial2\\app\\api\\membership\\complete-payment\\route.ts"
2026-01-15T15:40:52.767337Z  INFO tailwindcss_oxide::scanner: Reading "C:\\xampp\\htdocs\\tutorial2\\test_fixed_report.php"
2026-01-15T15:40:52.767359Z  INFO tailwindcss_oxide::scanner: Reading "C:\\xampp\\htdocs\\tutorial2\\api\\auth\\register.php"
2026-01-15T15:40:52.767369Z  INFO tailwindcss_oxide::scanner: Reading "C:\\xampp\\htdocs\\tutorial2\\components\\ui\\separator.tsx"
2026-01-15T15:40:52.767385Z  INFO tailwindcss_oxide::scanner: Reading "C:\\xampp\\htdocs\\tutorial2\\app\\api\\membership\\next-number\\route.ts"
2026-01-15T15:40:52.767425Z  INFO tailwindcss_oxide::scanner: Reading "C:\\xampp\\htdocs\\tutorial2\\components\\ui\\table.tsx"
2026-01-15T15:40:52.767426Z  INFO tailwindcss_oxide::scanner: Reading "C:\\xampp\\htdocs\\tutorial2\\test_membership_api.php"
2026-01-15T15:40:52.767434Z  INFO tailwindcss_oxide::scanner: Reading "C:\\xampp\\htdocs\\tutorial2\\app\\(layout)\\layout.tsx"
2026-01-15T15:40:52.767446Z  INFO tailwindcss_oxide::scanner: Reading "C:\\xampp\\htdocs\\tutorial2\\app\\api\\membership\\pay\\route.ts"
2026-01-15T15:40:52.767449Z  INFO tailwindcss_oxide::scanner: Reading "C:\\xampp\\htdocs\\tutorial2\\components\\ui\\card.tsx"
2026-01-15T15:40:52.767487Z  INFO tailwindcss_oxide::scanner: Reading "C:\\xampp\\htdocs\\tutorial2\\components\\ui\\theme-provider.tsx"
2026-01-15T15:40:52.767490Z  INFO tailwindcss_oxide::scanner: Reading "C:\\xampp\\htdocs\\tutorial2\\debug_membership_card_issue.php"
2026-01-15T15:40:52.767506Z  INFO tailwindcss_oxide::scanner: Reading "C:\\xampp\\htdocs\\tutorial2\\app\\api\\membership\\pay-early\\route.ts"
2026-01-15T15:40:52.767525Z  INFO tailwindcss_oxide::scanner: Reading "C:\\xampp\\htdocs\\tutorial2\\test_membership_simple.php"
2026-01-15T15:40:52.767525Z  INFO tailwindcss_oxide::scanner: Reading "C:\\xampp\\htdocs\\tutorial2\\app\\(shared-layout)\\layout.tsx"
2026-01-15T15:40:52.767565Z  INFO tailwindcss_oxide::scanner: Reading "C:\\xampp\\htdocs\\tutorial2\\app\\api\\membership\\payment-status\\route.ts"
2026-01-15T15:40:52.767597Z  INFO tailwindcss_oxide::scanner: Reading "C:\\xampp\\htdocs\\tutorial2\\components\\web\\footer.tsx"
2026-01-15T15:40:52.767616Z  INFO tailwindcss_oxide::scanner: Reading "C:\\xampp\\htdocs\\tutorial2\\components\\ui\\dropdown-menu.tsx"
2026-01-15T15:40:52.767628Z  INFO tailwindcss_oxide::scanner: Reading "C:\\xampp\\htdocs\\tutorial2\\test_membership_status_api.php"
2026-01-15T15:40:52.767630Z  INFO tailwindcss_oxide::scanner: Reading "C:\\xampp\\htdocs\\tutorial2\\app\\api\\membership\\payment-success\\route-final.ts"
2026-01-15T15:40:52.767634Z  INFO tailwindcss_oxide::scanner: Reading "C:\\xampp\\htdocs\\tutorial2\\app\\(shared-layout)\\page.tsx"
2026-01-15T15:40:52.767742Z  INFO tailwindcss_oxide::scanner: Reading "C:\\xampp\\htdocs\\tutorial2\\test_me_api.php"
2026-01-15T15:40:52.767768Z  INFO tailwindcss_oxide::scanner: Reading "C:\\xampp\\htdocs\\tutorial2\\app\\api\\membership\\payment-success\\route-new.ts"
2026-01-15T15:40:52.767785Z  INFO tailwindcss_oxide::scanner: Reading "C:\\xampp\\htdocs\\tutorial2\\components\\web\\navbar.tsx"
2026-01-15T15:40:52.767796Z  INFO tailwindcss_oxide::scanner: Reading "C:\\xampp\\htdocs\\tutorial2\\app\\about\\page.tsx"
2026-01-15T15:40:52.767820Z  INFO tailwindcss_oxide::scanner: Reading "C:\\xampp\\htdocs\\tutorial2\\test_reports_api.php"
2026-01-15T15:40:52.767830Z  INFO tailwindcss_oxide::scanner: Reading "C:\\xampp\\htdocs\\tutorial2\\app\\api\\membership\\payment-success\\route.ts"
2026-01-15T15:40:52.767836Z  INFO tailwindcss_oxide::scanner: Reading "C:\\xampp\\htdocs\\tutorial2\\test_me_endpoint.php"
2026-01-15T15:40:52.767889Z  INFO tailwindcss_oxide::scanner: Reading "C:\\xampp\\htdocs\\tutorial2\\components\\web\\theme-toggle.tsx"
2026-01-15T15:40:52.767891Z  INFO tailwindcss_oxide::scanner: Reading "C:\\xampp\\htdocs\\tutorial2\\app\\api\\membership\\status\\route-debug.ts"
2026-01-15T15:40:52.767901Z  INFO tailwindcss_oxide::scanner: Reading "C:\\xampp\\htdocs\\tutorial2\\app\\about-us\\page.tsx"
2026-01-15T15:40:52.767904Z  INFO tailwindcss_oxide::scanner: Reading "C:\\xampp\\htdocs\\tutorial2\\test_reports_endpoint.php"
2026-01-15T15:40:52.767927Z  INFO tailwindcss_oxide::scanner: Reading "C:\\xampp\\htdocs\\tutorial2\\debug_password.php"
2026-01-15T15:40:52.767930Z  INFO tailwindcss_oxide::scanner: Reading "C:\\xampp\\htdocs\\tutorial2\\test_payment_flow_complete.php"
2026-01-15T15:40:52.767951Z  INFO tailwindcss_oxide::scanner: Reading "C:\\xampp\\htdocs\\tutorial2\\app\\api\\membership\\status\\route-minimal.ts"
2026-01-15T15:40:52.767975Z  INFO tailwindcss_oxide::scanner: Reading "C:\\xampp\\htdocs\\tutorial2\\components.json"
2026-01-15T15:40:52.768003Z  INFO tailwindcss_oxide::scanner: Reading "C:\\xampp\\htdocs\\tutorial2\\app\\api\\membership\\status\\route.ts"
2026-01-15T15:40:52.768013Z  INFO tailwindcss_oxide::scanner: Reading "C:\\xampp\\htdocs\\tutorial2\\test_simple_api.php"
2026-01-15T15:40:52.768031Z  INFO tailwindcss_oxide::scanner: Reading "C:\\xampp\\htdocs\\tutorial2\\test_payment_flow_new.php"
2026-01-15T15:40:52.768015Z  INFO tailwindcss_oxide::scanner: Reading "C:\\xampp\\htdocs\\tutorial2\\debug_payment_flow.php"
2026-01-15T15:40:52.768060Z  INFO tailwindcss_oxide::scanner: Reading "C:\\xampp\\htdocs\\tutorial2\\app\\api\\messages\\reply\\route.ts"
2026-01-15T15:40:52.768062Z  INFO tailwindcss_oxide::scanner: Reading "C:\\xampp\\htdocs\\tutorial2\\config.php"
2026-01-15T15:40:52.768096Z  INFO tailwindcss_oxide::scanner: Reading "C:\\xampp\\htdocs\\tutorial2\\debug_profile_data.php"
2026-01-15T15:40:52.768116Z  INFO tailwindcss_oxide::scanner: Reading "C:\\xampp\\htdocs\\tutorial2\\test_payment_methods_fixed.php"
2026-01-15T15:40:52.768128Z  INFO tailwindcss_oxide::scanner: Reading "C:\\xampp\\htdocs\\tutorial2\\test_simple_payment.php"
2026-01-15T15:40:52.768157Z  INFO tailwindcss_oxide::scanner: Reading "C:\\xampp\\htdocs\\tutorial2\\contexts\\AuthContext.tsx"
2026-01-15T15:40:52.768165Z  INFO tailwindcss_oxide::scanner: Reading "C:\\xampp\\htdocs\\tutorial2\\debug_report_generation.php"
2026-01-15T15:40:52.768217Z  INFO tailwindcss_oxide::scanner: Reading "C:\\xampp\\htdocs\\tutorial2\\test_payment_success_endpoint.php"
2026-01-15T15:40:52.768258Z  INFO tailwindcss_oxide::scanner: Reading "C:\\xampp\\htdocs\\tutorial2\\test_sophisticated_payment_system.php"
2026-01-15T15:40:52.768259Z  INFO tailwindcss_oxide::scanner: Reading "C:\\xampp\\htdocs\\tutorial2\\convex\\_generated\\api.d.ts"
2026-01-15T15:40:52.768318Z  INFO tailwindcss_oxide::scanner: Reading "C:\\xampp\\htdocs\\tutorial2\\app\\api\\admin\\content\\about\\[id]\\route.ts"
2026-01-15T15:40:52.768325Z  INFO tailwindcss_oxide::scanner: Reading "C:\\xampp\\htdocs\\tutorial2\\app\\api\\admin\\membership\\settings\\route.ts"
2026-01-15T15:40:52.768371Z  INFO tailwindcss_oxide::scanner: Reading "C:\\xampp\\htdocs\\tutorial2\\tsconfig.json"
2026-01-15T15:40:52.768414Z  INFO tailwindcss_oxide::scanner: Reading "C:\\xampp\\htdocs\\tutorial2\\convex\\_generated\\api.js"
2026-01-15T15:40:52.768380Z  INFO tailwindcss_oxide::scanner: Reading "C:\\xampp\\htdocs\\tutorial2\\debug_test_payment.php"
2026-01-15T15:40:52.768427Z  INFO tailwindcss_oxide::scanner: Reading "C:\\xampp\\htdocs\\tutorial2\\app\\api\\admin\\content\\contact\\route.ts"
2026-01-15T15:40:52.768487Z  INFO tailwindcss_oxide::scanner: Reading "C:\\xampp\\htdocs\\tutorial2\\lib\\mobile-money.ts"
2026-01-15T15:40:52.768494Z  INFO tailwindcss_oxide::scanner: Reading "C:\\xampp\\htdocs\\tutorial2\\convex\\_generated\\dataModel.d.ts"
2026-01-15T15:40:52.768494Z  INFO tailwindcss_oxide::scanner: Reading "C:\\xampp\\htdocs\\tutorial2\\app\\api\\admin\\membership\\types\\route.ts"
2026-01-15T15:40:52.768515Z  INFO tailwindcss_oxide::scanner: Reading "C:\\xampp\\htdocs\\tutorial2\\types\\database.d.ts"
2026-01-15T15:40:52.768519Z  INFO tailwindcss_oxide::scanner: Reading "C:\\xampp\\htdocs\\tutorial2\\app\\api\\admin\\content\\contact\\[id]\\route.ts"
2026-01-15T15:40:52.768518Z  INFO tailwindcss_oxide::scanner: Reading "C:\\xampp\\htdocs\\tutorial2\\debug_user25_api.php"
2026-01-15T15:40:52.768554Z  INFO tailwindcss_oxide::scanner: Reading "C:\\xampp\\htdocs\\tutorial2\\convex\\_generated\\server.d.ts"
2026-01-15T15:40:52.768568Z  INFO tailwindcss_oxide::scanner: Reading "C:\\xampp\\htdocs\\tutorial2\\lib\\profileCompletion.ts"
2026-01-15T15:40:52.768588Z  INFO tailwindcss_oxide::scanner: Reading "C:\\xampp\\htdocs\\tutorial2\\debug_user26.php"
2026-01-15T15:40:52.768604Z  INFO tailwindcss_oxide::scanner: Reading "C:\\xampp\\htdocs\\tutorial2\\update_approval_process.php"
2026-01-15T15:40:52.768617Z  INFO tailwindcss_oxide::scanner: Reading "C:\\xampp\\htdocs\\tutorial2\\app\\api\\admin\\news\\route.ts"
2026-01-15T15:40:52.768663Z  INFO tailwindcss_oxide::scanner: Reading "C:\\xampp\\htdocs\\tutorial2\\ensure_approved_users_membership.php"
2026-01-15T15:40:52.768691Z  INFO tailwindcss_oxide::scanner: Reading "C:\\xampp\\htdocs\\tutorial2\\update_user25_profile.php"
2026-01-15T15:40:52.768767Z  INFO tailwindcss_oxide::scanner: Reading "C:\\xampp\\htdocs\\tutorial2\\app\\api\\admin\\payment\\route.ts"
2026-01-15T15:40:52.768769Z  INFO tailwindcss_oxide::scanner: Reading "C:\\xampp\\htdocs\\tutorial2\\lib\\utils.ts"
2026-01-15T15:40:52.768772Z  INFO tailwindcss_oxide::scanner: Reading "C:\\xampp\\htdocs\\tutorial2\\app\\api\\messages\\route.ts"
2026-01-15T15:40:52.768786Z  INFO tailwindcss_oxide::scanner: Reading "C:\\xampp\\htdocs\\tutorial2\\ensure_membership_numbers.php"
2026-01-15T15:40:52.768801Z  INFO tailwindcss_oxide::scanner: Reading "C:\\xampp\\htdocs\\tutorial2\\app\\admin\\cards\\page.tsx"
2026-01-15T15:40:52.768818Z  INFO tailwindcss_oxide::scanner: Reading "C:\\xampp\\htdocs\\tutorial2\\vercel.json"
2026-01-15T15:40:52.768822Z  INFO tailwindcss_oxide::scanner: Reading "C:\\xampp\\htdocs\\tutorial2\\convex\\_generated\\server.js"
2026-01-15T15:40:52.768842Z  INFO tailwindcss_oxide::scanner: Reading "C:\\xampp\\htdocs\\tutorial2\\list_memberships_cols.php"
2026-01-15T15:40:52.768854Z  INFO tailwindcss_oxide::scanner: Reading "C:\\xampp\\htdocs\\tutorial2\\eslint.config.mjs"
2026-01-15T15:40:52.768854Z  INFO tailwindcss_oxide::scanner: Reading "C:\\xampp\\htdocs\\tutorial2\\app\\api\\messages\\[id]\\read\\route.ts"
2026-01-15T15:40:52.768865Z  INFO tailwindcss_oxide::scanner: Reading "C:\\xampp\\htdocs\\tutorial2\\app\\api\\admin\\payments\\list\\export\\route.ts"
2026-01-15T15:40:52.768882Z  INFO tailwindcss_oxide::scanner: Reading "C:\\xampp\\htdocs\\tutorial2\\cookies.txt"
2026-01-15T15:40:52.768898Z  INFO tailwindcss_oxide::scanner: Reading "C:\\xampp\\htdocs\\tutorial2\\manual_activate_payment.php"
2026-01-15T15:40:52.768913Z  INFO tailwindcss_oxide::scanner: Reading "C:\\xampp\\htdocs\\tutorial2\\verify_user_membership.php"
2026-01-15T15:40:52.768929Z  INFO tailwindcss_oxide::scanner: Reading "C:\\xampp\\htdocs\\tutorial2\\app\\admin\\content\\about\\page.tsx"
2026-01-15T15:40:52.768916Z  INFO tailwindcss_oxide::scanner: Reading "C:\\xampp\\htdocs\\tutorial2\\app\\api\\messages\\[id]\\route.ts"
2026-01-15T15:40:52.768937Z  INFO tailwindcss_oxide::scanner: Reading "C:\\xampp\\htdocs\\tutorial2\\app\\api\\admin\\content\\settings\\route.ts"
2026-01-15T15:40:52.768618Z  INFO tailwindcss_oxide::scanner: Reading "C:\\xampp\\htdocs\\tutorial2\\app\\api\\admin\\content\\footer\\route.ts"
2026-01-15T15:40:52.768969Z  INFO tailwindcss_oxide::scanner: Reading "C:\\xampp\\htdocs\\tutorial2\\app\\api\\admin\\payments\\list\\route.ts"
2026-01-15T15:40:52.768915Z  INFO tailwindcss_oxide::scanner: Reading "C:\\xampp\\htdocs\\tutorial2\\fix_all_membership_numbers.sql"
2026-01-15T15:40:52.768951Z  INFO tailwindcss_oxide::scanner: Reading "C:\\xampp\\htdocs\\tutorial2\\middleware.ts"
2026-01-15T15:40:52.769011Z  INFO tailwindcss_oxide::scanner: Reading "C:\\xampp\\htdocs\\tutorial2\\app\\api\\admin\\events\\[id]\\registrations\\route.ts"
2026-01-15T15:40:52.769033Z  INFO tailwindcss_oxide::scanner: Reading "C:\\xampp\\htdocs\\tutorial2\\app\\admin\\content\\contact\\page.tsx"
2026-01-15T15:40:52.769041Z  INFO tailwindcss_oxide::scanner: Reading "C:\\xampp\\htdocs\\tutorial2\\migrations\\0002_add_refresh_token_column.sql"
2026-01-15T15:40:52.769053Z  INFO tailwindcss_oxide::scanner: Reading "C:\\xampp\\htdocs\\tutorial2\\fix_all_membership_status.php"
2026-01-15T15:40:52.769061Z  INFO tailwindcss_oxide::scanner: Reading "C:\\xampp\\htdocs\\tutorial2\\app\\api\\admin\\payments\\route.ts"
2026-01-15T15:40:52.769092Z  INFO tailwindcss_oxide::scanner: Reading "C:\\xampp\\htdocs\\tutorial2\\app\\api\\admin\\content\\home\\route.ts"
2026-01-15T15:40:52.769094Z  INFO tailwindcss_oxide::scanner: Reading "C:\\xampp\\htdocs\\tutorial2\\migrations\\0003_add_report_tables.sql"
2026-01-15T15:40:52.769104Z  INFO tailwindcss_oxide::scanner: Reading "C:\\xampp\\htdocs\\tutorial2\\app\\api\\admin\\create-admin\\route.ts"
2026-01-15T15:40:52.769109Z  INFO tailwindcss_oxide::scanner: Reading "C:\\xampp\\htdocs\\tutorial2\\fix_membership.php"
2026-01-15T15:40:52.769111Z  INFO tailwindcss_oxide::scanner: Reading "C:\\xampp\\htdocs\\tutorial2\\app\\api\\admin\\events\\[id]\\route.ts"
2026-01-15T15:40:52.769139Z  INFO tailwindcss_oxide::scanner: Reading "C:\\xampp\\htdocs\\tutorial2\\app\\admin\\content\\home\\page.tsx"
2026-01-15T15:40:52.769151Z  INFO tailwindcss_oxide::scanner: Reading "C:\\xampp\\htdocs\\tutorial2\\app\\api\\admin\\payments\\[id]\\refund\\route.ts"
2026-01-15T15:40:52.769174Z  INFO tailwindcss_oxide::scanner: Reading "C:\\xampp\\htdocs\\tutorial2\\migrations\\0004_add_profile_fields.sql"
2026-01-15T15:40:52.769176Z  INFO tailwindcss_oxide::scanner: Reading "C:\\xampp\\htdocs\\tutorial2\\fix_memberships_table.sql"
2026-01-15T15:40:52.769182Z  INFO tailwindcss_oxide::scanner: Reading "C:\\xampp\\htdocs\\tutorial2\\app\\api\\admin\\content\\home\\[id]\\route.ts"
2026-01-15T15:40:52.769184Z  INFO tailwindcss_oxide::scanner: Reading "C:\\xampp\\htdocs\\tutorial2\\app\\api\\admin\\events\\[id]\\route_original.ts"
2026-01-15T15:40:52.769189Z  INFO tailwindcss_oxide::scanner: Reading "C:\\xampp\\htdocs\\tutorial2\\app\\api\\news\\route.ts"
2026-01-15T15:40:52.769210Z  INFO tailwindcss_oxide::scanner: Reading "C:\\xampp\\htdocs\\tutorial2\\app\\api\\admin\\deleted-users\\route.ts"
2026-01-15T15:40:52.769226Z  INFO tailwindcss_oxide::scanner: Reading "C:\\xampp\\htdocs\\tutorial2\\migrations\\0005_create_report_tables.sql"
2026-01-15T15:40:52.769232Z  INFO tailwindcss_oxide::scanner: Reading "C:\\xampp\\htdocs\\tutorial2\\fix_membership_number.php"
2026-01-15T15:40:52.769234Z  INFO tailwindcss_oxide::scanner: Reading "C:\\xampp\\htdocs\\tutorial2\\app\\api\\admin\\payments\\[id]\\route.ts"
2026-01-15T15:40:52.769240Z  INFO tailwindcss_oxide::scanner: Reading "C:\\xampp\\htdocs\\tutorial2\\app\\api\\admin\\content\\media\\route.ts"
2026-01-15T15:40:52.769237Z  INFO tailwindcss_oxide::scanner: Reading "C:\\xampp\\htdocs\\tutorial2\\app\\api\\admin\\fix-admin\\route.ts"
2026-01-15T15:40:52.769259Z  INFO tailwindcss_oxide::scanner: Reading "C:\\xampp\\htdocs\\tutorial2\\app\\admin\\content\\page.tsx"
2026-01-15T15:40:52.769276Z  INFO tailwindcss_oxide::scanner: Reading "C:\\xampp\\htdocs\\tutorial2\\migrations\\0006_create_membership_sequence.sql"
2026-01-15T15:40:52.769279Z  INFO tailwindcss_oxide::scanner: Reading "C:\\xampp\\htdocs\\tutorial2\\app\\api\\payment\\pesapal\\route.ts"
2026-01-15T15:40:52.769286Z  INFO tailwindcss_oxide::scanner: Reading "C:\\xampp\\htdocs\\tutorial2\\fix_membership_numbers.sql"
2026-01-15T15:40:52.769302Z  INFO tailwindcss_oxide::scanner: Reading "C:\\xampp\\htdocs\\tutorial2\\app\\api\\admin\\membership\\cycles\\route.ts"
2026-01-15T15:40:52.769307Z  INFO tailwindcss_oxide::scanner: Reading "C:\\xampp\\htdocs\\tutorial2\\app\\api\\admin\\content\\navigation\\route.ts"
2026-01-15T15:40:52.769310Z  INFO tailwindcss_oxide::scanner: Reading "C:\\xampp\\htdocs\\tutorial2\\app\\api\\admin\\events\\route.ts"
2026-01-15T15:40:52.769319Z  INFO tailwindcss_oxide::scanner: Reading "C:\\xampp\\htdocs\\tutorial2\\app\\api\\admin\\report\\route.ts"
2026-01-15T15:40:52.769328Z  INFO tailwindcss_oxide::scanner: Reading "C:\\xampp\\htdocs\\tutorial2\\migrations\\20250108000000_create_membership_payments.sql"
2026-01-15T15:40:52.769336Z  INFO tailwindcss_oxide::scanner: Reading "C:\\xampp\\htdocs\\tutorial2\\fix_membership_standalone.php"
2026-01-15T15:40:52.769355Z  INFO tailwindcss_oxide::scanner: Reading "C:\\xampp\\htdocs\\tutorial2\\migrations\\add_work_fields_to_profiles.sql"
2026-01-15T15:40:52.769359Z  INFO tailwindcss_oxide::scanner: Reading "C:\\xampp\\htdocs\\tutorial2\\app\\api\\admin\\content\\pages\\route.ts"
2026-01-15T15:40:52.769364Z  INFO tailwindcss_oxide::scanner: Reading "C:\\xampp\\htdocs\\tutorial2\\app\\api\\payments\\activate-test\\route.ts"
2026-01-15T15:40:52.769369Z  INFO tailwindcss_oxide::scanner: Reading "C:\\xampp\\htdocs\\tutorial2\\app\\admin\\dashboard\\page.tsx"
2026-01-15T15:40:52.769379Z  INFO tailwindcss_oxide::scanner: Reading "C:\\xampp\\htdocs\\tutorial2\\migrations\\20250108000001_create_news_notifications.sql"
2026-01-15T15:40:52.769383Z  INFO tailwindcss_oxide::scanner: Reading "C:\\xampp\\htdocs\\tutorial2\\fix_membership_status.sql"
2026-01-15T15:40:52.769383Z  INFO tailwindcss_oxide::scanner: Reading "C:\\xampp\\htdocs\\tutorial2\\app\\api\\admin\\events\\route_original.ts"
2026-01-15T15:40:52.769401Z  INFO tailwindcss_oxide::scanner: Reading "C:\\xampp\\htdocs\\tutorial2\\app\\api\\admin\\reports\\generate\\route.ts"
2026-01-15T15:40:52.769402Z  INFO tailwindcss_oxide::scanner: Reading "C:\\xampp\\htdocs\\tutorial2\\migrations\\create_payments_table.sql"
2026-01-15T15:40:52.769407Z  INFO tailwindcss_oxide::scanner: Reading "C:\\xampp\\htdocs\\tutorial2\\app\\api\\admin\\content\\pages\\[id]\\route.ts"
2026-01-15T15:40:52.769434Z  INFO tailwindcss_oxide::scanner: Reading "C:\\xampp\\htdocs\\tutorial2\\migrations\\20250108000002_add_password_reset_columns.sql"
2026-01-15T15:40:52.769434Z  INFO tailwindcss_oxide::scanner: Reading "C:\\xampp\\htdocs\\tutorial2\\fix_missing_membership.php"
2026-01-15T15:40:52.769445Z  INFO tailwindcss_oxide::scanner: Reading "C:\\xampp\\htdocs\\tutorial2\\app\\api\\payments\\azampay\\callback\\route.ts"
2026-01-15T15:40:52.769460Z  INFO tailwindcss_oxide::scanner: Reading "C:\\xampp\\htdocs\\tutorial2\\app\\admin\\events\\page.tsx"
2026-01-15T15:40:52.769462Z  INFO tailwindcss_oxide::scanner: Reading "C:\\xampp\\htdocs\\tutorial2\\migrations\\update_membership_types.sql"
2026-01-15T15:40:52.769482Z  INFO tailwindcss_oxide::scanner: Reading "C:\\xampp\\htdocs\\tutorial2\\migrations\\20251228152102_add_flattened_profile_columns.sql"
2026-01-15T15:40:52.769485Z  INFO tailwindcss_oxide::scanner: Reading "C:\\xampp\\htdocs\\tutorial2\\app\\api\\reports\\generate\\route.ts"
2026-01-15T15:40:52.769485Z  INFO tailwindcss_oxide::scanner: Reading "C:\\xampp\\htdocs\\tutorial2\\app\\dashboard\\news\\page.tsx"
2026-01-15T15:40:52.769486Z  INFO tailwindcss_oxide::scanner: Reading "C:\\xampp\\htdocs\\tutorial2\\app\\api\\admin\\reports\\route.ts"
2026-01-15T15:40:52.769524Z  INFO tailwindcss_oxide::scanner: Reading "C:\\xampp\\htdocs\\tutorial2\\app\\api\\payments\\azampay\\checkout\\route.ts"
2026-01-15T15:40:52.769530Z  INFO tailwindcss_oxide::scanner: Reading "C:\\xampp\\htdocs\\tutorial2\\next.config.js"
2026-01-15T15:40:52.769533Z  INFO tailwindcss_oxide::scanner: Reading "C:\\xampp\\htdocs\\tutorial2\\migrations\\20251230000000_add_professional_fields.sql"
2026-01-15T15:40:52.769490Z  INFO tailwindcss_oxide::scanner: Reading "C:\\xampp\\htdocs\\tutorial2\\fix_payment_methods.php"
2026-01-15T15:40:52.769558Z  INFO tailwindcss_oxide::scanner: Reading "C:\\xampp\\htdocs\\tutorial2\\app\\admin\\events\\[id]\\page.tsx"
2026-01-15T15:40:52.769571Z  INFO tailwindcss_oxide::scanner: Reading "C:\\xampp\\htdocs\\tutorial2\\app\\api\\admin\\reset-admin\\route.ts"
2026-01-15T15:40:52.769582Z  INFO tailwindcss_oxide::scanner: Reading "C:\\xampp\\htdocs\\tutorial2\\app\\api\\reports\\send-email\\route.ts"
2026-01-15T15:40:52.769587Z  INFO tailwindcss_oxide::scanner: Reading "C:\\xampp\\htdocs\\tutorial2\\next.config.ts"
2026-01-15T15:40:52.769599Z  INFO tailwindcss_oxide::scanner: Reading "C:\\xampp\\htdocs\\tutorial2\\fix_user25_profile.php"
2026-01-15T15:40:52.769606Z  INFO tailwindcss_oxide::scanner: Reading "C:\\xampp\\htdocs\\tutorial2\\app\\admin\\page.tsx.backup"
2026-01-15T15:40:52.769622Z  INFO tailwindcss_oxide::scanner: Reading "C:\\xampp\\htdocs\\tutorial2\\app\\api\\payments\\cleanup\\route.ts"
2026-01-15T15:40:52.769652Z  INFO tailwindcss_oxide::scanner: Reading "C:\\xampp\\htdocs\\tutorial2\\app\\admin\\events\\[id]\\registrations\\page.tsx"
2026-01-15T15:40:52.769658Z  INFO tailwindcss_oxide::scanner: Reading "C:\\xampp\\htdocs\\tutorial2\\app\\api\\admin\\users\\restore\\route.ts"
2026-01-15T15:40:52.769674Z  INFO tailwindcss_oxide::scanner: Reading "C:\\xampp\\htdocs\\tutorial2\\app\\api\\send-approval-email\\route.ts"
2026-01-15T15:40:52.769687Z  INFO tailwindcss_oxide::scanner: Reading "C:\\xampp\\htdocs\\tutorial2\\app\\admin\\page.tsx.new"
2026-01-15T15:40:52.769708Z  INFO tailwindcss_oxide::scanner: Reading "C:\\xampp\\htdocs\\tutorial2\\app\\api\\payments\\complete\\route.ts"
2026-01-15T15:40:52.769727Z  INFO tailwindcss_oxide::scanner: Reading "C:\\xampp\\htdocs\\tutorial2\\app\\api\\admin\\users\\route.ts"
2026-01-15T15:40:52.769732Z  INFO tailwindcss_oxide::scanner: Reading "C:\\xampp\\htdocs\\tutorial2\\app\\admin\\layout.tsx"
2026-01-15T15:40:52.769740Z  INFO tailwindcss_oxide::scanner: Reading "C:\\xampp\\htdocs\\tutorial2\\PAYMENT_TESTING_GUIDE.md"
2026-01-15T15:40:52.769759Z  INFO tailwindcss_oxide::scanner: Reading "C:\\xampp\\htdocs\\tutorial2\\app\\admin\\payment\\page.tsx"
2026-01-15T15:40:52.769757Z  INFO tailwindcss_oxide::scanner: Reading "C:\\xampp\\htdocs\\tutorial2\\app\\dashboard\\page.tsx"
2026-01-15T15:40:52.769763Z  INFO tailwindcss_oxide::scanner: Reading "C:\\xampp\\htdocs\\tutorial2\\app\\api\\settings\\route.ts"
2026-01-15T15:40:52.769829Z  INFO tailwindcss_oxide::scanner: Reading "C:\\xampp\\htdocs\\tutorial2\\app\\api\\admin\\users\\[id]\\approve\\route.ts"
2026-01-15T15:40:52.769842Z  INFO tailwindcss_oxide::scanner: Reading "C:\\xampp\\htdocs\\tutorial2\\app\\admin\\payments\\page.tsx"
2026-01-15T15:40:52.769846Z  INFO tailwindcss_oxide::scanner: Reading "C:\\xampp\\htdocs\\tutorial2\\app\\admin\\membership\\page.tsx"
2026-01-15T15:40:52.769866Z  INFO tailwindcss_oxide::scanner: Reading "C:\\xampp\\htdocs\\tutorial2\\app\\api\\payments\\mobile-money\\route.ts"
2026-01-15T15:40:52.769891Z  INFO tailwindcss_oxide::scanner: Reading "C:\\xampp\\htdocs\\tutorial2\\app\\api\\admin\\users\\[id]\\details\\route.ts"
2026-01-15T15:40:52.769895Z  INFO tailwindcss_oxide::scanner: Reading "C:\\xampp\\htdocs\\tutorial2\\app\\api\\setup\\ensure-admin\\route.ts"
2026-01-15T15:40:52.769904Z  INFO tailwindcss_oxide::scanner: Reading "C:\\xampp\\htdocs\\tutorial2\\app\\dashboard\\payment\\callback\\page.tsx"
2026-01-15T15:40:52.769911Z  INFO tailwindcss_oxide::scanner: Reading "C:\\xampp\\htdocs\\tutorial2\\app\\admin\\reports\\page.tsx"
2026-01-15T15:40:52.769952Z  INFO tailwindcss_oxide::scanner: Reading "C:\\xampp\\htdocs\\tutorial2\\app\\api\\admin\\users\\[id]\\membership-status\\route.ts"
2026-01-15T15:40:52.769954Z  INFO tailwindcss_oxide::scanner: Reading "C:\\xampp\\htdocs\\tutorial2\\app\\admin\\news\\page.tsx"
2026-01-15T15:40:52.769960Z  INFO tailwindcss_oxide::scanner: Reading "C:\\xampp\\htdocs\\tutorial2\\app\\api\\test-events\\route.ts"
2026-01-15T15:40:52.769967Z  INFO tailwindcss_oxide::scanner: Reading "C:\\xampp\\htdocs\\tutorial2\\postcss.config.mjs"
2026-01-15T15:40:52.769986Z  INFO tailwindcss_oxide::scanner: Reading "C:\\xampp\\htdocs\\tutorial2\\app\\admin\\requests\\page.tsx"
2026-01-15T15:40:52.770007Z  INFO tailwindcss_oxide::scanner: Reading "C:\\xampp\\htdocs\\tutorial2\\app\\dashboard\\payment\\page.tsx"
2026-01-15T15:40:52.770019Z  INFO tailwindcss_oxide::scanner: Reading "C:\\xampp\\htdocs\\tutorial2\\app\\api\\admin\\users\\[id]\\password\\route.ts"
2026-01-15T15:40:52.770040Z  INFO tailwindcss_oxide::scanner: Reading "C:\\xampp\\htdocs\\tutorial2\\app\\api\\user\\profile\\route.ts"
2026-01-15T15:40:52.770050Z  INFO tailwindcss_oxide::scanner: Reading "C:\\xampp\\htdocs\\tutorial2\\app\\admin\\page.old.tsx"
2026-01-15T15:40:52.770054Z  INFO tailwindcss_oxide::scanner: Reading "C:\\xampp\\htdocs\\tutorial2\\PAYMENT_FLOW_IMPLEMENTATION.md"
2026-01-15T15:40:52.770061Z  INFO tailwindcss_oxide::scanner: Reading "C:\\xampp\\htdocs\\tutorial2\\app\\admin\\users\\page.tsx"
2026-01-15T15:40:52.770069Z  INFO tailwindcss_oxide::scanner: Reading "C:\\xampp\\htdocs\\tutorial2\\app\\api\\admin\\users\\[id]\\reject\\route.ts"
2026-01-15T15:40:52.770100Z  INFO tailwindcss_oxide::scanner: Reading "C:\\xampp\\htdocs\\tutorial2\\app\\dashboard\\payment\\success\\page.tsx"
2026-01-15T15:40:52.770119Z  INFO tailwindcss_oxide::scanner: Reading "C:\\xampp\\htdocs\\tutorial2\\app\\auth\\forgot-password\\page.tsx"
2026-01-15T15:40:52.770156Z  INFO tailwindcss_oxide::scanner: Reading "C:\\xampp\\htdocs\\tutorial2\\app\\admin\\users\\[id]\\page.tsx"
2026-01-15T15:40:52.770159Z  INFO tailwindcss_oxide::scanner: Reading "C:\\xampp\\htdocs\\tutorial2\\app\\admin\\page.tsx"
2026-01-15T15:40:52.770186Z  INFO tailwindcss_oxide::scanner: Reading "C:\\xampp\\htdocs\\tutorial2\\app\\dashboard\\profile\\page.tsx"
2026-01-15T15:40:52.770192Z  INFO tailwindcss_oxide::scanner: Reading "C:\\xampp\\htdocs\\tutorial2\\app\\auth\\pending-approval\\page.tsx"
2026-01-15T15:40:52.770201Z  INFO tailwindcss_oxide::scanner: Reading "C:\\xampp\\htdocs\\tutorial2\\app\\auth\\layout.tsx"
2026-01-15T15:40:52.770201Z  INFO tailwindcss_oxide::scanner: Reading "C:\\xampp\\htdocs\\tutorial2\\package.json"
2026-01-15T15:40:52.770220Z  INFO tailwindcss_oxide::scanner: Reading "C:\\xampp\\htdocs\\tutorial2\\app\\api\\about-content\\route.ts"
2026-01-15T15:40:52.770216Z  INFO tailwindcss_oxide::scanner: Reading "C:\\xampp\\htdocs\\tutorial2\\app\\dashboard\\complete-profile\\page.tsx"
2026-01-15T15:40:52.770255Z  INFO tailwindcss_oxide::scanner: Reading "C:\\xampp\\htdocs\\tutorial2\\app\\dashboard\\layout.tsx"
2026-01-15T15:40:52.770261Z  INFO tailwindcss_oxide::scanner: Reading "C:\\xampp\\htdocs\\tutorial2\\pnpm-workspace.yaml"
2026-01-15T15:40:52.770270Z  INFO tailwindcss_oxide::scanner: Reading "C:\\xampp\\htdocs\\tutorial2\\app\\dashboard\\subscribe\\page.tsx"
2026-01-15T15:40:52.770279Z  INFO tailwindcss_oxide::scanner: Reading "C:\\xampp\\htdocs\\tutorial2\\app\\auth\\login\\page.tsx"
2026-01-15T15:40:52.770282Z  INFO tailwindcss_oxide::scanner: Reading "C:\\xampp\\htdocs\\tutorial2\\app\\api\\admin\\content\\about\\route.ts"
2026-01-15T15:40:52.770290Z  INFO tailwindcss_oxide::scanner: Reading "C:\\xampp\\htdocs\\tutorial2\\app\\page.tsx"
2026-01-15T15:40:52.770317Z  INFO tailwindcss_oxide::scanner: Reading "C:\\xampp\\htdocs\\tutorial2\\app\\auth\\register\\page.tsx"
2026-01-15T15:40:52.770320Z  INFO tailwindcss_oxide::scanner: Reading "C:\\xampp\\htdocs\\tutorial2\\app\\dashboard\\membership-card\\page.tsx"
2026-01-15T15:40:52.770321Z  INFO tailwindcss_oxide::scanner: Reading "C:\\xampp\\htdocs\\tutorial2\\check_membership.php"
2026-01-15T15:40:52.770350Z  INFO tailwindcss_oxide::scanner: Reading "C:\\xampp\\htdocs\\tutorial2\\app\\schemas\\auth.ts"
2026-01-15T15:40:52.770352Z  INFO tailwindcss_oxide::scanner: Reading "C:\\xampp\\htdocs\\tutorial2\\app\\fix-auth\\page.tsx"
2026-01-15T15:40:52.770366Z  INFO tailwindcss_oxide::scanner: Reading "C:\\xampp\\htdocs\\tutorial2\\app\\dashboard\\events\\page.tsx"
2026-01-15T15:40:52.770368Z  INFO tailwindcss_oxide::scanner: Reading "C:\\xampp\\htdocs\\tutorial2\\app\\dashboard\\messages\\page.tsx"
2026-01-15T15:40:52.770379Z  INFO tailwindcss_oxide::scanner: Reading "C:\\xampp\\htdocs\\tutorial2\\app\\scripts\\seed.ts"
2026-01-15T15:40:52.770406Z  INFO tailwindcss_oxide::scanner: Reading "C:\\xampp\\htdocs\\tutorial2\\check_memberships_columns.php"
2026-01-15T15:40:52.770406Z  INFO tailwindcss_oxide::scanner: Reading "C:\\xampp\\htdocs\\tutorial2\\app\\layout.tsx"
2026-01-15T15:40:52.770407Z  INFO tailwindcss_oxide::scanner: Reading "C:\\xampp\\htdocs\\tutorial2\\app\\not-found.tsx"
2026-01-15T15:40:52.770431Z  INFO tailwindcss_oxide::scanner: Reading "C:\\xampp\\htdocs\\tutorial2\\app\\components\\ConditionalLayout.tsx"
2026-01-15T15:40:52.770438Z  INFO tailwindcss_oxide::scanner: Reading "C:\\xampp\\htdocs\\tutorial2\\check_payments_structure.php"
2026-01-15T15:40:52.770456Z  INFO tailwindcss_oxide::scanner: Reading "C:\\xampp\\htdocs\\tutorial2\\check_membership_numbers.php"
2026-01-15T15:40:52.770454Z  INFO tailwindcss_oxide::scanner: Reading "C:\\xampp\\htdocs\\tutorial2\\check_payment_methods.php"
2026-01-15T15:40:52.770459Z  INFO tailwindcss_oxide::scanner: Reading "C:\\xampp\\htdocs\\tutorial2\\app\\unauthorized\\page.tsx"
2026-01-15T15:40:52.770465Z  INFO tailwindcss_oxide::scanner: Reading "C:\\xampp\\htdocs\\tutorial2\\check_database.php"
2026-01-15T15:40:52.770457Z  INFO tailwindcss_oxide::scanner: Reading "C:\\xampp\\htdocs\\tutorial2\\app\\contact\\page.tsx"
2026-01-15T15:40:52.770454Z  INFO tailwindcss_oxide::scanner: Reading "C:\\xampp\\htdocs\\tutorial2\\app\\components\\SharedLayout.tsx"
2026-01-15T15:40:52.770514Z  INFO tailwindcss_oxide::scanner: Reading "C:\\xampp\\htdocs\\tutorial2\\check_payment_tables.php"
2026-01-15T15:40:52.770609Z  INFO extract_candidates:read_all_files: tailwindcss_oxide::scanner: exit
2026-01-15T15:40:52.770623Z  INFO extract_candidates:parse_all_blobs: tailwindcss_oxide::scanner: enter
2026-01-15T15:40:52.770628Z  INFO extract_candidates:parse_all_blobs:extract: tailwindcss_oxide::scanner: enter
2026-01-15T15:40:52.778493Z  INFO extract_candidates:parse_all_blobs:extract: tailwindcss_oxide::scanner: exit
2026-01-15T15:40:52.778860Z  INFO extract_candidates:parse_all_blobs: tailwindcss_oxide::scanner: exit
2026-01-15T15:40:52.778872Z  INFO extract_candidates:read_all_files: tailwindcss_oxide::scanner: enter
2026-01-15T15:40:52.778876Z  INFO extract_candidates:read_all_files: tailwindcss_oxide::scanner: Reading 3 file(s)
2026-01-15T15:40:52.779083Z  INFO tailwindcss_oxide::scanner: Reading "C:\\xampp\\htdocs\\tutorial2\\app\\dashboard\\membership-card\\print-styles.css"
2026-01-15T15:40:52.779098Z  INFO tailwindcss_oxide::scanner: Reading "C:\\xampp\\htdocs\\tutorial2\\app\\print.css"
2026-01-15T15:40:52.779128Z  INFO tailwindcss_oxide::scanner: Reading "C:\\xampp\\htdocs\\tutorial2\\app\\globals.css"
2026-01-15T15:40:52.779166Z  INFO extract_candidates:read_all_files: tailwindcss_oxide::scanner: exit
2026-01-15T15:40:52.779191Z  INFO extract_candidates:extract_css_variables: tailwindcss_oxide::scanner: enter
2026-01-15T15:40:52.779196Z  INFO extract_candidates:extract_css_variables:extract: tailwindcss_oxide::scanner: enter
2026-01-15T15:40:52.779342Z  INFO extract_candidates:extract_css_variables:extract: tailwindcss_oxide::scanner: exit
2026-01-15T15:40:52.779365Z  INFO extract_candidates:extract_css_variables: tailwindcss_oxide::scanner: exit
2026-01-15T15:40:52.780405Z  INFO extract_candidates: tailwindcss_oxide::scanner: exit
2026-01-15T15:40:52.782197Z  INFO get_files: tailwindcss_oxide::scanner: enter
2026-01-15T15:40:52.782263Z  INFO get_files:scan_sources: tailwindcss_oxide::scanner: enter
2026-01-15T15:40:52.784731Z  INFO get_files:scan_sources: tailwindcss_oxide::scanner: Discovering "C:\\xampp\\htdocs\\tutorial2\\.windsurf"
2026-01-15T15:40:52.784839Z  INFO get_files:scan_sources: tailwindcss_oxide::scanner: Discovering "C:\\xampp\\htdocs\\tutorial2\\.windsurf\\workflows"
2026-01-15T15:40:52.785102Z  INFO get_files:scan_sources: tailwindcss_oxide::scanner: Discovering "C:\\xampp\\htdocs\\tutorial2\\api"
2026-01-15T15:40:52.785195Z  INFO get_files:scan_sources: tailwindcss_oxide::scanner: Discovering "C:\\xampp\\htdocs\\tutorial2\\api\\auth"
2026-01-15T15:40:52.785367Z  INFO get_files:scan_sources: tailwindcss_oxide::scanner: Discovering "C:\\xampp\\htdocs\\tutorial2\\app"
2026-01-15T15:40:52.785453Z  INFO get_files:scan_sources: tailwindcss_oxide::scanner: Discovering "C:\\xampp\\htdocs\\tutorial2\\app\\(layout)"
2026-01-15T15:40:52.785560Z  INFO get_files:scan_sources: tailwindcss_oxide::scanner: Discovering "C:\\xampp\\htdocs\\tutorial2\\app\\(shared-layout)"
2026-01-15T15:40:52.785684Z  INFO get_files:scan_sources: tailwindcss_oxide::scanner: Discovering "C:\\xampp\\htdocs\\tutorial2\\app\\about"
2026-01-15T15:40:52.785841Z  INFO get_files:scan_sources: tailwindcss_oxide::scanner: Discovering "C:\\xampp\\htdocs\\tutorial2\\app\\about-us"
2026-01-15T15:40:52.785961Z  INFO get_files:scan_sources: tailwindcss_oxide::scanner: Discovering "C:\\xampp\\htdocs\\tutorial2\\app\\admin"
2026-01-15T15:40:52.786045Z  INFO get_files:scan_sources: tailwindcss_oxide::scanner: Discovering "C:\\xampp\\htdocs\\tutorial2\\app\\admin\\cards"
2026-01-15T15:40:52.786155Z  INFO get_files:scan_sources: tailwindcss_oxide::scanner: Discovering "C:\\xampp\\htdocs\\tutorial2\\app\\admin\\content"
2026-01-15T15:40:52.786236Z  INFO get_files:scan_sources: tailwindcss_oxide::scanner: Discovering "C:\\xampp\\htdocs\\tutorial2\\app\\admin\\content\\about"
2026-01-15T15:40:52.786341Z  INFO get_files:scan_sources: tailwindcss_oxide::scanner: Discovering "C:\\xampp\\htdocs\\tutorial2\\app\\admin\\content\\contact"
2026-01-15T15:40:52.786470Z  INFO get_files:scan_sources: tailwindcss_oxide::scanner: Discovering "C:\\xampp\\htdocs\\tutorial2\\app\\admin\\content\\home"
2026-01-15T15:40:52.786609Z  INFO get_files:scan_sources: tailwindcss_oxide::scanner: Discovering "C:\\xampp\\htdocs\\tutorial2\\app\\admin\\dashboard"
2026-01-15T15:40:52.786712Z  INFO get_files:scan_sources: tailwindcss_oxide::scanner: Discovering "C:\\xampp\\htdocs\\tutorial2\\app\\admin\\events"
2026-01-15T15:40:52.786807Z  INFO get_files:scan_sources: tailwindcss_oxide::scanner: Discovering "C:\\xampp\\htdocs\\tutorial2\\app\\admin\\events\\[id]"
2026-01-15T15:40:52.786902Z  INFO get_files:scan_sources: tailwindcss_oxide::scanner: Discovering "C:\\xampp\\htdocs\\tutorial2\\app\\admin\\events\\[id]\\registrations"
2026-01-15T15:40:52.787042Z  INFO get_files:scan_sources: tailwindcss_oxide::scanner: Discovering "C:\\xampp\\htdocs\\tutorial2\\app\\admin\\membership"
2026-01-15T15:40:52.787151Z  INFO get_files:scan_sources: tailwindcss_oxide::scanner: Discovering "C:\\xampp\\htdocs\\tutorial2\\app\\admin\\news"
2026-01-15T15:40:52.787327Z  INFO get_files:scan_sources: tailwindcss_oxide::scanner: Discovering "C:\\xampp\\htdocs\\tutorial2\\app\\admin\\payment"
2026-01-15T15:40:52.787429Z  INFO get_files:scan_sources: tailwindcss_oxide::scanner: Discovering "C:\\xampp\\htdocs\\tutorial2\\app\\admin\\payments"
2026-01-15T15:40:52.787530Z  INFO get_files:scan_sources: tailwindcss_oxide::scanner: Discovering "C:\\xampp\\htdocs\\tutorial2\\app\\admin\\reports"
2026-01-15T15:40:52.787630Z  INFO get_files:scan_sources: tailwindcss_oxide::scanner: Discovering "C:\\xampp\\htdocs\\tutorial2\\app\\admin\\requests"
2026-01-15T15:40:52.787738Z  INFO get_files:scan_sources: tailwindcss_oxide::scanner: Discovering "C:\\xampp\\htdocs\\tutorial2\\app\\admin\\users"
2026-01-15T15:40:52.787838Z  INFO get_files:scan_sources: tailwindcss_oxide::scanner: Discovering "C:\\xampp\\htdocs\\tutorial2\\app\\admin\\users\\[id]"
2026-01-15T15:40:52.787978Z  INFO get_files:scan_sources: tailwindcss_oxide::scanner: Discovering "C:\\xampp\\htdocs\\tutorial2\\app\\api"
2026-01-15T15:40:52.788061Z  INFO get_files:scan_sources: tailwindcss_oxide::scanner: Discovering "C:\\xampp\\htdocs\\tutorial2\\app\\api\\about-content"
2026-01-15T15:40:52.788166Z  INFO get_files:scan_sources: tailwindcss_oxide::scanner: Discovering "C:\\xampp\\htdocs\\tutorial2\\app\\api\\admin"
2026-01-15T15:40:52.788247Z  INFO get_files:scan_sources: tailwindcss_oxide::scanner: Discovering "C:\\xampp\\htdocs\\tutorial2\\app\\api\\admin\\content"
2026-01-15T15:40:52.788326Z  INFO get_files:scan_sources: tailwindcss_oxide::scanner: Discovering "C:\\xampp\\htdocs\\tutorial2\\app\\api\\admin\\content\\about"
2026-01-15T15:40:52.788432Z  INFO get_files:scan_sources: tailwindcss_oxide::scanner: Discovering "C:\\xampp\\htdocs\\tutorial2\\app\\api\\admin\\content\\about\\[id]"
2026-01-15T15:40:52.788559Z  INFO get_files:scan_sources: tailwindcss_oxide::scanner: Discovering "C:\\xampp\\htdocs\\tutorial2\\app\\api\\admin\\content\\contact"
2026-01-15T15:40:52.788653Z  INFO get_files:scan_sources: tailwindcss_oxide::scanner: Discovering "C:\\xampp\\htdocs\\tutorial2\\app\\api\\admin\\content\\contact\\[id]"
2026-01-15T15:40:52.788765Z  INFO get_files:scan_sources: tailwindcss_oxide::scanner: Discovering "C:\\xampp\\htdocs\\tutorial2\\app\\api\\admin\\content\\footer"
2026-01-15T15:40:52.788869Z  INFO get_files:scan_sources: tailwindcss_oxide::scanner: Discovering "C:\\xampp\\htdocs\\tutorial2\\app\\api\\admin\\content\\home"
2026-01-15T15:40:52.788962Z  INFO get_files:scan_sources: tailwindcss_oxide::scanner: Discovering "C:\\xampp\\htdocs\\tutorial2\\app\\api\\admin\\content\\home\\[id]"
2026-01-15T15:40:52.789073Z  INFO get_files:scan_sources: tailwindcss_oxide::scanner: Discovering "C:\\xampp\\htdocs\\tutorial2\\app\\api\\admin\\content\\media"
2026-01-15T15:40:52.789176Z  INFO get_files:scan_sources: tailwindcss_oxide::scanner: Discovering "C:\\xampp\\htdocs\\tutorial2\\app\\api\\admin\\content\\navigation"
2026-01-15T15:40:52.789278Z  INFO get_files:scan_sources: tailwindcss_oxide::scanner: Discovering "C:\\xampp\\htdocs\\tutorial2\\app\\api\\admin\\content\\pages"
2026-01-15T15:40:52.789377Z  INFO get_files:scan_sources: tailwindcss_oxide::scanner: Discovering "C:\\xampp\\htdocs\\tutorial2\\app\\api\\admin\\content\\pages\\[id]"
2026-01-15T15:40:52.789490Z  INFO get_files:scan_sources: tailwindcss_oxide::scanner: Discovering "C:\\xampp\\htdocs\\tutorial2\\app\\api\\admin\\content\\settings"
2026-01-15T15:40:52.789602Z  INFO get_files:scan_sources: tailwindcss_oxide::scanner: Discovering "C:\\xampp\\htdocs\\tutorial2\\app\\api\\admin\\create-admin"
2026-01-15T15:40:52.789703Z  INFO get_files:scan_sources: tailwindcss_oxide::scanner: Discovering "C:\\xampp\\htdocs\\tutorial2\\app\\api\\admin\\deleted-users"
2026-01-15T15:40:52.789806Z  INFO get_files:scan_sources: tailwindcss_oxide::scanner: Discovering "C:\\xampp\\htdocs\\tutorial2\\app\\api\\admin\\events"
2026-01-15T15:40:52.789923Z  INFO get_files:scan_sources: tailwindcss_oxide::scanner: Discovering "C:\\xampp\\htdocs\\tutorial2\\app\\api\\admin\\events\\[id]"
2026-01-15T15:40:52.790006Z  INFO get_files:scan_sources: tailwindcss_oxide::scanner: Discovering "C:\\xampp\\htdocs\\tutorial2\\app\\api\\admin\\events\\[id]\\registrations"
2026-01-15T15:40:52.790160Z  INFO get_files:scan_sources: tailwindcss_oxide::scanner: Discovering "C:\\xampp\\htdocs\\tutorial2\\app\\api\\admin\\fix-admin"
2026-01-15T15:40:52.790262Z  INFO get_files:scan_sources: tailwindcss_oxide::scanner: Discovering "C:\\xampp\\htdocs\\tutorial2\\app\\api\\admin\\membership"
2026-01-15T15:40:52.790338Z  INFO get_files:scan_sources: tailwindcss_oxide::scanner: Discovering "C:\\xampp\\htdocs\\tutorial2\\app\\api\\admin\\membership\\cycles"
2026-01-15T15:40:52.790445Z  INFO get_files:scan_sources: tailwindcss_oxide::scanner: Discovering "C:\\xampp\\htdocs\\tutorial2\\app\\api\\admin\\membership\\settings"
2026-01-15T15:40:52.790547Z  INFO get_files:scan_sources: tailwindcss_oxide::scanner: Discovering "C:\\xampp\\htdocs\\tutorial2\\app\\api\\admin\\membership\\types"
2026-01-15T15:40:52.790672Z  INFO get_files:scan_sources: tailwindcss_oxide::scanner: Discovering "C:\\xampp\\htdocs\\tutorial2\\app\\api\\admin\\news"
2026-01-15T15:40:52.790774Z  INFO get_files:scan_sources: tailwindcss_oxide::scanner: Discovering "C:\\xampp\\htdocs\\tutorial2\\app\\api\\admin\\payment"
2026-01-15T15:40:52.790875Z  INFO get_files:scan_sources: tailwindcss_oxide::scanner: Discovering "C:\\xampp\\htdocs\\tutorial2\\app\\api\\admin\\payments"
2026-01-15T15:40:52.790953Z  INFO get_files:scan_sources: tailwindcss_oxide::scanner: Discovering "C:\\xampp\\htdocs\\tutorial2\\app\\api\\admin\\payments\\list"
2026-01-15T15:40:52.791029Z  INFO get_files:scan_sources: tailwindcss_oxide::scanner: Discovering "C:\\xampp\\htdocs\\tutorial2\\app\\api\\admin\\payments\\list\\export"
2026-01-15T15:40:52.791173Z  INFO get_files:scan_sources: tailwindcss_oxide::scanner: Discovering "C:\\xampp\\htdocs\\tutorial2\\app\\api\\admin\\payments\\[id]"
2026-01-15T15:40:52.791249Z  INFO get_files:scan_sources: tailwindcss_oxide::scanner: Discovering "C:\\xampp\\htdocs\\tutorial2\\app\\api\\admin\\payments\\[id]\\refund"
2026-01-15T15:40:52.791390Z  INFO get_files:scan_sources: tailwindcss_oxide::scanner: Discovering "C:\\xampp\\htdocs\\tutorial2\\app\\api\\admin\\report"
2026-01-15T15:40:52.791491Z  INFO get_files:scan_sources: tailwindcss_oxide::scanner: Discovering "C:\\xampp\\htdocs\\tutorial2\\app\\api\\admin\\reports"
2026-01-15T15:40:52.791567Z  INFO get_files:scan_sources: tailwindcss_oxide::scanner: Discovering "C:\\xampp\\htdocs\\tutorial2\\app\\api\\admin\\reports\\generate"
2026-01-15T15:40:52.791691Z  INFO get_files:scan_sources: tailwindcss_oxide::scanner: Discovering "C:\\xampp\\htdocs\\tutorial2\\app\\api\\admin\\reset-admin"
2026-01-15T15:40:52.791792Z  INFO get_files:scan_sources: tailwindcss_oxide::scanner: Discovering "C:\\xampp\\htdocs\\tutorial2\\app\\api\\admin\\users"
2026-01-15T15:40:52.791867Z  INFO get_files:scan_sources: tailwindcss_oxide::scanner: Discovering "C:\\xampp\\htdocs\\tutorial2\\app\\api\\admin\\users\\restore"
2026-01-15T15:40:52.791992Z  INFO get_files:scan_sources: tailwindcss_oxide::scanner: Discovering "C:\\xampp\\htdocs\\tutorial2\\app\\api\\admin\\users\\[id]"
2026-01-15T15:40:52.792073Z  INFO get_files:scan_sources: tailwindcss_oxide::scanner: Discovering "C:\\xampp\\htdocs\\tutorial2\\app\\api\\admin\\users\\[id]\\approve"
2026-01-15T15:40:52.792174Z  INFO get_files:scan_sources: tailwindcss_oxide::scanner: Discovering "C:\\xampp\\htdocs\\tutorial2\\app\\api\\admin\\users\\[id]\\details"
2026-01-15T15:40:52.792279Z  INFO get_files:scan_sources: tailwindcss_oxide::scanner: Discovering "C:\\xampp\\htdocs\\tutorial2\\app\\api\\admin\\users\\[id]\\membership-status"
2026-01-15T15:40:52.792384Z  INFO get_files:scan_sources: tailwindcss_oxide::scanner: Discovering "C:\\xampp\\htdocs\\tutorial2\\app\\api\\admin\\users\\[id]\\password"
2026-01-15T15:40:52.792489Z  INFO get_files:scan_sources: tailwindcss_oxide::scanner: Discovering "C:\\xampp\\htdocs\\tutorial2\\app\\api\\admin\\users\\[id]\\reject"
2026-01-15T15:40:52.792638Z  INFO get_files:scan_sources: tailwindcss_oxide::scanner: Discovering "C:\\xampp\\htdocs\\tutorial2\\app\\api\\auth"
2026-01-15T15:40:52.792721Z  INFO get_files:scan_sources: tailwindcss_oxide::scanner: Discovering "C:\\xampp\\htdocs\\tutorial2\\app\\api\\auth\\forgot-password"
2026-01-15T15:40:52.792821Z  INFO get_files:scan_sources: tailwindcss_oxide::scanner: Discovering "C:\\xampp\\htdocs\\tutorial2\\app\\api\\auth\\login"
2026-01-15T15:40:52.792921Z  INFO get_files:scan_sources: tailwindcss_oxide::scanner: Discovering "C:\\xampp\\htdocs\\tutorial2\\app\\api\\auth\\logout"
2026-01-15T15:40:52.793022Z  INFO get_files:scan_sources: tailwindcss_oxide::scanner: Discovering "C:\\xampp\\htdocs\\tutorial2\\app\\api\\auth\\me"
2026-01-15T15:40:52.793171Z  INFO get_files:scan_sources: tailwindcss_oxide::scanner: Discovering "C:\\xampp\\htdocs\\tutorial2\\app\\api\\auth\\membership-status"
2026-01-15T15:40:52.793277Z  INFO get_files:scan_sources: tailwindcss_oxide::scanner: Discovering "C:\\xampp\\htdocs\\tutorial2\\app\\api\\auth\\profile"
2026-01-15T15:40:52.793397Z  INFO get_files:scan_sources: tailwindcss_oxide::scanner: Discovering "C:\\xampp\\htdocs\\tutorial2\\app\\api\\auth\\refresh"
2026-01-15T15:40:52.793498Z  INFO get_files:scan_sources: tailwindcss_oxide::scanner: Discovering "C:\\xampp\\htdocs\\tutorial2\\app\\api\\auth\\register"
2026-01-15T15:40:52.793599Z  INFO get_files:scan_sources: tailwindcss_oxide::scanner: Discovering "C:\\xampp\\htdocs\\tutorial2\\app\\api\\auth\\[...nextauth]"
2026-01-15T15:40:52.793725Z  INFO get_files:scan_sources: tailwindcss_oxide::scanner: Discovering "C:\\xampp\\htdocs\\tutorial2\\app\\api\\contact-content"
2026-01-15T15:40:52.793828Z  INFO get_files:scan_sources: tailwindcss_oxide::scanner: Discovering "C:\\xampp\\htdocs\\tutorial2\\app\\api\\debug"
2026-01-15T15:40:52.793927Z  INFO get_files:scan_sources: tailwindcss_oxide::scanner: Discovering "C:\\xampp\\htdocs\\tutorial2\\app\\api\\debug\\pricing"
2026-01-15T15:40:52.794039Z  INFO get_files:scan_sources: tailwindcss_oxide::scanner: Discovering "C:\\xampp\\htdocs\\tutorial2\\app\\api\\events"
2026-01-15T15:40:52.794128Z  INFO get_files:scan_sources: tailwindcss_oxide::scanner: Discovering "C:\\xampp\\htdocs\\tutorial2\\app\\api\\events\\[id]"
2026-01-15T15:40:52.794220Z  INFO get_files:scan_sources: tailwindcss_oxide::scanner: Discovering "C:\\xampp\\htdocs\\tutorial2\\app\\api\\events\\[id]\\register"
2026-01-15T15:40:52.794336Z  INFO get_files:scan_sources: tailwindcss_oxide::scanner: Discovering "C:\\xampp\\htdocs\\tutorial2\\app\\api\\fix-membership"
2026-01-15T15:40:52.794437Z  INFO get_files:scan_sources: tailwindcss_oxide::scanner: Discovering "C:\\xampp\\htdocs\\tutorial2\\app\\api\\home-content"
2026-01-15T15:40:52.794544Z  INFO get_files:scan_sources: tailwindcss_oxide::scanner: Discovering "C:\\xampp\\htdocs\\tutorial2\\app\\api\\membership"
2026-01-15T15:40:52.794625Z  INFO get_files:scan_sources: tailwindcss_oxide::scanner: Discovering "C:\\xampp\\htdocs\\tutorial2\\app\\api\\membership\\complete-payment"
2026-01-15T15:40:52.794726Z  INFO get_files:scan_sources: tailwindcss_oxide::scanner: Discovering "C:\\xampp\\htdocs\\tutorial2\\app\\api\\membership\\next-number"
2026-01-15T15:40:52.794826Z  INFO get_files:scan_sources: tailwindcss_oxide::scanner: Discovering "C:\\xampp\\htdocs\\tutorial2\\app\\api\\membership\\pay"
2026-01-15T15:40:52.794925Z  INFO get_files:scan_sources: tailwindcss_oxide::scanner: Discovering "C:\\xampp\\htdocs\\tutorial2\\app\\api\\membership\\pay-early"
2026-01-15T15:40:52.795023Z  INFO get_files:scan_sources: tailwindcss_oxide::scanner: Discovering "C:\\xampp\\htdocs\\tutorial2\\app\\api\\membership\\payment-status"
2026-01-15T15:40:52.795122Z  INFO get_files:scan_sources: tailwindcss_oxide::scanner: Discovering "C:\\xampp\\htdocs\\tutorial2\\app\\api\\membership\\payment-success"
2026-01-15T15:40:52.795256Z  INFO get_files:scan_sources: tailwindcss_oxide::scanner: Discovering "C:\\xampp\\htdocs\\tutorial2\\app\\api\\membership\\status"
2026-01-15T15:40:52.795397Z  INFO get_files:scan_sources: tailwindcss_oxide::scanner: Discovering "C:\\xampp\\htdocs\\tutorial2\\app\\api\\messages"
2026-01-15T15:40:52.795471Z  INFO get_files:scan_sources: tailwindcss_oxide::scanner: Discovering "C:\\xampp\\htdocs\\tutorial2\\app\\api\\messages\\reply"
2026-01-15T15:40:52.795586Z  INFO get_files:scan_sources: tailwindcss_oxide::scanner: Discovering "C:\\xampp\\htdocs\\tutorial2\\app\\api\\messages\\[id]"
2026-01-15T15:40:52.795662Z  INFO get_files:scan_sources: tailwindcss_oxide::scanner: Discovering "C:\\xampp\\htdocs\\tutorial2\\app\\api\\messages\\[id]\\read"
2026-01-15T15:40:52.795794Z  INFO get_files:scan_sources: tailwindcss_oxide::scanner: Discovering "C:\\xampp\\htdocs\\tutorial2\\app\\api\\news"
2026-01-15T15:40:52.795919Z  INFO get_files:scan_sources: tailwindcss_oxide::scanner: Discovering "C:\\xampp\\htdocs\\tutorial2\\app\\api\\payment"
2026-01-15T15:40:52.795997Z  INFO get_files:scan_sources: tailwindcss_oxide::scanner: Discovering "C:\\xampp\\htdocs\\tutorial2\\app\\api\\payment\\pesapal"
2026-01-15T15:40:52.796107Z  INFO get_files:scan_sources: tailwindcss_oxide::scanner: Discovering "C:\\xampp\\htdocs\\tutorial2\\app\\api\\payments"
2026-01-15T15:40:52.796186Z  INFO get_files:scan_sources: tailwindcss_oxide::scanner: Discovering "C:\\xampp\\htdocs\\tutorial2\\app\\api\\payments\\activate-test"
2026-01-15T15:40:52.796287Z  INFO get_files:scan_sources: tailwindcss_oxide::scanner: Discovering "C:\\xampp\\htdocs\\tutorial2\\app\\api\\payments\\azampay"
2026-01-15T15:40:52.796362Z  INFO get_files:scan_sources: tailwindcss_oxide::scanner: Discovering "C:\\xampp\\htdocs\\tutorial2\\app\\api\\payments\\azampay\\callback"
2026-01-15T15:40:52.796467Z  INFO get_files:scan_sources: tailwindcss_oxide::scanner: Discovering "C:\\xampp\\htdocs\\tutorial2\\app\\api\\payments\\azampay\\checkout"
2026-01-15T15:40:52.796575Z  INFO get_files:scan_sources: tailwindcss_oxide::scanner: Discovering "C:\\xampp\\htdocs\\tutorial2\\app\\api\\payments\\cleanup"
2026-01-15T15:40:52.796673Z  INFO get_files:scan_sources: tailwindcss_oxide::scanner: Discovering "C:\\xampp\\htdocs\\tutorial2\\app\\api\\payments\\complete"
2026-01-15T15:40:52.796772Z  INFO get_files:scan_sources: tailwindcss_oxide::scanner: Discovering "C:\\xampp\\htdocs\\tutorial2\\app\\api\\payments\\mobile-money"
2026-01-15T15:40:52.796882Z  INFO get_files:scan_sources: tailwindcss_oxide::scanner: Discovering "C:\\xampp\\htdocs\\tutorial2\\app\\api\\reports"
2026-01-15T15:40:52.796958Z  INFO get_files:scan_sources: tailwindcss_oxide::scanner: Discovering "C:\\xampp\\htdocs\\tutorial2\\app\\api\\reports\\generate"
2026-01-15T15:40:52.797056Z  INFO get_files:scan_sources: tailwindcss_oxide::scanner: Discovering "C:\\xampp\\htdocs\\tutorial2\\app\\api\\reports\\send-email"
2026-01-15T15:40:52.797165Z  INFO get_files:scan_sources: tailwindcss_oxide::scanner: Discovering "C:\\xampp\\htdocs\\tutorial2\\app\\api\\send-approval-email"
2026-01-15T15:40:52.797263Z  INFO get_files:scan_sources: tailwindcss_oxide::scanner: Discovering "C:\\xampp\\htdocs\\tutorial2\\app\\api\\settings"
2026-01-15T15:40:52.797360Z  INFO get_files:scan_sources: tailwindcss_oxide::scanner: Discovering "C:\\xampp\\htdocs\\tutorial2\\app\\api\\setup"
2026-01-15T15:40:52.797434Z  INFO get_files:scan_sources: tailwindcss_oxide::scanner: Discovering "C:\\xampp\\htdocs\\tutorial2\\app\\api\\setup\\ensure-admin"
2026-01-15T15:40:52.797541Z  INFO get_files:scan_sources: tailwindcss_oxide::scanner: Discovering "C:\\xampp\\htdocs\\tutorial2\\app\\api\\test-events"
2026-01-15T15:40:52.797652Z  INFO get_files:scan_sources: tailwindcss_oxide::scanner: Discovering "C:\\xampp\\htdocs\\tutorial2\\app\\api\\user"
2026-01-15T15:40:52.797738Z  INFO get_files:scan_sources: tailwindcss_oxide::scanner: Discovering "C:\\xampp\\htdocs\\tutorial2\\app\\api\\user\\profile"
2026-01-15T15:40:52.797914Z  INFO get_files:scan_sources: tailwindcss_oxide::scanner: Discovering "C:\\xampp\\htdocs\\tutorial2\\app\\auth"
2026-01-15T15:40:52.798239Z  INFO get_files:scan_sources: tailwindcss_oxide::scanner: Discovering "C:\\xampp\\htdocs\\tutorial2\\app\\auth\\forgot-password"
2026-01-15T15:40:52.798492Z  INFO get_files:scan_sources: tailwindcss_oxide::scanner: Discovering "C:\\xampp\\htdocs\\tutorial2\\app\\auth\\login"
2026-01-15T15:40:52.798639Z  INFO get_files:scan_sources: tailwindcss_oxide::scanner: Discovering "C:\\xampp\\htdocs\\tutorial2\\app\\auth\\pending-approval"
2026-01-15T15:40:52.798822Z  INFO get_files:scan_sources: tailwindcss_oxide::scanner: Discovering "C:\\xampp\\htdocs\\tutorial2\\app\\auth\\register"
2026-01-15T15:40:52.799063Z  INFO get_files:scan_sources: tailwindcss_oxide::scanner: Discovering "C:\\xampp\\htdocs\\tutorial2\\app\\components"
2026-01-15T15:40:52.799307Z  INFO get_files:scan_sources: tailwindcss_oxide::scanner: Discovering "C:\\xampp\\htdocs\\tutorial2\\app\\contact"
2026-01-15T15:40:52.799594Z  INFO get_files:scan_sources: tailwindcss_oxide::scanner: Discovering "C:\\xampp\\htdocs\\tutorial2\\app\\dashboard"
2026-01-15T15:40:52.799697Z  INFO get_files:scan_sources: tailwindcss_oxide::scanner: Discovering "C:\\xampp\\htdocs\\tutorial2\\app\\dashboard\\complete-profile"
2026-01-15T15:40:52.799833Z  INFO get_files:scan_sources: tailwindcss_oxide::scanner: Discovering "C:\\xampp\\htdocs\\tutorial2\\app\\dashboard\\events"
2026-01-15T15:40:52.799967Z  INFO get_files:scan_sources: tailwindcss_oxide::scanner: Discovering "C:\\xampp\\htdocs\\tutorial2\\app\\dashboard\\membership-card"
2026-01-15T15:40:52.800108Z  INFO get_files:scan_sources: tailwindcss_oxide::scanner: Discovering "C:\\xampp\\htdocs\\tutorial2\\app\\dashboard\\messages"
2026-01-15T15:40:52.800222Z  INFO get_files:scan_sources: tailwindcss_oxide::scanner: Discovering "C:\\xampp\\htdocs\\tutorial2\\app\\dashboard\\news"
2026-01-15T15:40:52.800352Z  INFO get_files:scan_sources: tailwindcss_oxide::scanner: Discovering "C:\\xampp\\htdocs\\tutorial2\\app\\dashboard\\payment"
2026-01-15T15:40:52.800437Z  INFO get_files:scan_sources: tailwindcss_oxide::scanner: Discovering "C:\\xampp\\htdocs\\tutorial2\\app\\dashboard\\payment\\callback"
2026-01-15T15:40:52.800573Z  INFO get_files:scan_sources: tailwindcss_oxide::scanner: Discovering "C:\\xampp\\htdocs\\tutorial2\\app\\dashboard\\payment\\success"
2026-01-15T15:40:52.800695Z  INFO get_files:scan_sources: tailwindcss_oxide::scanner: Discovering "C:\\xampp\\htdocs\\tutorial2\\app\\dashboard\\profile"
2026-01-15T15:40:52.800806Z  INFO get_files:scan_sources: tailwindcss_oxide::scanner: Discovering "C:\\xampp\\htdocs\\tutorial2\\app\\dashboard\\subscribe"
2026-01-15T15:40:52.800951Z  INFO get_files:scan_sources: tailwindcss_oxide::scanner: Discovering "C:\\xampp\\htdocs\\tutorial2\\app\\fix-auth"
2026-01-15T15:40:52.801150Z  INFO get_files:scan_sources: tailwindcss_oxide::scanner: Discovering "C:\\xampp\\htdocs\\tutorial2\\app\\schemas"
2026-01-15T15:40:52.801259Z  INFO get_files:scan_sources: tailwindcss_oxide::scanner: Discovering "C:\\xampp\\htdocs\\tutorial2\\app\\scripts"
2026-01-15T15:40:52.801368Z  INFO get_files:scan_sources: tailwindcss_oxide::scanner: Discovering "C:\\xampp\\htdocs\\tutorial2\\app\\unauthorized"
2026-01-15T15:40:52.801741Z  INFO get_files:scan_sources: tailwindcss_oxide::scanner: Discovering "C:\\xampp\\htdocs\\tutorial2\\components"
2026-01-15T15:40:52.801836Z  INFO get_files:scan_sources: tailwindcss_oxide::scanner: Discovering "C:\\xampp\\htdocs\\tutorial2\\components\\admin"
2026-01-15T15:40:52.802004Z  INFO get_files:scan_sources: tailwindcss_oxide::scanner: Discovering "C:\\xampp\\htdocs\\tutorial2\\components\\dashboard"
2026-01-15T15:40:52.802224Z  INFO get_files:scan_sources: tailwindcss_oxide::scanner: Discovering "C:\\xampp\\htdocs\\tutorial2\\components\\ui"
2026-01-15T15:40:52.802511Z  INFO get_files:scan_sources: tailwindcss_oxide::scanner: Discovering "C:\\xampp\\htdocs\\tutorial2\\components\\web"
2026-01-15T15:40:52.802717Z  INFO get_files:scan_sources: tailwindcss_oxide::scanner: Discovering "C:\\xampp\\htdocs\\tutorial2\\contexts"
2026-01-15T15:40:52.802829Z  INFO get_files:scan_sources: tailwindcss_oxide::scanner: Discovering "C:\\xampp\\htdocs\\tutorial2\\convex"
2026-01-15T15:40:52.802917Z  INFO get_files:scan_sources: tailwindcss_oxide::scanner: Discovering "C:\\xampp\\htdocs\\tutorial2\\convex\\_generated"
2026-01-15T15:40:52.803203Z  INFO get_files:scan_sources: tailwindcss_oxide::scanner: Discovering "C:\\xampp\\htdocs\\tutorial2\\database"
2026-01-15T15:40:52.803729Z  INFO get_files:scan_sources: tailwindcss_oxide::scanner: Discovering "C:\\xampp\\htdocs\\tutorial2\\deploy-minimal"
2026-01-15T15:40:52.803905Z  INFO get_files:scan_sources: tailwindcss_oxide::scanner: Discovering "C:\\xampp\\htdocs\\tutorial2\\deploy-simple"
2026-01-15T15:40:52.804068Z  INFO get_files:scan_sources: tailwindcss_oxide::scanner: Discovering "C:\\xampp\\htdocs\\tutorial2\\deploy-temp"
2026-01-15T15:40:52.804576Z  INFO get_files:scan_sources: tailwindcss_oxide::scanner: Discovering "C:\\xampp\\htdocs\\tutorial2\\lib"
2026-01-15T15:40:52.804988Z  INFO get_files:scan_sources: tailwindcss_oxide::scanner: Discovering "C:\\xampp\\htdocs\\tutorial2\\migrations"
2026-01-15T15:40:52.805558Z  INFO get_files:scan_sources: tailwindcss_oxide::scanner: Discovering "C:\\xampp\\htdocs\\tutorial2\\public"
2026-01-15T15:40:52.805716Z  INFO get_files:scan_sources: tailwindcss_oxide::scanner: Discovering "C:\\xampp\\htdocs\\tutorial2\\public\\uploads"
2026-01-15T15:40:52.805804Z  INFO get_files:scan_sources: tailwindcss_oxide::scanner: Discovering "C:\\xampp\\htdocs\\tutorial2\\public\\uploads\\documents"
2026-01-15T15:40:52.805916Z  INFO get_files:scan_sources: tailwindcss_oxide::scanner: Discovering "C:\\xampp\\htdocs\\tutorial2\\public\\uploads\\profile-pictures"
2026-01-15T15:40:52.806846Z  INFO get_files:scan_sources: tailwindcss_oxide::scanner: Discovering "C:\\xampp\\htdocs\\tutorial2\\types"
2026-01-15T15:40:52.807046Z  INFO get_files:scan_sources: tailwindcss_oxide::scanner: exit
2026-01-15T15:40:52.807211Z  INFO get_files: tailwindcss_oxide::scanner: exit
2026-01-15T15:40:52.807898Z  INFO get_globs: tailwindcss_oxide::scanner: enter
2026-01-15T15:40:52.807920Z  INFO get_globs:scan_sources: tailwindcss_oxide::scanner: enter
2026-01-15T15:40:52.808944Z  INFO get_globs:scan_sources: tailwindcss_oxide::scanner: Discovering "C:\\xampp\\htdocs\\tutorial2\\.windsurf"
2026-01-15T15:40:52.809045Z  INFO get_globs:scan_sources: tailwindcss_oxide::scanner: Discovering "C:\\xampp\\htdocs\\tutorial2\\.windsurf\\workflows"
2026-01-15T15:40:52.809292Z  INFO get_globs:scan_sources: tailwindcss_oxide::scanner: Discovering "C:\\xampp\\htdocs\\tutorial2\\api"
2026-01-15T15:40:52.809371Z  INFO get_globs:scan_sources: tailwindcss_oxide::scanner: Discovering "C:\\xampp\\htdocs\\tutorial2\\api\\auth"
2026-01-15T15:40:52.809537Z  INFO get_globs:scan_sources: tailwindcss_oxide::scanner: Discovering "C:\\xampp\\htdocs\\tutorial2\\app"
2026-01-15T15:40:52.809626Z  INFO get_globs:scan_sources: tailwindcss_oxide::scanner: Discovering "C:\\xampp\\htdocs\\tutorial2\\app\\(layout)"
2026-01-15T15:40:52.809731Z  INFO get_globs:scan_sources: tailwindcss_oxide::scanner: Discovering "C:\\xampp\\htdocs\\tutorial2\\app\\(shared-layout)"
2026-01-15T15:40:52.809855Z  INFO get_globs:scan_sources: tailwindcss_oxide::scanner: Discovering "C:\\xampp\\htdocs\\tutorial2\\app\\about"
2026-01-15T15:40:52.809957Z  INFO get_globs:scan_sources: tailwindcss_oxide::scanner: Discovering "C:\\xampp\\htdocs\\tutorial2\\app\\about-us"
2026-01-15T15:40:52.810063Z  INFO get_globs:scan_sources: tailwindcss_oxide::scanner: Discovering "C:\\xampp\\htdocs\\tutorial2\\app\\admin"
2026-01-15T15:40:52.810143Z  INFO get_globs:scan_sources: tailwindcss_oxide::scanner: Discovering "C:\\xampp\\htdocs\\tutorial2\\app\\admin\\cards"
2026-01-15T15:40:52.810244Z  INFO get_globs:scan_sources: tailwindcss_oxide::scanner: Discovering "C:\\xampp\\htdocs\\tutorial2\\app\\admin\\content"
2026-01-15T15:40:52.810325Z  INFO get_globs:scan_sources: tailwindcss_oxide::scanner: Discovering "C:\\xampp\\htdocs\\tutorial2\\app\\admin\\content\\about"
2026-01-15T15:40:52.810425Z  INFO get_globs:scan_sources: tailwindcss_oxide::scanner: Discovering "C:\\xampp\\htdocs\\tutorial2\\app\\admin\\content\\contact"
2026-01-15T15:40:52.810526Z  INFO get_globs:scan_sources: tailwindcss_oxide::scanner: Discovering "C:\\xampp\\htdocs\\tutorial2\\app\\admin\\content\\home"
2026-01-15T15:40:52.810651Z  INFO get_globs:scan_sources: tailwindcss_oxide::scanner: Discovering "C:\\xampp\\htdocs\\tutorial2\\app\\admin\\dashboard"
2026-01-15T15:40:52.810758Z  INFO get_globs:scan_sources: tailwindcss_oxide::scanner: Discovering "C:\\xampp\\htdocs\\tutorial2\\app\\admin\\events"
2026-01-15T15:40:52.810851Z  INFO get_globs:scan_sources: tailwindcss_oxide::scanner: Discovering "C:\\xampp\\htdocs\\tutorial2\\app\\admin\\events\\[id]"
2026-01-15T15:40:52.810981Z  INFO get_globs:scan_sources: tailwindcss_oxide::scanner: Discovering "C:\\xampp\\htdocs\\tutorial2\\app\\admin\\events\\[id]\\registrations"
2026-01-15T15:40:52.811132Z  INFO get_globs:scan_sources: tailwindcss_oxide::scanner: Discovering "C:\\xampp\\htdocs\\tutorial2\\app\\admin\\membership"
2026-01-15T15:40:52.811245Z  INFO get_globs:scan_sources: tailwindcss_oxide::scanner: Discovering "C:\\xampp\\htdocs\\tutorial2\\app\\admin\\news"
2026-01-15T15:40:52.811412Z  INFO get_globs:scan_sources: tailwindcss_oxide::scanner: Discovering "C:\\xampp\\htdocs\\tutorial2\\app\\admin\\payment"
2026-01-15T15:40:52.811511Z  INFO get_globs:scan_sources: tailwindcss_oxide::scanner: Discovering "C:\\xampp\\htdocs\\tutorial2\\app\\admin\\payments"
2026-01-15T15:40:52.811608Z  INFO get_globs:scan_sources: tailwindcss_oxide::scanner: Discovering "C:\\xampp\\htdocs\\tutorial2\\app\\admin\\reports"
2026-01-15T15:40:52.811704Z  INFO get_globs:scan_sources: tailwindcss_oxide::scanner: Discovering "C:\\xampp\\htdocs\\tutorial2\\app\\admin\\requests"
2026-01-15T15:40:52.811803Z  INFO get_globs:scan_sources: tailwindcss_oxide::scanner: Discovering "C:\\xampp\\htdocs\\tutorial2\\app\\admin\\users"
2026-01-15T15:40:52.811891Z  INFO get_globs:scan_sources: tailwindcss_oxide::scanner: Discovering "C:\\xampp\\htdocs\\tutorial2\\app\\admin\\users\\[id]"
2026-01-15T15:40:52.812015Z  INFO get_globs:scan_sources: tailwindcss_oxide::scanner: Discovering "C:\\xampp\\htdocs\\tutorial2\\app\\api"
2026-01-15T15:40:52.812095Z  INFO get_globs:scan_sources: tailwindcss_oxide::scanner: Discovering "C:\\xampp\\htdocs\\tutorial2\\app\\api\\about-content"
2026-01-15T15:40:52.812195Z  INFO get_globs:scan_sources: tailwindcss_oxide::scanner: Discovering "C:\\xampp\\htdocs\\tutorial2\\app\\api\\admin"
2026-01-15T15:40:52.812274Z  INFO get_globs:scan_sources: tailwindcss_oxide::scanner: Discovering "C:\\xampp\\htdocs\\tutorial2\\app\\api\\admin\\content"
2026-01-15T15:40:52.812378Z  INFO get_globs:scan_sources: tailwindcss_oxide::scanner: Discovering "C:\\xampp\\htdocs\\tutorial2\\app\\api\\admin\\content\\about"
2026-01-15T15:40:52.812473Z  INFO get_globs:scan_sources: tailwindcss_oxide::scanner: Discovering "C:\\xampp\\htdocs\\tutorial2\\app\\api\\admin\\content\\about\\[id]"
2026-01-15T15:40:52.812584Z  INFO get_globs:scan_sources: tailwindcss_oxide::scanner: Discovering "C:\\xampp\\htdocs\\tutorial2\\app\\api\\admin\\content\\contact"
2026-01-15T15:40:52.812675Z  INFO get_globs:scan_sources: tailwindcss_oxide::scanner: Discovering "C:\\xampp\\htdocs\\tutorial2\\app\\api\\admin\\content\\contact\\[id]"
2026-01-15T15:40:52.812785Z  INFO get_globs:scan_sources: tailwindcss_oxide::scanner: Discovering "C:\\xampp\\htdocs\\tutorial2\\app\\api\\admin\\content\\footer"
2026-01-15T15:40:52.812884Z  INFO get_globs:scan_sources: tailwindcss_oxide::scanner: Discovering "C:\\xampp\\htdocs\\tutorial2\\app\\api\\admin\\content\\home"
2026-01-15T15:40:52.812974Z  INFO get_globs:scan_sources: tailwindcss_oxide::scanner: Discovering "C:\\xampp\\htdocs\\tutorial2\\app\\api\\admin\\content\\home\\[id]"
2026-01-15T15:40:52.813095Z  INFO get_globs:scan_sources: tailwindcss_oxide::scanner: Discovering "C:\\xampp\\htdocs\\tutorial2\\app\\api\\admin\\content\\media"
2026-01-15T15:40:52.813197Z  INFO get_globs:scan_sources: tailwindcss_oxide::scanner: Discovering "C:\\xampp\\htdocs\\tutorial2\\app\\api\\admin\\content\\navigation"
2026-01-15T15:40:52.813718Z  INFO get_globs:scan_sources: tailwindcss_oxide::scanner: Discovering "C:\\xampp\\htdocs\\tutorial2\\app\\api\\admin\\content\\pages"
2026-01-15T15:40:52.814082Z  INFO get_globs:scan_sources: tailwindcss_oxide::scanner: Discovering "C:\\xampp\\htdocs\\tutorial2\\app\\api\\admin\\content\\pages\\[id]"
2026-01-15T15:40:52.814431Z  INFO get_globs:scan_sources: tailwindcss_oxide::scanner: Discovering "C:\\xampp\\htdocs\\tutorial2\\app\\api\\admin\\content\\settings"
2026-01-15T15:40:52.815092Z  INFO get_globs:scan_sources: tailwindcss_oxide::scanner: Discovering "C:\\xampp\\htdocs\\tutorial2\\app\\api\\admin\\create-admin"
2026-01-15T15:40:52.815364Z  INFO get_globs:scan_sources: tailwindcss_oxide::scanner: Discovering "C:\\xampp\\htdocs\\tutorial2\\app\\api\\admin\\deleted-users"
2026-01-15T15:40:52.815513Z  INFO get_globs:scan_sources: tailwindcss_oxide::scanner: Discovering "C:\\xampp\\htdocs\\tutorial2\\app\\api\\admin\\events"
2026-01-15T15:40:52.815639Z  INFO get_globs:scan_sources: tailwindcss_oxide::scanner: Discovering "C:\\xampp\\htdocs\\tutorial2\\app\\api\\admin\\events\\[id]"
2026-01-15T15:40:52.815747Z  INFO get_globs:scan_sources: tailwindcss_oxide::scanner: Discovering "C:\\xampp\\htdocs\\tutorial2\\app\\api\\admin\\events\\[id]\\registrations"
2026-01-15T15:40:52.815932Z  INFO get_globs:scan_sources: tailwindcss_oxide::scanner: Discovering "C:\\xampp\\htdocs\\tutorial2\\app\\api\\admin\\fix-admin"
2026-01-15T15:40:52.816054Z  INFO get_globs:scan_sources: tailwindcss_oxide::scanner: Discovering "C:\\xampp\\htdocs\\tutorial2\\app\\api\\admin\\membership"
2026-01-15T15:40:52.816143Z  INFO get_globs:scan_sources: tailwindcss_oxide::scanner: Discovering "C:\\xampp\\htdocs\\tutorial2\\app\\api\\admin\\membership\\cycles"
2026-01-15T15:40:52.816256Z  INFO get_globs:scan_sources: tailwindcss_oxide::scanner: Discovering "C:\\xampp\\htdocs\\tutorial2\\app\\api\\admin\\membership\\settings"
2026-01-15T15:40:52.816360Z  INFO get_globs:scan_sources: tailwindcss_oxide::scanner: Discovering "C:\\xampp\\htdocs\\tutorial2\\app\\api\\admin\\membership\\types"
2026-01-15T15:40:52.816485Z  INFO get_globs:scan_sources: tailwindcss_oxide::scanner: Discovering "C:\\xampp\\htdocs\\tutorial2\\app\\api\\admin\\news"
2026-01-15T15:40:52.816587Z  INFO get_globs:scan_sources: tailwindcss_oxide::scanner: Discovering "C:\\xampp\\htdocs\\tutorial2\\app\\api\\admin\\payment"
2026-01-15T15:40:52.816688Z  INFO get_globs:scan_sources: tailwindcss_oxide::scanner: Discovering "C:\\xampp\\htdocs\\tutorial2\\app\\api\\admin\\payments"
2026-01-15T15:40:52.816766Z  INFO get_globs:scan_sources: tailwindcss_oxide::scanner: Discovering "C:\\xampp\\htdocs\\tutorial2\\app\\api\\admin\\payments\\list"
2026-01-15T15:40:52.816845Z  INFO get_globs:scan_sources: tailwindcss_oxide::scanner: Discovering "C:\\xampp\\htdocs\\tutorial2\\app\\api\\admin\\payments\\list\\export"
2026-01-15T15:40:52.816991Z  INFO get_globs:scan_sources: tailwindcss_oxide::scanner: Discovering "C:\\xampp\\htdocs\\tutorial2\\app\\api\\admin\\payments\\[id]"
2026-01-15T15:40:52.817079Z  INFO get_globs:scan_sources: tailwindcss_oxide::scanner: Discovering "C:\\xampp\\htdocs\\tutorial2\\app\\api\\admin\\payments\\[id]\\refund"
2026-01-15T15:40:52.817226Z  INFO get_globs:scan_sources: tailwindcss_oxide::scanner: Discovering "C:\\xampp\\htdocs\\tutorial2\\app\\api\\admin\\report"
2026-01-15T15:40:52.817328Z  INFO get_globs:scan_sources: tailwindcss_oxide::scanner: Discovering "C:\\xampp\\htdocs\\tutorial2\\app\\api\\admin\\reports"
2026-01-15T15:40:52.817414Z  INFO get_globs:scan_sources: tailwindcss_oxide::scanner: Discovering "C:\\xampp\\htdocs\\tutorial2\\app\\api\\admin\\reports\\generate"
2026-01-15T15:40:52.817541Z  INFO get_globs:scan_sources: tailwindcss_oxide::scanner: Discovering "C:\\xampp\\htdocs\\tutorial2\\app\\api\\admin\\reset-admin"
2026-01-15T15:40:52.817647Z  INFO get_globs:scan_sources: tailwindcss_oxide::scanner: Discovering "C:\\xampp\\htdocs\\tutorial2\\app\\api\\admin\\users"
2026-01-15T15:40:52.817783Z  INFO get_globs:scan_sources: tailwindcss_oxide::scanner: Discovering "C:\\xampp\\htdocs\\tutorial2\\app\\api\\admin\\users\\restore"
2026-01-15T15:40:52.817902Z  INFO get_globs:scan_sources: tailwindcss_oxide::scanner: Discovering "C:\\xampp\\htdocs\\tutorial2\\app\\api\\admin\\users\\[id]"
2026-01-15T15:40:52.817989Z  INFO get_globs:scan_sources: tailwindcss_oxide::scanner: Discovering "C:\\xampp\\htdocs\\tutorial2\\app\\api\\admin\\users\\[id]\\approve"
2026-01-15T15:40:52.818095Z  INFO get_globs:scan_sources: tailwindcss_oxide::scanner: Discovering "C:\\xampp\\htdocs\\tutorial2\\app\\api\\admin\\users\\[id]\\details"
2026-01-15T15:40:52.818199Z  INFO get_globs:scan_sources: tailwindcss_oxide::scanner: Discovering "C:\\xampp\\htdocs\\tutorial2\\app\\api\\admin\\users\\[id]\\membership-status"
2026-01-15T15:40:52.818311Z  INFO get_globs:scan_sources: tailwindcss_oxide::scanner: Discovering "C:\\xampp\\htdocs\\tutorial2\\app\\api\\admin\\users\\[id]\\password"
2026-01-15T15:40:52.818416Z  INFO get_globs:scan_sources: tailwindcss_oxide::scanner: Discovering "C:\\xampp\\htdocs\\tutorial2\\app\\api\\admin\\users\\[id]\\reject"
2026-01-15T15:40:52.818570Z  INFO get_globs:scan_sources: tailwindcss_oxide::scanner: Discovering "C:\\xampp\\htdocs\\tutorial2\\app\\api\\auth"
2026-01-15T15:40:52.818655Z  INFO get_globs:scan_sources: tailwindcss_oxide::scanner: Discovering "C:\\xampp\\htdocs\\tutorial2\\app\\api\\auth\\forgot-password"
2026-01-15T15:40:52.818756Z  INFO get_globs:scan_sources: tailwindcss_oxide::scanner: Discovering "C:\\xampp\\htdocs\\tutorial2\\app\\api\\auth\\login"
2026-01-15T15:40:52.818856Z  INFO get_globs:scan_sources: tailwindcss_oxide::scanner: Discovering "C:\\xampp\\htdocs\\tutorial2\\app\\api\\auth\\logout"
2026-01-15T15:40:52.818959Z  INFO get_globs:scan_sources: tailwindcss_oxide::scanner: Discovering "C:\\xampp\\htdocs\\tutorial2\\app\\api\\auth\\me"
2026-01-15T15:40:52.819066Z  INFO get_globs:scan_sources: tailwindcss_oxide::scanner: Discovering "C:\\xampp\\htdocs\\tutorial2\\app\\api\\auth\\membership-status"
2026-01-15T15:40:52.819173Z  INFO get_globs:scan_sources: tailwindcss_oxide::scanner: Discovering "C:\\xampp\\htdocs\\tutorial2\\app\\api\\auth\\profile"
2026-01-15T15:40:52.819313Z  INFO get_globs:scan_sources: tailwindcss_oxide::scanner: Discovering "C:\\xampp\\htdocs\\tutorial2\\app\\api\\auth\\refresh"
2026-01-15T15:40:52.819413Z  INFO get_globs:scan_sources: tailwindcss_oxide::scanner: Discovering "C:\\xampp\\htdocs\\tutorial2\\app\\api\\auth\\register"
2026-01-15T15:40:52.819520Z  INFO get_globs:scan_sources: tailwindcss_oxide::scanner: Discovering "C:\\xampp\\htdocs\\tutorial2\\app\\api\\auth\\[...nextauth]"
2026-01-15T15:40:52.819633Z  INFO get_globs:scan_sources: tailwindcss_oxide::scanner: Discovering "C:\\xampp\\htdocs\\tutorial2\\app\\api\\contact-content"
2026-01-15T15:40:52.819734Z  INFO get_globs:scan_sources: tailwindcss_oxide::scanner: Discovering "C:\\xampp\\htdocs\\tutorial2\\app\\api\\debug"
2026-01-15T15:40:52.819810Z  INFO get_globs:scan_sources: tailwindcss_oxide::scanner: Discovering "C:\\xampp\\htdocs\\tutorial2\\app\\api\\debug\\pricing"
2026-01-15T15:40:52.819920Z  INFO get_globs:scan_sources: tailwindcss_oxide::scanner: Discovering "C:\\xampp\\htdocs\\tutorial2\\app\\api\\events"
2026-01-15T15:40:52.820011Z  INFO get_globs:scan_sources: tailwindcss_oxide::scanner: Discovering "C:\\xampp\\htdocs\\tutorial2\\app\\api\\events\\[id]"
2026-01-15T15:40:52.820085Z  INFO get_globs:scan_sources: tailwindcss_oxide::scanner: Discovering "C:\\xampp\\htdocs\\tutorial2\\app\\api\\events\\[id]\\register"
2026-01-15T15:40:52.820204Z  INFO get_globs:scan_sources: tailwindcss_oxide::scanner: Discovering "C:\\xampp\\htdocs\\tutorial2\\app\\api\\fix-membership"
2026-01-15T15:40:52.820304Z  INFO get_globs:scan_sources: tailwindcss_oxide::scanner: Discovering "C:\\xampp\\htdocs\\tutorial2\\app\\api\\home-content"
2026-01-15T15:40:52.820406Z  INFO get_globs:scan_sources: tailwindcss_oxide::scanner: Discovering "C:\\xampp\\htdocs\\tutorial2\\app\\api\\membership"
2026-01-15T15:40:52.820487Z  INFO get_globs:scan_sources: tailwindcss_oxide::scanner: Discovering "C:\\xampp\\htdocs\\tutorial2\\app\\api\\membership\\complete-payment"
2026-01-15T15:40:52.820590Z  INFO get_globs:scan_sources: tailwindcss_oxide::scanner: Discovering "C:\\xampp\\htdocs\\tutorial2\\app\\api\\membership\\next-number"
2026-01-15T15:40:52.820691Z  INFO get_globs:scan_sources: tailwindcss_oxide::scanner: Discovering "C:\\xampp\\htdocs\\tutorial2\\app\\api\\membership\\pay"
2026-01-15T15:40:52.820794Z  INFO get_globs:scan_sources: tailwindcss_oxide::scanner: Discovering "C:\\xampp\\htdocs\\tutorial2\\app\\api\\membership\\pay-early"
2026-01-15T15:40:52.820898Z  INFO get_globs:scan_sources: tailwindcss_oxide::scanner: Discovering "C:\\xampp\\htdocs\\tutorial2\\app\\api\\membership\\payment-status"
2026-01-15T15:40:52.821004Z  INFO get_globs:scan_sources: tailwindcss_oxide::scanner: Discovering "C:\\xampp\\htdocs\\tutorial2\\app\\api\\membership\\payment-success"
2026-01-15T15:40:52.821151Z  INFO get_globs:scan_sources: tailwindcss_oxide::scanner: Discovering "C:\\xampp\\htdocs\\tutorial2\\app\\api\\membership\\status"
2026-01-15T15:40:52.821306Z  INFO get_globs:scan_sources: tailwindcss_oxide::scanner: Discovering "C:\\xampp\\htdocs\\tutorial2\\app\\api\\messages"
2026-01-15T15:40:52.821408Z  INFO get_globs:scan_sources: tailwindcss_oxide::scanner: Discovering "C:\\xampp\\htdocs\\tutorial2\\app\\api\\messages\\reply"
2026-01-15T15:40:52.821536Z  INFO get_globs:scan_sources: tailwindcss_oxide::scanner: Discovering "C:\\xampp\\htdocs\\tutorial2\\app\\api\\messages\\[id]"
2026-01-15T15:40:52.821625Z  INFO get_globs:scan_sources: tailwindcss_oxide::scanner: Discovering "C:\\xampp\\htdocs\\tutorial2\\app\\api\\messages\\[id]\\read"
2026-01-15T15:40:52.821772Z  INFO get_globs:scan_sources: tailwindcss_oxide::scanner: Discovering "C:\\xampp\\htdocs\\tutorial2\\app\\api\\news"
2026-01-15T15:40:52.821873Z  INFO get_globs:scan_sources: tailwindcss_oxide::scanner: Discovering "C:\\xampp\\htdocs\\tutorial2\\app\\api\\payment"
2026-01-15T15:40:52.821949Z  INFO get_globs:scan_sources: tailwindcss_oxide::scanner: Discovering "C:\\xampp\\htdocs\\tutorial2\\app\\api\\payment\\pesapal"
2026-01-15T15:40:52.822062Z  INFO get_globs:scan_sources: tailwindcss_oxide::scanner: Discovering "C:\\xampp\\htdocs\\tutorial2\\app\\api\\payments"
2026-01-15T15:40:52.822140Z  INFO get_globs:scan_sources: tailwindcss_oxide::scanner: Discovering "C:\\xampp\\htdocs\\tutorial2\\app\\api\\payments\\activate-test"
2026-01-15T15:40:52.822242Z  INFO get_globs:scan_sources: tailwindcss_oxide::scanner: Discovering "C:\\xampp\\htdocs\\tutorial2\\app\\api\\payments\\azampay"
2026-01-15T15:40:52.822319Z  INFO get_globs:scan_sources: tailwindcss_oxide::scanner: Discovering "C:\\xampp\\htdocs\\tutorial2\\app\\api\\payments\\azampay\\callback"
2026-01-15T15:40:52.822423Z  INFO get_globs:scan_sources: tailwindcss_oxide::scanner: Discovering "C:\\xampp\\htdocs\\tutorial2\\app\\api\\payments\\azampay\\checkout"
2026-01-15T15:40:52.822533Z  INFO get_globs:scan_sources: tailwindcss_oxide::scanner: Discovering "C:\\xampp\\htdocs\\tutorial2\\app\\api\\payments\\cleanup"
2026-01-15T15:40:52.822633Z  INFO get_globs:scan_sources: tailwindcss_oxide::scanner: Discovering "C:\\xampp\\htdocs\\tutorial2\\app\\api\\payments\\complete"
2026-01-15T15:40:52.822734Z  INFO get_globs:scan_sources: tailwindcss_oxide::scanner: Discovering "C:\\xampp\\htdocs\\tutorial2\\app\\api\\payments\\mobile-money"
2026-01-15T15:40:52.822844Z  INFO get_globs:scan_sources: tailwindcss_oxide::scanner: Discovering "C:\\xampp\\htdocs\\tutorial2\\app\\api\\reports"
2026-01-15T15:40:52.822920Z  INFO get_globs:scan_sources: tailwindcss_oxide::scanner: Discovering "C:\\xampp\\htdocs\\tutorial2\\app\\api\\reports\\generate"
2026-01-15T15:40:52.823051Z  INFO get_globs:scan_sources: tailwindcss_oxide::scanner: Discovering "C:\\xampp\\htdocs\\tutorial2\\app\\api\\reports\\send-email"
2026-01-15T15:40:52.823168Z  INFO get_globs:scan_sources: tailwindcss_oxide::scanner: Discovering "C:\\xampp\\htdocs\\tutorial2\\app\\api\\send-approval-email"
2026-01-15T15:40:52.823271Z  INFO get_globs:scan_sources: tailwindcss_oxide::scanner: Discovering "C:\\xampp\\htdocs\\tutorial2\\app\\api\\settings"
2026-01-15T15:40:52.823371Z  INFO get_globs:scan_sources: tailwindcss_oxide::scanner: Discovering "C:\\xampp\\htdocs\\tutorial2\\app\\api\\setup"
2026-01-15T15:40:52.823447Z  INFO get_globs:scan_sources: tailwindcss_oxide::scanner: Discovering "C:\\xampp\\htdocs\\tutorial2\\app\\api\\setup\\ensure-admin"
2026-01-15T15:40:52.823562Z  INFO get_globs:scan_sources: tailwindcss_oxide::scanner: Discovering "C:\\xampp\\htdocs\\tutorial2\\app\\api\\test-events"
2026-01-15T15:40:52.823660Z  INFO get_globs:scan_sources: tailwindcss_oxide::scanner: Discovering "C:\\xampp\\htdocs\\tutorial2\\app\\api\\user"
2026-01-15T15:40:52.823737Z  INFO get_globs:scan_sources: tailwindcss_oxide::scanner: Discovering "C:\\xampp\\htdocs\\tutorial2\\app\\api\\user\\profile"
2026-01-15T15:40:52.823862Z  INFO get_globs:scan_sources: tailwindcss_oxide::scanner: Discovering "C:\\xampp\\htdocs\\tutorial2\\app\\auth"
2026-01-15T15:40:52.823939Z  INFO get_globs:scan_sources: tailwindcss_oxide::scanner: Discovering "C:\\xampp\\htdocs\\tutorial2\\app\\auth\\forgot-password"
2026-01-15T15:40:52.824057Z  INFO get_globs:scan_sources: tailwindcss_oxide::scanner: Discovering "C:\\xampp\\htdocs\\tutorial2\\app\\auth\\login"
2026-01-15T15:40:52.824177Z  INFO get_globs:scan_sources: tailwindcss_oxide::scanner: Discovering "C:\\xampp\\htdocs\\tutorial2\\app\\auth\\pending-approval"
2026-01-15T15:40:52.824279Z  INFO get_globs:scan_sources: tailwindcss_oxide::scanner: Discovering "C:\\xampp\\htdocs\\tutorial2\\app\\auth\\register"
2026-01-15T15:40:52.824396Z  INFO get_globs:scan_sources: tailwindcss_oxide::scanner: Discovering "C:\\xampp\\htdocs\\tutorial2\\app\\components"
2026-01-15T15:40:52.824515Z  INFO get_globs:scan_sources: tailwindcss_oxide::scanner: Discovering "C:\\xampp\\htdocs\\tutorial2\\app\\contact"
2026-01-15T15:40:52.824616Z  INFO get_globs:scan_sources: tailwindcss_oxide::scanner: Discovering "C:\\xampp\\htdocs\\tutorial2\\app\\dashboard"
2026-01-15T15:40:52.824695Z  INFO get_globs:scan_sources: tailwindcss_oxide::scanner: Discovering "C:\\xampp\\htdocs\\tutorial2\\app\\dashboard\\complete-profile"
2026-01-15T15:40:52.824797Z  INFO get_globs:scan_sources: tailwindcss_oxide::scanner: Discovering "C:\\xampp\\htdocs\\tutorial2\\app\\dashboard\\events"
2026-01-15T15:40:52.824913Z  INFO get_globs:scan_sources: tailwindcss_oxide::scanner: Discovering "C:\\xampp\\htdocs\\tutorial2\\app\\dashboard\\membership-card"
2026-01-15T15:40:52.825033Z  INFO get_globs:scan_sources: tailwindcss_oxide::scanner: Discovering "C:\\xampp\\htdocs\\tutorial2\\app\\dashboard\\messages"
2026-01-15T15:40:52.825140Z  INFO get_globs:scan_sources: tailwindcss_oxide::scanner: Discovering "C:\\xampp\\htdocs\\tutorial2\\app\\dashboard\\news"
2026-01-15T15:40:52.825264Z  INFO get_globs:scan_sources: tailwindcss_oxide::scanner: Discovering "C:\\xampp\\htdocs\\tutorial2\\app\\dashboard\\payment"
2026-01-15T15:40:52.825337Z  INFO get_globs:scan_sources: tailwindcss_oxide::scanner: Discovering "C:\\xampp\\htdocs\\tutorial2\\app\\dashboard\\payment\\callback"
2026-01-15T15:40:52.825454Z  INFO get_globs:scan_sources: tailwindcss_oxide::scanner: Discovering "C:\\xampp\\htdocs\\tutorial2\\app\\dashboard\\payment\\success"
2026-01-15T15:40:52.825563Z  INFO get_globs:scan_sources: tailwindcss_oxide::scanner: Discovering "C:\\xampp\\htdocs\\tutorial2\\app\\dashboard\\profile"
2026-01-15T15:40:52.825662Z  INFO get_globs:scan_sources: tailwindcss_oxide::scanner: Discovering "C:\\xampp\\htdocs\\tutorial2\\app\\dashboard\\subscribe"
2026-01-15T15:40:52.825777Z  INFO get_globs:scan_sources: tailwindcss_oxide::scanner: Discovering "C:\\xampp\\htdocs\\tutorial2\\app\\fix-auth"
2026-01-15T15:40:52.825955Z  INFO get_globs:scan_sources: tailwindcss_oxide::scanner: Discovering "C:\\xampp\\htdocs\\tutorial2\\app\\schemas"
2026-01-15T15:40:52.826054Z  INFO get_globs:scan_sources: tailwindcss_oxide::scanner: Discovering "C:\\xampp\\htdocs\\tutorial2\\app\\scripts"
2026-01-15T15:40:52.826157Z  INFO get_globs:scan_sources: tailwindcss_oxide::scanner: Discovering "C:\\xampp\\htdocs\\tutorial2\\app\\unauthorized"
2026-01-15T15:40:52.826481Z  INFO get_globs:scan_sources: tailwindcss_oxide::scanner: Discovering "C:\\xampp\\htdocs\\tutorial2\\components"
2026-01-15T15:40:52.826564Z  INFO get_globs:scan_sources: tailwindcss_oxide::scanner: Discovering "C:\\xampp\\htdocs\\tutorial2\\components\\admin"
2026-01-15T15:40:52.826715Z  INFO get_globs:scan_sources: tailwindcss_oxide::scanner: Discovering "C:\\xampp\\htdocs\\tutorial2\\components\\dashboard"
2026-01-15T15:40:52.826925Z  INFO get_globs:scan_sources: tailwindcss_oxide::scanner: Discovering "C:\\xampp\\htdocs\\tutorial2\\components\\ui"
2026-01-15T15:40:52.827193Z  INFO get_globs:scan_sources: tailwindcss_oxide::scanner: Discovering "C:\\xampp\\htdocs\\tutorial2\\components\\web"
2026-01-15T15:40:52.827368Z  INFO get_globs:scan_sources: tailwindcss_oxide::scanner: Discovering "C:\\xampp\\htdocs\\tutorial2\\contexts"
2026-01-15T15:40:52.827469Z  INFO get_globs:scan_sources: tailwindcss_oxide::scanner: Discovering "C:\\xampp\\htdocs\\tutorial2\\convex"
2026-01-15T15:40:52.827546Z  INFO get_globs:scan_sources: tailwindcss_oxide::scanner: Discovering "C:\\xampp\\htdocs\\tutorial2\\convex\\_generated"
2026-01-15T15:40:52.827798Z  INFO get_globs:scan_sources: tailwindcss_oxide::scanner: Discovering "C:\\xampp\\htdocs\\tutorial2\\database"
2026-01-15T15:40:52.828250Z  INFO get_globs:scan_sources: tailwindcss_oxide::scanner: Discovering "C:\\xampp\\htdocs\\tutorial2\\deploy-minimal"
2026-01-15T15:40:52.828404Z  INFO get_globs:scan_sources: tailwindcss_oxide::scanner: Discovering "C:\\xampp\\htdocs\\tutorial2\\deploy-simple"
2026-01-15T15:40:52.828548Z  INFO get_globs:scan_sources: tailwindcss_oxide::scanner: Discovering "C:\\xampp\\htdocs\\tutorial2\\deploy-temp"
2026-01-15T15:40:52.828961Z  INFO get_globs:scan_sources: tailwindcss_oxide::scanner: Discovering "C:\\xampp\\htdocs\\tutorial2\\lib"
2026-01-15T15:40:52.829326Z  INFO get_globs:scan_sources: tailwindcss_oxide::scanner: Discovering "C:\\xampp\\htdocs\\tutorial2\\migrations"
2026-01-15T15:40:52.829823Z  INFO get_globs:scan_sources: tailwindcss_oxide::scanner: Discovering "C:\\xampp\\htdocs\\tutorial2\\public"
2026-01-15T15:40:52.830070Z  INFO get_globs:scan_sources: tailwindcss_oxide::scanner: Discovering "C:\\xampp\\htdocs\\tutorial2\\public\\uploads"
2026-01-15T15:40:52.830184Z  INFO get_globs:scan_sources: tailwindcss_oxide::scanner: Discovering "C:\\xampp\\htdocs\\tutorial2\\public\\uploads\\documents"
2026-01-15T15:40:52.830299Z  INFO get_globs:scan_sources: tailwindcss_oxide::scanner: Discovering "C:\\xampp\\htdocs\\tutorial2\\public\\uploads\\profile-pictures"
2026-01-15T15:40:52.831818Z  INFO get_globs:scan_sources: tailwindcss_oxide::scanner: Discovering "C:\\xampp\\htdocs\\tutorial2\\types"
2026-01-15T15:40:52.832373Z  INFO get_globs:scan_sources: tailwindcss_oxide::scanner: exit
