2026-01-08T06:17:00.991375Z  INFO tailwindcss_oxide::scanner: Provided sources:
2026-01-08T06:17:00.992060Z  INFO tailwindcss_oxide::scanner: Source: PublicSourceEntry { base: "C:\\xampp\\htdocs\\tutorial2", pattern: "**/*", negated: false }
2026-01-08T06:17:00.993812Z  INFO tailwindcss_oxide::scanner: Optimized sources:
2026-01-08T06:17:00.993880Z  INFO tailwindcss_oxide::scanner: Source: Auto { base: "C:\\xampp\\htdocs\\tutorial2" }
2026-01-08T06:17:01.014927Z  INFO scan_sources: tailwindcss_oxide::scanner: enter
2026-01-08T06:17:01.031655Z  INFO scan_sources: tailwindcss_oxide::scanner: Discovering "C:\\xampp\\htdocs\\tutorial2\\ADMIN_MODULES_IMPLEMENTATION.md"
2026-01-08T06:17:01.046618Z  INFO scan_sources: tailwindcss_oxide::scanner: Discovering "C:\\xampp\\htdocs\\tutorial2\\api"
2026-01-08T06:17:01.047028Z  INFO scan_sources: tailwindcss_oxide::scanner: Discovering "C:\\xampp\\htdocs\\tutorial2\\api\\auth"
2026-01-08T06:17:01.047339Z  INFO scan_sources: tailwindcss_oxide::scanner: Discovering "C:\\xampp\\htdocs\\tutorial2\\api\\auth\\login.php"
2026-01-08T06:17:01.047605Z  INFO scan_sources: tailwindcss_oxide::scanner: Discovering "C:\\xampp\\htdocs\\tutorial2\\api\\auth\\logout.php"
2026-01-08T06:17:01.047786Z  INFO scan_sources: tailwindcss_oxide::scanner: Discovering "C:\\xampp\\htdocs\\tutorial2\\api\\auth\\me.php"
2026-01-08T06:17:01.047919Z  INFO scan_sources: tailwindcss_oxide::scanner: Discovering "C:\\xampp\\htdocs\\tutorial2\\api\\auth\\register.php"
2026-01-08T06:17:01.059910Z  INFO scan_sources: tailwindcss_oxide::scanner: Discovering "C:\\xampp\\htdocs\\tutorial2\\app"
2026-01-08T06:17:01.060833Z  INFO scan_sources: tailwindcss_oxide::scanner: Discovering "C:\\xampp\\htdocs\\tutorial2\\app\\(layout)"
2026-01-08T06:17:01.061116Z  INFO scan_sources: tailwindcss_oxide::scanner: Discovering "C:\\xampp\\htdocs\\tutorial2\\app\\(layout)\\layout.tsx"
2026-01-08T06:17:01.061424Z  INFO scan_sources: tailwindcss_oxide::scanner: Discovering "C:\\xampp\\htdocs\\tutorial2\\app\\(shared-layout)"
2026-01-08T06:17:01.061678Z  INFO scan_sources: tailwindcss_oxide::scanner: Discovering "C:\\xampp\\htdocs\\tutorial2\\app\\(shared-layout)\\layout.tsx"
2026-01-08T06:17:01.061821Z  INFO scan_sources: tailwindcss_oxide::scanner: Discovering "C:\\xampp\\htdocs\\tutorial2\\app\\(shared-layout)\\page.tsx"
2026-01-08T06:17:01.064399Z  INFO scan_sources: tailwindcss_oxide::scanner: Discovering "C:\\xampp\\htdocs\\tutorial2\\app\\about"
2026-01-08T06:17:01.064727Z  INFO scan_sources: tailwindcss_oxide::scanner: Discovering "C:\\xampp\\htdocs\\tutorial2\\app\\about\\page.tsx"
2026-01-08T06:17:01.064993Z  INFO scan_sources: tailwindcss_oxide::scanner: Discovering "C:\\xampp\\htdocs\\tutorial2\\app\\about-us"
2026-01-08T06:17:01.065246Z  INFO scan_sources: tailwindcss_oxide::scanner: Discovering "C:\\xampp\\htdocs\\tutorial2\\app\\about-us\\page.tsx"
2026-01-08T06:17:01.065476Z  INFO scan_sources: tailwindcss_oxide::scanner: Discovering "C:\\xampp\\htdocs\\tutorial2\\app\\admin"
2026-01-08T06:17:01.065790Z  INFO scan_sources: tailwindcss_oxide::scanner: Discovering "C:\\xampp\\htdocs\\tutorial2\\app\\admin\\content"
2026-01-08T06:17:01.078297Z  INFO scan_sources: tailwindcss_oxide::scanner: Discovering "C:\\xampp\\htdocs\\tutorial2\\app\\admin\\content\\about"
2026-01-08T06:17:01.078616Z  INFO scan_sources: tailwindcss_oxide::scanner: Discovering "C:\\xampp\\htdocs\\tutorial2\\app\\admin\\content\\about\\page.tsx"
2026-01-08T06:17:01.078964Z  INFO scan_sources: tailwindcss_oxide::scanner: Discovering "C:\\xampp\\htdocs\\tutorial2\\app\\admin\\content\\contact"
2026-01-08T06:17:01.079246Z  INFO scan_sources: tailwindcss_oxide::scanner: Discovering "C:\\xampp\\htdocs\\tutorial2\\app\\admin\\content\\contact\\page.tsx"
2026-01-08T06:17:01.079507Z  INFO scan_sources: tailwindcss_oxide::scanner: Discovering "C:\\xampp\\htdocs\\tutorial2\\app\\admin\\content\\home"
2026-01-08T06:17:01.079847Z  INFO scan_sources: tailwindcss_oxide::scanner: Discovering "C:\\xampp\\htdocs\\tutorial2\\app\\admin\\content\\home\\page.tsx"
2026-01-08T06:17:01.080006Z  INFO scan_sources: tailwindcss_oxide::scanner: Discovering "C:\\xampp\\htdocs\\tutorial2\\app\\admin\\content\\page.tsx"
2026-01-08T06:17:01.080301Z  INFO scan_sources: tailwindcss_oxide::scanner: Discovering "C:\\xampp\\htdocs\\tutorial2\\app\\admin\\dashboard"
2026-01-08T06:17:01.080537Z  INFO scan_sources: tailwindcss_oxide::scanner: Discovering "C:\\xampp\\htdocs\\tutorial2\\app\\admin\\dashboard\\page.tsx"
2026-01-08T06:17:01.080733Z  INFO scan_sources: tailwindcss_oxide::scanner: Discovering "C:\\xampp\\htdocs\\tutorial2\\app\\admin\\events"
2026-01-08T06:17:01.080934Z  INFO scan_sources: tailwindcss_oxide::scanner: Discovering "C:\\xampp\\htdocs\\tutorial2\\app\\admin\\events\\page.tsx"
2026-01-08T06:17:01.092518Z  INFO scan_sources: tailwindcss_oxide::scanner: Discovering "C:\\xampp\\htdocs\\tutorial2\\app\\admin\\events\\[id]"
2026-01-08T06:17:01.093564Z  INFO scan_sources: tailwindcss_oxide::scanner: Discovering "C:\\xampp\\htdocs\\tutorial2\\app\\admin\\events\\[id]\\page.tsx"
2026-01-08T06:17:01.093906Z  INFO scan_sources: tailwindcss_oxide::scanner: Discovering "C:\\xampp\\htdocs\\tutorial2\\app\\admin\\events\\[id]\\registrations"
2026-01-08T06:17:01.094150Z  INFO scan_sources: tailwindcss_oxide::scanner: Discovering "C:\\xampp\\htdocs\\tutorial2\\app\\admin\\events\\[id]\\registrations\\page.tsx"
2026-01-08T06:17:01.094359Z  INFO scan_sources: tailwindcss_oxide::scanner: Discovering "C:\\xampp\\htdocs\\tutorial2\\app\\admin\\layout.tsx"
2026-01-08T06:17:01.094533Z  INFO scan_sources: tailwindcss_oxide::scanner: Discovering "C:\\xampp\\htdocs\\tutorial2\\app\\admin\\membership"
2026-01-08T06:17:01.097844Z  INFO scan_sources: tailwindcss_oxide::scanner: Discovering "C:\\xampp\\htdocs\\tutorial2\\app\\admin\\membership\\page.tsx"
2026-01-08T06:17:01.098102Z  INFO scan_sources: tailwindcss_oxide::scanner: Discovering "C:\\xampp\\htdocs\\tutorial2\\app\\admin\\page.old.tsx"
2026-01-08T06:17:01.098240Z  INFO scan_sources: tailwindcss_oxide::scanner: Discovering "C:\\xampp\\htdocs\\tutorial2\\app\\admin\\page.tsx"
2026-01-08T06:17:01.098371Z  INFO scan_sources: tailwindcss_oxide::scanner: Discovering "C:\\xampp\\htdocs\\tutorial2\\app\\admin\\page.tsx.backup"
2026-01-08T06:17:01.098504Z  INFO scan_sources: tailwindcss_oxide::scanner: Discovering "C:\\xampp\\htdocs\\tutorial2\\app\\admin\\page.tsx.new"
2026-01-08T06:17:01.098740Z  INFO scan_sources: tailwindcss_oxide::scanner: Discovering "C:\\xampp\\htdocs\\tutorial2\\app\\admin\\payments"
2026-01-08T06:17:01.099107Z  INFO scan_sources: tailwindcss_oxide::scanner: Discovering "C:\\xampp\\htdocs\\tutorial2\\app\\admin\\payments\\page.tsx"
2026-01-08T06:17:01.100846Z  INFO scan_sources: tailwindcss_oxide::scanner: Discovering "C:\\xampp\\htdocs\\tutorial2\\app\\admin\\reports"
2026-01-08T06:17:01.101072Z  INFO scan_sources: tailwindcss_oxide::scanner: Discovering "C:\\xampp\\htdocs\\tutorial2\\app\\admin\\reports\\page.tsx"
2026-01-08T06:17:01.101282Z  INFO scan_sources: tailwindcss_oxide::scanner: Discovering "C:\\xampp\\htdocs\\tutorial2\\app\\admin\\requests"
2026-01-08T06:17:01.110005Z  INFO scan_sources: tailwindcss_oxide::scanner: Discovering "C:\\xampp\\htdocs\\tutorial2\\app\\admin\\requests\\page.tsx"
2026-01-08T06:17:01.110383Z  INFO scan_sources: tailwindcss_oxide::scanner: Discovering "C:\\xampp\\htdocs\\tutorial2\\app\\admin\\users"
2026-01-08T06:17:01.110682Z  INFO scan_sources: tailwindcss_oxide::scanner: Discovering "C:\\xampp\\htdocs\\tutorial2\\app\\admin\\users\\page.tsx"
2026-01-08T06:17:01.110917Z  INFO scan_sources: tailwindcss_oxide::scanner: Discovering "C:\\xampp\\htdocs\\tutorial2\\app\\admin\\users\\[id]"
2026-01-08T06:17:01.111212Z  INFO scan_sources: tailwindcss_oxide::scanner: Discovering "C:\\xampp\\htdocs\\tutorial2\\app\\admin\\users\\[id]\\page.tsx"
2026-01-08T06:17:01.111557Z  INFO scan_sources: tailwindcss_oxide::scanner: Discovering "C:\\xampp\\htdocs\\tutorial2\\app\\api"
2026-01-08T06:17:01.113199Z  INFO scan_sources: tailwindcss_oxide::scanner: Discovering "C:\\xampp\\htdocs\\tutorial2\\app\\api\\about-content"
2026-01-08T06:17:01.113474Z  INFO scan_sources: tailwindcss_oxide::scanner: Discovering "C:\\xampp\\htdocs\\tutorial2\\app\\api\\about-content\\route.ts"
2026-01-08T06:17:01.113812Z  INFO scan_sources: tailwindcss_oxide::scanner: Discovering "C:\\xampp\\htdocs\\tutorial2\\app\\api\\admin"
2026-01-08T06:17:01.114217Z  INFO scan_sources: tailwindcss_oxide::scanner: Discovering "C:\\xampp\\htdocs\\tutorial2\\app\\api\\admin\\content"
2026-01-08T06:17:01.114735Z  INFO scan_sources: tailwindcss_oxide::scanner: Discovering "C:\\xampp\\htdocs\\tutorial2\\app\\api\\admin\\content\\about"
2026-01-08T06:17:01.115018Z  INFO scan_sources: tailwindcss_oxide::scanner: Discovering "C:\\xampp\\htdocs\\tutorial2\\app\\api\\admin\\content\\about\\route.ts"
2026-01-08T06:17:01.129765Z  INFO scan_sources: tailwindcss_oxide::scanner: Discovering "C:\\xampp\\htdocs\\tutorial2\\app\\api\\admin\\content\\about\\[id]"
2026-01-08T06:17:01.130145Z  INFO scan_sources: tailwindcss_oxide::scanner: Discovering "C:\\xampp\\htdocs\\tutorial2\\app\\api\\admin\\content\\about\\[id]\\route.ts"
2026-01-08T06:17:01.130550Z  INFO scan_sources: tailwindcss_oxide::scanner: Discovering "C:\\xampp\\htdocs\\tutorial2\\app\\api\\admin\\content\\contact"
2026-01-08T06:17:01.130856Z  INFO scan_sources: tailwindcss_oxide::scanner: Discovering "C:\\xampp\\htdocs\\tutorial2\\app\\api\\admin\\content\\contact\\route.ts"
2026-01-08T06:17:01.131121Z  INFO scan_sources: tailwindcss_oxide::scanner: Discovering "C:\\xampp\\htdocs\\tutorial2\\app\\api\\admin\\content\\contact\\[id]"
2026-01-08T06:17:01.131421Z  INFO scan_sources: tailwindcss_oxide::scanner: Discovering "C:\\xampp\\htdocs\\tutorial2\\app\\api\\admin\\content\\contact\\[id]\\route.ts"
2026-01-08T06:17:01.131757Z  INFO scan_sources: tailwindcss_oxide::scanner: Discovering "C:\\xampp\\htdocs\\tutorial2\\app\\api\\admin\\content\\footer"
2026-01-08T06:17:01.132048Z  INFO scan_sources: tailwindcss_oxide::scanner: Discovering "C:\\xampp\\htdocs\\tutorial2\\app\\api\\admin\\content\\footer\\route.ts"
2026-01-08T06:17:01.155471Z  INFO scan_sources: tailwindcss_oxide::scanner: Discovering "C:\\xampp\\htdocs\\tutorial2\\app\\api\\admin\\content\\home"
2026-01-08T06:17:01.155828Z  INFO scan_sources: tailwindcss_oxide::scanner: Discovering "C:\\xampp\\htdocs\\tutorial2\\app\\api\\admin\\content\\home\\route.ts"
2026-01-08T06:17:01.156179Z  INFO scan_sources: tailwindcss_oxide::scanner: Discovering "C:\\xampp\\htdocs\\tutorial2\\app\\api\\admin\\content\\home\\[id]"
2026-01-08T06:17:01.156459Z  INFO scan_sources: tailwindcss_oxide::scanner: Discovering "C:\\xampp\\htdocs\\tutorial2\\app\\api\\admin\\content\\home\\[id]\\route.ts"
2026-01-08T06:17:01.156721Z  INFO scan_sources: tailwindcss_oxide::scanner: Discovering "C:\\xampp\\htdocs\\tutorial2\\app\\api\\admin\\content\\media"
2026-01-08T06:17:01.156960Z  INFO scan_sources: tailwindcss_oxide::scanner: Discovering "C:\\xampp\\htdocs\\tutorial2\\app\\api\\admin\\content\\media\\route.ts"
2026-01-08T06:17:01.157236Z  INFO scan_sources: tailwindcss_oxide::scanner: Discovering "C:\\xampp\\htdocs\\tutorial2\\app\\api\\admin\\content\\navigation"
2026-01-08T06:17:01.175986Z  INFO scan_sources: tailwindcss_oxide::scanner: Discovering "C:\\xampp\\htdocs\\tutorial2\\app\\api\\admin\\content\\navigation\\route.ts"
2026-01-08T06:17:01.176413Z  INFO scan_sources: tailwindcss_oxide::scanner: Discovering "C:\\xampp\\htdocs\\tutorial2\\app\\api\\admin\\content\\pages"
2026-01-08T06:17:01.176726Z  INFO scan_sources: tailwindcss_oxide::scanner: Discovering "C:\\xampp\\htdocs\\tutorial2\\app\\api\\admin\\content\\pages\\route.ts"
2026-01-08T06:17:01.176936Z  INFO scan_sources: tailwindcss_oxide::scanner: Discovering "C:\\xampp\\htdocs\\tutorial2\\app\\api\\admin\\content\\pages\\[id]"
2026-01-08T06:17:01.178034Z  INFO scan_sources: tailwindcss_oxide::scanner: Discovering "C:\\xampp\\htdocs\\tutorial2\\app\\api\\admin\\content\\pages\\[id]\\route.ts"
2026-01-08T06:17:01.178406Z  INFO scan_sources: tailwindcss_oxide::scanner: Discovering "C:\\xampp\\htdocs\\tutorial2\\app\\api\\admin\\content\\settings"
2026-01-08T06:17:01.188478Z  INFO scan_sources: tailwindcss_oxide::scanner: Discovering "C:\\xampp\\htdocs\\tutorial2\\app\\api\\admin\\content\\settings\\route.ts"
2026-01-08T06:17:01.188915Z  INFO scan_sources: tailwindcss_oxide::scanner: Discovering "C:\\xampp\\htdocs\\tutorial2\\app\\api\\admin\\create-admin"
2026-01-08T06:17:01.189265Z  INFO scan_sources: tailwindcss_oxide::scanner: Discovering "C:\\xampp\\htdocs\\tutorial2\\app\\api\\admin\\create-admin\\route.ts"
2026-01-08T06:17:01.189613Z  INFO scan_sources: tailwindcss_oxide::scanner: Discovering "C:\\xampp\\htdocs\\tutorial2\\app\\api\\admin\\deleted-users"
2026-01-08T06:17:01.189925Z  INFO scan_sources: tailwindcss_oxide::scanner: Discovering "C:\\xampp\\htdocs\\tutorial2\\app\\api\\admin\\deleted-users\\route.ts"
2026-01-08T06:17:01.197602Z  INFO scan_sources: tailwindcss_oxide::scanner: Discovering "C:\\xampp\\htdocs\\tutorial2\\app\\api\\admin\\events"
2026-01-08T06:17:01.197904Z  INFO scan_sources: tailwindcss_oxide::scanner: Discovering "C:\\xampp\\htdocs\\tutorial2\\app\\api\\admin\\events\\route.ts"
2026-01-08T06:17:01.198023Z  INFO scan_sources: tailwindcss_oxide::scanner: Discovering "C:\\xampp\\htdocs\\tutorial2\\app\\api\\admin\\events\\route_original.ts"
2026-01-08T06:17:01.198216Z  INFO scan_sources: tailwindcss_oxide::scanner: Discovering "C:\\xampp\\htdocs\\tutorial2\\app\\api\\admin\\events\\[id]"
2026-01-08T06:17:01.198531Z  INFO scan_sources: tailwindcss_oxide::scanner: Discovering "C:\\xampp\\htdocs\\tutorial2\\app\\api\\admin\\events\\[id]\\registrations"
2026-01-08T06:17:01.198836Z  INFO scan_sources: tailwindcss_oxide::scanner: Discovering "C:\\xampp\\htdocs\\tutorial2\\app\\api\\admin\\events\\[id]\\registrations\\route.ts"
2026-01-08T06:17:01.199034Z  INFO scan_sources: tailwindcss_oxide::scanner: Discovering "C:\\xampp\\htdocs\\tutorial2\\app\\api\\admin\\events\\[id]\\route.ts"
2026-01-08T06:17:01.199182Z  INFO scan_sources: tailwindcss_oxide::scanner: Discovering "C:\\xampp\\htdocs\\tutorial2\\app\\api\\admin\\events\\[id]\\route_original.ts"
2026-01-08T06:17:01.213963Z  INFO scan_sources: tailwindcss_oxide::scanner: Discovering "C:\\xampp\\htdocs\\tutorial2\\app\\api\\admin\\fix-admin"
2026-01-08T06:17:01.214346Z  INFO scan_sources: tailwindcss_oxide::scanner: Discovering "C:\\xampp\\htdocs\\tutorial2\\app\\api\\admin\\fix-admin\\route.ts"
2026-01-08T06:17:01.214697Z  INFO scan_sources: tailwindcss_oxide::scanner: Discovering "C:\\xampp\\htdocs\\tutorial2\\app\\api\\admin\\membership"
2026-01-08T06:17:01.215169Z  INFO scan_sources: tailwindcss_oxide::scanner: Discovering "C:\\xampp\\htdocs\\tutorial2\\app\\api\\admin\\membership\\cycles"
2026-01-08T06:17:01.224687Z  INFO scan_sources: tailwindcss_oxide::scanner: Discovering "C:\\xampp\\htdocs\\tutorial2\\app\\api\\admin\\membership\\cycles\\route.ts"
2026-01-08T06:17:01.225032Z  INFO scan_sources: tailwindcss_oxide::scanner: Discovering "C:\\xampp\\htdocs\\tutorial2\\app\\api\\admin\\membership\\settings"
2026-01-08T06:17:01.225343Z  INFO scan_sources: tailwindcss_oxide::scanner: Discovering "C:\\xampp\\htdocs\\tutorial2\\app\\api\\admin\\membership\\settings\\route.ts"
2026-01-08T06:17:01.225643Z  INFO scan_sources: tailwindcss_oxide::scanner: Discovering "C:\\xampp\\htdocs\\tutorial2\\app\\api\\admin\\membership\\types"
2026-01-08T06:17:01.225964Z  INFO scan_sources: tailwindcss_oxide::scanner: Discovering "C:\\xampp\\htdocs\\tutorial2\\app\\api\\admin\\membership\\types\\route.ts"
2026-01-08T06:17:01.226308Z  INFO scan_sources: tailwindcss_oxide::scanner: Discovering "C:\\xampp\\htdocs\\tutorial2\\app\\api\\admin\\payments"
2026-01-08T06:17:01.233729Z  INFO scan_sources: tailwindcss_oxide::scanner: Discovering "C:\\xampp\\htdocs\\tutorial2\\app\\api\\admin\\payments\\route.ts"
2026-01-08T06:17:01.234149Z  INFO scan_sources: tailwindcss_oxide::scanner: Discovering "C:\\xampp\\htdocs\\tutorial2\\app\\api\\admin\\payments\\[id]"
2026-01-08T06:17:01.234572Z  INFO scan_sources: tailwindcss_oxide::scanner: Discovering "C:\\xampp\\htdocs\\tutorial2\\app\\api\\admin\\payments\\[id]\\refund"
2026-01-08T06:17:01.237560Z  INFO scan_sources: tailwindcss_oxide::scanner: Discovering "C:\\xampp\\htdocs\\tutorial2\\app\\api\\admin\\payments\\[id]\\refund\\route.ts"
2026-01-08T06:17:01.237757Z  INFO scan_sources: tailwindcss_oxide::scanner: Discovering "C:\\xampp\\htdocs\\tutorial2\\app\\api\\admin\\payments\\[id]\\route.ts"
2026-01-08T06:17:01.243100Z  INFO scan_sources: tailwindcss_oxide::scanner: Discovering "C:\\xampp\\htdocs\\tutorial2\\app\\api\\admin\\report"
2026-01-08T06:17:01.243524Z  INFO scan_sources: tailwindcss_oxide::scanner: Discovering "C:\\xampp\\htdocs\\tutorial2\\app\\api\\admin\\report\\route.ts"
2026-01-08T06:17:01.243870Z  INFO scan_sources: tailwindcss_oxide::scanner: Discovering "C:\\xampp\\htdocs\\tutorial2\\app\\api\\admin\\reports"
2026-01-08T06:17:01.244896Z  INFO scan_sources: tailwindcss_oxide::scanner: Discovering "C:\\xampp\\htdocs\\tutorial2\\app\\api\\admin\\reports\\generate"
2026-01-08T06:17:01.245223Z  INFO scan_sources: tailwindcss_oxide::scanner: Discovering "C:\\xampp\\htdocs\\tutorial2\\app\\api\\admin\\reports\\generate\\route.ts"
2026-01-08T06:17:01.245467Z  INFO scan_sources: tailwindcss_oxide::scanner: Discovering "C:\\xampp\\htdocs\\tutorial2\\app\\api\\admin\\reports\\route.ts"
2026-01-08T06:17:01.245752Z  INFO scan_sources: tailwindcss_oxide::scanner: Discovering "C:\\xampp\\htdocs\\tutorial2\\app\\api\\admin\\reset-admin"
2026-01-08T06:17:01.248411Z  INFO scan_sources: tailwindcss_oxide::scanner: Discovering "C:\\xampp\\htdocs\\tutorial2\\app\\api\\admin\\reset-admin\\route.ts"
2026-01-08T06:17:01.248717Z  INFO scan_sources: tailwindcss_oxide::scanner: Discovering "C:\\xampp\\htdocs\\tutorial2\\app\\api\\admin\\users"
2026-01-08T06:17:01.249462Z  INFO scan_sources: tailwindcss_oxide::scanner: Discovering "C:\\xampp\\htdocs\\tutorial2\\app\\api\\admin\\users\\restore"
2026-01-08T06:17:01.249752Z  INFO scan_sources: tailwindcss_oxide::scanner: Discovering "C:\\xampp\\htdocs\\tutorial2\\app\\api\\admin\\users\\restore\\route.ts"
2026-01-08T06:17:01.249957Z  INFO scan_sources: tailwindcss_oxide::scanner: Discovering "C:\\xampp\\htdocs\\tutorial2\\app\\api\\admin\\users\\route.ts"
2026-01-08T06:17:01.250188Z  INFO scan_sources: tailwindcss_oxide::scanner: Discovering "C:\\xampp\\htdocs\\tutorial2\\app\\api\\admin\\users\\[id]"
2026-01-08T06:17:01.250568Z  INFO scan_sources: tailwindcss_oxide::scanner: Discovering "C:\\xampp\\htdocs\\tutorial2\\app\\api\\admin\\users\\[id]\\approve"
2026-01-08T06:17:01.250828Z  INFO scan_sources: tailwindcss_oxide::scanner: Discovering "C:\\xampp\\htdocs\\tutorial2\\app\\api\\admin\\users\\[id]\\approve\\route.ts"
2026-01-08T06:17:01.256590Z  INFO scan_sources: tailwindcss_oxide::scanner: Discovering "C:\\xampp\\htdocs\\tutorial2\\app\\api\\admin\\users\\[id]\\details"
2026-01-08T06:17:01.256898Z  INFO scan_sources: tailwindcss_oxide::scanner: Discovering "C:\\xampp\\htdocs\\tutorial2\\app\\api\\admin\\users\\[id]\\details\\route.ts"
2026-01-08T06:17:01.257162Z  INFO scan_sources: tailwindcss_oxide::scanner: Discovering "C:\\xampp\\htdocs\\tutorial2\\app\\api\\admin\\users\\[id]\\membership-status"
2026-01-08T06:17:01.257456Z  INFO scan_sources: tailwindcss_oxide::scanner: Discovering "C:\\xampp\\htdocs\\tutorial2\\app\\api\\admin\\users\\[id]\\membership-status\\route.ts"
2026-01-08T06:17:01.257779Z  INFO scan_sources: tailwindcss_oxide::scanner: Discovering "C:\\xampp\\htdocs\\tutorial2\\app\\api\\admin\\users\\[id]\\password"
2026-01-08T06:17:01.258085Z  INFO scan_sources: tailwindcss_oxide::scanner: Discovering "C:\\xampp\\htdocs\\tutorial2\\app\\api\\admin\\users\\[id]\\password\\route.ts"
2026-01-08T06:17:01.258361Z  INFO scan_sources: tailwindcss_oxide::scanner: Discovering "C:\\xampp\\htdocs\\tutorial2\\app\\api\\admin\\users\\[id]\\reject"
2026-01-08T06:17:01.258642Z  INFO scan_sources: tailwindcss_oxide::scanner: Discovering "C:\\xampp\\htdocs\\tutorial2\\app\\api\\admin\\users\\[id]\\reject\\route.ts"
2026-01-08T06:17:01.258834Z  INFO scan_sources: tailwindcss_oxide::scanner: Discovering "C:\\xampp\\htdocs\\tutorial2\\app\\api\\admin\\users\\[id]\\route.ts"
2026-01-08T06:17:01.261048Z  INFO scan_sources: tailwindcss_oxide::scanner: Discovering "C:\\xampp\\htdocs\\tutorial2\\app\\api\\auth"
2026-01-08T06:17:01.261493Z  INFO scan_sources: tailwindcss_oxide::scanner: Discovering "C:\\xampp\\htdocs\\tutorial2\\app\\api\\auth\\login"
2026-01-08T06:17:01.261780Z  INFO scan_sources: tailwindcss_oxide::scanner: Discovering "C:\\xampp\\htdocs\\tutorial2\\app\\api\\auth\\login\\route.ts"
2026-01-08T06:17:01.262074Z  INFO scan_sources: tailwindcss_oxide::scanner: Discovering "C:\\xampp\\htdocs\\tutorial2\\app\\api\\auth\\logout"
2026-01-08T06:17:01.262341Z  INFO scan_sources: tailwindcss_oxide::scanner: Discovering "C:\\xampp\\htdocs\\tutorial2\\app\\api\\auth\\logout\\route.ts"
2026-01-08T06:17:01.262597Z  INFO scan_sources: tailwindcss_oxide::scanner: Discovering "C:\\xampp\\htdocs\\tutorial2\\app\\api\\auth\\me"
2026-01-08T06:17:01.262852Z  INFO scan_sources: tailwindcss_oxide::scanner: Discovering "C:\\xampp\\htdocs\\tutorial2\\app\\api\\auth\\me\\route.ts"
2026-01-08T06:17:01.263106Z  INFO scan_sources: tailwindcss_oxide::scanner: Discovering "C:\\xampp\\htdocs\\tutorial2\\app\\api\\auth\\profile"
2026-01-08T06:17:01.263409Z  INFO scan_sources: tailwindcss_oxide::scanner: Discovering "C:\\xampp\\htdocs\\tutorial2\\app\\api\\auth\\profile\\route.ts"
2026-01-08T06:17:01.263547Z  INFO scan_sources: tailwindcss_oxide::scanner: Discovering "C:\\xampp\\htdocs\\tutorial2\\app\\api\\auth\\profile\\route.ts.new"
2026-01-08T06:17:01.263796Z  INFO scan_sources: tailwindcss_oxide::scanner: Discovering "C:\\xampp\\htdocs\\tutorial2\\app\\api\\auth\\refresh"
2026-01-08T06:17:01.267137Z  INFO scan_sources: tailwindcss_oxide::scanner: Discovering "C:\\xampp\\htdocs\\tutorial2\\app\\api\\auth\\refresh\\route.ts"
2026-01-08T06:17:01.267768Z  INFO scan_sources: tailwindcss_oxide::scanner: Discovering "C:\\xampp\\htdocs\\tutorial2\\app\\api\\auth\\register"
2026-01-08T06:17:01.276638Z  INFO scan_sources: tailwindcss_oxide::scanner: Discovering "C:\\xampp\\htdocs\\tutorial2\\app\\api\\auth\\register\\route.ts"
2026-01-08T06:17:01.277053Z  INFO scan_sources: tailwindcss_oxide::scanner: Discovering "C:\\xampp\\htdocs\\tutorial2\\app\\api\\contact-content"
2026-01-08T06:17:01.277393Z  INFO scan_sources: tailwindcss_oxide::scanner: Discovering "C:\\xampp\\htdocs\\tutorial2\\app\\api\\contact-content\\route.ts"
2026-01-08T06:17:01.277677Z  INFO scan_sources: tailwindcss_oxide::scanner: Discovering "C:\\xampp\\htdocs\\tutorial2\\app\\api\\debug"
2026-01-08T06:17:01.283353Z  INFO scan_sources: tailwindcss_oxide::scanner: Discovering "C:\\xampp\\htdocs\\tutorial2\\app\\api\\debug\\pricing"
2026-01-08T06:17:01.284346Z  INFO scan_sources: tailwindcss_oxide::scanner: Discovering "C:\\xampp\\htdocs\\tutorial2\\app\\api\\debug\\pricing\\route.ts"
2026-01-08T06:17:01.287613Z  INFO scan_sources: tailwindcss_oxide::scanner: Discovering "C:\\xampp\\htdocs\\tutorial2\\app\\api\\events"
2026-01-08T06:17:01.293403Z  INFO scan_sources: tailwindcss_oxide::scanner: Discovering "C:\\xampp\\htdocs\\tutorial2\\app\\api\\events\\route.ts"
2026-01-08T06:17:01.294358Z  INFO scan_sources: tailwindcss_oxide::scanner: Discovering "C:\\xampp\\htdocs\\tutorial2\\app\\api\\events\\[id]"
2026-01-08T06:17:01.294761Z  INFO scan_sources: tailwindcss_oxide::scanner: Discovering "C:\\xampp\\htdocs\\tutorial2\\app\\api\\events\\[id]\\register"
2026-01-08T06:17:01.295037Z  INFO scan_sources: tailwindcss_oxide::scanner: Discovering "C:\\xampp\\htdocs\\tutorial2\\app\\api\\events\\[id]\\register\\route.ts"
2026-01-08T06:17:01.295393Z  INFO scan_sources: tailwindcss_oxide::scanner: Discovering "C:\\xampp\\htdocs\\tutorial2\\app\\api\\fix-membership"
2026-01-08T06:17:01.295641Z  INFO scan_sources: tailwindcss_oxide::scanner: Discovering "C:\\xampp\\htdocs\\tutorial2\\app\\api\\fix-membership\\route.ts"
2026-01-08T06:17:01.295874Z  INFO scan_sources: tailwindcss_oxide::scanner: Discovering "C:\\xampp\\htdocs\\tutorial2\\app\\api\\home-content"
2026-01-08T06:17:01.296110Z  INFO scan_sources: tailwindcss_oxide::scanner: Discovering "C:\\xampp\\htdocs\\tutorial2\\app\\api\\home-content\\route.ts"
2026-01-08T06:17:01.299527Z  INFO scan_sources: tailwindcss_oxide::scanner: Discovering "C:\\xampp\\htdocs\\tutorial2\\app\\api\\membership"
2026-01-08T06:17:01.300237Z  INFO scan_sources: tailwindcss_oxide::scanner: Discovering "C:\\xampp\\htdocs\\tutorial2\\app\\api\\membership\\next-number"
2026-01-08T06:17:01.300886Z  INFO scan_sources: tailwindcss_oxide::scanner: Discovering "C:\\xampp\\htdocs\\tutorial2\\app\\api\\membership\\next-number\\route.ts"
2026-01-08T06:17:01.307326Z  INFO scan_sources: tailwindcss_oxide::scanner: Discovering "C:\\xampp\\htdocs\\tutorial2\\app\\api\\membership\\pay"
2026-01-08T06:17:01.307718Z  INFO scan_sources: tailwindcss_oxide::scanner: Discovering "C:\\xampp\\htdocs\\tutorial2\\app\\api\\membership\\pay\\route.ts"
2026-01-08T06:17:01.308111Z  INFO scan_sources: tailwindcss_oxide::scanner: Discovering "C:\\xampp\\htdocs\\tutorial2\\app\\api\\membership\\payment-status"
2026-01-08T06:17:01.308406Z  INFO scan_sources: tailwindcss_oxide::scanner: Discovering "C:\\xampp\\htdocs\\tutorial2\\app\\api\\membership\\payment-status\\route.ts"
2026-01-08T06:17:01.308690Z  INFO scan_sources: tailwindcss_oxide::scanner: Discovering "C:\\xampp\\htdocs\\tutorial2\\app\\api\\membership\\status"
2026-01-08T06:17:01.308948Z  INFO scan_sources: tailwindcss_oxide::scanner: Discovering "C:\\xampp\\htdocs\\tutorial2\\app\\api\\membership\\status\\route.ts"
2026-01-08T06:17:01.314532Z  INFO scan_sources: tailwindcss_oxide::scanner: Discovering "C:\\xampp\\htdocs\\tutorial2\\app\\api\\messages"
2026-01-08T06:17:01.315123Z  INFO scan_sources: tailwindcss_oxide::scanner: Discovering "C:\\xampp\\htdocs\\tutorial2\\app\\api\\messages\\reply"
2026-01-08T06:17:01.316285Z  INFO scan_sources: tailwindcss_oxide::scanner: Discovering "C:\\xampp\\htdocs\\tutorial2\\app\\api\\messages\\reply\\route.ts"
2026-01-08T06:17:01.317251Z  INFO scan_sources: tailwindcss_oxide::scanner: Discovering "C:\\xampp\\htdocs\\tutorial2\\app\\api\\messages\\route.ts"
2026-01-08T06:17:01.322623Z  INFO scan_sources: tailwindcss_oxide::scanner: Discovering "C:\\xampp\\htdocs\\tutorial2\\app\\api\\messages\\[id]"
2026-01-08T06:17:01.323003Z  INFO scan_sources: tailwindcss_oxide::scanner: Discovering "C:\\xampp\\htdocs\\tutorial2\\app\\api\\messages\\[id]\\read"
2026-01-08T06:17:01.323229Z  INFO scan_sources: tailwindcss_oxide::scanner: Discovering "C:\\xampp\\htdocs\\tutorial2\\app\\api\\messages\\[id]\\read\\route.ts"
2026-01-08T06:17:01.323370Z  INFO scan_sources: tailwindcss_oxide::scanner: Discovering "C:\\xampp\\htdocs\\tutorial2\\app\\api\\messages\\[id]\\route.ts"
2026-01-08T06:17:01.323598Z  INFO scan_sources: tailwindcss_oxide::scanner: Discovering "C:\\xampp\\htdocs\\tutorial2\\app\\api\\payments"
2026-01-08T06:17:01.323870Z  INFO scan_sources: tailwindcss_oxide::scanner: Discovering "C:\\xampp\\htdocs\\tutorial2\\app\\api\\payments\\activate-test"
2026-01-08T06:17:01.324117Z  INFO scan_sources: tailwindcss_oxide::scanner: Discovering "C:\\xampp\\htdocs\\tutorial2\\app\\api\\payments\\activate-test\\route.ts"
2026-01-08T06:17:01.326804Z  INFO scan_sources: tailwindcss_oxide::scanner: Discovering "C:\\xampp\\htdocs\\tutorial2\\app\\api\\payments\\azampay"
2026-01-08T06:17:01.327214Z  INFO scan_sources: tailwindcss_oxide::scanner: Discovering "C:\\xampp\\htdocs\\tutorial2\\app\\api\\payments\\azampay\\callback"
2026-01-08T06:17:01.327490Z  INFO scan_sources: tailwindcss_oxide::scanner: Discovering "C:\\xampp\\htdocs\\tutorial2\\app\\api\\payments\\azampay\\callback\\route.ts"
2026-01-08T06:17:01.327752Z  INFO scan_sources: tailwindcss_oxide::scanner: Discovering "C:\\xampp\\htdocs\\tutorial2\\app\\api\\payments\\azampay\\checkout"
2026-01-08T06:17:01.328089Z  INFO scan_sources: tailwindcss_oxide::scanner: Discovering "C:\\xampp\\htdocs\\tutorial2\\app\\api\\payments\\azampay\\checkout\\route.ts"
2026-01-08T06:17:01.328393Z  INFO scan_sources: tailwindcss_oxide::scanner: Discovering "C:\\xampp\\htdocs\\tutorial2\\app\\api\\payments\\cleanup"
2026-01-08T06:17:01.328668Z  INFO scan_sources: tailwindcss_oxide::scanner: Discovering "C:\\xampp\\htdocs\\tutorial2\\app\\api\\payments\\cleanup\\route.ts"
2026-01-08T06:17:01.330874Z  INFO scan_sources: tailwindcss_oxide::scanner: Discovering "C:\\xampp\\htdocs\\tutorial2\\app\\api\\payments\\mobile-money"
2026-01-08T06:17:01.331542Z  INFO scan_sources: tailwindcss_oxide::scanner: Discovering "C:\\xampp\\htdocs\\tutorial2\\app\\api\\payments\\mobile-money\\route.ts"
2026-01-08T06:17:01.332067Z  INFO scan_sources: tailwindcss_oxide::scanner: Discovering "C:\\xampp\\htdocs\\tutorial2\\app\\api\\reports"
2026-01-08T06:17:01.332457Z  INFO scan_sources: tailwindcss_oxide::scanner: Discovering "C:\\xampp\\htdocs\\tutorial2\\app\\api\\reports\\generate"
2026-01-08T06:17:01.332832Z  INFO scan_sources: tailwindcss_oxide::scanner: Discovering "C:\\xampp\\htdocs\\tutorial2\\app\\api\\reports\\generate\\route.ts"
2026-01-08T06:17:01.333124Z  INFO scan_sources: tailwindcss_oxide::scanner: Discovering "C:\\xampp\\htdocs\\tutorial2\\app\\api\\reports\\send-email"
2026-01-08T06:17:01.333397Z  INFO scan_sources: tailwindcss_oxide::scanner: Discovering "C:\\xampp\\htdocs\\tutorial2\\app\\api\\reports\\send-email\\route.ts"
2026-01-08T06:17:01.333714Z  INFO scan_sources: tailwindcss_oxide::scanner: Discovering "C:\\xampp\\htdocs\\tutorial2\\app\\api\\send-approval-email"
2026-01-08T06:17:01.338670Z  INFO scan_sources: tailwindcss_oxide::scanner: Discovering "C:\\xampp\\htdocs\\tutorial2\\app\\api\\send-approval-email\\route.ts"
2026-01-08T06:17:01.339046Z  INFO scan_sources: tailwindcss_oxide::scanner: Discovering "C:\\xampp\\htdocs\\tutorial2\\app\\api\\settings"
2026-01-08T06:17:01.339357Z  INFO scan_sources: tailwindcss_oxide::scanner: Discovering "C:\\xampp\\htdocs\\tutorial2\\app\\api\\settings\\route.ts"
2026-01-08T06:17:01.339644Z  INFO scan_sources: tailwindcss_oxide::scanner: Discovering "C:\\xampp\\htdocs\\tutorial2\\app\\api\\setup"
2026-01-08T06:17:01.341566Z  INFO scan_sources: tailwindcss_oxide::scanner: Discovering "C:\\xampp\\htdocs\\tutorial2\\app\\api\\setup\\ensure-admin"
2026-01-08T06:17:01.342030Z  INFO scan_sources: tailwindcss_oxide::scanner: Discovering "C:\\xampp\\htdocs\\tutorial2\\app\\api\\setup\\ensure-admin\\route.ts"
2026-01-08T06:17:01.342448Z  INFO scan_sources: tailwindcss_oxide::scanner: Discovering "C:\\xampp\\htdocs\\tutorial2\\app\\auth"
2026-01-08T06:17:01.342711Z  INFO scan_sources: tailwindcss_oxide::scanner: Discovering "C:\\xampp\\htdocs\\tutorial2\\app\\auth\\layout.tsx"
2026-01-08T06:17:01.342890Z  INFO scan_sources: tailwindcss_oxide::scanner: Discovering "C:\\xampp\\htdocs\\tutorial2\\app\\auth\\login"
2026-01-08T06:17:01.343124Z  INFO scan_sources: tailwindcss_oxide::scanner: Discovering "C:\\xampp\\htdocs\\tutorial2\\app\\auth\\login\\page.tsx"
2026-01-08T06:17:01.343356Z  INFO scan_sources: tailwindcss_oxide::scanner: Discovering "C:\\xampp\\htdocs\\tutorial2\\app\\auth\\pending-approval"
2026-01-08T06:17:01.343585Z  INFO scan_sources: tailwindcss_oxide::scanner: Discovering "C:\\xampp\\htdocs\\tutorial2\\app\\auth\\pending-approval\\page.tsx"
2026-01-08T06:17:01.343828Z  INFO scan_sources: tailwindcss_oxide::scanner: Discovering "C:\\xampp\\htdocs\\tutorial2\\app\\auth\\register"
2026-01-08T06:17:01.347234Z  INFO scan_sources: tailwindcss_oxide::scanner: Discovering "C:\\xampp\\htdocs\\tutorial2\\app\\auth\\register\\page.tsx"
2026-01-08T06:17:01.347711Z  INFO scan_sources: tailwindcss_oxide::scanner: Discovering "C:\\xampp\\htdocs\\tutorial2\\app\\components"
2026-01-08T06:17:01.348022Z  INFO scan_sources: tailwindcss_oxide::scanner: Discovering "C:\\xampp\\htdocs\\tutorial2\\app\\components\\ConditionalLayout.tsx"
2026-01-08T06:17:01.348187Z  INFO scan_sources: tailwindcss_oxide::scanner: Discovering "C:\\xampp\\htdocs\\tutorial2\\app\\components\\SharedLayout.tsx"
2026-01-08T06:17:01.348445Z  INFO scan_sources: tailwindcss_oxide::scanner: Discovering "C:\\xampp\\htdocs\\tutorial2\\app\\contact"
2026-01-08T06:17:01.348714Z  INFO scan_sources: tailwindcss_oxide::scanner: Discovering "C:\\xampp\\htdocs\\tutorial2\\app\\contact\\page.tsx"
2026-01-08T06:17:01.352795Z  INFO scan_sources: tailwindcss_oxide::scanner: Discovering "C:\\xampp\\htdocs\\tutorial2\\app\\dashboard"
2026-01-08T06:17:01.353164Z  INFO scan_sources: tailwindcss_oxide::scanner: Discovering "C:\\xampp\\htdocs\\tutorial2\\app\\dashboard\\complete-profile"
2026-01-08T06:17:01.353518Z  INFO scan_sources: tailwindcss_oxide::scanner: Discovering "C:\\xampp\\htdocs\\tutorial2\\app\\dashboard\\complete-profile\\page.tsx"
2026-01-08T06:17:01.353810Z  INFO scan_sources: tailwindcss_oxide::scanner: Discovering "C:\\xampp\\htdocs\\tutorial2\\app\\dashboard\\events"
2026-01-08T06:17:01.354059Z  INFO scan_sources: tailwindcss_oxide::scanner: Discovering "C:\\xampp\\htdocs\\tutorial2\\app\\dashboard\\events\\page.tsx"
2026-01-08T06:17:01.354237Z  INFO scan_sources: tailwindcss_oxide::scanner: Discovering "C:\\xampp\\htdocs\\tutorial2\\app\\dashboard\\layout.tsx"
2026-01-08T06:17:01.354444Z  INFO scan_sources: tailwindcss_oxide::scanner: Discovering "C:\\xampp\\htdocs\\tutorial2\\app\\dashboard\\membership-card"
2026-01-08T06:17:01.354692Z  INFO scan_sources: tailwindcss_oxide::scanner: Discovering "C:\\xampp\\htdocs\\tutorial2\\app\\dashboard\\membership-card\\page.tsx"
2026-01-08T06:17:01.354821Z  INFO scan_sources: tailwindcss_oxide::scanner: Discovering "C:\\xampp\\htdocs\\tutorial2\\app\\dashboard\\membership-card\\print-styles.css"
2026-01-08T06:17:01.355050Z  INFO scan_sources: tailwindcss_oxide::scanner: Discovering "C:\\xampp\\htdocs\\tutorial2\\app\\dashboard\\messages"
2026-01-08T06:17:01.360774Z  INFO scan_sources: tailwindcss_oxide::scanner: Discovering "C:\\xampp\\htdocs\\tutorial2\\app\\dashboard\\messages\\page.tsx"
2026-01-08T06:17:01.361299Z  INFO scan_sources: tailwindcss_oxide::scanner: Discovering "C:\\xampp\\htdocs\\tutorial2\\app\\dashboard\\page.tsx"
2026-01-08T06:17:01.361763Z  INFO scan_sources: tailwindcss_oxide::scanner: Discovering "C:\\xampp\\htdocs\\tutorial2\\app\\dashboard\\payment"
2026-01-08T06:17:01.362084Z  INFO scan_sources: tailwindcss_oxide::scanner: Discovering "C:\\xampp\\htdocs\\tutorial2\\app\\dashboard\\payment\\page.tsx"
2026-01-08T06:17:01.362329Z  INFO scan_sources: tailwindcss_oxide::scanner: Discovering "C:\\xampp\\htdocs\\tutorial2\\app\\dashboard\\payment\\success"
2026-01-08T06:17:01.365354Z  INFO scan_sources: tailwindcss_oxide::scanner: Discovering "C:\\xampp\\htdocs\\tutorial2\\app\\dashboard\\payment\\success\\page.tsx"
2026-01-08T06:17:01.365821Z  INFO scan_sources: tailwindcss_oxide::scanner: Discovering "C:\\xampp\\htdocs\\tutorial2\\app\\dashboard\\subscribe"
2026-01-08T06:17:01.366138Z  INFO scan_sources: tailwindcss_oxide::scanner: Discovering "C:\\xampp\\htdocs\\tutorial2\\app\\dashboard\\subscribe\\page.tsx"
2026-01-08T06:17:01.366472Z  INFO scan_sources: tailwindcss_oxide::scanner: Discovering "C:\\xampp\\htdocs\\tutorial2\\app\\fix-auth"
2026-01-08T06:17:01.366833Z  INFO scan_sources: tailwindcss_oxide::scanner: Discovering "C:\\xampp\\htdocs\\tutorial2\\app\\fix-auth\\page.tsx"
2026-01-08T06:17:01.366984Z  INFO scan_sources: tailwindcss_oxide::scanner: Discovering "C:\\xampp\\htdocs\\tutorial2\\app\\globals.css"
2026-01-08T06:17:01.367092Z  INFO scan_sources: tailwindcss_oxide::scanner: Discovering "C:\\xampp\\htdocs\\tutorial2\\app\\layout.tsx"
2026-01-08T06:17:01.367208Z  INFO scan_sources: tailwindcss_oxide::scanner: Discovering "C:\\xampp\\htdocs\\tutorial2\\app\\not-found.tsx"
2026-01-08T06:17:01.367307Z  INFO scan_sources: tailwindcss_oxide::scanner: Discovering "C:\\xampp\\htdocs\\tutorial2\\app\\page.tsx"
2026-01-08T06:17:01.367912Z  INFO scan_sources: tailwindcss_oxide::scanner: Discovering "C:\\xampp\\htdocs\\tutorial2\\app\\schemas"
2026-01-08T06:17:01.368837Z  INFO scan_sources: tailwindcss_oxide::scanner: Discovering "C:\\xampp\\htdocs\\tutorial2\\app\\schemas\\auth.ts"
2026-01-08T06:17:01.369044Z  INFO scan_sources: tailwindcss_oxide::scanner: Discovering "C:\\xampp\\htdocs\\tutorial2\\app\\scripts"
2026-01-08T06:17:01.369251Z  INFO scan_sources: tailwindcss_oxide::scanner: Discovering "C:\\xampp\\htdocs\\tutorial2\\app\\scripts\\seed.ts"
2026-01-08T06:17:01.369449Z  INFO scan_sources: tailwindcss_oxide::scanner: Discovering "C:\\xampp\\htdocs\\tutorial2\\app\\unauthorized"
2026-01-08T06:17:01.369632Z  INFO scan_sources: tailwindcss_oxide::scanner: Discovering "C:\\xampp\\htdocs\\tutorial2\\app\\unauthorized\\page.tsx"
2026-01-08T06:17:01.369840Z  INFO scan_sources: tailwindcss_oxide::scanner: Discovering "C:\\xampp\\htdocs\\tutorial2\\components"
2026-01-08T06:17:01.370092Z  INFO scan_sources: tailwindcss_oxide::scanner: Discovering "C:\\xampp\\htdocs\\tutorial2\\components\\admin"
2026-01-08T06:17:01.370291Z  INFO scan_sources: tailwindcss_oxide::scanner: Discovering "C:\\xampp\\htdocs\\tutorial2\\components\\admin\\ReportModal.tsx"
2026-01-08T06:17:01.370397Z  INFO scan_sources: tailwindcss_oxide::scanner: Discovering "C:\\xampp\\htdocs\\tutorial2\\components\\admin\\UserRegistrationForm.tsx"
2026-01-08T06:17:01.370541Z  INFO scan_sources: tailwindcss_oxide::scanner: Discovering "C:\\xampp\\htdocs\\tutorial2\\components\\ConditionalLayout.tsx"
2026-01-08T06:17:01.370729Z  INFO scan_sources: tailwindcss_oxide::scanner: Discovering "C:\\xampp\\htdocs\\tutorial2\\components\\dashboard"
2026-01-08T06:17:01.370980Z  INFO scan_sources: tailwindcss_oxide::scanner: Discovering "C:\\xampp\\htdocs\\tutorial2\\components\\dashboard\\DashboardSidebar.tsx"
2026-01-08T06:17:01.374277Z  INFO scan_sources: tailwindcss_oxide::scanner: Discovering "C:\\xampp\\htdocs\\tutorial2\\components\\dashboard\\PaymentStatusSidebar.tsx"
2026-01-08T06:17:01.374554Z  INFO scan_sources: tailwindcss_oxide::scanner: Discovering "C:\\xampp\\htdocs\\tutorial2\\components\\PaymentLogos.tsx"
2026-01-08T06:17:01.374703Z  INFO scan_sources: tailwindcss_oxide::scanner: Discovering "C:\\xampp\\htdocs\\tutorial2\\components\\PaymentMethodSelector.tsx"
2026-01-08T06:17:01.374844Z  INFO scan_sources: tailwindcss_oxide::scanner: Discovering "C:\\xampp\\htdocs\\tutorial2\\components\\PhoneNumberInput.tsx"
2026-01-08T06:17:01.375217Z  INFO scan_sources: tailwindcss_oxide::scanner: Discovering "C:\\xampp\\htdocs\\tutorial2\\components\\ui"
2026-01-08T06:17:01.376162Z  INFO scan_sources: tailwindcss_oxide::scanner: Discovering "C:\\xampp\\htdocs\\tutorial2\\components\\ui\\button.tsx"
2026-01-08T06:17:01.376315Z  INFO scan_sources: tailwindcss_oxide::scanner: Discovering "C:\\xampp\\htdocs\\tutorial2\\components\\ui\\card.tsx"
2026-01-08T06:17:01.376421Z  INFO scan_sources: tailwindcss_oxide::scanner: Discovering "C:\\xampp\\htdocs\\tutorial2\\components\\ui\\dropdown-menu.tsx"
2026-01-08T06:17:01.376525Z  INFO scan_sources: tailwindcss_oxide::scanner: Discovering "C:\\xampp\\htdocs\\tutorial2\\components\\ui\\field.tsx"
2026-01-08T06:17:01.376632Z  INFO scan_sources: tailwindcss_oxide::scanner: Discovering "C:\\xampp\\htdocs\\tutorial2\\components\\ui\\input.tsx"
2026-01-08T06:17:01.376739Z  INFO scan_sources: tailwindcss_oxide::scanner: Discovering "C:\\xampp\\htdocs\\tutorial2\\components\\ui\\label.tsx"
2026-01-08T06:17:01.376841Z  INFO scan_sources: tailwindcss_oxide::scanner: Discovering "C:\\xampp\\htdocs\\tutorial2\\components\\ui\\modal.tsx"
2026-01-08T06:17:01.376963Z  INFO scan_sources: tailwindcss_oxide::scanner: Discovering "C:\\xampp\\htdocs\\tutorial2\\components\\ui\\separator.tsx"
2026-01-08T06:17:01.378734Z  INFO scan_sources: tailwindcss_oxide::scanner: Discovering "C:\\xampp\\htdocs\\tutorial2\\components\\ui\\theme-provider.tsx"
2026-01-08T06:17:01.379168Z  INFO scan_sources: tailwindcss_oxide::scanner: Discovering "C:\\xampp\\htdocs\\tutorial2\\components\\web"
2026-01-08T06:17:01.379666Z  INFO scan_sources: tailwindcss_oxide::scanner: Discovering "C:\\xampp\\htdocs\\tutorial2\\components\\web\\footer.tsx"
2026-01-08T06:17:01.379828Z  INFO scan_sources: tailwindcss_oxide::scanner: Discovering "C:\\xampp\\htdocs\\tutorial2\\components\\web\\navbar.tsx"
2026-01-08T06:17:01.379951Z  INFO scan_sources: tailwindcss_oxide::scanner: Discovering "C:\\xampp\\htdocs\\tutorial2\\components\\web\\theme-toggle.tsx"
2026-01-08T06:17:01.380212Z  INFO scan_sources: tailwindcss_oxide::scanner: Discovering "C:\\xampp\\htdocs\\tutorial2\\components.json"
2026-01-08T06:17:01.380505Z  INFO scan_sources: tailwindcss_oxide::scanner: Discovering "C:\\xampp\\htdocs\\tutorial2\\contexts"
2026-01-08T06:17:01.380845Z  INFO scan_sources: tailwindcss_oxide::scanner: Discovering "C:\\xampp\\htdocs\\tutorial2\\contexts\\AuthContext.tsx"
2026-01-08T06:17:01.382121Z  INFO scan_sources: tailwindcss_oxide::scanner: Discovering "C:\\xampp\\htdocs\\tutorial2\\convex"
2026-01-08T06:17:01.382624Z  INFO scan_sources: tailwindcss_oxide::scanner: Discovering "C:\\xampp\\htdocs\\tutorial2\\convex\\_generated"
2026-01-08T06:17:01.383027Z  INFO scan_sources: tailwindcss_oxide::scanner: Discovering "C:\\xampp\\htdocs\\tutorial2\\convex\\_generated\\api.d.ts"
2026-01-08T06:17:01.383166Z  INFO scan_sources: tailwindcss_oxide::scanner: Discovering "C:\\xampp\\htdocs\\tutorial2\\convex\\_generated\\api.js"
2026-01-08T06:17:01.383282Z  INFO scan_sources: tailwindcss_oxide::scanner: Discovering "C:\\xampp\\htdocs\\tutorial2\\convex\\_generated\\dataModel.d.ts"
2026-01-08T06:17:01.383378Z  INFO scan_sources: tailwindcss_oxide::scanner: Discovering "C:\\xampp\\htdocs\\tutorial2\\convex\\_generated\\server.d.ts"
2026-01-08T06:17:01.383486Z  INFO scan_sources: tailwindcss_oxide::scanner: Discovering "C:\\xampp\\htdocs\\tutorial2\\convex\\_generated\\server.js"
2026-01-08T06:17:01.383660Z  INFO scan_sources: tailwindcss_oxide::scanner: Discovering "C:\\xampp\\htdocs\\tutorial2\\cookies.txt"
2026-01-08T06:17:01.383837Z  INFO scan_sources: tailwindcss_oxide::scanner: Discovering "C:\\xampp\\htdocs\\tutorial2\\database"
2026-01-08T06:17:01.384094Z  INFO scan_sources: tailwindcss_oxide::scanner: Discovering "C:\\xampp\\htdocs\\tutorial2\\database\\add_phone_number_to_payments.sql"
2026-01-08T06:17:01.384202Z  INFO scan_sources: tailwindcss_oxide::scanner: Discovering "C:\\xampp\\htdocs\\tutorial2\\database\\create_content_management_tables.sql"
2026-01-08T06:17:01.384306Z  INFO scan_sources: tailwindcss_oxide::scanner: Discovering "C:\\xampp\\htdocs\\tutorial2\\database\\create_content_tables.sql"
2026-01-08T06:17:01.384407Z  INFO scan_sources: tailwindcss_oxide::scanner: Discovering "C:\\xampp\\htdocs\\tutorial2\\database\\create_events_first.sql"
2026-01-08T06:17:01.384506Z  INFO scan_sources: tailwindcss_oxide::scanner: Discovering "C:\\xampp\\htdocs\\tutorial2\\database\\create_events_tables.sql"
2026-01-08T06:17:01.384616Z  INFO scan_sources: tailwindcss_oxide::scanner: Discovering "C:\\xampp\\htdocs\\tutorial2\\database\\create_messages_table.sql"
2026-01-08T06:17:01.384734Z  INFO scan_sources: tailwindcss_oxide::scanner: Discovering "C:\\xampp\\htdocs\\tutorial2\\database\\create_payments_table.sql"
2026-01-08T06:17:01.387164Z  INFO scan_sources: tailwindcss_oxide::scanner: Discovering "C:\\xampp\\htdocs\\tutorial2\\database\\events_setup_clean.sql"
2026-01-08T06:17:01.387289Z  INFO scan_sources: tailwindcss_oxide::scanner: Discovering "C:\\xampp\\htdocs\\tutorial2\\database\\fix_payments_table.sql"
2026-01-08T06:17:01.387410Z  INFO scan_sources: tailwindcss_oxide::scanner: Discovering "C:\\xampp\\htdocs\\tutorial2\\database\\quick_fix_payments.sql"
2026-01-08T06:17:01.387554Z  INFO scan_sources: tailwindcss_oxide::scanner: Discovering "C:\\xampp\\htdocs\\tutorial2\\database\\setup_events.sql"
2026-01-08T06:17:01.387687Z  INFO scan_sources: tailwindcss_oxide::scanner: Discovering "C:\\xampp\\htdocs\\tutorial2\\database\\setup_tables.bat"
2026-01-08T06:17:01.387887Z  INFO scan_sources: tailwindcss_oxide::scanner: Discovering "C:\\xampp\\htdocs\\tutorial2\\Database.php"
2026-01-08T06:17:01.388048Z  INFO scan_sources: tailwindcss_oxide::scanner: Discovering "C:\\xampp\\htdocs\\tutorial2\\Database.php~"
2026-01-08T06:17:01.388159Z  INFO scan_sources: tailwindcss_oxide::scanner: Discovering "C:\\xampp\\htdocs\\tutorial2\\debug_password.php"
2026-01-08T06:17:01.388270Z  INFO scan_sources: tailwindcss_oxide::scanner: Discovering "C:\\xampp\\htdocs\\tutorial2\\eslint.config.mjs"
2026-01-08T06:17:01.388364Z  INFO scan_sources: tailwindcss_oxide::scanner: Discovering "C:\\xampp\\htdocs\\tutorial2\\fix_all_membership_numbers.sql"
2026-01-08T06:17:01.388562Z  INFO scan_sources: tailwindcss_oxide::scanner: Discovering "C:\\xampp\\htdocs\\tutorial2\\fix_all_membership_status.php"
2026-01-08T06:17:01.388714Z  INFO scan_sources: tailwindcss_oxide::scanner: Discovering "C:\\xampp\\htdocs\\tutorial2\\fix_membership.php"
2026-01-08T06:17:01.388826Z  INFO scan_sources: tailwindcss_oxide::scanner: Discovering "C:\\xampp\\htdocs\\tutorial2\\fix_memberships_table.sql"
2026-01-08T06:17:01.388937Z  INFO scan_sources: tailwindcss_oxide::scanner: Discovering "C:\\xampp\\htdocs\\tutorial2\\fix_membership_number.php"
2026-01-08T06:17:01.389048Z  INFO scan_sources: tailwindcss_oxide::scanner: Discovering "C:\\xampp\\htdocs\\tutorial2\\fix_membership_numbers.sql"
2026-01-08T06:17:01.389161Z  INFO scan_sources: tailwindcss_oxide::scanner: Discovering "C:\\xampp\\htdocs\\tutorial2\\fix_membership_standalone.php"
2026-01-08T06:17:01.389291Z  INFO scan_sources: tailwindcss_oxide::scanner: Discovering "C:\\xampp\\htdocs\\tutorial2\\fix_membership_status.sql"
2026-01-08T06:17:01.389418Z  INFO scan_sources: tailwindcss_oxide::scanner: Discovering "C:\\xampp\\htdocs\\tutorial2\\jwt.php"
2026-01-08T06:17:01.389748Z  INFO scan_sources: tailwindcss_oxide::scanner: Discovering "C:\\xampp\\htdocs\\tutorial2\\lib"
2026-01-08T06:17:01.390823Z  INFO scan_sources: tailwindcss_oxide::scanner: Discovering "C:\\xampp\\htdocs\\tutorial2\\lib\\auth.ts"
2026-01-08T06:17:01.390959Z  INFO scan_sources: tailwindcss_oxide::scanner: Discovering "C:\\xampp\\htdocs\\tutorial2\\lib\\azampay.ts"
2026-01-08T06:17:01.391090Z  INFO scan_sources: tailwindcss_oxide::scanner: Discovering "C:\\xampp\\htdocs\\tutorial2\\lib\\db.ts"
2026-01-08T06:17:01.391199Z  INFO scan_sources: tailwindcss_oxide::scanner: Discovering "C:\\xampp\\htdocs\\tutorial2\\lib\\membership-pricing.ts"
2026-01-08T06:17:01.391299Z  INFO scan_sources: tailwindcss_oxide::scanner: Discovering "C:\\xampp\\htdocs\\tutorial2\\lib\\membership.ts"
2026-01-08T06:17:01.391398Z  INFO scan_sources: tailwindcss_oxide::scanner: Discovering "C:\\xampp\\htdocs\\tutorial2\\lib\\mobile-money.ts"
2026-01-08T06:17:01.391501Z  INFO scan_sources: tailwindcss_oxide::scanner: Discovering "C:\\xampp\\htdocs\\tutorial2\\lib\\profileCompletion.ts"
2026-01-08T06:17:01.391605Z  INFO scan_sources: tailwindcss_oxide::scanner: Discovering "C:\\xampp\\htdocs\\tutorial2\\lib\\utils.ts"
2026-01-08T06:17:01.391753Z  INFO scan_sources: tailwindcss_oxide::scanner: Discovering "C:\\xampp\\htdocs\\tutorial2\\manual_activate_payment.php"
2026-01-08T06:17:01.391849Z  INFO scan_sources: tailwindcss_oxide::scanner: Discovering "C:\\xampp\\htdocs\\tutorial2\\middleware.ts"
2026-01-08T06:17:01.392043Z  INFO scan_sources: tailwindcss_oxide::scanner: Discovering "C:\\xampp\\htdocs\\tutorial2\\migrations"
2026-01-08T06:17:01.392308Z  INFO scan_sources: tailwindcss_oxide::scanner: Discovering "C:\\xampp\\htdocs\\tutorial2\\migrations\\0002_add_refresh_token_column.sql"
2026-01-08T06:17:01.392420Z  INFO scan_sources: tailwindcss_oxide::scanner: Discovering "C:\\xampp\\htdocs\\tutorial2\\migrations\\0003_add_report_tables.sql"
2026-01-08T06:17:01.392559Z  INFO scan_sources: tailwindcss_oxide::scanner: Discovering "C:\\xampp\\htdocs\\tutorial2\\migrations\\0004_add_profile_fields.sql"
2026-01-08T06:17:01.392672Z  INFO scan_sources: tailwindcss_oxide::scanner: Discovering "C:\\xampp\\htdocs\\tutorial2\\migrations\\0005_create_report_tables.sql"
2026-01-08T06:17:01.393108Z  INFO scan_sources: tailwindcss_oxide::scanner: Discovering "C:\\xampp\\htdocs\\tutorial2\\migrations\\0006_create_membership_sequence.sql"
2026-01-08T06:17:01.393268Z  INFO scan_sources: tailwindcss_oxide::scanner: Discovering "C:\\xampp\\htdocs\\tutorial2\\migrations\\20251230000000_add_professional_fields.sql"
2026-01-08T06:17:01.393457Z  INFO scan_sources: tailwindcss_oxide::scanner: Discovering "C:\\xampp\\htdocs\\tutorial2\\next.config.ts"
2026-01-08T06:17:01.393884Z  INFO scan_sources: tailwindcss_oxide::scanner: Discovering "C:\\xampp\\htdocs\\tutorial2\\package.json"
2026-01-08T06:17:01.394046Z  INFO scan_sources: tailwindcss_oxide::scanner: Discovering "C:\\xampp\\htdocs\\tutorial2\\pnpm-workspace.yaml"
2026-01-08T06:17:01.394163Z  INFO scan_sources: tailwindcss_oxide::scanner: Discovering "C:\\xampp\\htdocs\\tutorial2\\postcss.config.mjs"
2026-01-08T06:17:01.394368Z  INFO scan_sources: tailwindcss_oxide::scanner: Discovering "C:\\xampp\\htdocs\\tutorial2\\public"
2026-01-08T06:17:01.394666Z  INFO scan_sources: tailwindcss_oxide::scanner: Discovering "C:\\xampp\\htdocs\\tutorial2\\public\\file.svg"
2026-01-08T06:17:01.394792Z  INFO scan_sources: tailwindcss_oxide::scanner: Discovering "C:\\xampp\\htdocs\\tutorial2\\public\\globe.svg"
2026-01-08T06:17:01.394920Z  INFO scan_sources: tailwindcss_oxide::scanner: Discovering "C:\\xampp\\htdocs\\tutorial2\\public\\next.svg"
2026-01-08T06:17:01.395121Z  INFO scan_sources: tailwindcss_oxide::scanner: Discovering "C:\\xampp\\htdocs\\tutorial2\\public\\uploads"
2026-01-08T06:17:01.395438Z  INFO scan_sources: tailwindcss_oxide::scanner: Discovering "C:\\xampp\\htdocs\\tutorial2\\public\\uploads\\documents"
2026-01-08T06:17:01.395824Z  INFO scan_sources: tailwindcss_oxide::scanner: Discovering "C:\\xampp\\htdocs\\tutorial2\\public\\uploads\\profile-pictures"
2026-01-08T06:17:01.396170Z  INFO scan_sources: tailwindcss_oxide::scanner: Discovering "C:\\xampp\\htdocs\\tutorial2\\public\\vercel.svg"
2026-01-08T06:17:01.396283Z  INFO scan_sources: tailwindcss_oxide::scanner: Discovering "C:\\xampp\\htdocs\\tutorial2\\public\\window.svg"
2026-01-08T06:17:01.396450Z  INFO scan_sources: tailwindcss_oxide::scanner: Discovering "C:\\xampp\\htdocs\\tutorial2\\README.md"
2026-01-08T06:17:01.396819Z  INFO scan_sources: tailwindcss_oxide::scanner: Discovering "C:\\xampp\\htdocs\\tutorial2\\sampleData.jsonl"
2026-01-08T06:17:01.397250Z  INFO scan_sources: tailwindcss_oxide::scanner: Discovering "C:\\xampp\\htdocs\\tutorial2\\tsconfig.json"
2026-01-08T06:17:01.397444Z  INFO scan_sources: tailwindcss_oxide::scanner: exit
2026-01-08T06:17:01.397468Z  INFO extract_candidates: tailwindcss_oxide::scanner: enter
2026-01-08T06:17:01.397483Z  INFO extract_candidates:read_all_files: tailwindcss_oxide::scanner: enter
2026-01-08T06:17:01.397494Z  INFO extract_candidates:read_all_files: tailwindcss_oxide::scanner: Reading 203 file(s)
2026-01-08T06:17:01.399548Z  INFO tailwindcss_oxide::scanner: Reading "C:\\xampp\\htdocs\\tutorial2\\app\\api\\admin\\membership\\cycles\\route.ts"
2026-01-08T06:17:01.399562Z  INFO tailwindcss_oxide::scanner: Reading "C:\\xampp\\htdocs\\tutorial2\\app\\auth\\pending-approval\\page.tsx"
2026-01-08T06:17:01.399565Z  INFO tailwindcss_oxide::scanner: Reading "C:\\xampp\\htdocs\\tutorial2\\ADMIN_MODULES_IMPLEMENTATION.md"
2026-01-08T06:17:01.399759Z  INFO tailwindcss_oxide::scanner: Reading "C:\\xampp\\htdocs\\tutorial2\\app\\api\\admin\\membership\\settings\\route.ts"
2026-01-08T06:17:01.399770Z  INFO tailwindcss_oxide::scanner: Reading "C:\\xampp\\htdocs\\tutorial2\\app\\auth\\register\\page.tsx"
2026-01-08T06:17:01.399815Z  INFO tailwindcss_oxide::scanner: Reading "C:\\xampp\\htdocs\\tutorial2\\api\\auth\\login.php"
2026-01-08T06:17:01.399874Z  INFO tailwindcss_oxide::scanner: Reading "C:\\xampp\\htdocs\\tutorial2\\app\\api\\admin\\membership\\types\\route.ts"
2026-01-08T06:17:01.399895Z  INFO tailwindcss_oxide::scanner: Reading "C:\\xampp\\htdocs\\tutorial2\\app\\components\\ConditionalLayout.tsx"
2026-01-08T06:17:01.399917Z  INFO tailwindcss_oxide::scanner: Reading "C:\\xampp\\htdocs\\tutorial2\\api\\auth\\logout.php"
2026-01-08T06:17:01.399978Z  INFO tailwindcss_oxide::scanner: Reading "C:\\xampp\\htdocs\\tutorial2\\app\\api\\admin\\payments\\route.ts"
2026-01-08T06:17:01.399989Z  INFO tailwindcss_oxide::scanner: Reading "C:\\xampp\\htdocs\\tutorial2\\app\\components\\SharedLayout.tsx"
2026-01-08T06:17:01.400026Z  INFO tailwindcss_oxide::scanner: Reading "C:\\xampp\\htdocs\\tutorial2\\api\\auth\\me.php"
2026-01-08T06:17:01.400079Z  INFO tailwindcss_oxide::scanner: Reading "C:\\xampp\\htdocs\\tutorial2\\app\\api\\admin\\payments\\[id]\\refund\\route.ts"
2026-01-08T06:17:01.400084Z  INFO tailwindcss_oxide::scanner: Reading "C:\\xampp\\htdocs\\tutorial2\\app\\contact\\page.tsx"
2026-01-08T06:17:01.400123Z  INFO tailwindcss_oxide::scanner: Reading "C:\\xampp\\htdocs\\tutorial2\\api\\auth\\register.php"
2026-01-08T06:17:01.400199Z  INFO tailwindcss_oxide::scanner: Reading "C:\\xampp\\htdocs\\tutorial2\\app\\api\\admin\\payments\\[id]\\route.ts"
2026-01-08T06:17:01.400202Z  INFO tailwindcss_oxide::scanner: Reading "C:\\xampp\\htdocs\\tutorial2\\app\\(layout)\\layout.tsx"
2026-01-08T06:17:01.400276Z  INFO tailwindcss_oxide::scanner: Reading "C:\\xampp\\htdocs\\tutorial2\\app\\dashboard\\complete-profile\\page.tsx"
2026-01-08T06:17:01.400296Z  INFO tailwindcss_oxide::scanner: Reading "C:\\xampp\\htdocs\\tutorial2\\app\\api\\admin\\report\\route.ts"
2026-01-08T06:17:01.400304Z  INFO tailwindcss_oxide::scanner: Reading "C:\\xampp\\htdocs\\tutorial2\\app\\(shared-layout)\\layout.tsx"
2026-01-08T06:17:01.400394Z  INFO tailwindcss_oxide::scanner: Reading "C:\\xampp\\htdocs\\tutorial2\\app\\api\\admin\\reports\\generate\\route.ts"
2026-01-08T06:17:01.400396Z  INFO tailwindcss_oxide::scanner: Reading "C:\\xampp\\htdocs\\tutorial2\\app\\(shared-layout)\\page.tsx"
2026-01-08T06:17:01.400426Z  INFO tailwindcss_oxide::scanner: Reading "C:\\xampp\\htdocs\\tutorial2\\app\\dashboard\\events\\page.tsx"
2026-01-08T06:17:01.400490Z  INFO tailwindcss_oxide::scanner: Reading "C:\\xampp\\htdocs\\tutorial2\\app\\api\\admin\\reports\\route.ts"
2026-01-08T06:17:01.400496Z  INFO tailwindcss_oxide::scanner: Reading "C:\\xampp\\htdocs\\tutorial2\\app\\about\\page.tsx"
2026-01-08T06:17:01.400541Z  INFO tailwindcss_oxide::scanner: Reading "C:\\xampp\\htdocs\\tutorial2\\app\\dashboard\\layout.tsx"
2026-01-08T06:17:01.400582Z  INFO tailwindcss_oxide::scanner: Reading "C:\\xampp\\htdocs\\tutorial2\\app\\api\\admin\\reset-admin\\route.ts"
2026-01-08T06:17:01.400616Z  INFO tailwindcss_oxide::scanner: Reading "C:\\xampp\\htdocs\\tutorial2\\app\\about-us\\page.tsx"
2026-01-08T06:17:01.400649Z  INFO tailwindcss_oxide::scanner: Reading "C:\\xampp\\htdocs\\tutorial2\\app\\dashboard\\membership-card\\page.tsx"
2026-01-08T06:17:01.400672Z  INFO tailwindcss_oxide::scanner: Reading "C:\\xampp\\htdocs\\tutorial2\\app\\api\\admin\\users\\restore\\route.ts"
2026-01-08T06:17:01.400767Z  INFO tailwindcss_oxide::scanner: Reading "C:\\xampp\\htdocs\\tutorial2\\app\\admin\\content\\about\\page.tsx"
2026-01-08T06:17:01.400769Z  INFO tailwindcss_oxide::scanner: Reading "C:\\xampp\\htdocs\\tutorial2\\app\\api\\admin\\users\\route.ts"
2026-01-08T06:17:01.400800Z  INFO tailwindcss_oxide::scanner: Reading "C:\\xampp\\htdocs\\tutorial2\\app\\dashboard\\messages\\page.tsx"
2026-01-08T06:17:01.400870Z  INFO tailwindcss_oxide::scanner: Reading "C:\\xampp\\htdocs\\tutorial2\\app\\api\\admin\\users\\[id]\\approve\\route.ts"
2026-01-08T06:17:01.400890Z  INFO tailwindcss_oxide::scanner: Reading "C:\\xampp\\htdocs\\tutorial2\\app\\admin\\content\\contact\\page.tsx"
2026-01-08T06:17:01.400908Z  INFO tailwindcss_oxide::scanner: Reading "C:\\xampp\\htdocs\\tutorial2\\app\\dashboard\\page.tsx"
2026-01-08T06:17:01.400969Z  INFO tailwindcss_oxide::scanner: Reading "C:\\xampp\\htdocs\\tutorial2\\app\\api\\admin\\users\\[id]\\details\\route.ts"
2026-01-08T06:17:01.401003Z  INFO tailwindcss_oxide::scanner: Reading "C:\\xampp\\htdocs\\tutorial2\\app\\admin\\content\\home\\page.tsx"
2026-01-08T06:17:01.401015Z  INFO tailwindcss_oxide::scanner: Reading "C:\\xampp\\htdocs\\tutorial2\\app\\dashboard\\payment\\page.tsx"
2026-01-08T06:17:01.401068Z  INFO tailwindcss_oxide::scanner: Reading "C:\\xampp\\htdocs\\tutorial2\\app\\api\\admin\\users\\[id]\\membership-status\\route.ts"
2026-01-08T06:17:01.401163Z  INFO tailwindcss_oxide::scanner: Reading "C:\\xampp\\htdocs\\tutorial2\\app\\api\\admin\\users\\[id]\\password\\route.ts"
2026-01-08T06:17:01.401227Z  INFO tailwindcss_oxide::scanner: Reading "C:\\xampp\\htdocs\\tutorial2\\app\\admin\\content\\page.tsx"
2026-01-08T06:17:01.401302Z  INFO tailwindcss_oxide::scanner: Reading "C:\\xampp\\htdocs\\tutorial2\\app\\api\\admin\\users\\[id]\\reject\\route.ts"
2026-01-08T06:17:01.401442Z  INFO tailwindcss_oxide::scanner: Reading "C:\\xampp\\htdocs\\tutorial2\\app\\api\\admin\\users\\[id]\\route.ts"
2026-01-08T06:17:01.401936Z  INFO tailwindcss_oxide::scanner: Reading "C:\\xampp\\htdocs\\tutorial2\\app\\api\\contact-content\\route.ts"
2026-01-08T06:17:01.404185Z  INFO tailwindcss_oxide::scanner: Reading "C:\\xampp\\htdocs\\tutorial2\\app\\admin\\reports\\page.tsx"
2026-01-08T06:17:01.404276Z  INFO tailwindcss_oxide::scanner: Reading "C:\\xampp\\htdocs\\tutorial2\\app\\admin\\dashboard\\page.tsx"
2026-01-08T06:17:01.404929Z  INFO tailwindcss_oxide::scanner: Reading "C:\\xampp\\htdocs\\tutorial2\\app\\api\\debug\\pricing\\route.ts"
2026-01-08T06:17:01.404592Z  INFO tailwindcss_oxide::scanner: Reading "C:\\xampp\\htdocs\\tutorial2\\app\\dashboard\\payment\\success\\page.tsx"
2026-01-08T06:17:01.404969Z  INFO tailwindcss_oxide::scanner: Reading "C:\\xampp\\htdocs\\tutorial2\\app\\admin\\requests\\page.tsx"
2026-01-08T06:17:01.405094Z  INFO tailwindcss_oxide::scanner: Reading "C:\\xampp\\htdocs\\tutorial2\\app\\api\\events\\route.ts"
2026-01-08T06:17:01.405114Z  INFO tailwindcss_oxide::scanner: Reading "C:\\xampp\\htdocs\\tutorial2\\app\\dashboard\\subscribe\\page.tsx"
2026-01-08T06:17:01.405125Z  INFO tailwindcss_oxide::scanner: Reading "C:\\xampp\\htdocs\\tutorial2\\app\\admin\\users\\page.tsx"
2026-01-08T06:17:01.405234Z  INFO tailwindcss_oxide::scanner: Reading "C:\\xampp\\htdocs\\tutorial2\\app\\api\\events\\[id]\\register\\route.ts"
2026-01-08T06:17:01.405243Z  INFO tailwindcss_oxide::scanner: Reading "C:\\xampp\\htdocs\\tutorial2\\app\\fix-auth\\page.tsx"
2026-01-08T06:17:01.405302Z  INFO tailwindcss_oxide::scanner: Reading "C:\\xampp\\htdocs\\tutorial2\\app\\admin\\users\\[id]\\page.tsx"
2026-01-08T06:17:01.405368Z  INFO tailwindcss_oxide::scanner: Reading "C:\\xampp\\htdocs\\tutorial2\\app\\api\\fix-membership\\route.ts"
2026-01-08T06:17:01.405404Z  INFO tailwindcss_oxide::scanner: Reading "C:\\xampp\\htdocs\\tutorial2\\app\\layout.tsx"
2026-01-08T06:17:01.405437Z  INFO tailwindcss_oxide::scanner: Reading "C:\\xampp\\htdocs\\tutorial2\\app\\api\\about-content\\route.ts"
2026-01-08T06:17:01.405489Z  INFO tailwindcss_oxide::scanner: Reading "C:\\xampp\\htdocs\\tutorial2\\app\\api\\home-content\\route.ts"
2026-01-08T06:17:01.405514Z  INFO tailwindcss_oxide::scanner: Reading "C:\\xampp\\htdocs\\tutorial2\\app\\not-found.tsx"
2026-01-08T06:17:01.405551Z  INFO tailwindcss_oxide::scanner: Reading "C:\\xampp\\htdocs\\tutorial2\\app\\api\\admin\\content\\about\\route.ts"
2026-01-08T06:17:01.405593Z  INFO tailwindcss_oxide::scanner: Reading "C:\\xampp\\htdocs\\tutorial2\\app\\api\\membership\\next-number\\route.ts"
2026-01-08T06:17:01.405645Z  INFO tailwindcss_oxide::scanner: Reading "C:\\xampp\\htdocs\\tutorial2\\app\\page.tsx"
2026-01-08T06:17:01.405728Z  INFO tailwindcss_oxide::scanner: Reading "C:\\xampp\\htdocs\\tutorial2\\app\\api\\admin\\content\\about\\[id]\\route.ts"
2026-01-08T06:17:01.405729Z  INFO tailwindcss_oxide::scanner: Reading "C:\\xampp\\htdocs\\tutorial2\\app\\api\\membership\\pay\\route.ts"
2026-01-08T06:17:01.405767Z  INFO tailwindcss_oxide::scanner: Reading "C:\\xampp\\htdocs\\tutorial2\\app\\schemas\\auth.ts"
2026-01-08T06:17:01.405853Z  INFO tailwindcss_oxide::scanner: Reading "C:\\xampp\\htdocs\\tutorial2\\app\\api\\membership\\payment-status\\route.ts"
2026-01-08T06:17:01.405870Z  INFO tailwindcss_oxide::scanner: Reading "C:\\xampp\\htdocs\\tutorial2\\app\\api\\admin\\content\\contact\\route.ts"
2026-01-08T06:17:01.405934Z  INFO tailwindcss_oxide::scanner: Reading "C:\\xampp\\htdocs\\tutorial2\\app\\scripts\\seed.ts"
2026-01-08T06:17:01.405957Z  INFO tailwindcss_oxide::scanner: Reading "C:\\xampp\\htdocs\\tutorial2\\app\\api\\membership\\status\\route.ts"
2026-01-08T06:17:01.404930Z  INFO tailwindcss_oxide::scanner: Reading "C:\\xampp\\htdocs\\tutorial2\\app\\admin\\events\\page.tsx"
2026-01-08T06:17:01.406175Z  INFO tailwindcss_oxide::scanner: Reading "C:\\xampp\\htdocs\\tutorial2\\app\\unauthorized\\page.tsx"
2026-01-08T06:17:01.406207Z  INFO tailwindcss_oxide::scanner: Reading "C:\\xampp\\htdocs\\tutorial2\\app\\admin\\events\\[id]\\page.tsx"
2026-01-08T06:17:01.406176Z  INFO tailwindcss_oxide::scanner: Reading "C:\\xampp\\htdocs\\tutorial2\\app\\api\\messages\\reply\\route.ts"
2026-01-08T06:17:01.406327Z  INFO tailwindcss_oxide::scanner: Reading "C:\\xampp\\htdocs\\tutorial2\\components\\admin\\ReportModal.tsx"
2026-01-08T06:17:01.406362Z  INFO tailwindcss_oxide::scanner: Reading "C:\\xampp\\htdocs\\tutorial2\\app\\admin\\events\\[id]\\registrations\\page.tsx"
2026-01-08T06:17:01.406366Z  INFO tailwindcss_oxide::scanner: Reading "C:\\xampp\\htdocs\\tutorial2\\app\\api\\messages\\route.ts"
2026-01-08T06:17:01.406446Z  INFO tailwindcss_oxide::scanner: Reading "C:\\xampp\\htdocs\\tutorial2\\components\\admin\\UserRegistrationForm.tsx"
2026-01-08T06:17:01.406471Z  INFO tailwindcss_oxide::scanner: Reading "C:\\xampp\\htdocs\\tutorial2\\app\\api\\messages\\[id]\\read\\route.ts"
2026-01-08T06:17:01.406480Z  INFO tailwindcss_oxide::scanner: Reading "C:\\xampp\\htdocs\\tutorial2\\app\\admin\\layout.tsx"
2026-01-08T06:17:01.406548Z  INFO tailwindcss_oxide::scanner: Reading "C:\\xampp\\htdocs\\tutorial2\\components\\ConditionalLayout.tsx"
2026-01-08T06:17:01.406578Z  INFO tailwindcss_oxide::scanner: Reading "C:\\xampp\\htdocs\\tutorial2\\app\\api\\messages\\[id]\\route.ts"
2026-01-08T06:17:01.406628Z  INFO tailwindcss_oxide::scanner: Reading "C:\\xampp\\htdocs\\tutorial2\\app\\admin\\membership\\page.tsx"
2026-01-08T06:17:01.406638Z  INFO tailwindcss_oxide::scanner: Reading "C:\\xampp\\htdocs\\tutorial2\\components\\dashboard\\DashboardSidebar.tsx"
2026-01-08T06:17:01.406669Z  INFO tailwindcss_oxide::scanner: Reading "C:\\xampp\\htdocs\\tutorial2\\app\\api\\payments\\activate-test\\route.ts"
2026-01-08T06:17:01.406728Z  INFO tailwindcss_oxide::scanner: Reading "C:\\xampp\\htdocs\\tutorial2\\components\\dashboard\\PaymentStatusSidebar.tsx"
2026-01-08T06:17:01.406758Z  INFO tailwindcss_oxide::scanner: Reading "C:\\xampp\\htdocs\\tutorial2\\app\\api\\payments\\azampay\\callback\\route.ts"
2026-01-08T06:17:01.406793Z  INFO tailwindcss_oxide::scanner: Reading "C:\\xampp\\htdocs\\tutorial2\\app\\admin\\page.old.tsx"
2026-01-08T06:17:01.406813Z  INFO tailwindcss_oxide::scanner: Reading "C:\\xampp\\htdocs\\tutorial2\\components\\PaymentLogos.tsx"
2026-01-08T06:17:01.406845Z  INFO tailwindcss_oxide::scanner: Reading "C:\\xampp\\htdocs\\tutorial2\\app\\api\\payments\\azampay\\checkout\\route.ts"
2026-01-08T06:17:01.406906Z  INFO tailwindcss_oxide::scanner: Reading "C:\\xampp\\htdocs\\tutorial2\\components\\PaymentMethodSelector.tsx"
2026-01-08T06:17:01.406913Z  INFO tailwindcss_oxide::scanner: Reading "C:\\xampp\\htdocs\\tutorial2\\app\\admin\\page.tsx"
2026-01-08T06:17:01.406930Z  INFO tailwindcss_oxide::scanner: Reading "C:\\xampp\\htdocs\\tutorial2\\app\\api\\payments\\cleanup\\route.ts"
2026-01-08T06:17:01.407002Z  INFO tailwindcss_oxide::scanner: Reading "C:\\xampp\\htdocs\\tutorial2\\components\\PhoneNumberInput.tsx"
2026-01-08T06:17:01.407017Z  INFO tailwindcss_oxide::scanner: Reading "C:\\xampp\\htdocs\\tutorial2\\app\\api\\payments\\mobile-money\\route.ts"
2026-01-08T06:17:01.407072Z  INFO tailwindcss_oxide::scanner: Reading "C:\\xampp\\htdocs\\tutorial2\\app\\admin\\page.tsx.backup"
2026-01-08T06:17:01.407095Z  INFO tailwindcss_oxide::scanner: Reading "C:\\xampp\\htdocs\\tutorial2\\components\\ui\\button.tsx"
2026-01-08T06:17:01.407125Z  INFO tailwindcss_oxide::scanner: Reading "C:\\xampp\\htdocs\\tutorial2\\app\\api\\reports\\generate\\route.ts"
2026-01-08T06:17:01.407181Z  INFO tailwindcss_oxide::scanner: Reading "C:\\xampp\\htdocs\\tutorial2\\components\\ui\\card.tsx"
2026-01-08T06:17:01.407200Z  INFO tailwindcss_oxide::scanner: Reading "C:\\xampp\\htdocs\\tutorial2\\app\\admin\\page.tsx.new"
2026-01-08T06:17:01.407214Z  INFO tailwindcss_oxide::scanner: Reading "C:\\xampp\\htdocs\\tutorial2\\app\\api\\reports\\send-email\\route.ts"
2026-01-08T06:17:01.407267Z  INFO tailwindcss_oxide::scanner: Reading "C:\\xampp\\htdocs\\tutorial2\\components\\ui\\dropdown-menu.tsx"
2026-01-08T06:17:01.407312Z  INFO tailwindcss_oxide::scanner: Reading "C:\\xampp\\htdocs\\tutorial2\\app\\admin\\payments\\page.tsx"
2026-01-08T06:17:01.407313Z  INFO tailwindcss_oxide::scanner: Reading "C:\\xampp\\htdocs\\tutorial2\\app\\api\\send-approval-email\\route.ts"
2026-01-08T06:17:01.407354Z  INFO tailwindcss_oxide::scanner: Reading "C:\\xampp\\htdocs\\tutorial2\\components\\ui\\field.tsx"
2026-01-08T06:17:01.407408Z  INFO tailwindcss_oxide::scanner: Reading "C:\\xampp\\htdocs\\tutorial2\\app\\api\\settings\\route.ts"
2026-01-08T06:17:01.407439Z  INFO tailwindcss_oxide::scanner: Reading "C:\\xampp\\htdocs\\tutorial2\\components\\ui\\input.tsx"
2026-01-08T06:17:01.407432Z  INFO tailwindcss_oxide::scanner: Reading "C:\\xampp\\htdocs\\tutorial2\\database\\create_content_tables.sql"
2026-01-08T06:17:01.407494Z  INFO tailwindcss_oxide::scanner: Reading "C:\\xampp\\htdocs\\tutorial2\\app\\api\\setup\\ensure-admin\\route.ts"
2026-01-08T06:17:01.407521Z  INFO tailwindcss_oxide::scanner: Reading "C:\\xampp\\htdocs\\tutorial2\\components\\ui\\label.tsx"
2026-01-08T06:17:01.407542Z  INFO tailwindcss_oxide::scanner: Reading "C:\\xampp\\htdocs\\tutorial2\\database\\create_events_first.sql"
2026-01-08T06:17:01.407597Z  INFO tailwindcss_oxide::scanner: Reading "C:\\xampp\\htdocs\\tutorial2\\app\\auth\\layout.tsx"
2026-01-08T06:17:01.407603Z  INFO tailwindcss_oxide::scanner: Reading "C:\\xampp\\htdocs\\tutorial2\\components\\ui\\modal.tsx"
2026-01-08T06:17:01.407631Z  INFO tailwindcss_oxide::scanner: Reading "C:\\xampp\\htdocs\\tutorial2\\database\\create_events_tables.sql"
2026-01-08T06:17:01.407690Z  INFO tailwindcss_oxide::scanner: Reading "C:\\xampp\\htdocs\\tutorial2\\components\\ui\\separator.tsx"
2026-01-08T06:17:01.407694Z  INFO tailwindcss_oxide::scanner: Reading "C:\\xampp\\htdocs\\tutorial2\\app\\auth\\login\\page.tsx"
2026-01-08T06:17:01.407717Z  INFO tailwindcss_oxide::scanner: Reading "C:\\xampp\\htdocs\\tutorial2\\database\\create_messages_table.sql"
2026-01-08T06:17:01.407774Z  INFO tailwindcss_oxide::scanner: Reading "C:\\xampp\\htdocs\\tutorial2\\components\\ui\\theme-provider.tsx"
2026-01-08T06:17:01.407801Z  INFO tailwindcss_oxide::scanner: Reading "C:\\xampp\\htdocs\\tutorial2\\database\\create_payments_table.sql"
2026-01-08T06:17:01.407815Z  INFO tailwindcss_oxide::scanner: Reading "C:\\xampp\\htdocs\\tutorial2\\app\\api\\auth\\profile\\route.ts"
2026-01-08T06:17:01.407863Z  INFO tailwindcss_oxide::scanner: Reading "C:\\xampp\\htdocs\\tutorial2\\components\\web\\footer.tsx"
2026-01-08T06:17:01.407886Z  INFO tailwindcss_oxide::scanner: Reading "C:\\xampp\\htdocs\\tutorial2\\database\\events_setup_clean.sql"
2026-01-08T06:17:01.407924Z  INFO tailwindcss_oxide::scanner: Reading "C:\\xampp\\htdocs\\tutorial2\\app\\api\\auth\\profile\\route.ts.new"
2026-01-08T06:17:01.407951Z  INFO tailwindcss_oxide::scanner: Reading "C:\\xampp\\htdocs\\tutorial2\\components\\web\\navbar.tsx"
2026-01-08T06:17:01.408012Z  INFO tailwindcss_oxide::scanner: Reading "C:\\xampp\\htdocs\\tutorial2\\app\\api\\auth\\refresh\\route.ts"
2026-01-08T06:17:01.408022Z  INFO tailwindcss_oxide::scanner: Reading "C:\\xampp\\htdocs\\tutorial2\\app\\api\\admin\\content\\contact\\[id]\\route.ts"
2026-01-08T06:17:01.408098Z  INFO tailwindcss_oxide::scanner: Reading "C:\\xampp\\htdocs\\tutorial2\\app\\api\\auth\\register\\route.ts"
2026-01-08T06:17:01.408115Z  INFO tailwindcss_oxide::scanner: Reading "C:\\xampp\\htdocs\\tutorial2\\app\\api\\admin\\content\\footer\\route.ts"
2026-01-08T06:17:01.408200Z  INFO tailwindcss_oxide::scanner: Reading "C:\\xampp\\htdocs\\tutorial2\\lib\\db.ts"
2026-01-08T06:17:01.408246Z  INFO tailwindcss_oxide::scanner: Reading "C:\\xampp\\htdocs\\tutorial2\\app\\api\\admin\\content\\home\\route.ts"
2026-01-08T06:17:01.408311Z  INFO tailwindcss_oxide::scanner: Reading "C:\\xampp\\htdocs\\tutorial2\\lib\\membership-pricing.ts"
2026-01-08T06:17:01.408344Z  INFO tailwindcss_oxide::scanner: Reading "C:\\xampp\\htdocs\\tutorial2\\app\\api\\admin\\content\\home\\[id]\\route.ts"
2026-01-08T06:17:01.408406Z  INFO tailwindcss_oxide::scanner: Reading "C:\\xampp\\htdocs\\tutorial2\\lib\\membership.ts"
2026-01-08T06:17:01.408446Z  INFO tailwindcss_oxide::scanner: Reading "C:\\xampp\\htdocs\\tutorial2\\app\\api\\admin\\content\\media\\route.ts"
2026-01-08T06:17:01.408498Z  INFO tailwindcss_oxide::scanner: Reading "C:\\xampp\\htdocs\\tutorial2\\lib\\mobile-money.ts"
2026-01-08T06:17:01.408589Z  INFO tailwindcss_oxide::scanner: Reading "C:\\xampp\\htdocs\\tutorial2\\app\\api\\admin\\content\\navigation\\route.ts"
2026-01-08T06:17:01.408636Z  INFO tailwindcss_oxide::scanner: Reading "C:\\xampp\\htdocs\\tutorial2\\app\\api\\auth\\login\\route.ts"
2026-01-08T06:17:01.408696Z  INFO tailwindcss_oxide::scanner: Reading "C:\\xampp\\htdocs\\tutorial2\\app\\api\\admin\\content\\pages\\route.ts"
2026-01-08T06:17:01.408727Z  INFO tailwindcss_oxide::scanner: Reading "C:\\xampp\\htdocs\\tutorial2\\app\\api\\auth\\logout\\route.ts"
2026-01-08T06:17:01.408779Z  INFO tailwindcss_oxide::scanner: Reading "C:\\xampp\\htdocs\\tutorial2\\app\\api\\admin\\content\\pages\\[id]\\route.ts"
2026-01-08T06:17:01.408823Z  INFO tailwindcss_oxide::scanner: Reading "C:\\xampp\\htdocs\\tutorial2\\app\\api\\auth\\me\\route.ts"
2026-01-08T06:17:01.408872Z  INFO tailwindcss_oxide::scanner: Reading "C:\\xampp\\htdocs\\tutorial2\\app\\api\\admin\\content\\settings\\route.ts"
2026-01-08T06:17:01.408929Z  INFO tailwindcss_oxide::scanner: Reading "C:\\xampp\\htdocs\\tutorial2\\migrations\\20251230000000_add_professional_fields.sql"
2026-01-08T06:17:01.408956Z  INFO tailwindcss_oxide::scanner: Reading "C:\\xampp\\htdocs\\tutorial2\\app\\api\\admin\\create-admin\\route.ts"
2026-01-08T06:17:01.409031Z  INFO tailwindcss_oxide::scanner: Reading "C:\\xampp\\htdocs\\tutorial2\\next.config.ts"
2026-01-08T06:17:01.409042Z  INFO tailwindcss_oxide::scanner: Reading "C:\\xampp\\htdocs\\tutorial2\\app\\api\\admin\\deleted-users\\route.ts"
2026-01-08T06:17:01.409121Z  INFO tailwindcss_oxide::scanner: Reading "C:\\xampp\\htdocs\\tutorial2\\package.json"
2026-01-08T06:17:01.409137Z  INFO tailwindcss_oxide::scanner: Reading "C:\\xampp\\htdocs\\tutorial2\\app\\api\\admin\\events\\route.ts"
2026-01-08T06:17:01.409209Z  INFO tailwindcss_oxide::scanner: Reading "C:\\xampp\\htdocs\\tutorial2\\app\\api\\admin\\events\\route_original.ts"
2026-01-08T06:17:01.409214Z  INFO tailwindcss_oxide::scanner: Reading "C:\\xampp\\htdocs\\tutorial2\\pnpm-workspace.yaml"
2026-01-08T06:17:01.409305Z  INFO tailwindcss_oxide::scanner: Reading "C:\\xampp\\htdocs\\tutorial2\\postcss.config.mjs"
2026-01-08T06:17:01.409304Z  INFO tailwindcss_oxide::scanner: Reading "C:\\xampp\\htdocs\\tutorial2\\app\\api\\admin\\events\\[id]\\registrations\\route.ts"
2026-01-08T06:17:01.409396Z  INFO tailwindcss_oxide::scanner: Reading "C:\\xampp\\htdocs\\tutorial2\\public\\file.svg"
2026-01-08T06:17:01.409412Z  INFO tailwindcss_oxide::scanner: Reading "C:\\xampp\\htdocs\\tutorial2\\app\\api\\admin\\events\\[id]\\route.ts"
2026-01-08T06:17:01.409485Z  INFO tailwindcss_oxide::scanner: Reading "C:\\xampp\\htdocs\\tutorial2\\public\\globe.svg"
2026-01-08T06:17:01.409509Z  INFO tailwindcss_oxide::scanner: Reading "C:\\xampp\\htdocs\\tutorial2\\app\\api\\admin\\events\\[id]\\route_original.ts"
2026-01-08T06:17:01.409569Z  INFO tailwindcss_oxide::scanner: Reading "C:\\xampp\\htdocs\\tutorial2\\public\\next.svg"
2026-01-08T06:17:01.409594Z  INFO tailwindcss_oxide::scanner: Reading "C:\\xampp\\htdocs\\tutorial2\\app\\api\\admin\\fix-admin\\route.ts"
2026-01-08T06:17:01.409655Z  INFO tailwindcss_oxide::scanner: Reading "C:\\xampp\\htdocs\\tutorial2\\public\\vercel.svg"
2026-01-08T06:17:01.409684Z  INFO tailwindcss_oxide::scanner: Reading "C:\\xampp\\htdocs\\tutorial2\\debug_password.php"
2026-01-08T06:17:01.409740Z  INFO tailwindcss_oxide::scanner: Reading "C:\\xampp\\htdocs\\tutorial2\\public\\window.svg"
2026-01-08T06:17:01.409771Z  INFO tailwindcss_oxide::scanner: Reading "C:\\xampp\\htdocs\\tutorial2\\eslint.config.mjs"
2026-01-08T06:17:01.409828Z  INFO tailwindcss_oxide::scanner: Reading "C:\\xampp\\htdocs\\tutorial2\\README.md"
2026-01-08T06:17:01.409856Z  INFO tailwindcss_oxide::scanner: Reading "C:\\xampp\\htdocs\\tutorial2\\fix_all_membership_numbers.sql"
2026-01-08T06:17:01.409929Z  INFO tailwindcss_oxide::scanner: Reading "C:\\xampp\\htdocs\\tutorial2\\sampleData.jsonl"
2026-01-08T06:17:01.409946Z  INFO tailwindcss_oxide::scanner: Reading "C:\\xampp\\htdocs\\tutorial2\\fix_all_membership_status.php"
2026-01-08T06:17:01.410021Z  INFO tailwindcss_oxide::scanner: Reading "C:\\xampp\\htdocs\\tutorial2\\tsconfig.json"
2026-01-08T06:17:01.410129Z  INFO tailwindcss_oxide::scanner: Reading "C:\\xampp\\htdocs\\tutorial2\\database\\setup_tables.bat"
2026-01-08T06:17:01.410465Z  INFO tailwindcss_oxide::scanner: Reading "C:\\xampp\\htdocs\\tutorial2\\Database.php"
2026-01-08T06:17:01.410809Z  INFO tailwindcss_oxide::scanner: Reading "C:\\xampp\\htdocs\\tutorial2\\Database.php~"
2026-01-08T06:17:01.411225Z  INFO tailwindcss_oxide::scanner: Reading "C:\\xampp\\htdocs\\tutorial2\\lib\\profileCompletion.ts"
2026-01-08T06:17:01.411225Z  INFO tailwindcss_oxide::scanner: Reading "C:\\xampp\\htdocs\\tutorial2\\database\\fix_payments_table.sql"
2026-01-08T06:17:01.411240Z  INFO tailwindcss_oxide::scanner: Reading "C:\\xampp\\htdocs\\tutorial2\\components\\web\\theme-toggle.tsx"
2026-01-08T06:17:01.411427Z  INFO tailwindcss_oxide::scanner: Reading "C:\\xampp\\htdocs\\tutorial2\\database\\setup_events.sql"
2026-01-08T06:17:01.411458Z  INFO tailwindcss_oxide::scanner: Reading "C:\\xampp\\htdocs\\tutorial2\\lib\\utils.ts"
2026-01-08T06:17:01.411483Z  INFO tailwindcss_oxide::scanner: Reading "C:\\xampp\\htdocs\\tutorial2\\components.json"
2026-01-08T06:17:01.411479Z  INFO tailwindcss_oxide::scanner: Reading "C:\\xampp\\htdocs\\tutorial2\\convex\\_generated\\api.js"
2026-01-08T06:17:01.411534Z  INFO tailwindcss_oxide::scanner: Reading "C:\\xampp\\htdocs\\tutorial2\\fix_membership_number.php"
2026-01-08T06:17:01.411555Z  INFO tailwindcss_oxide::scanner: Reading "C:\\xampp\\htdocs\\tutorial2\\manual_activate_payment.php"
2026-01-08T06:17:01.411588Z  INFO tailwindcss_oxide::scanner: Reading "C:\\xampp\\htdocs\\tutorial2\\convex\\_generated\\dataModel.d.ts"
2026-01-08T06:17:01.411603Z  INFO tailwindcss_oxide::scanner: Reading "C:\\xampp\\htdocs\\tutorial2\\contexts\\AuthContext.tsx"
2026-01-08T06:17:01.411627Z  INFO tailwindcss_oxide::scanner: Reading "C:\\xampp\\htdocs\\tutorial2\\fix_membership_numbers.sql"
2026-01-08T06:17:01.411646Z  INFO tailwindcss_oxide::scanner: Reading "C:\\xampp\\htdocs\\tutorial2\\middleware.ts"
2026-01-08T06:17:01.411675Z  INFO tailwindcss_oxide::scanner: Reading "C:\\xampp\\htdocs\\tutorial2\\convex\\_generated\\server.d.ts"
2026-01-08T06:17:01.411698Z  INFO tailwindcss_oxide::scanner: Reading "C:\\xampp\\htdocs\\tutorial2\\convex\\_generated\\api.d.ts"
2026-01-08T06:17:01.411728Z  INFO tailwindcss_oxide::scanner: Reading "C:\\xampp\\htdocs\\tutorial2\\fix_membership_standalone.php"
2026-01-08T06:17:01.411732Z  INFO tailwindcss_oxide::scanner: Reading "C:\\xampp\\htdocs\\tutorial2\\migrations\\0002_add_refresh_token_column.sql"
2026-01-08T06:17:01.411779Z  INFO tailwindcss_oxide::scanner: Reading "C:\\xampp\\htdocs\\tutorial2\\convex\\_generated\\server.js"
2026-01-08T06:17:01.411789Z  INFO tailwindcss_oxide::scanner: Reading "C:\\xampp\\htdocs\\tutorial2\\fix_memberships_table.sql"
2026-01-08T06:17:01.411816Z  INFO tailwindcss_oxide::scanner: Reading "C:\\xampp\\htdocs\\tutorial2\\fix_membership_status.sql"
2026-01-08T06:17:01.411818Z  INFO tailwindcss_oxide::scanner: Reading "C:\\xampp\\htdocs\\tutorial2\\migrations\\0003_add_report_tables.sql"
2026-01-08T06:17:01.411863Z  INFO tailwindcss_oxide::scanner: Reading "C:\\xampp\\htdocs\\tutorial2\\cookies.txt"
2026-01-08T06:17:01.411875Z  INFO tailwindcss_oxide::scanner: Reading "C:\\xampp\\htdocs\\tutorial2\\database\\add_phone_number_to_payments.sql"
2026-01-08T06:17:01.411899Z  INFO tailwindcss_oxide::scanner: Reading "C:\\xampp\\htdocs\\tutorial2\\jwt.php"
2026-01-08T06:17:01.411905Z  INFO tailwindcss_oxide::scanner: Reading "C:\\xampp\\htdocs\\tutorial2\\migrations\\0004_add_profile_fields.sql"
2026-01-08T06:17:01.411954Z  INFO tailwindcss_oxide::scanner: Reading "C:\\xampp\\htdocs\\tutorial2\\database\\create_content_management_tables.sql"
2026-01-08T06:17:01.411966Z  INFO tailwindcss_oxide::scanner: Reading "C:\\xampp\\htdocs\\tutorial2\\migrations\\0005_create_report_tables.sql"
2026-01-08T06:17:01.411988Z  INFO tailwindcss_oxide::scanner: Reading "C:\\xampp\\htdocs\\tutorial2\\lib\\auth.ts"
2026-01-08T06:17:01.411315Z  INFO tailwindcss_oxide::scanner: Reading "C:\\xampp\\htdocs\\tutorial2\\fix_membership.php"
2026-01-08T06:17:01.412002Z  INFO tailwindcss_oxide::scanner: Reading "C:\\xampp\\htdocs\\tutorial2\\migrations\\0006_create_membership_sequence.sql"
2026-01-08T06:17:01.412044Z  INFO tailwindcss_oxide::scanner: Reading "C:\\xampp\\htdocs\\tutorial2\\database\\quick_fix_payments.sql"
2026-01-08T06:17:01.412081Z  INFO tailwindcss_oxide::scanner: Reading "C:\\xampp\\htdocs\\tutorial2\\lib\\azampay.ts"
2026-01-08T06:17:01.421475Z  INFO extract_candidates:read_all_files: tailwindcss_oxide::scanner: exit
2026-01-08T06:17:01.421625Z  INFO extract_candidates:parse_all_blobs: tailwindcss_oxide::scanner: enter
2026-01-08T06:17:01.421660Z  INFO extract_candidates:parse_all_blobs:extract: tailwindcss_oxide::scanner: enter
2026-01-08T06:17:01.476823Z  INFO extract_candidates:parse_all_blobs:extract: tailwindcss_oxide::scanner: exit
2026-01-08T06:17:01.477322Z  INFO extract_candidates:parse_all_blobs: tailwindcss_oxide::scanner: exit
2026-01-08T06:17:01.477355Z  INFO extract_candidates:read_all_files: tailwindcss_oxide::scanner: enter
2026-01-08T06:17:01.477364Z  INFO extract_candidates:read_all_files: tailwindcss_oxide::scanner: Reading 2 file(s)
2026-01-08T06:17:01.478206Z  INFO tailwindcss_oxide::scanner: Reading "C:\\xampp\\htdocs\\tutorial2\\app\\dashboard\\membership-card\\print-styles.css"
2026-01-08T06:17:01.478395Z  INFO tailwindcss_oxide::scanner: Reading "C:\\xampp\\htdocs\\tutorial2\\app\\globals.css"
2026-01-08T06:17:01.478453Z  INFO extract_candidates:read_all_files: tailwindcss_oxide::scanner: exit
2026-01-08T06:17:01.478481Z  INFO extract_candidates:extract_css_variables: tailwindcss_oxide::scanner: enter
2026-01-08T06:17:01.478491Z  INFO extract_candidates:extract_css_variables:extract: tailwindcss_oxide::scanner: enter
2026-01-08T06:17:01.489061Z  INFO extract_candidates:extract_css_variables:extract: tailwindcss_oxide::scanner: exit
2026-01-08T06:17:01.489171Z  INFO extract_candidates:extract_css_variables: tailwindcss_oxide::scanner: exit
2026-01-08T06:17:01.500679Z  INFO extract_candidates: tailwindcss_oxide::scanner: exit
2026-01-08T06:17:01.505666Z  INFO get_files: tailwindcss_oxide::scanner: enter
2026-01-08T06:17:01.505711Z  INFO get_files:scan_sources: tailwindcss_oxide::scanner: enter
2026-01-08T06:17:01.511924Z  INFO get_files:scan_sources: tailwindcss_oxide::scanner: Discovering "C:\\xampp\\htdocs\\tutorial2\\api"
2026-01-08T06:17:01.512268Z  INFO get_files:scan_sources: tailwindcss_oxide::scanner: Discovering "C:\\xampp\\htdocs\\tutorial2\\api\\auth"
2026-01-08T06:17:01.512947Z  INFO get_files:scan_sources: tailwindcss_oxide::scanner: Discovering "C:\\xampp\\htdocs\\tutorial2\\app"
2026-01-08T06:17:01.514195Z  INFO get_files:scan_sources: tailwindcss_oxide::scanner: Discovering "C:\\xampp\\htdocs\\tutorial2\\app\\(layout)"
2026-01-08T06:17:01.514698Z  INFO get_files:scan_sources: tailwindcss_oxide::scanner: Discovering "C:\\xampp\\htdocs\\tutorial2\\app\\(shared-layout)"
2026-01-08T06:17:01.515185Z  INFO get_files:scan_sources: tailwindcss_oxide::scanner: Discovering "C:\\xampp\\htdocs\\tutorial2\\app\\about"
2026-01-08T06:17:01.515734Z  INFO get_files:scan_sources: tailwindcss_oxide::scanner: Discovering "C:\\xampp\\htdocs\\tutorial2\\app\\about-us"
2026-01-08T06:17:01.516521Z  INFO get_files:scan_sources: tailwindcss_oxide::scanner: Discovering "C:\\xampp\\htdocs\\tutorial2\\app\\admin"
2026-01-08T06:17:01.516954Z  INFO get_files:scan_sources: tailwindcss_oxide::scanner: Discovering "C:\\xampp\\htdocs\\tutorial2\\app\\admin\\content"
2026-01-08T06:17:01.517310Z  INFO get_files:scan_sources: tailwindcss_oxide::scanner: Discovering "C:\\xampp\\htdocs\\tutorial2\\app\\admin\\content\\about"
2026-01-08T06:17:01.517706Z  INFO get_files:scan_sources: tailwindcss_oxide::scanner: Discovering "C:\\xampp\\htdocs\\tutorial2\\app\\admin\\content\\contact"
2026-01-08T06:17:01.518903Z  INFO get_files:scan_sources: tailwindcss_oxide::scanner: Discovering "C:\\xampp\\htdocs\\tutorial2\\app\\admin\\content\\home"
2026-01-08T06:17:01.520199Z  INFO get_files:scan_sources: tailwindcss_oxide::scanner: Discovering "C:\\xampp\\htdocs\\tutorial2\\app\\admin\\dashboard"
2026-01-08T06:17:01.520584Z  INFO get_files:scan_sources: tailwindcss_oxide::scanner: Discovering "C:\\xampp\\htdocs\\tutorial2\\app\\admin\\events"
2026-01-08T06:17:01.521399Z  INFO get_files:scan_sources: tailwindcss_oxide::scanner: Discovering "C:\\xampp\\htdocs\\tutorial2\\app\\admin\\events\\[id]"
2026-01-08T06:17:01.521983Z  INFO get_files:scan_sources: tailwindcss_oxide::scanner: Discovering "C:\\xampp\\htdocs\\tutorial2\\app\\admin\\events\\[id]\\registrations"
2026-01-08T06:17:01.522944Z  INFO get_files:scan_sources: tailwindcss_oxide::scanner: Discovering "C:\\xampp\\htdocs\\tutorial2\\app\\admin\\membership"
2026-01-08T06:17:01.524009Z  INFO get_files:scan_sources: tailwindcss_oxide::scanner: Discovering "C:\\xampp\\htdocs\\tutorial2\\app\\admin\\payments"
2026-01-08T06:17:01.524405Z  INFO get_files:scan_sources: tailwindcss_oxide::scanner: Discovering "C:\\xampp\\htdocs\\tutorial2\\app\\admin\\reports"
2026-01-08T06:17:01.524775Z  INFO get_files:scan_sources: tailwindcss_oxide::scanner: Discovering "C:\\xampp\\htdocs\\tutorial2\\app\\admin\\requests"
2026-01-08T06:17:01.525180Z  INFO get_files:scan_sources: tailwindcss_oxide::scanner: Discovering "C:\\xampp\\htdocs\\tutorial2\\app\\admin\\users"
2026-01-08T06:17:01.525514Z  INFO get_files:scan_sources: tailwindcss_oxide::scanner: Discovering "C:\\xampp\\htdocs\\tutorial2\\app\\admin\\users\\[id]"
2026-01-08T06:17:01.525988Z  INFO get_files:scan_sources: tailwindcss_oxide::scanner: Discovering "C:\\xampp\\htdocs\\tutorial2\\app\\api"
2026-01-08T06:17:01.526298Z  INFO get_files:scan_sources: tailwindcss_oxide::scanner: Discovering "C:\\xampp\\htdocs\\tutorial2\\app\\api\\about-content"
2026-01-08T06:17:01.527306Z  INFO get_files:scan_sources: tailwindcss_oxide::scanner: Discovering "C:\\xampp\\htdocs\\tutorial2\\app\\api\\admin"
2026-01-08T06:17:01.527708Z  INFO get_files:scan_sources: tailwindcss_oxide::scanner: Discovering "C:\\xampp\\htdocs\\tutorial2\\app\\api\\admin\\content"
2026-01-08T06:17:01.528061Z  INFO get_files:scan_sources: tailwindcss_oxide::scanner: Discovering "C:\\xampp\\htdocs\\tutorial2\\app\\api\\admin\\content\\about"
2026-01-08T06:17:01.528494Z  INFO get_files:scan_sources: tailwindcss_oxide::scanner: Discovering "C:\\xampp\\htdocs\\tutorial2\\app\\api\\admin\\content\\about\\[id]"
2026-01-08T06:17:01.528936Z  INFO get_files:scan_sources: tailwindcss_oxide::scanner: Discovering "C:\\xampp\\htdocs\\tutorial2\\app\\api\\admin\\content\\contact"
2026-01-08T06:17:01.529507Z  INFO get_files:scan_sources: tailwindcss_oxide::scanner: Discovering "C:\\xampp\\htdocs\\tutorial2\\app\\api\\admin\\content\\contact\\[id]"
2026-01-08T06:17:01.529987Z  INFO get_files:scan_sources: tailwindcss_oxide::scanner: Discovering "C:\\xampp\\htdocs\\tutorial2\\app\\api\\admin\\content\\footer"
2026-01-08T06:17:01.530376Z  INFO get_files:scan_sources: tailwindcss_oxide::scanner: Discovering "C:\\xampp\\htdocs\\tutorial2\\app\\api\\admin\\content\\home"
2026-01-08T06:17:01.530751Z  INFO get_files:scan_sources: tailwindcss_oxide::scanner: Discovering "C:\\xampp\\htdocs\\tutorial2\\app\\api\\admin\\content\\home\\[id]"
2026-01-08T06:17:01.531171Z  INFO get_files:scan_sources: tailwindcss_oxide::scanner: Discovering "C:\\xampp\\htdocs\\tutorial2\\app\\api\\admin\\content\\media"
2026-01-08T06:17:01.531823Z  INFO get_files:scan_sources: tailwindcss_oxide::scanner: Discovering "C:\\xampp\\htdocs\\tutorial2\\app\\api\\admin\\content\\navigation"
2026-01-08T06:17:01.532239Z  INFO get_files:scan_sources: tailwindcss_oxide::scanner: Discovering "C:\\xampp\\htdocs\\tutorial2\\app\\api\\admin\\content\\pages"
2026-01-08T06:17:01.532592Z  INFO get_files:scan_sources: tailwindcss_oxide::scanner: Discovering "C:\\xampp\\htdocs\\tutorial2\\app\\api\\admin\\content\\pages\\[id]"
2026-01-08T06:17:01.533106Z  INFO get_files:scan_sources: tailwindcss_oxide::scanner: Discovering "C:\\xampp\\htdocs\\tutorial2\\app\\api\\admin\\content\\settings"
2026-01-08T06:17:01.533492Z  INFO get_files:scan_sources: tailwindcss_oxide::scanner: Discovering "C:\\xampp\\htdocs\\tutorial2\\app\\api\\admin\\create-admin"
2026-01-08T06:17:01.533838Z  INFO get_files:scan_sources: tailwindcss_oxide::scanner: Discovering "C:\\xampp\\htdocs\\tutorial2\\app\\api\\admin\\deleted-users"
2026-01-08T06:17:01.534212Z  INFO get_files:scan_sources: tailwindcss_oxide::scanner: Discovering "C:\\xampp\\htdocs\\tutorial2\\app\\api\\admin\\events"
2026-01-08T06:17:01.537861Z  INFO get_files:scan_sources: tailwindcss_oxide::scanner: Discovering "C:\\xampp\\htdocs\\tutorial2\\app\\api\\admin\\events\\[id]"
2026-01-08T06:17:01.538784Z  INFO get_files:scan_sources: tailwindcss_oxide::scanner: Discovering "C:\\xampp\\htdocs\\tutorial2\\app\\api\\admin\\events\\[id]\\registrations"
2026-01-08T06:17:01.540007Z  INFO get_files:scan_sources: tailwindcss_oxide::scanner: Discovering "C:\\xampp\\htdocs\\tutorial2\\app\\api\\admin\\fix-admin"
2026-01-08T06:17:01.540405Z  INFO get_files:scan_sources: tailwindcss_oxide::scanner: Discovering "C:\\xampp\\htdocs\\tutorial2\\app\\api\\admin\\membership"
2026-01-08T06:17:01.541585Z  INFO get_files:scan_sources: tailwindcss_oxide::scanner: Discovering "C:\\xampp\\htdocs\\tutorial2\\app\\api\\admin\\membership\\cycles"
2026-01-08T06:17:01.541971Z  INFO get_files:scan_sources: tailwindcss_oxide::scanner: Discovering "C:\\xampp\\htdocs\\tutorial2\\app\\api\\admin\\membership\\settings"
2026-01-08T06:17:01.542357Z  INFO get_files:scan_sources: tailwindcss_oxide::scanner: Discovering "C:\\xampp\\htdocs\\tutorial2\\app\\api\\admin\\membership\\types"
2026-01-08T06:17:01.542767Z  INFO get_files:scan_sources: tailwindcss_oxide::scanner: Discovering "C:\\xampp\\htdocs\\tutorial2\\app\\api\\admin\\payments"
2026-01-08T06:17:01.544147Z  INFO get_files:scan_sources: tailwindcss_oxide::scanner: Discovering "C:\\xampp\\htdocs\\tutorial2\\app\\api\\admin\\payments\\[id]"
2026-01-08T06:17:01.544513Z  INFO get_files:scan_sources: tailwindcss_oxide::scanner: Discovering "C:\\xampp\\htdocs\\tutorial2\\app\\api\\admin\\payments\\[id]\\refund"
2026-01-08T06:17:01.545079Z  INFO get_files:scan_sources: tailwindcss_oxide::scanner: Discovering "C:\\xampp\\htdocs\\tutorial2\\app\\api\\admin\\report"
2026-01-08T06:17:01.545479Z  INFO get_files:scan_sources: tailwindcss_oxide::scanner: Discovering "C:\\xampp\\htdocs\\tutorial2\\app\\api\\admin\\reports"
2026-01-08T06:17:01.545783Z  INFO get_files:scan_sources: tailwindcss_oxide::scanner: Discovering "C:\\xampp\\htdocs\\tutorial2\\app\\api\\admin\\reports\\generate"
2026-01-08T06:17:01.546236Z  INFO get_files:scan_sources: tailwindcss_oxide::scanner: Discovering "C:\\xampp\\htdocs\\tutorial2\\app\\api\\admin\\reset-admin"
2026-01-08T06:17:01.546611Z  INFO get_files:scan_sources: tailwindcss_oxide::scanner: Discovering "C:\\xampp\\htdocs\\tutorial2\\app\\api\\admin\\users"
2026-01-08T06:17:01.546914Z  INFO get_files:scan_sources: tailwindcss_oxide::scanner: Discovering "C:\\xampp\\htdocs\\tutorial2\\app\\api\\admin\\users\\restore"
2026-01-08T06:17:01.548009Z  INFO get_files:scan_sources: tailwindcss_oxide::scanner: Discovering "C:\\xampp\\htdocs\\tutorial2\\app\\api\\admin\\users\\[id]"
2026-01-08T06:17:01.548377Z  INFO get_files:scan_sources: tailwindcss_oxide::scanner: Discovering "C:\\xampp\\htdocs\\tutorial2\\app\\api\\admin\\users\\[id]\\approve"
2026-01-08T06:17:01.548923Z  INFO get_files:scan_sources: tailwindcss_oxide::scanner: Discovering "C:\\xampp\\htdocs\\tutorial2\\app\\api\\admin\\users\\[id]\\details"
2026-01-08T06:17:01.549378Z  INFO get_files:scan_sources: tailwindcss_oxide::scanner: Discovering "C:\\xampp\\htdocs\\tutorial2\\app\\api\\admin\\users\\[id]\\membership-status"
2026-01-08T06:17:01.549832Z  INFO get_files:scan_sources: tailwindcss_oxide::scanner: Discovering "C:\\xampp\\htdocs\\tutorial2\\app\\api\\admin\\users\\[id]\\password"
2026-01-08T06:17:01.550220Z  INFO get_files:scan_sources: tailwindcss_oxide::scanner: Discovering "C:\\xampp\\htdocs\\tutorial2\\app\\api\\admin\\users\\[id]\\reject"
2026-01-08T06:17:01.551011Z  INFO get_files:scan_sources: tailwindcss_oxide::scanner: Discovering "C:\\xampp\\htdocs\\tutorial2\\app\\api\\auth"
2026-01-08T06:17:01.553668Z  INFO get_files:scan_sources: tailwindcss_oxide::scanner: Discovering "C:\\xampp\\htdocs\\tutorial2\\app\\api\\auth\\login"
2026-01-08T06:17:01.555130Z  INFO get_files:scan_sources: tailwindcss_oxide::scanner: Discovering "C:\\xampp\\htdocs\\tutorial2\\app\\api\\auth\\logout"
2026-01-08T06:17:01.555559Z  INFO get_files:scan_sources: tailwindcss_oxide::scanner: Discovering "C:\\xampp\\htdocs\\tutorial2\\app\\api\\auth\\me"
2026-01-08T06:17:01.555943Z  INFO get_files:scan_sources: tailwindcss_oxide::scanner: Discovering "C:\\xampp\\htdocs\\tutorial2\\app\\api\\auth\\profile"
2026-01-08T06:17:01.556353Z  INFO get_files:scan_sources: tailwindcss_oxide::scanner: Discovering "C:\\xampp\\htdocs\\tutorial2\\app\\api\\auth\\refresh"
2026-01-08T06:17:01.556737Z  INFO get_files:scan_sources: tailwindcss_oxide::scanner: Discovering "C:\\xampp\\htdocs\\tutorial2\\app\\api\\auth\\register"
2026-01-08T06:17:01.557140Z  INFO get_files:scan_sources: tailwindcss_oxide::scanner: Discovering "C:\\xampp\\htdocs\\tutorial2\\app\\api\\contact-content"
2026-01-08T06:17:01.557544Z  INFO get_files:scan_sources: tailwindcss_oxide::scanner: Discovering "C:\\xampp\\htdocs\\tutorial2\\app\\api\\debug"
2026-01-08T06:17:01.557818Z  INFO get_files:scan_sources: tailwindcss_oxide::scanner: Discovering "C:\\xampp\\htdocs\\tutorial2\\app\\api\\debug\\pricing"
2026-01-08T06:17:01.558190Z  INFO get_files:scan_sources: tailwindcss_oxide::scanner: Discovering "C:\\xampp\\htdocs\\tutorial2\\app\\api\\events"
2026-01-08T06:17:01.559897Z  INFO get_files:scan_sources: tailwindcss_oxide::scanner: Discovering "C:\\xampp\\htdocs\\tutorial2\\app\\api\\events\\[id]"
2026-01-08T06:17:01.560337Z  INFO get_files:scan_sources: tailwindcss_oxide::scanner: Discovering "C:\\xampp\\htdocs\\tutorial2\\app\\api\\events\\[id]\\register"
2026-01-08T06:17:01.560862Z  INFO get_files:scan_sources: tailwindcss_oxide::scanner: Discovering "C:\\xampp\\htdocs\\tutorial2\\app\\api\\fix-membership"
2026-01-08T06:17:01.561296Z  INFO get_files:scan_sources: tailwindcss_oxide::scanner: Discovering "C:\\xampp\\htdocs\\tutorial2\\app\\api\\home-content"
2026-01-08T06:17:01.561701Z  INFO get_files:scan_sources: tailwindcss_oxide::scanner: Discovering "C:\\xampp\\htdocs\\tutorial2\\app\\api\\membership"
2026-01-08T06:17:01.562013Z  INFO get_files:scan_sources: tailwindcss_oxide::scanner: Discovering "C:\\xampp\\htdocs\\tutorial2\\app\\api\\membership\\next-number"
2026-01-08T06:17:01.562858Z  INFO get_files:scan_sources: tailwindcss_oxide::scanner: Discovering "C:\\xampp\\htdocs\\tutorial2\\app\\api\\membership\\pay"
2026-01-08T06:17:01.563287Z  INFO get_files:scan_sources: tailwindcss_oxide::scanner: Discovering "C:\\xampp\\htdocs\\tutorial2\\app\\api\\membership\\payment-status"
2026-01-08T06:17:01.563688Z  INFO get_files:scan_sources: tailwindcss_oxide::scanner: Discovering "C:\\xampp\\htdocs\\tutorial2\\app\\api\\membership\\status"
2026-01-08T06:17:01.564090Z  INFO get_files:scan_sources: tailwindcss_oxide::scanner: Discovering "C:\\xampp\\htdocs\\tutorial2\\app\\api\\messages"
2026-01-08T06:17:01.564688Z  INFO get_files:scan_sources: tailwindcss_oxide::scanner: Discovering "C:\\xampp\\htdocs\\tutorial2\\app\\api\\messages\\reply"
2026-01-08T06:17:01.565219Z  INFO get_files:scan_sources: tailwindcss_oxide::scanner: Discovering "C:\\xampp\\htdocs\\tutorial2\\app\\api\\messages\\[id]"
2026-01-08T06:17:01.565543Z  INFO get_files:scan_sources: tailwindcss_oxide::scanner: Discovering "C:\\xampp\\htdocs\\tutorial2\\app\\api\\messages\\[id]\\read"
2026-01-08T06:17:01.566155Z  INFO get_files:scan_sources: tailwindcss_oxide::scanner: Discovering "C:\\xampp\\htdocs\\tutorial2\\app\\api\\payments"
2026-01-08T06:17:01.566602Z  INFO get_files:scan_sources: tailwindcss_oxide::scanner: Discovering "C:\\xampp\\htdocs\\tutorial2\\app\\api\\payments\\activate-test"
2026-01-08T06:17:01.567086Z  INFO get_files:scan_sources: tailwindcss_oxide::scanner: Discovering "C:\\xampp\\htdocs\\tutorial2\\app\\api\\payments\\azampay"
2026-01-08T06:17:01.567467Z  INFO get_files:scan_sources: tailwindcss_oxide::scanner: Discovering "C:\\xampp\\htdocs\\tutorial2\\app\\api\\payments\\azampay\\callback"
2026-01-08T06:17:01.568462Z  INFO get_files:scan_sources: tailwindcss_oxide::scanner: Discovering "C:\\xampp\\htdocs\\tutorial2\\app\\api\\payments\\azampay\\checkout"
2026-01-08T06:17:01.571515Z  INFO get_files:scan_sources: tailwindcss_oxide::scanner: Discovering "C:\\xampp\\htdocs\\tutorial2\\app\\api\\payments\\cleanup"
2026-01-08T06:17:01.571962Z  INFO get_files:scan_sources: tailwindcss_oxide::scanner: Discovering "C:\\xampp\\htdocs\\tutorial2\\app\\api\\payments\\mobile-money"
2026-01-08T06:17:01.572406Z  INFO get_files:scan_sources: tailwindcss_oxide::scanner: Discovering "C:\\xampp\\htdocs\\tutorial2\\app\\api\\reports"
2026-01-08T06:17:01.573124Z  INFO get_files:scan_sources: tailwindcss_oxide::scanner: Discovering "C:\\xampp\\htdocs\\tutorial2\\app\\api\\reports\\generate"
2026-01-08T06:17:01.573538Z  INFO get_files:scan_sources: tailwindcss_oxide::scanner: Discovering "C:\\xampp\\htdocs\\tutorial2\\app\\api\\reports\\send-email"
2026-01-08T06:17:01.573930Z  INFO get_files:scan_sources: tailwindcss_oxide::scanner: Discovering "C:\\xampp\\htdocs\\tutorial2\\app\\api\\send-approval-email"
2026-01-08T06:17:01.574458Z  INFO get_files:scan_sources: tailwindcss_oxide::scanner: Discovering "C:\\xampp\\htdocs\\tutorial2\\app\\api\\settings"
2026-01-08T06:17:01.574932Z  INFO get_files:scan_sources: tailwindcss_oxide::scanner: Discovering "C:\\xampp\\htdocs\\tutorial2\\app\\api\\setup"
2026-01-08T06:17:01.576138Z  INFO get_files:scan_sources: tailwindcss_oxide::scanner: Discovering "C:\\xampp\\htdocs\\tutorial2\\app\\api\\setup\\ensure-admin"
2026-01-08T06:17:01.576664Z  INFO get_files:scan_sources: tailwindcss_oxide::scanner: Discovering "C:\\xampp\\htdocs\\tutorial2\\app\\auth"
2026-01-08T06:17:01.577074Z  INFO get_files:scan_sources: tailwindcss_oxide::scanner: Discovering "C:\\xampp\\htdocs\\tutorial2\\app\\auth\\login"
2026-01-08T06:17:01.577462Z  INFO get_files:scan_sources: tailwindcss_oxide::scanner: Discovering "C:\\xampp\\htdocs\\tutorial2\\app\\auth\\pending-approval"
2026-01-08T06:17:01.577856Z  INFO get_files:scan_sources: tailwindcss_oxide::scanner: Discovering "C:\\xampp\\htdocs\\tutorial2\\app\\auth\\register"
2026-01-08T06:17:01.578258Z  INFO get_files:scan_sources: tailwindcss_oxide::scanner: Discovering "C:\\xampp\\htdocs\\tutorial2\\app\\components"
2026-01-08T06:17:01.579065Z  INFO get_files:scan_sources: tailwindcss_oxide::scanner: Discovering "C:\\xampp\\htdocs\\tutorial2\\app\\contact"
2026-01-08T06:17:01.579448Z  INFO get_files:scan_sources: tailwindcss_oxide::scanner: Discovering "C:\\xampp\\htdocs\\tutorial2\\app\\dashboard"
2026-01-08T06:17:01.579763Z  INFO get_files:scan_sources: tailwindcss_oxide::scanner: Discovering "C:\\xampp\\htdocs\\tutorial2\\app\\dashboard\\complete-profile"
2026-01-08T06:17:01.580121Z  INFO get_files:scan_sources: tailwindcss_oxide::scanner: Discovering "C:\\xampp\\htdocs\\tutorial2\\app\\dashboard\\events"
2026-01-08T06:17:01.580746Z  INFO get_files:scan_sources: tailwindcss_oxide::scanner: Discovering "C:\\xampp\\htdocs\\tutorial2\\app\\dashboard\\membership-card"
2026-01-08T06:17:01.581210Z  INFO get_files:scan_sources: tailwindcss_oxide::scanner: Discovering "C:\\xampp\\htdocs\\tutorial2\\app\\dashboard\\messages"
2026-01-08T06:17:01.581650Z  INFO get_files:scan_sources: tailwindcss_oxide::scanner: Discovering "C:\\xampp\\htdocs\\tutorial2\\app\\dashboard\\payment"
2026-01-08T06:17:01.582011Z  INFO get_files:scan_sources: tailwindcss_oxide::scanner: Discovering "C:\\xampp\\htdocs\\tutorial2\\app\\dashboard\\payment\\success"
2026-01-08T06:17:01.582779Z  INFO get_files:scan_sources: tailwindcss_oxide::scanner: Discovering "C:\\xampp\\htdocs\\tutorial2\\app\\dashboard\\subscribe"
2026-01-08T06:17:01.583295Z  INFO get_files:scan_sources: tailwindcss_oxide::scanner: Discovering "C:\\xampp\\htdocs\\tutorial2\\app\\fix-auth"
2026-01-08T06:17:01.583940Z  INFO get_files:scan_sources: tailwindcss_oxide::scanner: Discovering "C:\\xampp\\htdocs\\tutorial2\\app\\schemas"
2026-01-08T06:17:01.584292Z  INFO get_files:scan_sources: tailwindcss_oxide::scanner: Discovering "C:\\xampp\\htdocs\\tutorial2\\app\\scripts"
2026-01-08T06:17:01.586895Z  INFO get_files:scan_sources: tailwindcss_oxide::scanner: Discovering "C:\\xampp\\htdocs\\tutorial2\\app\\unauthorized"
2026-01-08T06:17:01.587424Z  INFO get_files:scan_sources: tailwindcss_oxide::scanner: Discovering "C:\\xampp\\htdocs\\tutorial2\\components"
2026-01-08T06:17:01.587788Z  INFO get_files:scan_sources: tailwindcss_oxide::scanner: Discovering "C:\\xampp\\htdocs\\tutorial2\\components\\admin"
2026-01-08T06:17:01.588259Z  INFO get_files:scan_sources: tailwindcss_oxide::scanner: Discovering "C:\\xampp\\htdocs\\tutorial2\\components\\dashboard"
2026-01-08T06:17:01.590606Z  INFO get_files:scan_sources: tailwindcss_oxide::scanner: Discovering "C:\\xampp\\htdocs\\tutorial2\\components\\ui"
2026-01-08T06:17:01.591431Z  INFO get_files:scan_sources: tailwindcss_oxide::scanner: Discovering "C:\\xampp\\htdocs\\tutorial2\\components\\web"
2026-01-08T06:17:01.592353Z  INFO get_files:scan_sources: tailwindcss_oxide::scanner: Discovering "C:\\xampp\\htdocs\\tutorial2\\contexts"
2026-01-08T06:17:01.592943Z  INFO get_files:scan_sources: tailwindcss_oxide::scanner: Discovering "C:\\xampp\\htdocs\\tutorial2\\convex"
2026-01-08T06:17:01.593270Z  INFO get_files:scan_sources: tailwindcss_oxide::scanner: Discovering "C:\\xampp\\htdocs\\tutorial2\\convex\\_generated"
2026-01-08T06:17:01.593985Z  INFO get_files:scan_sources: tailwindcss_oxide::scanner: Discovering "C:\\xampp\\htdocs\\tutorial2\\database"
2026-01-08T06:17:01.595769Z  INFO get_files:scan_sources: tailwindcss_oxide::scanner: Discovering "C:\\xampp\\htdocs\\tutorial2\\lib"
2026-01-08T06:17:01.596629Z  INFO get_files:scan_sources: tailwindcss_oxide::scanner: Discovering "C:\\xampp\\htdocs\\tutorial2\\migrations"
2026-01-08T06:17:01.597985Z  INFO get_files:scan_sources: tailwindcss_oxide::scanner: Discovering "C:\\xampp\\htdocs\\tutorial2\\public"
2026-01-08T06:17:01.598506Z  INFO get_files:scan_sources: tailwindcss_oxide::scanner: Discovering "C:\\xampp\\htdocs\\tutorial2\\public\\uploads"
2026-01-08T06:17:01.598806Z  INFO get_files:scan_sources: tailwindcss_oxide::scanner: Discovering "C:\\xampp\\htdocs\\tutorial2\\public\\uploads\\documents"
2026-01-08T06:17:01.599301Z  INFO get_files:scan_sources: tailwindcss_oxide::scanner: Discovering "C:\\xampp\\htdocs\\tutorial2\\public\\uploads\\profile-pictures"
2026-01-08T06:17:01.600287Z  INFO get_files:scan_sources: tailwindcss_oxide::scanner: exit
2026-01-08T06:17:01.601270Z  INFO get_files: tailwindcss_oxide::scanner: exit
2026-01-08T06:17:01.604290Z  INFO get_globs: tailwindcss_oxide::scanner: enter
2026-01-08T06:17:01.604342Z  INFO get_globs:scan_sources: tailwindcss_oxide::scanner: enter
2026-01-08T06:17:01.610934Z  INFO get_globs:scan_sources: tailwindcss_oxide::scanner: Discovering "C:\\xampp\\htdocs\\tutorial2\\api"
2026-01-08T06:17:01.611304Z  INFO get_globs:scan_sources: tailwindcss_oxide::scanner: Discovering "C:\\xampp\\htdocs\\tutorial2\\api\\auth"
2026-01-08T06:17:01.612281Z  INFO get_globs:scan_sources: tailwindcss_oxide::scanner: Discovering "C:\\xampp\\htdocs\\tutorial2\\app"
2026-01-08T06:17:01.612602Z  INFO get_globs:scan_sources: tailwindcss_oxide::scanner: Discovering "C:\\xampp\\htdocs\\tutorial2\\app\\(layout)"
2026-01-08T06:17:01.613016Z  INFO get_globs:scan_sources: tailwindcss_oxide::scanner: Discovering "C:\\xampp\\htdocs\\tutorial2\\app\\(shared-layout)"
2026-01-08T06:17:01.613518Z  INFO get_globs:scan_sources: tailwindcss_oxide::scanner: Discovering "C:\\xampp\\htdocs\\tutorial2\\app\\about"
2026-01-08T06:17:01.613868Z  INFO get_globs:scan_sources: tailwindcss_oxide::scanner: Discovering "C:\\xampp\\htdocs\\tutorial2\\app\\about-us"
2026-01-08T06:17:01.614683Z  INFO get_globs:scan_sources: tailwindcss_oxide::scanner: Discovering "C:\\xampp\\htdocs\\tutorial2\\app\\admin"
2026-01-08T06:17:01.615125Z  INFO get_globs:scan_sources: tailwindcss_oxide::scanner: Discovering "C:\\xampp\\htdocs\\tutorial2\\app\\admin\\content"
2026-01-08T06:17:01.615517Z  INFO get_globs:scan_sources: tailwindcss_oxide::scanner: Discovering "C:\\xampp\\htdocs\\tutorial2\\app\\admin\\content\\about"
2026-01-08T06:17:01.615877Z  INFO get_globs:scan_sources: tailwindcss_oxide::scanner: Discovering "C:\\xampp\\htdocs\\tutorial2\\app\\admin\\content\\contact"
2026-01-08T06:17:01.616228Z  INFO get_globs:scan_sources: tailwindcss_oxide::scanner: Discovering "C:\\xampp\\htdocs\\tutorial2\\app\\admin\\content\\home"
2026-01-08T06:17:01.616684Z  INFO get_globs:scan_sources: tailwindcss_oxide::scanner: Discovering "C:\\xampp\\htdocs\\tutorial2\\app\\admin\\dashboard"
2026-01-08T06:17:01.617357Z  INFO get_globs:scan_sources: tailwindcss_oxide::scanner: Discovering "C:\\xampp\\htdocs\\tutorial2\\app\\admin\\events"
2026-01-08T06:17:01.617741Z  INFO get_globs:scan_sources: tailwindcss_oxide::scanner: Discovering "C:\\xampp\\htdocs\\tutorial2\\app\\admin\\events\\[id]"
2026-01-08T06:17:01.618097Z  INFO get_globs:scan_sources: tailwindcss_oxide::scanner: Discovering "C:\\xampp\\htdocs\\tutorial2\\app\\admin\\events\\[id]\\registrations"
2026-01-08T06:17:01.621989Z  INFO get_globs:scan_sources: tailwindcss_oxide::scanner: Discovering "C:\\xampp\\htdocs\\tutorial2\\app\\admin\\membership"
2026-01-08T06:17:01.623212Z  INFO get_globs:scan_sources: tailwindcss_oxide::scanner: Discovering "C:\\xampp\\htdocs\\tutorial2\\app\\admin\\payments"
2026-01-08T06:17:01.623612Z  INFO get_globs:scan_sources: tailwindcss_oxide::scanner: Discovering "C:\\xampp\\htdocs\\tutorial2\\app\\admin\\reports"
2026-01-08T06:17:01.623961Z  INFO get_globs:scan_sources: tailwindcss_oxide::scanner: Discovering "C:\\xampp\\htdocs\\tutorial2\\app\\admin\\requests"
2026-01-08T06:17:01.624300Z  INFO get_globs:scan_sources: tailwindcss_oxide::scanner: Discovering "C:\\xampp\\htdocs\\tutorial2\\app\\admin\\users"
2026-01-08T06:17:01.624622Z  INFO get_globs:scan_sources: tailwindcss_oxide::scanner: Discovering "C:\\xampp\\htdocs\\tutorial2\\app\\admin\\users\\[id]"
2026-01-08T06:17:01.625022Z  INFO get_globs:scan_sources: tailwindcss_oxide::scanner: Discovering "C:\\xampp\\htdocs\\tutorial2\\app\\api"
2026-01-08T06:17:01.628439Z  INFO get_globs:scan_sources: tailwindcss_oxide::scanner: Discovering "C:\\xampp\\htdocs\\tutorial2\\app\\api\\about-content"
2026-01-08T06:17:01.628905Z  INFO get_globs:scan_sources: tailwindcss_oxide::scanner: Discovering "C:\\xampp\\htdocs\\tutorial2\\app\\api\\admin"
2026-01-08T06:17:01.629288Z  INFO get_globs:scan_sources: tailwindcss_oxide::scanner: Discovering "C:\\xampp\\htdocs\\tutorial2\\app\\api\\admin\\content"
2026-01-08T06:17:01.629636Z  INFO get_globs:scan_sources: tailwindcss_oxide::scanner: Discovering "C:\\xampp\\htdocs\\tutorial2\\app\\api\\admin\\content\\about"
2026-01-08T06:17:01.631270Z  INFO get_globs:scan_sources: tailwindcss_oxide::scanner: Discovering "C:\\xampp\\htdocs\\tutorial2\\app\\api\\admin\\content\\about\\[id]"
2026-01-08T06:17:01.631743Z  INFO get_globs:scan_sources: tailwindcss_oxide::scanner: Discovering "C:\\xampp\\htdocs\\tutorial2\\app\\api\\admin\\content\\contact"
2026-01-08T06:17:01.632086Z  INFO get_globs:scan_sources: tailwindcss_oxide::scanner: Discovering "C:\\xampp\\htdocs\\tutorial2\\app\\api\\admin\\content\\contact\\[id]"
2026-01-08T06:17:01.632487Z  INFO get_globs:scan_sources: tailwindcss_oxide::scanner: Discovering "C:\\xampp\\htdocs\\tutorial2\\app\\api\\admin\\content\\footer"
2026-01-08T06:17:01.633822Z  INFO get_globs:scan_sources: tailwindcss_oxide::scanner: Discovering "C:\\xampp\\htdocs\\tutorial2\\app\\api\\admin\\content\\home"
2026-01-08T06:17:01.634251Z  INFO get_globs:scan_sources: tailwindcss_oxide::scanner: Discovering "C:\\xampp\\htdocs\\tutorial2\\app\\api\\admin\\content\\home\\[id]"
2026-01-08T06:17:01.634677Z  INFO get_globs:scan_sources: tailwindcss_oxide::scanner: Discovering "C:\\xampp\\htdocs\\tutorial2\\app\\api\\admin\\content\\media"
2026-01-08T06:17:01.635791Z  INFO get_globs:scan_sources: tailwindcss_oxide::scanner: Discovering "C:\\xampp\\htdocs\\tutorial2\\app\\api\\admin\\content\\navigation"
2026-01-08T06:17:01.639716Z  INFO get_globs:scan_sources: tailwindcss_oxide::scanner: Discovering "C:\\xampp\\htdocs\\tutorial2\\app\\api\\admin\\content\\pages"
2026-01-08T06:17:01.640135Z  INFO get_globs:scan_sources: tailwindcss_oxide::scanner: Discovering "C:\\xampp\\htdocs\\tutorial2\\app\\api\\admin\\content\\pages\\[id]"
2026-01-08T06:17:01.640564Z  INFO get_globs:scan_sources: tailwindcss_oxide::scanner: Discovering "C:\\xampp\\htdocs\\tutorial2\\app\\api\\admin\\content\\settings"
2026-01-08T06:17:01.640976Z  INFO get_globs:scan_sources: tailwindcss_oxide::scanner: Discovering "C:\\xampp\\htdocs\\tutorial2\\app\\api\\admin\\create-admin"
2026-01-08T06:17:01.641354Z  INFO get_globs:scan_sources: tailwindcss_oxide::scanner: Discovering "C:\\xampp\\htdocs\\tutorial2\\app\\api\\admin\\deleted-users"
2026-01-08T06:17:01.642262Z  INFO get_globs:scan_sources: tailwindcss_oxide::scanner: Discovering "C:\\xampp\\htdocs\\tutorial2\\app\\api\\admin\\events"
2026-01-08T06:17:01.642735Z  INFO get_globs:scan_sources: tailwindcss_oxide::scanner: Discovering "C:\\xampp\\htdocs\\tutorial2\\app\\api\\admin\\events\\[id]"
2026-01-08T06:17:01.643028Z  INFO get_globs:scan_sources: tailwindcss_oxide::scanner: Discovering "C:\\xampp\\htdocs\\tutorial2\\app\\api\\admin\\events\\[id]\\registrations"
2026-01-08T06:17:01.643578Z  INFO get_globs:scan_sources: tailwindcss_oxide::scanner: Discovering "C:\\xampp\\htdocs\\tutorial2\\app\\api\\admin\\fix-admin"
2026-01-08T06:17:01.644260Z  INFO get_globs:scan_sources: tailwindcss_oxide::scanner: Discovering "C:\\xampp\\htdocs\\tutorial2\\app\\api\\admin\\membership"
2026-01-08T06:17:01.644538Z  INFO get_globs:scan_sources: tailwindcss_oxide::scanner: Discovering "C:\\xampp\\htdocs\\tutorial2\\app\\api\\admin\\membership\\cycles"
2026-01-08T06:17:01.644982Z  INFO get_globs:scan_sources: tailwindcss_oxide::scanner: Discovering "C:\\xampp\\htdocs\\tutorial2\\app\\api\\admin\\membership\\settings"
2026-01-08T06:17:01.645563Z  INFO get_globs:scan_sources: tailwindcss_oxide::scanner: Discovering "C:\\xampp\\htdocs\\tutorial2\\app\\api\\admin\\membership\\types"
2026-01-08T06:17:01.646100Z  INFO get_globs:scan_sources: tailwindcss_oxide::scanner: Discovering "C:\\xampp\\htdocs\\tutorial2\\app\\api\\admin\\payments"
2026-01-08T06:17:01.646723Z  INFO get_globs:scan_sources: tailwindcss_oxide::scanner: Discovering "C:\\xampp\\htdocs\\tutorial2\\app\\api\\admin\\payments\\[id]"
2026-01-08T06:17:01.647025Z  INFO get_globs:scan_sources: tailwindcss_oxide::scanner: Discovering "C:\\xampp\\htdocs\\tutorial2\\app\\api\\admin\\payments\\[id]\\refund"
2026-01-08T06:17:01.647519Z  INFO get_globs:scan_sources: tailwindcss_oxide::scanner: Discovering "C:\\xampp\\htdocs\\tutorial2\\app\\api\\admin\\report"
2026-01-08T06:17:01.647898Z  INFO get_globs:scan_sources: tailwindcss_oxide::scanner: Discovering "C:\\xampp\\htdocs\\tutorial2\\app\\api\\admin\\reports"
2026-01-08T06:17:01.648492Z  INFO get_globs:scan_sources: tailwindcss_oxide::scanner: Discovering "C:\\xampp\\htdocs\\tutorial2\\app\\api\\admin\\reports\\generate"
2026-01-08T06:17:01.649059Z  INFO get_globs:scan_sources: tailwindcss_oxide::scanner: Discovering "C:\\xampp\\htdocs\\tutorial2\\app\\api\\admin\\reset-admin"
2026-01-08T06:17:01.649384Z  INFO get_globs:scan_sources: tailwindcss_oxide::scanner: Discovering "C:\\xampp\\htdocs\\tutorial2\\app\\api\\admin\\users"
2026-01-08T06:17:01.649661Z  INFO get_globs:scan_sources: tailwindcss_oxide::scanner: Discovering "C:\\xampp\\htdocs\\tutorial2\\app\\api\\admin\\users\\restore"
2026-01-08T06:17:01.650093Z  INFO get_globs:scan_sources: tailwindcss_oxide::scanner: Discovering "C:\\xampp\\htdocs\\tutorial2\\app\\api\\admin\\users\\[id]"
2026-01-08T06:17:01.650378Z  INFO get_globs:scan_sources: tailwindcss_oxide::scanner: Discovering "C:\\xampp\\htdocs\\tutorial2\\app\\api\\admin\\users\\[id]\\approve"
2026-01-08T06:17:01.650737Z  INFO get_globs:scan_sources: tailwindcss_oxide::scanner: Discovering "C:\\xampp\\htdocs\\tutorial2\\app\\api\\admin\\users\\[id]\\details"
2026-01-08T06:17:01.651084Z  INFO get_globs:scan_sources: tailwindcss_oxide::scanner: Discovering "C:\\xampp\\htdocs\\tutorial2\\app\\api\\admin\\users\\[id]\\membership-status"
2026-01-08T06:17:01.652018Z  INFO get_globs:scan_sources: tailwindcss_oxide::scanner: Discovering "C:\\xampp\\htdocs\\tutorial2\\app\\api\\admin\\users\\[id]\\password"
2026-01-08T06:17:01.654694Z  INFO get_globs:scan_sources: tailwindcss_oxide::scanner: Discovering "C:\\xampp\\htdocs\\tutorial2\\app\\api\\admin\\users\\[id]\\reject"
2026-01-08T06:17:01.655353Z  INFO get_globs:scan_sources: tailwindcss_oxide::scanner: Discovering "C:\\xampp\\htdocs\\tutorial2\\app\\api\\auth"
2026-01-08T06:17:01.655648Z  INFO get_globs:scan_sources: tailwindcss_oxide::scanner: Discovering "C:\\xampp\\htdocs\\tutorial2\\app\\api\\auth\\login"
2026-01-08T06:17:01.656538Z  INFO get_globs:scan_sources: tailwindcss_oxide::scanner: Discovering "C:\\xampp\\htdocs\\tutorial2\\app\\api\\auth\\logout"
2026-01-08T06:17:01.656917Z  INFO get_globs:scan_sources: tailwindcss_oxide::scanner: Discovering "C:\\xampp\\htdocs\\tutorial2\\app\\api\\auth\\me"
2026-01-08T06:17:01.657369Z  INFO get_globs:scan_sources: tailwindcss_oxide::scanner: Discovering "C:\\xampp\\htdocs\\tutorial2\\app\\api\\auth\\profile"
2026-01-08T06:17:01.657804Z  INFO get_globs:scan_sources: tailwindcss_oxide::scanner: Discovering "C:\\xampp\\htdocs\\tutorial2\\app\\api\\auth\\refresh"
2026-01-08T06:17:01.658539Z  INFO get_globs:scan_sources: tailwindcss_oxide::scanner: Discovering "C:\\xampp\\htdocs\\tutorial2\\app\\api\\auth\\register"
2026-01-08T06:17:01.659262Z  INFO get_globs:scan_sources: tailwindcss_oxide::scanner: Discovering "C:\\xampp\\htdocs\\tutorial2\\app\\api\\contact-content"
2026-01-08T06:17:01.659772Z  INFO get_globs:scan_sources: tailwindcss_oxide::scanner: Discovering "C:\\xampp\\htdocs\\tutorial2\\app\\api\\debug"
2026-01-08T06:17:01.660115Z  INFO get_globs:scan_sources: tailwindcss_oxide::scanner: Discovering "C:\\xampp\\htdocs\\tutorial2\\app\\api\\debug\\pricing"
2026-01-08T06:17:01.660518Z  INFO get_globs:scan_sources: tailwindcss_oxide::scanner: Discovering "C:\\xampp\\htdocs\\tutorial2\\app\\api\\events"
2026-01-08T06:17:01.660858Z  INFO get_globs:scan_sources: tailwindcss_oxide::scanner: Discovering "C:\\xampp\\htdocs\\tutorial2\\app\\api\\events\\[id]"
2026-01-08T06:17:01.661285Z  INFO get_globs:scan_sources: tailwindcss_oxide::scanner: Discovering "C:\\xampp\\htdocs\\tutorial2\\app\\api\\events\\[id]\\register"
2026-01-08T06:17:01.661754Z  INFO get_globs:scan_sources: tailwindcss_oxide::scanner: Discovering "C:\\xampp\\htdocs\\tutorial2\\app\\api\\fix-membership"
2026-01-08T06:17:01.662117Z  INFO get_globs:scan_sources: tailwindcss_oxide::scanner: Discovering "C:\\xampp\\htdocs\\tutorial2\\app\\api\\home-content"
2026-01-08T06:17:01.662485Z  INFO get_globs:scan_sources: tailwindcss_oxide::scanner: Discovering "C:\\xampp\\htdocs\\tutorial2\\app\\api\\membership"
2026-01-08T06:17:01.662789Z  INFO get_globs:scan_sources: tailwindcss_oxide::scanner: Discovering "C:\\xampp\\htdocs\\tutorial2\\app\\api\\membership\\next-number"
2026-01-08T06:17:01.663126Z  INFO get_globs:scan_sources: tailwindcss_oxide::scanner: Discovering "C:\\xampp\\htdocs\\tutorial2\\app\\api\\membership\\pay"
2026-01-08T06:17:01.663589Z  INFO get_globs:scan_sources: tailwindcss_oxide::scanner: Discovering "C:\\xampp\\htdocs\\tutorial2\\app\\api\\membership\\payment-status"
2026-01-08T06:17:01.663939Z  INFO get_globs:scan_sources: tailwindcss_oxide::scanner: Discovering "C:\\xampp\\htdocs\\tutorial2\\app\\api\\membership\\status"
2026-01-08T06:17:01.664334Z  INFO get_globs:scan_sources: tailwindcss_oxide::scanner: Discovering "C:\\xampp\\htdocs\\tutorial2\\app\\api\\messages"
2026-01-08T06:17:01.664597Z  INFO get_globs:scan_sources: tailwindcss_oxide::scanner: Discovering "C:\\xampp\\htdocs\\tutorial2\\app\\api\\messages\\reply"
2026-01-08T06:17:01.664993Z  INFO get_globs:scan_sources: tailwindcss_oxide::scanner: Discovering "C:\\xampp\\htdocs\\tutorial2\\app\\api\\messages\\[id]"
2026-01-08T06:17:01.665240Z  INFO get_globs:scan_sources: tailwindcss_oxide::scanner: Discovering "C:\\xampp\\htdocs\\tutorial2\\app\\api\\messages\\[id]\\read"
2026-01-08T06:17:01.665683Z  INFO get_globs:scan_sources: tailwindcss_oxide::scanner: Discovering "C:\\xampp\\htdocs\\tutorial2\\app\\api\\payments"
2026-01-08T06:17:01.665947Z  INFO get_globs:scan_sources: tailwindcss_oxide::scanner: Discovering "C:\\xampp\\htdocs\\tutorial2\\app\\api\\payments\\activate-test"
2026-01-08T06:17:01.666369Z  INFO get_globs:scan_sources: tailwindcss_oxide::scanner: Discovering "C:\\xampp\\htdocs\\tutorial2\\app\\api\\payments\\azampay"
2026-01-08T06:17:01.666685Z  INFO get_globs:scan_sources: tailwindcss_oxide::scanner: Discovering "C:\\xampp\\htdocs\\tutorial2\\app\\api\\payments\\azampay\\callback"
2026-01-08T06:17:01.667027Z  INFO get_globs:scan_sources: tailwindcss_oxide::scanner: Discovering "C:\\xampp\\htdocs\\tutorial2\\app\\api\\payments\\azampay\\checkout"
2026-01-08T06:17:01.667387Z  INFO get_globs:scan_sources: tailwindcss_oxide::scanner: Discovering "C:\\xampp\\htdocs\\tutorial2\\app\\api\\payments\\cleanup"
2026-01-08T06:17:01.667880Z  INFO get_globs:scan_sources: tailwindcss_oxide::scanner: Discovering "C:\\xampp\\htdocs\\tutorial2\\app\\api\\payments\\mobile-money"
2026-01-08T06:17:01.670744Z  INFO get_globs:scan_sources: tailwindcss_oxide::scanner: Discovering "C:\\xampp\\htdocs\\tutorial2\\app\\api\\reports"
2026-01-08T06:17:01.671157Z  INFO get_globs:scan_sources: tailwindcss_oxide::scanner: Discovering "C:\\xampp\\htdocs\\tutorial2\\app\\api\\reports\\generate"
2026-01-08T06:17:01.671623Z  INFO get_globs:scan_sources: tailwindcss_oxide::scanner: Discovering "C:\\xampp\\htdocs\\tutorial2\\app\\api\\reports\\send-email"
2026-01-08T06:17:01.672276Z  INFO get_globs:scan_sources: tailwindcss_oxide::scanner: Discovering "C:\\xampp\\htdocs\\tutorial2\\app\\api\\send-approval-email"
2026-01-08T06:17:01.673241Z  INFO get_globs:scan_sources: tailwindcss_oxide::scanner: Discovering "C:\\xampp\\htdocs\\tutorial2\\app\\api\\settings"
2026-01-08T06:17:01.674623Z  INFO get_globs:scan_sources: tailwindcss_oxide::scanner: Discovering "C:\\xampp\\htdocs\\tutorial2\\app\\api\\setup"
2026-01-08T06:17:01.674970Z  INFO get_globs:scan_sources: tailwindcss_oxide::scanner: Discovering "C:\\xampp\\htdocs\\tutorial2\\app\\api\\setup\\ensure-admin"
2026-01-08T06:17:01.675440Z  INFO get_globs:scan_sources: tailwindcss_oxide::scanner: Discovering "C:\\xampp\\htdocs\\tutorial2\\app\\auth"
2026-01-08T06:17:01.675808Z  INFO get_globs:scan_sources: tailwindcss_oxide::scanner: Discovering "C:\\xampp\\htdocs\\tutorial2\\app\\auth\\login"
2026-01-08T06:17:01.677219Z  INFO get_globs:scan_sources: tailwindcss_oxide::scanner: Discovering "C:\\xampp\\htdocs\\tutorial2\\app\\auth\\pending-approval"
2026-01-08T06:17:01.677683Z  INFO get_globs:scan_sources: tailwindcss_oxide::scanner: Discovering "C:\\xampp\\htdocs\\tutorial2\\app\\auth\\register"
2026-01-08T06:17:01.678073Z  INFO get_globs:scan_sources: tailwindcss_oxide::scanner: Discovering "C:\\xampp\\htdocs\\tutorial2\\app\\components"
2026-01-08T06:17:01.678543Z  INFO get_globs:scan_sources: tailwindcss_oxide::scanner: Discovering "C:\\xampp\\htdocs\\tutorial2\\app\\contact"
2026-01-08T06:17:01.679067Z  INFO get_globs:scan_sources: tailwindcss_oxide::scanner: Discovering "C:\\xampp\\htdocs\\tutorial2\\app\\dashboard"
2026-01-08T06:17:01.679396Z  INFO get_globs:scan_sources: tailwindcss_oxide::scanner: Discovering "C:\\xampp\\htdocs\\tutorial2\\app\\dashboard\\complete-profile"
2026-01-08T06:17:01.679830Z  INFO get_globs:scan_sources: tailwindcss_oxide::scanner: Discovering "C:\\xampp\\htdocs\\tutorial2\\app\\dashboard\\events"
2026-01-08T06:17:01.680226Z  INFO get_globs:scan_sources: tailwindcss_oxide::scanner: Discovering "C:\\xampp\\htdocs\\tutorial2\\app\\dashboard\\membership-card"
2026-01-08T06:17:01.680639Z  INFO get_globs:scan_sources: tailwindcss_oxide::scanner: Discovering "C:\\xampp\\htdocs\\tutorial2\\app\\dashboard\\messages"
2026-01-08T06:17:01.681072Z  INFO get_globs:scan_sources: tailwindcss_oxide::scanner: Discovering "C:\\xampp\\htdocs\\tutorial2\\app\\dashboard\\payment"
2026-01-08T06:17:01.681434Z  INFO get_globs:scan_sources: tailwindcss_oxide::scanner: Discovering "C:\\xampp\\htdocs\\tutorial2\\app\\dashboard\\payment\\success"
2026-01-08T06:17:01.681885Z  INFO get_globs:scan_sources: tailwindcss_oxide::scanner: Discovering "C:\\xampp\\htdocs\\tutorial2\\app\\dashboard\\subscribe"
2026-01-08T06:17:01.682364Z  INFO get_globs:scan_sources: tailwindcss_oxide::scanner: Discovering "C:\\xampp\\htdocs\\tutorial2\\app\\fix-auth"
2026-01-08T06:17:01.683439Z  INFO get_globs:scan_sources: tailwindcss_oxide::scanner: Discovering "C:\\xampp\\htdocs\\tutorial2\\app\\schemas"
2026-01-08T06:17:01.683815Z  INFO get_globs:scan_sources: tailwindcss_oxide::scanner: Discovering "C:\\xampp\\htdocs\\tutorial2\\app\\scripts"
2026-01-08T06:17:01.684143Z  INFO get_globs:scan_sources: tailwindcss_oxide::scanner: Discovering "C:\\xampp\\htdocs\\tutorial2\\app\\unauthorized"
2026-01-08T06:17:01.684521Z  INFO get_globs:scan_sources: tailwindcss_oxide::scanner: Discovering "C:\\xampp\\htdocs\\tutorial2\\components"
2026-01-08T06:17:01.685010Z  INFO get_globs:scan_sources: tailwindcss_oxide::scanner: Discovering "C:\\xampp\\htdocs\\tutorial2\\components\\admin"
2026-01-08T06:17:01.687639Z  INFO get_globs:scan_sources: tailwindcss_oxide::scanner: Discovering "C:\\xampp\\htdocs\\tutorial2\\components\\dashboard"
2026-01-08T06:17:01.688313Z  INFO get_globs:scan_sources: tailwindcss_oxide::scanner: Discovering "C:\\xampp\\htdocs\\tutorial2\\components\\ui"
2026-01-08T06:17:01.689114Z  INFO get_globs:scan_sources: tailwindcss_oxide::scanner: Discovering "C:\\xampp\\htdocs\\tutorial2\\components\\web"
2026-01-08T06:17:01.691795Z  INFO get_globs:scan_sources: tailwindcss_oxide::scanner: Discovering "C:\\xampp\\htdocs\\tutorial2\\contexts"
2026-01-08T06:17:01.692207Z  INFO get_globs:scan_sources: tailwindcss_oxide::scanner: Discovering "C:\\xampp\\htdocs\\tutorial2\\convex"
2026-01-08T06:17:01.692504Z  INFO get_globs:scan_sources: tailwindcss_oxide::scanner: Discovering "C:\\xampp\\htdocs\\tutorial2\\convex\\_generated"
2026-01-08T06:17:01.693158Z  INFO get_globs:scan_sources: tailwindcss_oxide::scanner: Discovering "C:\\xampp\\htdocs\\tutorial2\\database"
2026-01-08T06:17:01.695158Z  INFO get_globs:scan_sources: tailwindcss_oxide::scanner: Discovering "C:\\xampp\\htdocs\\tutorial2\\lib"
2026-01-08T06:17:01.696036Z  INFO get_globs:scan_sources: tailwindcss_oxide::scanner: Discovering "C:\\xampp\\htdocs\\tutorial2\\migrations"
2026-01-08T06:17:01.697057Z  INFO get_globs:scan_sources: tailwindcss_oxide::scanner: Discovering "C:\\xampp\\htdocs\\tutorial2\\public"
2026-01-08T06:17:01.697596Z  INFO get_globs:scan_sources: tailwindcss_oxide::scanner: Discovering "C:\\xampp\\htdocs\\tutorial2\\public\\uploads"
2026-01-08T06:17:01.697920Z  INFO get_globs:scan_sources: tailwindcss_oxide::scanner: Discovering "C:\\xampp\\htdocs\\tutorial2\\public\\uploads\\documents"
2026-01-08T06:17:01.698286Z  INFO get_globs:scan_sources: tailwindcss_oxide::scanner: Discovering "C:\\xampp\\htdocs\\tutorial2\\public\\uploads\\profile-pictures"
2026-01-08T06:17:01.699285Z  INFO get_globs:scan_sources: tailwindcss_oxide::scanner: exit
2026-01-08T06:17:01.775888Z  INFO get_globs: tailwindcss_oxide::scanner: exit
2026-01-08T06:17:46.802906Z  INFO scan_sources: tailwindcss_oxide::scanner: enter
2026-01-08T06:17:46.806619Z  INFO scan_sources: tailwindcss_oxide::scanner: Discovering "C:\\xampp\\htdocs\\tutorial2\\api"
2026-01-08T06:17:46.806818Z  INFO scan_sources: tailwindcss_oxide::scanner: Discovering "C:\\xampp\\htdocs\\tutorial2\\api\\auth"
2026-01-08T06:17:46.807244Z  INFO scan_sources: tailwindcss_oxide::scanner: Discovering "C:\\xampp\\htdocs\\tutorial2\\app"
2026-01-08T06:17:46.807435Z  INFO scan_sources: tailwindcss_oxide::scanner: Discovering "C:\\xampp\\htdocs\\tutorial2\\app\\(layout)"
2026-01-08T06:17:46.807609Z  INFO scan_sources: tailwindcss_oxide::scanner: Discovering "C:\\xampp\\htdocs\\tutorial2\\app\\(shared-layout)"
2026-01-08T06:17:46.807762Z  INFO scan_sources: tailwindcss_oxide::scanner: Discovering "C:\\xampp\\htdocs\\tutorial2\\app\\about"
2026-01-08T06:17:46.807881Z  INFO scan_sources: tailwindcss_oxide::scanner: Discovering "C:\\xampp\\htdocs\\tutorial2\\app\\about-us"
2026-01-08T06:17:46.808001Z  INFO scan_sources: tailwindcss_oxide::scanner: Discovering "C:\\xampp\\htdocs\\tutorial2\\app\\admin"
2026-01-08T06:17:46.808126Z  INFO scan_sources: tailwindcss_oxide::scanner: Discovering "C:\\xampp\\htdocs\\tutorial2\\app\\admin\\content"
2026-01-08T06:17:46.808405Z  INFO scan_sources: tailwindcss_oxide::scanner: Discovering "C:\\xampp\\htdocs\\tutorial2\\app\\admin\\content\\about"
2026-01-08T06:17:46.808904Z  INFO scan_sources: tailwindcss_oxide::scanner: Discovering "C:\\xampp\\htdocs\\tutorial2\\app\\admin\\content\\contact"
2026-01-08T06:17:46.809343Z  INFO scan_sources: tailwindcss_oxide::scanner: Discovering "C:\\xampp\\htdocs\\tutorial2\\app\\admin\\content\\home"
2026-01-08T06:17:46.809859Z  INFO scan_sources: tailwindcss_oxide::scanner: Discovering "C:\\xampp\\htdocs\\tutorial2\\app\\admin\\dashboard"
2026-01-08T06:17:46.810310Z  INFO scan_sources: tailwindcss_oxide::scanner: Discovering "C:\\xampp\\htdocs\\tutorial2\\app\\admin\\events"
2026-01-08T06:17:46.810661Z  INFO scan_sources: tailwindcss_oxide::scanner: Discovering "C:\\xampp\\htdocs\\tutorial2\\app\\admin\\events\\[id]"
2026-01-08T06:17:46.810978Z  INFO scan_sources: tailwindcss_oxide::scanner: Discovering "C:\\xampp\\htdocs\\tutorial2\\app\\admin\\events\\[id]\\registrations"
2026-01-08T06:17:46.811413Z  INFO scan_sources: tailwindcss_oxide::scanner: Discovering "C:\\xampp\\htdocs\\tutorial2\\app\\admin\\membership"
2026-01-08T06:17:46.811988Z  INFO scan_sources: tailwindcss_oxide::scanner: Discovering "C:\\xampp\\htdocs\\tutorial2\\app\\admin\\payments"
2026-01-08T06:17:46.812352Z  INFO scan_sources: tailwindcss_oxide::scanner: Discovering "C:\\xampp\\htdocs\\tutorial2\\app\\admin\\reports"
2026-01-08T06:17:46.812719Z  INFO scan_sources: tailwindcss_oxide::scanner: Discovering "C:\\xampp\\htdocs\\tutorial2\\app\\admin\\requests"
2026-01-08T06:17:46.813109Z  INFO scan_sources: tailwindcss_oxide::scanner: Discovering "C:\\xampp\\htdocs\\tutorial2\\app\\admin\\users"
2026-01-08T06:17:46.813454Z  INFO scan_sources: tailwindcss_oxide::scanner: Discovering "C:\\xampp\\htdocs\\tutorial2\\app\\admin\\users\\[id]"
2026-01-08T06:17:46.813885Z  INFO scan_sources: tailwindcss_oxide::scanner: Discovering "C:\\xampp\\htdocs\\tutorial2\\app\\api"
2026-01-08T06:17:46.814198Z  INFO scan_sources: tailwindcss_oxide::scanner: Discovering "C:\\xampp\\htdocs\\tutorial2\\app\\api\\about-content"
2026-01-08T06:17:46.814559Z  INFO scan_sources: tailwindcss_oxide::scanner: Discovering "C:\\xampp\\htdocs\\tutorial2\\app\\api\\admin"
2026-01-08T06:17:46.814847Z  INFO scan_sources: tailwindcss_oxide::scanner: Discovering "C:\\xampp\\htdocs\\tutorial2\\app\\api\\admin\\content"
2026-01-08T06:17:46.815127Z  INFO scan_sources: tailwindcss_oxide::scanner: Discovering "C:\\xampp\\htdocs\\tutorial2\\app\\api\\admin\\content\\about"
2026-01-08T06:17:46.815441Z  INFO scan_sources: tailwindcss_oxide::scanner: Discovering "C:\\xampp\\htdocs\\tutorial2\\app\\api\\admin\\content\\about\\[id]"
2026-01-08T06:17:46.815818Z  INFO scan_sources: tailwindcss_oxide::scanner: Discovering "C:\\xampp\\htdocs\\tutorial2\\app\\api\\admin\\content\\contact"
2026-01-08T06:17:46.816136Z  INFO scan_sources: tailwindcss_oxide::scanner: Discovering "C:\\xampp\\htdocs\\tutorial2\\app\\api\\admin\\content\\contact\\[id]"
2026-01-08T06:17:46.816504Z  INFO scan_sources: tailwindcss_oxide::scanner: Discovering "C:\\xampp\\htdocs\\tutorial2\\app\\api\\admin\\content\\footer"
2026-01-08T06:17:46.816883Z  INFO scan_sources: tailwindcss_oxide::scanner: Discovering "C:\\xampp\\htdocs\\tutorial2\\app\\api\\admin\\content\\home"
2026-01-08T06:17:46.817261Z  INFO scan_sources: tailwindcss_oxide::scanner: Discovering "C:\\xampp\\htdocs\\tutorial2\\app\\api\\admin\\content\\home\\[id]"
2026-01-08T06:17:46.817643Z  INFO scan_sources: tailwindcss_oxide::scanner: Discovering "C:\\xampp\\htdocs\\tutorial2\\app\\api\\admin\\content\\media"
2026-01-08T06:17:46.817999Z  INFO scan_sources: tailwindcss_oxide::scanner: Discovering "C:\\xampp\\htdocs\\tutorial2\\app\\api\\admin\\content\\navigation"
2026-01-08T06:17:46.818377Z  INFO scan_sources: tailwindcss_oxide::scanner: Discovering "C:\\xampp\\htdocs\\tutorial2\\app\\api\\admin\\content\\pages"
2026-01-08T06:17:46.818691Z  INFO scan_sources: tailwindcss_oxide::scanner: Discovering "C:\\xampp\\htdocs\\tutorial2\\app\\api\\admin\\content\\pages\\[id]"
2026-01-08T06:17:46.819075Z  INFO scan_sources: tailwindcss_oxide::scanner: Discovering "C:\\xampp\\htdocs\\tutorial2\\app\\api\\admin\\content\\settings"
2026-01-08T06:17:46.819437Z  INFO scan_sources: tailwindcss_oxide::scanner: Discovering "C:\\xampp\\htdocs\\tutorial2\\app\\api\\admin\\create-admin"
2026-01-08T06:17:46.819771Z  INFO scan_sources: tailwindcss_oxide::scanner: Discovering "C:\\xampp\\htdocs\\tutorial2\\app\\api\\admin\\deleted-users"
2026-01-08T06:17:46.820275Z  INFO scan_sources: tailwindcss_oxide::scanner: Discovering "C:\\xampp\\htdocs\\tutorial2\\app\\api\\admin\\events"
2026-01-08T06:17:46.820706Z  INFO scan_sources: tailwindcss_oxide::scanner: Discovering "C:\\xampp\\htdocs\\tutorial2\\app\\api\\admin\\events\\[id]"
2026-01-08T06:17:46.821013Z  INFO scan_sources: tailwindcss_oxide::scanner: Discovering "C:\\xampp\\htdocs\\tutorial2\\app\\api\\admin\\events\\[id]\\registrations"
2026-01-08T06:17:46.821503Z  INFO scan_sources: tailwindcss_oxide::scanner: Discovering "C:\\xampp\\htdocs\\tutorial2\\app\\api\\admin\\fix-admin"
2026-01-08T06:17:46.821831Z  INFO scan_sources: tailwindcss_oxide::scanner: Discovering "C:\\xampp\\htdocs\\tutorial2\\app\\api\\admin\\membership"
2026-01-08T06:17:46.822092Z  INFO scan_sources: tailwindcss_oxide::scanner: Discovering "C:\\xampp\\htdocs\\tutorial2\\app\\api\\admin\\membership\\cycles"
2026-01-08T06:17:46.822410Z  INFO scan_sources: tailwindcss_oxide::scanner: Discovering "C:\\xampp\\htdocs\\tutorial2\\app\\api\\admin\\membership\\settings"
2026-01-08T06:17:46.822829Z  INFO scan_sources: tailwindcss_oxide::scanner: Discovering "C:\\xampp\\htdocs\\tutorial2\\app\\api\\admin\\membership\\types"
2026-01-08T06:17:46.823281Z  INFO scan_sources: tailwindcss_oxide::scanner: Discovering "C:\\xampp\\htdocs\\tutorial2\\app\\api\\admin\\payments"
2026-01-08T06:17:46.823561Z  INFO scan_sources: tailwindcss_oxide::scanner: Discovering "C:\\xampp\\htdocs\\tutorial2\\app\\api\\admin\\payments\\[id]"
2026-01-08T06:17:46.823803Z  INFO scan_sources: tailwindcss_oxide::scanner: Discovering "C:\\xampp\\htdocs\\tutorial2\\app\\api\\admin\\payments\\[id]\\refund"
2026-01-08T06:17:46.824282Z  INFO scan_sources: tailwindcss_oxide::scanner: Discovering "C:\\xampp\\htdocs\\tutorial2\\app\\api\\admin\\report"
2026-01-08T06:17:46.824489Z  INFO scan_sources: tailwindcss_oxide::scanner: Discovering "C:\\xampp\\htdocs\\tutorial2\\app\\api\\admin\\reports"
2026-01-08T06:17:46.824614Z  INFO scan_sources: tailwindcss_oxide::scanner: Discovering "C:\\xampp\\htdocs\\tutorial2\\app\\api\\admin\\reports\\generate"
2026-01-08T06:17:46.824844Z  INFO scan_sources: tailwindcss_oxide::scanner: Discovering "C:\\xampp\\htdocs\\tutorial2\\app\\api\\admin\\reset-admin"
2026-01-08T06:17:46.825028Z  INFO scan_sources: tailwindcss_oxide::scanner: Discovering "C:\\xampp\\htdocs\\tutorial2\\app\\api\\admin\\users"
2026-01-08T06:17:46.825206Z  INFO scan_sources: tailwindcss_oxide::scanner: Discovering "C:\\xampp\\htdocs\\tutorial2\\app\\api\\admin\\users\\restore"
2026-01-08T06:17:46.825538Z  INFO scan_sources: tailwindcss_oxide::scanner: Discovering "C:\\xampp\\htdocs\\tutorial2\\app\\api\\admin\\users\\[id]"
2026-01-08T06:17:46.825662Z  INFO scan_sources: tailwindcss_oxide::scanner: Discovering "C:\\xampp\\htdocs\\tutorial2\\app\\api\\admin\\users\\[id]\\approve"
2026-01-08T06:17:46.825815Z  INFO scan_sources: tailwindcss_oxide::scanner: Discovering "C:\\xampp\\htdocs\\tutorial2\\app\\api\\admin\\users\\[id]\\details"
2026-01-08T06:17:46.826038Z  INFO scan_sources: tailwindcss_oxide::scanner: Discovering "C:\\xampp\\htdocs\\tutorial2\\app\\api\\admin\\users\\[id]\\membership-status"
2026-01-08T06:17:46.826466Z  INFO scan_sources: tailwindcss_oxide::scanner: Discovering "C:\\xampp\\htdocs\\tutorial2\\app\\api\\admin\\users\\[id]\\password"
2026-01-08T06:17:46.826751Z  INFO scan_sources: tailwindcss_oxide::scanner: Discovering "C:\\xampp\\htdocs\\tutorial2\\app\\api\\admin\\users\\[id]\\reject"
2026-01-08T06:17:46.827036Z  INFO scan_sources: tailwindcss_oxide::scanner: Discovering "C:\\xampp\\htdocs\\tutorial2\\app\\api\\auth"
2026-01-08T06:17:46.827166Z  INFO scan_sources: tailwindcss_oxide::scanner: Discovering "C:\\xampp\\htdocs\\tutorial2\\app\\api\\auth\\login"
2026-01-08T06:17:46.827355Z  INFO scan_sources: tailwindcss_oxide::scanner: Discovering "C:\\xampp\\htdocs\\tutorial2\\app\\api\\auth\\logout"
2026-01-08T06:17:46.827528Z  INFO scan_sources: tailwindcss_oxide::scanner: Discovering "C:\\xampp\\htdocs\\tutorial2\\app\\api\\auth\\me"
2026-01-08T06:17:46.827712Z  INFO scan_sources: tailwindcss_oxide::scanner: Discovering "C:\\xampp\\htdocs\\tutorial2\\app\\api\\auth\\profile"
2026-01-08T06:17:46.827886Z  INFO scan_sources: tailwindcss_oxide::scanner: Discovering "C:\\xampp\\htdocs\\tutorial2\\app\\api\\auth\\refresh"
2026-01-08T06:17:46.828022Z  INFO scan_sources: tailwindcss_oxide::scanner: Discovering "C:\\xampp\\htdocs\\tutorial2\\app\\api\\auth\\register"
2026-01-08T06:17:46.828182Z  INFO scan_sources: tailwindcss_oxide::scanner: Discovering "C:\\xampp\\htdocs\\tutorial2\\app\\api\\contact-content"
2026-01-08T06:17:46.828322Z  INFO scan_sources: tailwindcss_oxide::scanner: Discovering "C:\\xampp\\htdocs\\tutorial2\\app\\api\\debug"
2026-01-08T06:17:46.828424Z  INFO scan_sources: tailwindcss_oxide::scanner: Discovering "C:\\xampp\\htdocs\\tutorial2\\app\\api\\debug\\pricing"
2026-01-08T06:17:46.828577Z  INFO scan_sources: tailwindcss_oxide::scanner: Discovering "C:\\xampp\\htdocs\\tutorial2\\app\\api\\events"
2026-01-08T06:17:46.828696Z  INFO scan_sources: tailwindcss_oxide::scanner: Discovering "C:\\xampp\\htdocs\\tutorial2\\app\\api\\events\\[id]"
2026-01-08T06:17:46.828799Z  INFO scan_sources: tailwindcss_oxide::scanner: Discovering "C:\\xampp\\htdocs\\tutorial2\\app\\api\\events\\[id]\\register"
2026-01-08T06:17:46.828956Z  INFO scan_sources: tailwindcss_oxide::scanner: Discovering "C:\\xampp\\htdocs\\tutorial2\\app\\api\\fix-membership"
2026-01-08T06:17:46.829095Z  INFO scan_sources: tailwindcss_oxide::scanner: Discovering "C:\\xampp\\htdocs\\tutorial2\\app\\api\\home-content"
2026-01-08T06:17:46.829235Z  INFO scan_sources: tailwindcss_oxide::scanner: Discovering "C:\\xampp\\htdocs\\tutorial2\\app\\api\\membership"
2026-01-08T06:17:46.829346Z  INFO scan_sources: tailwindcss_oxide::scanner: Discovering "C:\\xampp\\htdocs\\tutorial2\\app\\api\\membership\\next-number"
2026-01-08T06:17:46.829482Z  INFO scan_sources: tailwindcss_oxide::scanner: Discovering "C:\\xampp\\htdocs\\tutorial2\\app\\api\\membership\\pay"
2026-01-08T06:17:46.829610Z  INFO scan_sources: tailwindcss_oxide::scanner: Discovering "C:\\xampp\\htdocs\\tutorial2\\app\\api\\membership\\payment-status"
2026-01-08T06:17:46.829755Z  INFO scan_sources: tailwindcss_oxide::scanner: Discovering "C:\\xampp\\htdocs\\tutorial2\\app\\api\\membership\\status"
2026-01-08T06:17:46.829896Z  INFO scan_sources: tailwindcss_oxide::scanner: Discovering "C:\\xampp\\htdocs\\tutorial2\\app\\api\\messages"
2026-01-08T06:17:46.829989Z  INFO scan_sources: tailwindcss_oxide::scanner: Discovering "C:\\xampp\\htdocs\\tutorial2\\app\\api\\messages\\reply"
2026-01-08T06:17:46.830186Z  INFO scan_sources: tailwindcss_oxide::scanner: Discovering "C:\\xampp\\htdocs\\tutorial2\\app\\api\\messages\\[id]"
2026-01-08T06:17:46.830281Z  INFO scan_sources: tailwindcss_oxide::scanner: Discovering "C:\\xampp\\htdocs\\tutorial2\\app\\api\\messages\\[id]\\read"
2026-01-08T06:17:46.830450Z  INFO scan_sources: tailwindcss_oxide::scanner: Discovering "C:\\xampp\\htdocs\\tutorial2\\app\\api\\payments"
2026-01-08T06:17:46.830548Z  INFO scan_sources: tailwindcss_oxide::scanner: Discovering "C:\\xampp\\htdocs\\tutorial2\\app\\api\\payments\\activate-test"
2026-01-08T06:17:46.830675Z  INFO scan_sources: tailwindcss_oxide::scanner: Discovering "C:\\xampp\\htdocs\\tutorial2\\app\\api\\payments\\azampay"
2026-01-08T06:17:46.830769Z  INFO scan_sources: tailwindcss_oxide::scanner: Discovering "C:\\xampp\\htdocs\\tutorial2\\app\\api\\payments\\azampay\\callback"
2026-01-08T06:17:46.830894Z  INFO scan_sources: tailwindcss_oxide::scanner: Discovering "C:\\xampp\\htdocs\\tutorial2\\app\\api\\payments\\azampay\\checkout"
2026-01-08T06:17:46.831056Z  INFO scan_sources: tailwindcss_oxide::scanner: Discovering "C:\\xampp\\htdocs\\tutorial2\\app\\api\\payments\\cleanup"
2026-01-08T06:17:46.831180Z  INFO scan_sources: tailwindcss_oxide::scanner: Discovering "C:\\xampp\\htdocs\\tutorial2\\app\\api\\payments\\mobile-money"
2026-01-08T06:17:46.831323Z  INFO scan_sources: tailwindcss_oxide::scanner: Discovering "C:\\xampp\\htdocs\\tutorial2\\app\\api\\reports"
2026-01-08T06:17:46.831418Z  INFO scan_sources: tailwindcss_oxide::scanner: Discovering "C:\\xampp\\htdocs\\tutorial2\\app\\api\\reports\\generate"
2026-01-08T06:17:46.831540Z  INFO scan_sources: tailwindcss_oxide::scanner: Discovering "C:\\xampp\\htdocs\\tutorial2\\app\\api\\reports\\send-email"
2026-01-08T06:17:46.831687Z  INFO scan_sources: tailwindcss_oxide::scanner: Discovering "C:\\xampp\\htdocs\\tutorial2\\app\\api\\send-approval-email"
2026-01-08T06:17:46.831816Z  INFO scan_sources: tailwindcss_oxide::scanner: Discovering "C:\\xampp\\htdocs\\tutorial2\\app\\api\\settings"
2026-01-08T06:17:46.831940Z  INFO scan_sources: tailwindcss_oxide::scanner: Discovering "C:\\xampp\\htdocs\\tutorial2\\app\\api\\setup"
2026-01-08T06:17:46.832035Z  INFO scan_sources: tailwindcss_oxide::scanner: Discovering "C:\\xampp\\htdocs\\tutorial2\\app\\api\\setup\\ensure-admin"
2026-01-08T06:17:46.832195Z  INFO scan_sources: tailwindcss_oxide::scanner: Discovering "C:\\xampp\\htdocs\\tutorial2\\app\\auth"
2026-01-08T06:17:46.832319Z  INFO scan_sources: tailwindcss_oxide::scanner: Discovering "C:\\xampp\\htdocs\\tutorial2\\app\\auth\\login"
2026-01-08T06:17:46.832486Z  INFO scan_sources: tailwindcss_oxide::scanner: Discovering "C:\\xampp\\htdocs\\tutorial2\\app\\auth\\pending-approval"
2026-01-08T06:17:46.832703Z  INFO scan_sources: tailwindcss_oxide::scanner: Discovering "C:\\xampp\\htdocs\\tutorial2\\app\\auth\\register"
2026-01-08T06:17:46.832949Z  INFO scan_sources: tailwindcss_oxide::scanner: Discovering "C:\\xampp\\htdocs\\tutorial2\\app\\components"
2026-01-08T06:17:46.833200Z  INFO scan_sources: tailwindcss_oxide::scanner: Discovering "C:\\xampp\\htdocs\\tutorial2\\app\\contact"
2026-01-08T06:17:46.833412Z  INFO scan_sources: tailwindcss_oxide::scanner: Discovering "C:\\xampp\\htdocs\\tutorial2\\app\\dashboard"
2026-01-08T06:17:46.833527Z  INFO scan_sources: tailwindcss_oxide::scanner: Discovering "C:\\xampp\\htdocs\\tutorial2\\app\\dashboard\\complete-profile"
2026-01-08T06:17:46.833695Z  INFO scan_sources: tailwindcss_oxide::scanner: Discovering "C:\\xampp\\htdocs\\tutorial2\\app\\dashboard\\events"
2026-01-08T06:17:46.833925Z  INFO scan_sources: tailwindcss_oxide::scanner: Discovering "C:\\xampp\\htdocs\\tutorial2\\app\\dashboard\\membership-card"
2026-01-08T06:17:46.834180Z  INFO scan_sources: tailwindcss_oxide::scanner: Discovering "C:\\xampp\\htdocs\\tutorial2\\app\\dashboard\\messages"
2026-01-08T06:17:46.834462Z  INFO scan_sources: tailwindcss_oxide::scanner: Discovering "C:\\xampp\\htdocs\\tutorial2\\app\\dashboard\\payment"
2026-01-08T06:17:46.834776Z  INFO scan_sources: tailwindcss_oxide::scanner: Discovering "C:\\xampp\\htdocs\\tutorial2\\app\\dashboard\\payment\\success"
2026-01-08T06:17:46.835262Z  INFO scan_sources: tailwindcss_oxide::scanner: Discovering "C:\\xampp\\htdocs\\tutorial2\\app\\dashboard\\subscribe"
2026-01-08T06:17:46.835672Z  INFO scan_sources: tailwindcss_oxide::scanner: Discovering "C:\\xampp\\htdocs\\tutorial2\\app\\fix-auth"
2026-01-08T06:17:46.836256Z  INFO scan_sources: tailwindcss_oxide::scanner: Discovering "C:\\xampp\\htdocs\\tutorial2\\app\\schemas"
2026-01-08T06:17:46.836618Z  INFO scan_sources: tailwindcss_oxide::scanner: Discovering "C:\\xampp\\htdocs\\tutorial2\\app\\scripts"
2026-01-08T06:17:46.836946Z  INFO scan_sources: tailwindcss_oxide::scanner: Discovering "C:\\xampp\\htdocs\\tutorial2\\app\\unauthorized"
2026-01-08T06:17:46.837424Z  INFO scan_sources: tailwindcss_oxide::scanner: Discovering "C:\\xampp\\htdocs\\tutorial2\\components"
2026-01-08T06:17:46.837613Z  INFO scan_sources: tailwindcss_oxide::scanner: Discovering "C:\\xampp\\htdocs\\tutorial2\\components\\admin"
2026-01-08T06:17:46.838038Z  INFO scan_sources: tailwindcss_oxide::scanner: Discovering "C:\\xampp\\htdocs\\tutorial2\\components\\dashboard"
2026-01-08T06:17:46.838478Z  INFO scan_sources: tailwindcss_oxide::scanner: Discovering "C:\\xampp\\htdocs\\tutorial2\\components\\ui"
2026-01-08T06:17:46.838814Z  INFO scan_sources: tailwindcss_oxide::scanner: Discovering "C:\\xampp\\htdocs\\tutorial2\\components\\web"
2026-01-08T06:17:46.839031Z  INFO scan_sources: tailwindcss_oxide::scanner: Discovering "C:\\xampp\\htdocs\\tutorial2\\contexts"
2026-01-08T06:17:46.839179Z  INFO scan_sources: tailwindcss_oxide::scanner: Discovering "C:\\xampp\\htdocs\\tutorial2\\convex"
2026-01-08T06:17:46.839299Z  INFO scan_sources: tailwindcss_oxide::scanner: Discovering "C:\\xampp\\htdocs\\tutorial2\\convex\\_generated"
2026-01-08T06:17:46.839568Z  INFO scan_sources: tailwindcss_oxide::scanner: Discovering "C:\\xampp\\htdocs\\tutorial2\\database"
2026-01-08T06:17:46.840197Z  INFO scan_sources: tailwindcss_oxide::scanner: Discovering "C:\\xampp\\htdocs\\tutorial2\\lib"
2026-01-08T06:17:46.840466Z  INFO scan_sources: tailwindcss_oxide::scanner: Discovering "C:\\xampp\\htdocs\\tutorial2\\middleware.ts"
2026-01-08T06:17:46.840528Z  INFO scan_sources: tailwindcss_oxide::scanner: Discovering "C:\\xampp\\htdocs\\tutorial2\\migrations"
2026-01-08T06:17:46.841001Z  INFO scan_sources: tailwindcss_oxide::scanner: Discovering "C:\\xampp\\htdocs\\tutorial2\\public"
2026-01-08T06:17:46.841188Z  INFO scan_sources: tailwindcss_oxide::scanner: Discovering "C:\\xampp\\htdocs\\tutorial2\\public\\uploads"
2026-01-08T06:17:46.841292Z  INFO scan_sources: tailwindcss_oxide::scanner: Discovering "C:\\xampp\\htdocs\\tutorial2\\public\\uploads\\documents"
2026-01-08T06:17:46.841450Z  INFO scan_sources: tailwindcss_oxide::scanner: Discovering "C:\\xampp\\htdocs\\tutorial2\\public\\uploads\\profile-pictures"
2026-01-08T06:17:46.841885Z  INFO scan_sources: tailwindcss_oxide::scanner: exit
2026-01-08T06:17:46.841894Z  INFO extract_candidates: tailwindcss_oxide::scanner: enter
2026-01-08T06:17:46.841899Z  INFO extract_candidates:read_all_files: tailwindcss_oxide::scanner: enter
2026-01-08T06:17:46.841902Z  INFO extract_candidates:read_all_files: tailwindcss_oxide::scanner: Reading 1 file(s)
2026-01-08T06:17:46.841973Z  INFO extract_candidates:read_all_files: tailwindcss_oxide::scanner: Reading "C:\\xampp\\htdocs\\tutorial2\\middleware.ts"
2026-01-08T06:17:46.841990Z  INFO extract_candidates:read_all_files: tailwindcss_oxide::scanner: exit
2026-01-08T06:17:46.841993Z  INFO extract_candidates:parse_all_blobs: tailwindcss_oxide::scanner: enter
2026-01-08T06:17:46.841997Z  INFO extract_candidates:parse_all_blobs:extract: tailwindcss_oxide::scanner: enter
2026-01-08T06:17:46.842175Z  INFO extract_candidates:parse_all_blobs:extract: tailwindcss_oxide::scanner: exit
2026-01-08T06:17:46.842202Z  INFO extract_candidates:parse_all_blobs: tailwindcss_oxide::scanner: exit
2026-01-08T06:17:46.842247Z  INFO extract_candidates: tailwindcss_oxide::scanner: exit
2026-01-08T06:17:46.843756Z  INFO get_files: tailwindcss_oxide::scanner: enter
2026-01-08T06:17:46.843804Z  INFO get_files:scan_sources: tailwindcss_oxide::scanner: enter
2026-01-08T06:17:46.845946Z  INFO get_files:scan_sources: tailwindcss_oxide::scanner: Discovering "C:\\xampp\\htdocs\\tutorial2\\api"
2026-01-08T06:17:46.846216Z  INFO get_files:scan_sources: tailwindcss_oxide::scanner: Discovering "C:\\xampp\\htdocs\\tutorial2\\api\\auth"
2026-01-08T06:17:46.846705Z  INFO get_files:scan_sources: tailwindcss_oxide::scanner: Discovering "C:\\xampp\\htdocs\\tutorial2\\app"
2026-01-08T06:17:46.846963Z  INFO get_files:scan_sources: tailwindcss_oxide::scanner: Discovering "C:\\xampp\\htdocs\\tutorial2\\app\\(layout)"
2026-01-08T06:17:46.847281Z  INFO get_files:scan_sources: tailwindcss_oxide::scanner: Discovering "C:\\xampp\\htdocs\\tutorial2\\app\\(shared-layout)"
2026-01-08T06:17:46.847677Z  INFO get_files:scan_sources: tailwindcss_oxide::scanner: Discovering "C:\\xampp\\htdocs\\tutorial2\\app\\about"
2026-01-08T06:17:46.847989Z  INFO get_files:scan_sources: tailwindcss_oxide::scanner: Discovering "C:\\xampp\\htdocs\\tutorial2\\app\\about-us"
2026-01-08T06:17:46.848295Z  INFO get_files:scan_sources: tailwindcss_oxide::scanner: Discovering "C:\\xampp\\htdocs\\tutorial2\\app\\admin"
2026-01-08T06:17:46.848549Z  INFO get_files:scan_sources: tailwindcss_oxide::scanner: Discovering "C:\\xampp\\htdocs\\tutorial2\\app\\admin\\content"
2026-01-08T06:17:46.848801Z  INFO get_files:scan_sources: tailwindcss_oxide::scanner: Discovering "C:\\xampp\\htdocs\\tutorial2\\app\\admin\\content\\about"
2026-01-08T06:17:46.849179Z  INFO get_files:scan_sources: tailwindcss_oxide::scanner: Discovering "C:\\xampp\\htdocs\\tutorial2\\app\\admin\\content\\contact"
2026-01-08T06:17:46.849532Z  INFO get_files:scan_sources: tailwindcss_oxide::scanner: Discovering "C:\\xampp\\htdocs\\tutorial2\\app\\admin\\content\\home"
2026-01-08T06:17:46.850019Z  INFO get_files:scan_sources: tailwindcss_oxide::scanner: Discovering "C:\\xampp\\htdocs\\tutorial2\\app\\admin\\dashboard"
2026-01-08T06:17:46.850393Z  INFO get_files:scan_sources: tailwindcss_oxide::scanner: Discovering "C:\\xampp\\htdocs\\tutorial2\\app\\admin\\events"
2026-01-08T06:17:46.850708Z  INFO get_files:scan_sources: tailwindcss_oxide::scanner: Discovering "C:\\xampp\\htdocs\\tutorial2\\app\\admin\\events\\[id]"
2026-01-08T06:17:46.851019Z  INFO get_files:scan_sources: tailwindcss_oxide::scanner: Discovering "C:\\xampp\\htdocs\\tutorial2\\app\\admin\\events\\[id]\\registrations"
2026-01-08T06:17:46.851431Z  INFO get_files:scan_sources: tailwindcss_oxide::scanner: Discovering "C:\\xampp\\htdocs\\tutorial2\\app\\admin\\membership"
2026-01-08T06:17:46.852047Z  INFO get_files:scan_sources: tailwindcss_oxide::scanner: Discovering "C:\\xampp\\htdocs\\tutorial2\\app\\admin\\payments"
2026-01-08T06:17:46.852327Z  INFO get_files:scan_sources: tailwindcss_oxide::scanner: Discovering "C:\\xampp\\htdocs\\tutorial2\\app\\admin\\reports"
2026-01-08T06:17:46.852555Z  INFO get_files:scan_sources: tailwindcss_oxide::scanner: Discovering "C:\\xampp\\htdocs\\tutorial2\\app\\admin\\requests"
2026-01-08T06:17:46.852806Z  INFO get_files:scan_sources: tailwindcss_oxide::scanner: Discovering "C:\\xampp\\htdocs\\tutorial2\\app\\admin\\users"
2026-01-08T06:17:46.853174Z  INFO get_files:scan_sources: tailwindcss_oxide::scanner: Discovering "C:\\xampp\\htdocs\\tutorial2\\app\\admin\\users\\[id]"
2026-01-08T06:17:46.853376Z  INFO get_files:scan_sources: tailwindcss_oxide::scanner: Discovering "C:\\xampp\\htdocs\\tutorial2\\app\\api"
2026-01-08T06:17:46.853575Z  INFO get_files:scan_sources: tailwindcss_oxide::scanner: Discovering "C:\\xampp\\htdocs\\tutorial2\\app\\api\\about-content"
2026-01-08T06:17:46.853751Z  INFO get_files:scan_sources: tailwindcss_oxide::scanner: Discovering "C:\\xampp\\htdocs\\tutorial2\\app\\api\\admin"
2026-01-08T06:17:46.854090Z  INFO get_files:scan_sources: tailwindcss_oxide::scanner: Discovering "C:\\xampp\\htdocs\\tutorial2\\app\\api\\admin\\content"
2026-01-08T06:17:46.854625Z  INFO get_files:scan_sources: tailwindcss_oxide::scanner: Discovering "C:\\xampp\\htdocs\\tutorial2\\app\\api\\admin\\content\\about"
2026-01-08T06:17:46.854993Z  INFO get_files:scan_sources: tailwindcss_oxide::scanner: Discovering "C:\\xampp\\htdocs\\tutorial2\\app\\api\\admin\\content\\about\\[id]"
2026-01-08T06:17:46.855320Z  INFO get_files:scan_sources: tailwindcss_oxide::scanner: Discovering "C:\\xampp\\htdocs\\tutorial2\\app\\api\\admin\\content\\contact"
2026-01-08T06:17:46.855498Z  INFO get_files:scan_sources: tailwindcss_oxide::scanner: Discovering "C:\\xampp\\htdocs\\tutorial2\\app\\api\\admin\\content\\contact\\[id]"
2026-01-08T06:17:46.855712Z  INFO get_files:scan_sources: tailwindcss_oxide::scanner: Discovering "C:\\xampp\\htdocs\\tutorial2\\app\\api\\admin\\content\\footer"
2026-01-08T06:17:46.855991Z  INFO get_files:scan_sources: tailwindcss_oxide::scanner: Discovering "C:\\xampp\\htdocs\\tutorial2\\app\\api\\admin\\content\\home"
2026-01-08T06:17:46.856175Z  INFO get_files:scan_sources: tailwindcss_oxide::scanner: Discovering "C:\\xampp\\htdocs\\tutorial2\\app\\api\\admin\\content\\home\\[id]"
2026-01-08T06:17:46.856320Z  INFO get_files:scan_sources: tailwindcss_oxide::scanner: Discovering "C:\\xampp\\htdocs\\tutorial2\\app\\api\\admin\\content\\media"
2026-01-08T06:17:46.856474Z  INFO get_files:scan_sources: tailwindcss_oxide::scanner: Discovering "C:\\xampp\\htdocs\\tutorial2\\app\\api\\admin\\content\\navigation"
2026-01-08T06:17:46.856655Z  INFO get_files:scan_sources: tailwindcss_oxide::scanner: Discovering "C:\\xampp\\htdocs\\tutorial2\\app\\api\\admin\\content\\pages"
2026-01-08T06:17:46.856815Z  INFO get_files:scan_sources: tailwindcss_oxide::scanner: Discovering "C:\\xampp\\htdocs\\tutorial2\\app\\api\\admin\\content\\pages\\[id]"
2026-01-08T06:17:46.857023Z  INFO get_files:scan_sources: tailwindcss_oxide::scanner: Discovering "C:\\xampp\\htdocs\\tutorial2\\app\\api\\admin\\content\\settings"
2026-01-08T06:17:46.857183Z  INFO get_files:scan_sources: tailwindcss_oxide::scanner: Discovering "C:\\xampp\\htdocs\\tutorial2\\app\\api\\admin\\create-admin"
2026-01-08T06:17:46.857309Z  INFO get_files:scan_sources: tailwindcss_oxide::scanner: Discovering "C:\\xampp\\htdocs\\tutorial2\\app\\api\\admin\\deleted-users"
2026-01-08T06:17:46.857442Z  INFO get_files:scan_sources: tailwindcss_oxide::scanner: Discovering "C:\\xampp\\htdocs\\tutorial2\\app\\api\\admin\\events"
2026-01-08T06:17:46.857592Z  INFO get_files:scan_sources: tailwindcss_oxide::scanner: Discovering "C:\\xampp\\htdocs\\tutorial2\\app\\api\\admin\\events\\[id]"
2026-01-08T06:17:46.857707Z  INFO get_files:scan_sources: tailwindcss_oxide::scanner: Discovering "C:\\xampp\\htdocs\\tutorial2\\app\\api\\admin\\events\\[id]\\registrations"
2026-01-08T06:17:46.857910Z  INFO get_files:scan_sources: tailwindcss_oxide::scanner: Discovering "C:\\xampp\\htdocs\\tutorial2\\app\\api\\admin\\fix-admin"
2026-01-08T06:17:46.858048Z  INFO get_files:scan_sources: tailwindcss_oxide::scanner: Discovering "C:\\xampp\\htdocs\\tutorial2\\app\\api\\admin\\membership"
2026-01-08T06:17:46.858144Z  INFO get_files:scan_sources: tailwindcss_oxide::scanner: Discovering "C:\\xampp\\htdocs\\tutorial2\\app\\api\\admin\\membership\\cycles"
2026-01-08T06:17:46.858283Z  INFO get_files:scan_sources: tailwindcss_oxide::scanner: Discovering "C:\\xampp\\htdocs\\tutorial2\\app\\api\\admin\\membership\\settings"
2026-01-08T06:17:46.858428Z  INFO get_files:scan_sources: tailwindcss_oxide::scanner: Discovering "C:\\xampp\\htdocs\\tutorial2\\app\\api\\admin\\membership\\types"
2026-01-08T06:17:46.858580Z  INFO get_files:scan_sources: tailwindcss_oxide::scanner: Discovering "C:\\xampp\\htdocs\\tutorial2\\app\\api\\admin\\payments"
2026-01-08T06:17:46.858707Z  INFO get_files:scan_sources: tailwindcss_oxide::scanner: Discovering "C:\\xampp\\htdocs\\tutorial2\\app\\api\\admin\\payments\\[id]"
2026-01-08T06:17:46.858857Z  INFO get_files:scan_sources: tailwindcss_oxide::scanner: Discovering "C:\\xampp\\htdocs\\tutorial2\\app\\api\\admin\\payments\\[id]\\refund"
2026-01-08T06:17:46.859124Z  INFO get_files:scan_sources: tailwindcss_oxide::scanner: Discovering "C:\\xampp\\htdocs\\tutorial2\\app\\api\\admin\\report"
2026-01-08T06:17:46.859272Z  INFO get_files:scan_sources: tailwindcss_oxide::scanner: Discovering "C:\\xampp\\htdocs\\tutorial2\\app\\api\\admin\\reports"
2026-01-08T06:17:46.859386Z  INFO get_files:scan_sources: tailwindcss_oxide::scanner: Discovering "C:\\xampp\\htdocs\\tutorial2\\app\\api\\admin\\reports\\generate"
2026-01-08T06:17:46.859582Z  INFO get_files:scan_sources: tailwindcss_oxide::scanner: Discovering "C:\\xampp\\htdocs\\tutorial2\\app\\api\\admin\\reset-admin"
2026-01-08T06:17:46.859731Z  INFO get_files:scan_sources: tailwindcss_oxide::scanner: Discovering "C:\\xampp\\htdocs\\tutorial2\\app\\api\\admin\\users"
2026-01-08T06:17:46.859828Z  INFO get_files:scan_sources: tailwindcss_oxide::scanner: Discovering "C:\\xampp\\htdocs\\tutorial2\\app\\api\\admin\\users\\restore"
2026-01-08T06:17:46.859981Z  INFO get_files:scan_sources: tailwindcss_oxide::scanner: Discovering "C:\\xampp\\htdocs\\tutorial2\\app\\api\\admin\\users\\[id]"
2026-01-08T06:17:46.860087Z  INFO get_files:scan_sources: tailwindcss_oxide::scanner: Discovering "C:\\xampp\\htdocs\\tutorial2\\app\\api\\admin\\users\\[id]\\approve"
2026-01-08T06:17:46.860222Z  INFO get_files:scan_sources: tailwindcss_oxide::scanner: Discovering "C:\\xampp\\htdocs\\tutorial2\\app\\api\\admin\\users\\[id]\\details"
2026-01-08T06:17:46.860350Z  INFO get_files:scan_sources: tailwindcss_oxide::scanner: Discovering "C:\\xampp\\htdocs\\tutorial2\\app\\api\\admin\\users\\[id]\\membership-status"
2026-01-08T06:17:46.860477Z  INFO get_files:scan_sources: tailwindcss_oxide::scanner: Discovering "C:\\xampp\\htdocs\\tutorial2\\app\\api\\admin\\users\\[id]\\password"
2026-01-08T06:17:46.860599Z  INFO get_files:scan_sources: tailwindcss_oxide::scanner: Discovering "C:\\xampp\\htdocs\\tutorial2\\app\\api\\admin\\users\\[id]\\reject"
2026-01-08T06:17:46.860783Z  INFO get_files:scan_sources: tailwindcss_oxide::scanner: Discovering "C:\\xampp\\htdocs\\tutorial2\\app\\api\\auth"
2026-01-08T06:17:46.860879Z  INFO get_files:scan_sources: tailwindcss_oxide::scanner: Discovering "C:\\xampp\\htdocs\\tutorial2\\app\\api\\auth\\login"
2026-01-08T06:17:46.861000Z  INFO get_files:scan_sources: tailwindcss_oxide::scanner: Discovering "C:\\xampp\\htdocs\\tutorial2\\app\\api\\auth\\logout"
2026-01-08T06:17:46.861123Z  INFO get_files:scan_sources: tailwindcss_oxide::scanner: Discovering "C:\\xampp\\htdocs\\tutorial2\\app\\api\\auth\\me"
2026-01-08T06:17:46.861242Z  INFO get_files:scan_sources: tailwindcss_oxide::scanner: Discovering "C:\\xampp\\htdocs\\tutorial2\\app\\api\\auth\\profile"
2026-01-08T06:17:46.861381Z  INFO get_files:scan_sources: tailwindcss_oxide::scanner: Discovering "C:\\xampp\\htdocs\\tutorial2\\app\\api\\auth\\refresh"
2026-01-08T06:17:46.861499Z  INFO get_files:scan_sources: tailwindcss_oxide::scanner: Discovering "C:\\xampp\\htdocs\\tutorial2\\app\\api\\auth\\register"
2026-01-08T06:17:46.861636Z  INFO get_files:scan_sources: tailwindcss_oxide::scanner: Discovering "C:\\xampp\\htdocs\\tutorial2\\app\\api\\contact-content"
2026-01-08T06:17:46.861770Z  INFO get_files:scan_sources: tailwindcss_oxide::scanner: Discovering "C:\\xampp\\htdocs\\tutorial2\\app\\api\\debug"
2026-01-08T06:17:46.861859Z  INFO get_files:scan_sources: tailwindcss_oxide::scanner: Discovering "C:\\xampp\\htdocs\\tutorial2\\app\\api\\debug\\pricing"
2026-01-08T06:17:46.861994Z  INFO get_files:scan_sources: tailwindcss_oxide::scanner: Discovering "C:\\xampp\\htdocs\\tutorial2\\app\\api\\events"
2026-01-08T06:17:46.862103Z  INFO get_files:scan_sources: tailwindcss_oxide::scanner: Discovering "C:\\xampp\\htdocs\\tutorial2\\app\\api\\events\\[id]"
2026-01-08T06:17:46.862194Z  INFO get_files:scan_sources: tailwindcss_oxide::scanner: Discovering "C:\\xampp\\htdocs\\tutorial2\\app\\api\\events\\[id]\\register"
2026-01-08T06:17:46.862346Z  INFO get_files:scan_sources: tailwindcss_oxide::scanner: Discovering "C:\\xampp\\htdocs\\tutorial2\\app\\api\\fix-membership"
2026-01-08T06:17:46.862555Z  INFO get_files:scan_sources: tailwindcss_oxide::scanner: Discovering "C:\\xampp\\htdocs\\tutorial2\\app\\api\\home-content"
2026-01-08T06:17:46.862777Z  INFO get_files:scan_sources: tailwindcss_oxide::scanner: Discovering "C:\\xampp\\htdocs\\tutorial2\\app\\api\\membership"
2026-01-08T06:17:46.862974Z  INFO get_files:scan_sources: tailwindcss_oxide::scanner: Discovering "C:\\xampp\\htdocs\\tutorial2\\app\\api\\membership\\next-number"
2026-01-08T06:17:46.863189Z  INFO get_files:scan_sources: tailwindcss_oxide::scanner: Discovering "C:\\xampp\\htdocs\\tutorial2\\app\\api\\membership\\pay"
2026-01-08T06:17:46.863371Z  INFO get_files:scan_sources: tailwindcss_oxide::scanner: Discovering "C:\\xampp\\htdocs\\tutorial2\\app\\api\\membership\\payment-status"
2026-01-08T06:17:46.863569Z  INFO get_files:scan_sources: tailwindcss_oxide::scanner: Discovering "C:\\xampp\\htdocs\\tutorial2\\app\\api\\membership\\status"
2026-01-08T06:17:46.863857Z  INFO get_files:scan_sources: tailwindcss_oxide::scanner: Discovering "C:\\xampp\\htdocs\\tutorial2\\app\\api\\messages"
2026-01-08T06:17:46.864279Z  INFO get_files:scan_sources: tailwindcss_oxide::scanner: Discovering "C:\\xampp\\htdocs\\tutorial2\\app\\api\\messages\\reply"
2026-01-08T06:17:46.864787Z  INFO get_files:scan_sources: tailwindcss_oxide::scanner: Discovering "C:\\xampp\\htdocs\\tutorial2\\app\\api\\messages\\[id]"
2026-01-08T06:17:46.865300Z  INFO get_files:scan_sources: tailwindcss_oxide::scanner: Discovering "C:\\xampp\\htdocs\\tutorial2\\app\\api\\messages\\[id]\\read"
2026-01-08T06:17:46.866112Z  INFO get_files:scan_sources: tailwindcss_oxide::scanner: Discovering "C:\\xampp\\htdocs\\tutorial2\\app\\api\\payments"
2026-01-08T06:17:46.866381Z  INFO get_files:scan_sources: tailwindcss_oxide::scanner: Discovering "C:\\xampp\\htdocs\\tutorial2\\app\\api\\payments\\activate-test"
2026-01-08T06:17:46.866696Z  INFO get_files:scan_sources: tailwindcss_oxide::scanner: Discovering "C:\\xampp\\htdocs\\tutorial2\\app\\api\\payments\\azampay"
2026-01-08T06:17:46.866917Z  INFO get_files:scan_sources: tailwindcss_oxide::scanner: Discovering "C:\\xampp\\htdocs\\tutorial2\\app\\api\\payments\\azampay\\callback"
2026-01-08T06:17:46.867189Z  INFO get_files:scan_sources: tailwindcss_oxide::scanner: Discovering "C:\\xampp\\htdocs\\tutorial2\\app\\api\\payments\\azampay\\checkout"
2026-01-08T06:17:46.867499Z  INFO get_files:scan_sources: tailwindcss_oxide::scanner: Discovering "C:\\xampp\\htdocs\\tutorial2\\app\\api\\payments\\cleanup"
2026-01-08T06:17:46.867817Z  INFO get_files:scan_sources: tailwindcss_oxide::scanner: Discovering "C:\\xampp\\htdocs\\tutorial2\\app\\api\\payments\\mobile-money"
2026-01-08T06:17:46.868193Z  INFO get_files:scan_sources: tailwindcss_oxide::scanner: Discovering "C:\\xampp\\htdocs\\tutorial2\\app\\api\\reports"
2026-01-08T06:17:46.868469Z  INFO get_files:scan_sources: tailwindcss_oxide::scanner: Discovering "C:\\xampp\\htdocs\\tutorial2\\app\\api\\reports\\generate"
2026-01-08T06:17:46.868828Z  INFO get_files:scan_sources: tailwindcss_oxide::scanner: Discovering "C:\\xampp\\htdocs\\tutorial2\\app\\api\\reports\\send-email"
2026-01-08T06:17:46.869310Z  INFO get_files:scan_sources: tailwindcss_oxide::scanner: Discovering "C:\\xampp\\htdocs\\tutorial2\\app\\api\\send-approval-email"
2026-01-08T06:17:46.869672Z  INFO get_files:scan_sources: tailwindcss_oxide::scanner: Discovering "C:\\xampp\\htdocs\\tutorial2\\app\\api\\settings"
2026-01-08T06:17:46.870046Z  INFO get_files:scan_sources: tailwindcss_oxide::scanner: Discovering "C:\\xampp\\htdocs\\tutorial2\\app\\api\\setup"
2026-01-08T06:17:46.870319Z  INFO get_files:scan_sources: tailwindcss_oxide::scanner: Discovering "C:\\xampp\\htdocs\\tutorial2\\app\\api\\setup\\ensure-admin"
2026-01-08T06:17:46.870909Z  INFO get_files:scan_sources: tailwindcss_oxide::scanner: Discovering "C:\\xampp\\htdocs\\tutorial2\\app\\auth"
2026-01-08T06:17:46.871510Z  INFO get_files:scan_sources: tailwindcss_oxide::scanner: Discovering "C:\\xampp\\htdocs\\tutorial2\\app\\auth\\login"
2026-01-08T06:17:46.872085Z  INFO get_files:scan_sources: tailwindcss_oxide::scanner: Discovering "C:\\xampp\\htdocs\\tutorial2\\app\\auth\\pending-approval"
2026-01-08T06:17:46.872427Z  INFO get_files:scan_sources: tailwindcss_oxide::scanner: Discovering "C:\\xampp\\htdocs\\tutorial2\\app\\auth\\register"
2026-01-08T06:17:46.872749Z  INFO get_files:scan_sources: tailwindcss_oxide::scanner: Discovering "C:\\xampp\\htdocs\\tutorial2\\app\\components"
2026-01-08T06:17:46.873075Z  INFO get_files:scan_sources: tailwindcss_oxide::scanner: Discovering "C:\\xampp\\htdocs\\tutorial2\\app\\contact"
2026-01-08T06:17:46.873361Z  INFO get_files:scan_sources: tailwindcss_oxide::scanner: Discovering "C:\\xampp\\htdocs\\tutorial2\\app\\dashboard"
2026-01-08T06:17:46.873783Z  INFO get_files:scan_sources: tailwindcss_oxide::scanner: Discovering "C:\\xampp\\htdocs\\tutorial2\\app\\dashboard\\complete-profile"
2026-01-08T06:17:46.874168Z  INFO get_files:scan_sources: tailwindcss_oxide::scanner: Discovering "C:\\xampp\\htdocs\\tutorial2\\app\\dashboard\\events"
2026-01-08T06:17:46.874533Z  INFO get_files:scan_sources: tailwindcss_oxide::scanner: Discovering "C:\\xampp\\htdocs\\tutorial2\\app\\dashboard\\membership-card"
2026-01-08T06:17:46.874924Z  INFO get_files:scan_sources: tailwindcss_oxide::scanner: Discovering "C:\\xampp\\htdocs\\tutorial2\\app\\dashboard\\messages"
2026-01-08T06:17:46.875248Z  INFO get_files:scan_sources: tailwindcss_oxide::scanner: Discovering "C:\\xampp\\htdocs\\tutorial2\\app\\dashboard\\payment"
2026-01-08T06:17:46.875494Z  INFO get_files:scan_sources: tailwindcss_oxide::scanner: Discovering "C:\\xampp\\htdocs\\tutorial2\\app\\dashboard\\payment\\success"
2026-01-08T06:17:46.875763Z  INFO get_files:scan_sources: tailwindcss_oxide::scanner: Discovering "C:\\xampp\\htdocs\\tutorial2\\app\\dashboard\\subscribe"
2026-01-08T06:17:46.876037Z  INFO get_files:scan_sources: tailwindcss_oxide::scanner: Discovering "C:\\xampp\\htdocs\\tutorial2\\app\\fix-auth"
2026-01-08T06:17:46.876432Z  INFO get_files:scan_sources: tailwindcss_oxide::scanner: Discovering "C:\\xampp\\htdocs\\tutorial2\\app\\schemas"
2026-01-08T06:17:46.876674Z  INFO get_files:scan_sources: tailwindcss_oxide::scanner: Discovering "C:\\xampp\\htdocs\\tutorial2\\app\\scripts"
2026-01-08T06:17:46.876915Z  INFO get_files:scan_sources: tailwindcss_oxide::scanner: Discovering "C:\\xampp\\htdocs\\tutorial2\\app\\unauthorized"
2026-01-08T06:17:46.877195Z  INFO get_files:scan_sources: tailwindcss_oxide::scanner: Discovering "C:\\xampp\\htdocs\\tutorial2\\components"
2026-01-08T06:17:46.877402Z  INFO get_files:scan_sources: tailwindcss_oxide::scanner: Discovering "C:\\xampp\\htdocs\\tutorial2\\components\\admin"
2026-01-08T06:17:46.877723Z  INFO get_files:scan_sources: tailwindcss_oxide::scanner: Discovering "C:\\xampp\\htdocs\\tutorial2\\components\\dashboard"
2026-01-08T06:17:46.878120Z  INFO get_files:scan_sources: tailwindcss_oxide::scanner: Discovering "C:\\xampp\\htdocs\\tutorial2\\components\\ui"
2026-01-08T06:17:46.878686Z  INFO get_files:scan_sources: tailwindcss_oxide::scanner: Discovering "C:\\xampp\\htdocs\\tutorial2\\components\\web"
2026-01-08T06:17:46.879074Z  INFO get_files:scan_sources: tailwindcss_oxide::scanner: Discovering "C:\\xampp\\htdocs\\tutorial2\\contexts"
2026-01-08T06:17:46.879381Z  INFO get_files:scan_sources: tailwindcss_oxide::scanner: Discovering "C:\\xampp\\htdocs\\tutorial2\\convex"
2026-01-08T06:17:46.879588Z  INFO get_files:scan_sources: tailwindcss_oxide::scanner: Discovering "C:\\xampp\\htdocs\\tutorial2\\convex\\_generated"
2026-01-08T06:17:46.880042Z  INFO get_files:scan_sources: tailwindcss_oxide::scanner: Discovering "C:\\xampp\\htdocs\\tutorial2\\database"
2026-01-08T06:17:46.881187Z  INFO get_files:scan_sources: tailwindcss_oxide::scanner: Discovering "C:\\xampp\\htdocs\\tutorial2\\lib"
2026-01-08T06:17:46.881785Z  INFO get_files:scan_sources: tailwindcss_oxide::scanner: Discovering "C:\\xampp\\htdocs\\tutorial2\\migrations"
2026-01-08T06:17:46.882546Z  INFO get_files:scan_sources: tailwindcss_oxide::scanner: Discovering "C:\\xampp\\htdocs\\tutorial2\\public"
2026-01-08T06:17:46.882881Z  INFO get_files:scan_sources: tailwindcss_oxide::scanner: Discovering "C:\\xampp\\htdocs\\tutorial2\\public\\uploads"
2026-01-08T06:17:46.883078Z  INFO get_files:scan_sources: tailwindcss_oxide::scanner: Discovering "C:\\xampp\\htdocs\\tutorial2\\public\\uploads\\documents"
2026-01-08T06:17:46.883316Z  INFO get_files:scan_sources: tailwindcss_oxide::scanner: Discovering "C:\\xampp\\htdocs\\tutorial2\\public\\uploads\\profile-pictures"
2026-01-08T06:17:46.884130Z  INFO get_files:scan_sources: tailwindcss_oxide::scanner: exit
2026-01-08T06:17:46.884303Z  INFO get_files: tailwindcss_oxide::scanner: exit
2026-01-08T06:17:46.884910Z  INFO get_globs: tailwindcss_oxide::scanner: enter
2026-01-08T06:17:46.884942Z  INFO get_globs: tailwindcss_oxide::scanner: exit
