2026-01-08T06:13:29.815779Z  INFO tailwindcss_oxide::scanner: Provided sources:
2026-01-08T06:13:29.816518Z  INFO tailwindcss_oxide::scanner: Source: PublicSourceEntry { base: "C:\\xampp\\htdocs\\tutorial2", pattern: "**/*", negated: false }
2026-01-08T06:13:29.818883Z  INFO tailwindcss_oxide::scanner: Optimized sources:
2026-01-08T06:13:29.818980Z  INFO tailwindcss_oxide::scanner: Source: Auto { base: "C:\\xampp\\htdocs\\tutorial2" }
2026-01-08T06:13:29.826928Z  INFO scan_sources: tailwindcss_oxide::scanner: enter
2026-01-08T06:13:29.830269Z  INFO scan_sources: tailwindcss_oxide::scanner: Discovering "C:\\xampp\\htdocs\\tutorial2\\ADMIN_MODULES_IMPLEMENTATION.md"
2026-01-08T06:13:29.830720Z  INFO scan_sources: tailwindcss_oxide::scanner: Discovering "C:\\xampp\\htdocs\\tutorial2\\api"
2026-01-08T06:13:29.831021Z  INFO scan_sources: tailwindcss_oxide::scanner: Discovering "C:\\xampp\\htdocs\\tutorial2\\api\\auth"
2026-01-08T06:13:29.831258Z  INFO scan_sources: tailwindcss_oxide::scanner: Discovering "C:\\xampp\\htdocs\\tutorial2\\api\\auth\\login.php"
2026-01-08T06:13:29.831366Z  INFO scan_sources: tailwindcss_oxide::scanner: Discovering "C:\\xampp\\htdocs\\tutorial2\\api\\auth\\logout.php"
2026-01-08T06:13:29.831471Z  INFO scan_sources: tailwindcss_oxide::scanner: Discovering "C:\\xampp\\htdocs\\tutorial2\\api\\auth\\me.php"
2026-01-08T06:13:29.831566Z  INFO scan_sources: tailwindcss_oxide::scanner: Discovering "C:\\xampp\\htdocs\\tutorial2\\api\\auth\\register.php"
2026-01-08T06:13:29.831810Z  INFO scan_sources: tailwindcss_oxide::scanner: Discovering "C:\\xampp\\htdocs\\tutorial2\\app"
2026-01-08T06:13:29.832079Z  INFO scan_sources: tailwindcss_oxide::scanner: Discovering "C:\\xampp\\htdocs\\tutorial2\\app\\(layout)"
2026-01-08T06:13:29.832304Z  INFO scan_sources: tailwindcss_oxide::scanner: Discovering "C:\\xampp\\htdocs\\tutorial2\\app\\(layout)\\layout.tsx"
2026-01-08T06:13:29.832492Z  INFO scan_sources: tailwindcss_oxide::scanner: Discovering "C:\\xampp\\htdocs\\tutorial2\\app\\(shared-layout)"
2026-01-08T06:13:29.832683Z  INFO scan_sources: tailwindcss_oxide::scanner: Discovering "C:\\xampp\\htdocs\\tutorial2\\app\\(shared-layout)\\layout.tsx"
2026-01-08T06:13:29.832785Z  INFO scan_sources: tailwindcss_oxide::scanner: Discovering "C:\\xampp\\htdocs\\tutorial2\\app\\(shared-layout)\\page.tsx"
2026-01-08T06:13:29.832969Z  INFO scan_sources: tailwindcss_oxide::scanner: Discovering "C:\\xampp\\htdocs\\tutorial2\\app\\about"
2026-01-08T06:13:29.833149Z  INFO scan_sources: tailwindcss_oxide::scanner: Discovering "C:\\xampp\\htdocs\\tutorial2\\app\\about\\page.tsx"
2026-01-08T06:13:29.833328Z  INFO scan_sources: tailwindcss_oxide::scanner: Discovering "C:\\xampp\\htdocs\\tutorial2\\app\\about-us"
2026-01-08T06:13:29.833502Z  INFO scan_sources: tailwindcss_oxide::scanner: Discovering "C:\\xampp\\htdocs\\tutorial2\\app\\about-us\\page.tsx"
2026-01-08T06:13:29.833672Z  INFO scan_sources: tailwindcss_oxide::scanner: Discovering "C:\\xampp\\htdocs\\tutorial2\\app\\admin"
2026-01-08T06:13:29.833917Z  INFO scan_sources: tailwindcss_oxide::scanner: Discovering "C:\\xampp\\htdocs\\tutorial2\\app\\admin\\content"
2026-01-08T06:13:29.834205Z  INFO scan_sources: tailwindcss_oxide::scanner: Discovering "C:\\xampp\\htdocs\\tutorial2\\app\\admin\\content\\about"
2026-01-08T06:13:29.834437Z  INFO scan_sources: tailwindcss_oxide::scanner: Discovering "C:\\xampp\\htdocs\\tutorial2\\app\\admin\\content\\about\\page.tsx"
2026-01-08T06:13:29.834651Z  INFO scan_sources: tailwindcss_oxide::scanner: Discovering "C:\\xampp\\htdocs\\tutorial2\\app\\admin\\content\\contact"
2026-01-08T06:13:29.834928Z  INFO scan_sources: tailwindcss_oxide::scanner: Discovering "C:\\xampp\\htdocs\\tutorial2\\app\\admin\\content\\contact\\page.tsx"
2026-01-08T06:13:29.835250Z  INFO scan_sources: tailwindcss_oxide::scanner: Discovering "C:\\xampp\\htdocs\\tutorial2\\app\\admin\\content\\home"
2026-01-08T06:13:29.835514Z  INFO scan_sources: tailwindcss_oxide::scanner: Discovering "C:\\xampp\\htdocs\\tutorial2\\app\\admin\\content\\home\\page.tsx"
2026-01-08T06:13:29.835672Z  INFO scan_sources: tailwindcss_oxide::scanner: Discovering "C:\\xampp\\htdocs\\tutorial2\\app\\admin\\content\\page.tsx"
2026-01-08T06:13:29.836170Z  INFO scan_sources: tailwindcss_oxide::scanner: Discovering "C:\\xampp\\htdocs\\tutorial2\\app\\admin\\dashboard"
2026-01-08T06:13:29.836395Z  INFO scan_sources: tailwindcss_oxide::scanner: Discovering "C:\\xampp\\htdocs\\tutorial2\\app\\admin\\dashboard\\page.tsx"
2026-01-08T06:13:29.836583Z  INFO scan_sources: tailwindcss_oxide::scanner: Discovering "C:\\xampp\\htdocs\\tutorial2\\app\\admin\\events"
2026-01-08T06:13:29.836763Z  INFO scan_sources: tailwindcss_oxide::scanner: Discovering "C:\\xampp\\htdocs\\tutorial2\\app\\admin\\events\\page.tsx"
2026-01-08T06:13:29.836915Z  INFO scan_sources: tailwindcss_oxide::scanner: Discovering "C:\\xampp\\htdocs\\tutorial2\\app\\admin\\events\\[id]"
2026-01-08T06:13:29.837100Z  INFO scan_sources: tailwindcss_oxide::scanner: Discovering "C:\\xampp\\htdocs\\tutorial2\\app\\admin\\events\\[id]\\page.tsx"
2026-01-08T06:13:29.837248Z  INFO scan_sources: tailwindcss_oxide::scanner: Discovering "C:\\xampp\\htdocs\\tutorial2\\app\\admin\\events\\[id]\\registrations"
2026-01-08T06:13:29.838332Z  INFO scan_sources: tailwindcss_oxide::scanner: Discovering "C:\\xampp\\htdocs\\tutorial2\\app\\admin\\events\\[id]\\registrations\\page.tsx"
2026-01-08T06:13:29.838673Z  INFO scan_sources: tailwindcss_oxide::scanner: Discovering "C:\\xampp\\htdocs\\tutorial2\\app\\admin\\layout.tsx"
2026-01-08T06:13:29.838858Z  INFO scan_sources: tailwindcss_oxide::scanner: Discovering "C:\\xampp\\htdocs\\tutorial2\\app\\admin\\membership"
2026-01-08T06:13:29.839088Z  INFO scan_sources: tailwindcss_oxide::scanner: Discovering "C:\\xampp\\htdocs\\tutorial2\\app\\admin\\membership\\page.tsx"
2026-01-08T06:13:29.839260Z  INFO scan_sources: tailwindcss_oxide::scanner: Discovering "C:\\xampp\\htdocs\\tutorial2\\app\\admin\\page.old.tsx"
2026-01-08T06:13:29.839362Z  INFO scan_sources: tailwindcss_oxide::scanner: Discovering "C:\\xampp\\htdocs\\tutorial2\\app\\admin\\page.tsx"
2026-01-08T06:13:29.839470Z  INFO scan_sources: tailwindcss_oxide::scanner: Discovering "C:\\xampp\\htdocs\\tutorial2\\app\\admin\\page.tsx.backup"
2026-01-08T06:13:29.839576Z  INFO scan_sources: tailwindcss_oxide::scanner: Discovering "C:\\xampp\\htdocs\\tutorial2\\app\\admin\\page.tsx.new"
2026-01-08T06:13:29.839759Z  INFO scan_sources: tailwindcss_oxide::scanner: Discovering "C:\\xampp\\htdocs\\tutorial2\\app\\admin\\payments"
2026-01-08T06:13:29.839977Z  INFO scan_sources: tailwindcss_oxide::scanner: Discovering "C:\\xampp\\htdocs\\tutorial2\\app\\admin\\payments\\page.tsx"
2026-01-08T06:13:29.840164Z  INFO scan_sources: tailwindcss_oxide::scanner: Discovering "C:\\xampp\\htdocs\\tutorial2\\app\\admin\\reports"
2026-01-08T06:13:29.840352Z  INFO scan_sources: tailwindcss_oxide::scanner: Discovering "C:\\xampp\\htdocs\\tutorial2\\app\\admin\\reports\\page.tsx"
2026-01-08T06:13:29.840538Z  INFO scan_sources: tailwindcss_oxide::scanner: Discovering "C:\\xampp\\htdocs\\tutorial2\\app\\admin\\requests"
2026-01-08T06:13:29.840747Z  INFO scan_sources: tailwindcss_oxide::scanner: Discovering "C:\\xampp\\htdocs\\tutorial2\\app\\admin\\requests\\page.tsx"
2026-01-08T06:13:29.840989Z  INFO scan_sources: tailwindcss_oxide::scanner: Discovering "C:\\xampp\\htdocs\\tutorial2\\app\\admin\\users"
2026-01-08T06:13:29.841187Z  INFO scan_sources: tailwindcss_oxide::scanner: Discovering "C:\\xampp\\htdocs\\tutorial2\\app\\admin\\users\\page.tsx"
2026-01-08T06:13:29.841371Z  INFO scan_sources: tailwindcss_oxide::scanner: Discovering "C:\\xampp\\htdocs\\tutorial2\\app\\admin\\users\\[id]"
2026-01-08T06:13:29.841567Z  INFO scan_sources: tailwindcss_oxide::scanner: Discovering "C:\\xampp\\htdocs\\tutorial2\\app\\admin\\users\\[id]\\page.tsx"
2026-01-08T06:13:29.841804Z  INFO scan_sources: tailwindcss_oxide::scanner: Discovering "C:\\xampp\\htdocs\\tutorial2\\app\\api"
2026-01-08T06:13:29.842050Z  INFO scan_sources: tailwindcss_oxide::scanner: Discovering "C:\\xampp\\htdocs\\tutorial2\\app\\api\\about-content"
2026-01-08T06:13:29.842240Z  INFO scan_sources: tailwindcss_oxide::scanner: Discovering "C:\\xampp\\htdocs\\tutorial2\\app\\api\\about-content\\route.ts"
2026-01-08T06:13:29.842492Z  INFO scan_sources: tailwindcss_oxide::scanner: Discovering "C:\\xampp\\htdocs\\tutorial2\\app\\api\\admin"
2026-01-08T06:13:29.842762Z  INFO scan_sources: tailwindcss_oxide::scanner: Discovering "C:\\xampp\\htdocs\\tutorial2\\app\\api\\admin\\content"
2026-01-08T06:13:29.842999Z  INFO scan_sources: tailwindcss_oxide::scanner: Discovering "C:\\xampp\\htdocs\\tutorial2\\app\\api\\admin\\content\\about"
2026-01-08T06:13:29.843188Z  INFO scan_sources: tailwindcss_oxide::scanner: Discovering "C:\\xampp\\htdocs\\tutorial2\\app\\api\\admin\\content\\about\\route.ts"
2026-01-08T06:13:29.843380Z  INFO scan_sources: tailwindcss_oxide::scanner: Discovering "C:\\xampp\\htdocs\\tutorial2\\app\\api\\admin\\content\\about\\[id]"
2026-01-08T06:13:29.843569Z  INFO scan_sources: tailwindcss_oxide::scanner: Discovering "C:\\xampp\\htdocs\\tutorial2\\app\\api\\admin\\content\\about\\[id]\\route.ts"
2026-01-08T06:13:29.843770Z  INFO scan_sources: tailwindcss_oxide::scanner: Discovering "C:\\xampp\\htdocs\\tutorial2\\app\\api\\admin\\content\\contact"
2026-01-08T06:13:29.843950Z  INFO scan_sources: tailwindcss_oxide::scanner: Discovering "C:\\xampp\\htdocs\\tutorial2\\app\\api\\admin\\content\\contact\\route.ts"
2026-01-08T06:13:29.844106Z  INFO scan_sources: tailwindcss_oxide::scanner: Discovering "C:\\xampp\\htdocs\\tutorial2\\app\\api\\admin\\content\\contact\\[id]"
2026-01-08T06:13:29.844303Z  INFO scan_sources: tailwindcss_oxide::scanner: Discovering "C:\\xampp\\htdocs\\tutorial2\\app\\api\\admin\\content\\contact\\[id]\\route.ts"
2026-01-08T06:13:29.844531Z  INFO scan_sources: tailwindcss_oxide::scanner: Discovering "C:\\xampp\\htdocs\\tutorial2\\app\\api\\admin\\content\\footer"
2026-01-08T06:13:29.844730Z  INFO scan_sources: tailwindcss_oxide::scanner: Discovering "C:\\xampp\\htdocs\\tutorial2\\app\\api\\admin\\content\\footer\\route.ts"
2026-01-08T06:13:29.844906Z  INFO scan_sources: tailwindcss_oxide::scanner: Discovering "C:\\xampp\\htdocs\\tutorial2\\app\\api\\admin\\content\\home"
2026-01-08T06:13:29.845100Z  INFO scan_sources: tailwindcss_oxide::scanner: Discovering "C:\\xampp\\htdocs\\tutorial2\\app\\api\\admin\\content\\home\\route.ts"
2026-01-08T06:13:29.845272Z  INFO scan_sources: tailwindcss_oxide::scanner: Discovering "C:\\xampp\\htdocs\\tutorial2\\app\\api\\admin\\content\\home\\[id]"
2026-01-08T06:13:29.845460Z  INFO scan_sources: tailwindcss_oxide::scanner: Discovering "C:\\xampp\\htdocs\\tutorial2\\app\\api\\admin\\content\\home\\[id]\\route.ts"
2026-01-08T06:13:29.845663Z  INFO scan_sources: tailwindcss_oxide::scanner: Discovering "C:\\xampp\\htdocs\\tutorial2\\app\\api\\admin\\content\\media"
2026-01-08T06:13:29.845870Z  INFO scan_sources: tailwindcss_oxide::scanner: Discovering "C:\\xampp\\htdocs\\tutorial2\\app\\api\\admin\\content\\media\\route.ts"
2026-01-08T06:13:29.846062Z  INFO scan_sources: tailwindcss_oxide::scanner: Discovering "C:\\xampp\\htdocs\\tutorial2\\app\\api\\admin\\content\\navigation"
2026-01-08T06:13:29.846252Z  INFO scan_sources: tailwindcss_oxide::scanner: Discovering "C:\\xampp\\htdocs\\tutorial2\\app\\api\\admin\\content\\navigation\\route.ts"
2026-01-08T06:13:29.846417Z  INFO scan_sources: tailwindcss_oxide::scanner: Discovering "C:\\xampp\\htdocs\\tutorial2\\app\\api\\admin\\content\\pages"
2026-01-08T06:13:29.846595Z  INFO scan_sources: tailwindcss_oxide::scanner: Discovering "C:\\xampp\\htdocs\\tutorial2\\app\\api\\admin\\content\\pages\\route.ts"
2026-01-08T06:13:29.846737Z  INFO scan_sources: tailwindcss_oxide::scanner: Discovering "C:\\xampp\\htdocs\\tutorial2\\app\\api\\admin\\content\\pages\\[id]"
2026-01-08T06:13:29.846917Z  INFO scan_sources: tailwindcss_oxide::scanner: Discovering "C:\\xampp\\htdocs\\tutorial2\\app\\api\\admin\\content\\pages\\[id]\\route.ts"
2026-01-08T06:13:29.847186Z  INFO scan_sources: tailwindcss_oxide::scanner: Discovering "C:\\xampp\\htdocs\\tutorial2\\app\\api\\admin\\content\\settings"
2026-01-08T06:13:29.847425Z  INFO scan_sources: tailwindcss_oxide::scanner: Discovering "C:\\xampp\\htdocs\\tutorial2\\app\\api\\admin\\content\\settings\\route.ts"
2026-01-08T06:13:29.847627Z  INFO scan_sources: tailwindcss_oxide::scanner: Discovering "C:\\xampp\\htdocs\\tutorial2\\app\\api\\admin\\create-admin"
2026-01-08T06:13:29.847802Z  INFO scan_sources: tailwindcss_oxide::scanner: Discovering "C:\\xampp\\htdocs\\tutorial2\\app\\api\\admin\\create-admin\\route.ts"
2026-01-08T06:13:29.847973Z  INFO scan_sources: tailwindcss_oxide::scanner: Discovering "C:\\xampp\\htdocs\\tutorial2\\app\\api\\admin\\deleted-users"
2026-01-08T06:13:29.848154Z  INFO scan_sources: tailwindcss_oxide::scanner: Discovering "C:\\xampp\\htdocs\\tutorial2\\app\\api\\admin\\deleted-users\\route.ts"
2026-01-08T06:13:29.848326Z  INFO scan_sources: tailwindcss_oxide::scanner: Discovering "C:\\xampp\\htdocs\\tutorial2\\app\\api\\admin\\events"
2026-01-08T06:13:29.848504Z  INFO scan_sources: tailwindcss_oxide::scanner: Discovering "C:\\xampp\\htdocs\\tutorial2\\app\\api\\admin\\events\\route.ts"
2026-01-08T06:13:29.848591Z  INFO scan_sources: tailwindcss_oxide::scanner: Discovering "C:\\xampp\\htdocs\\tutorial2\\app\\api\\admin\\events\\route_original.ts"
2026-01-08T06:13:29.848739Z  INFO scan_sources: tailwindcss_oxide::scanner: Discovering "C:\\xampp\\htdocs\\tutorial2\\app\\api\\admin\\events\\[id]"
2026-01-08T06:13:29.848976Z  INFO scan_sources: tailwindcss_oxide::scanner: Discovering "C:\\xampp\\htdocs\\tutorial2\\app\\api\\admin\\events\\[id]\\registrations"
2026-01-08T06:13:29.849164Z  INFO scan_sources: tailwindcss_oxide::scanner: Discovering "C:\\xampp\\htdocs\\tutorial2\\app\\api\\admin\\events\\[id]\\registrations\\route.ts"
2026-01-08T06:13:29.849377Z  INFO scan_sources: tailwindcss_oxide::scanner: Discovering "C:\\xampp\\htdocs\\tutorial2\\app\\api\\admin\\events\\[id]\\route.ts"
2026-01-08T06:13:29.849475Z  INFO scan_sources: tailwindcss_oxide::scanner: Discovering "C:\\xampp\\htdocs\\tutorial2\\app\\api\\admin\\events\\[id]\\route_original.ts"
2026-01-08T06:13:29.849596Z  INFO scan_sources: tailwindcss_oxide::scanner: Discovering "C:\\xampp\\htdocs\\tutorial2\\app\\api\\admin\\fix-admin"
2026-01-08T06:13:29.849688Z  INFO scan_sources: tailwindcss_oxide::scanner: Discovering "C:\\xampp\\htdocs\\tutorial2\\app\\api\\admin\\fix-admin\\route.ts"
2026-01-08T06:13:29.849761Z  INFO scan_sources: tailwindcss_oxide::scanner: Discovering "C:\\xampp\\htdocs\\tutorial2\\app\\api\\admin\\membership"
2026-01-08T06:13:29.849861Z  INFO scan_sources: tailwindcss_oxide::scanner: Discovering "C:\\xampp\\htdocs\\tutorial2\\app\\api\\admin\\membership\\cycles"
2026-01-08T06:13:29.849944Z  INFO scan_sources: tailwindcss_oxide::scanner: Discovering "C:\\xampp\\htdocs\\tutorial2\\app\\api\\admin\\membership\\cycles\\route.ts"
2026-01-08T06:13:29.850020Z  INFO scan_sources: tailwindcss_oxide::scanner: Discovering "C:\\xampp\\htdocs\\tutorial2\\app\\api\\admin\\membership\\settings"
2026-01-08T06:13:29.850094Z  INFO scan_sources: tailwindcss_oxide::scanner: Discovering "C:\\xampp\\htdocs\\tutorial2\\app\\api\\admin\\membership\\settings\\route.ts"
2026-01-08T06:13:29.850184Z  INFO scan_sources: tailwindcss_oxide::scanner: Discovering "C:\\xampp\\htdocs\\tutorial2\\app\\api\\admin\\membership\\types"
2026-01-08T06:13:29.850270Z  INFO scan_sources: tailwindcss_oxide::scanner: Discovering "C:\\xampp\\htdocs\\tutorial2\\app\\api\\admin\\membership\\types\\route.ts"
2026-01-08T06:13:29.850356Z  INFO scan_sources: tailwindcss_oxide::scanner: Discovering "C:\\xampp\\htdocs\\tutorial2\\app\\api\\admin\\payments"
2026-01-08T06:13:29.850433Z  INFO scan_sources: tailwindcss_oxide::scanner: Discovering "C:\\xampp\\htdocs\\tutorial2\\app\\api\\admin\\payments\\route.ts"
2026-01-08T06:13:29.850490Z  INFO scan_sources: tailwindcss_oxide::scanner: Discovering "C:\\xampp\\htdocs\\tutorial2\\app\\api\\admin\\payments\\[id]"
2026-01-08T06:13:29.850614Z  INFO scan_sources: tailwindcss_oxide::scanner: Discovering "C:\\xampp\\htdocs\\tutorial2\\app\\api\\admin\\payments\\[id]\\refund"
2026-01-08T06:13:29.850779Z  INFO scan_sources: tailwindcss_oxide::scanner: Discovering "C:\\xampp\\htdocs\\tutorial2\\app\\api\\admin\\payments\\[id]\\refund\\route.ts"
2026-01-08T06:13:29.851243Z  INFO scan_sources: tailwindcss_oxide::scanner: Discovering "C:\\xampp\\htdocs\\tutorial2\\app\\api\\admin\\payments\\[id]\\route.ts"
2026-01-08T06:13:29.851675Z  INFO scan_sources: tailwindcss_oxide::scanner: Discovering "C:\\xampp\\htdocs\\tutorial2\\app\\api\\admin\\report"
2026-01-08T06:13:29.852102Z  INFO scan_sources: tailwindcss_oxide::scanner: Discovering "C:\\xampp\\htdocs\\tutorial2\\app\\api\\admin\\report\\route.ts"
2026-01-08T06:13:29.852356Z  INFO scan_sources: tailwindcss_oxide::scanner: Discovering "C:\\xampp\\htdocs\\tutorial2\\app\\api\\admin\\reports"
2026-01-08T06:13:29.852717Z  INFO scan_sources: tailwindcss_oxide::scanner: Discovering "C:\\xampp\\htdocs\\tutorial2\\app\\api\\admin\\reports\\generate"
2026-01-08T06:13:29.852925Z  INFO scan_sources: tailwindcss_oxide::scanner: Discovering "C:\\xampp\\htdocs\\tutorial2\\app\\api\\admin\\reports\\generate\\route.ts"
2026-01-08T06:13:29.853055Z  INFO scan_sources: tailwindcss_oxide::scanner: Discovering "C:\\xampp\\htdocs\\tutorial2\\app\\api\\admin\\reports\\route.ts"
2026-01-08T06:13:29.853386Z  INFO scan_sources: tailwindcss_oxide::scanner: Discovering "C:\\xampp\\htdocs\\tutorial2\\app\\api\\admin\\reset-admin"
2026-01-08T06:13:29.853635Z  INFO scan_sources: tailwindcss_oxide::scanner: Discovering "C:\\xampp\\htdocs\\tutorial2\\app\\api\\admin\\reset-admin\\route.ts"
2026-01-08T06:13:29.853971Z  INFO scan_sources: tailwindcss_oxide::scanner: Discovering "C:\\xampp\\htdocs\\tutorial2\\app\\api\\admin\\users"
2026-01-08T06:13:29.854368Z  INFO scan_sources: tailwindcss_oxide::scanner: Discovering "C:\\xampp\\htdocs\\tutorial2\\app\\api\\admin\\users\\restore"
2026-01-08T06:13:29.854547Z  INFO scan_sources: tailwindcss_oxide::scanner: Discovering "C:\\xampp\\htdocs\\tutorial2\\app\\api\\admin\\users\\restore\\route.ts"
2026-01-08T06:13:29.854771Z  INFO scan_sources: tailwindcss_oxide::scanner: Discovering "C:\\xampp\\htdocs\\tutorial2\\app\\api\\admin\\users\\route.ts"
2026-01-08T06:13:29.855011Z  INFO scan_sources: tailwindcss_oxide::scanner: Discovering "C:\\xampp\\htdocs\\tutorial2\\app\\api\\admin\\users\\[id]"
2026-01-08T06:13:29.855224Z  INFO scan_sources: tailwindcss_oxide::scanner: Discovering "C:\\xampp\\htdocs\\tutorial2\\app\\api\\admin\\users\\[id]\\approve"
2026-01-08T06:13:29.855385Z  INFO scan_sources: tailwindcss_oxide::scanner: Discovering "C:\\xampp\\htdocs\\tutorial2\\app\\api\\admin\\users\\[id]\\approve\\route.ts"
2026-01-08T06:13:29.855541Z  INFO scan_sources: tailwindcss_oxide::scanner: Discovering "C:\\xampp\\htdocs\\tutorial2\\app\\api\\admin\\users\\[id]\\details"
2026-01-08T06:13:29.856004Z  INFO scan_sources: tailwindcss_oxide::scanner: Discovering "C:\\xampp\\htdocs\\tutorial2\\app\\api\\admin\\users\\[id]\\details\\route.ts"
2026-01-08T06:13:29.856150Z  INFO scan_sources: tailwindcss_oxide::scanner: Discovering "C:\\xampp\\htdocs\\tutorial2\\app\\api\\admin\\users\\[id]\\membership-status"
2026-01-08T06:13:29.856286Z  INFO scan_sources: tailwindcss_oxide::scanner: Discovering "C:\\xampp\\htdocs\\tutorial2\\app\\api\\admin\\users\\[id]\\membership-status\\route.ts"
2026-01-08T06:13:29.856496Z  INFO scan_sources: tailwindcss_oxide::scanner: Discovering "C:\\xampp\\htdocs\\tutorial2\\app\\api\\admin\\users\\[id]\\password"
2026-01-08T06:13:29.856702Z  INFO scan_sources: tailwindcss_oxide::scanner: Discovering "C:\\xampp\\htdocs\\tutorial2\\app\\api\\admin\\users\\[id]\\password\\route.ts"
2026-01-08T06:13:29.856837Z  INFO scan_sources: tailwindcss_oxide::scanner: Discovering "C:\\xampp\\htdocs\\tutorial2\\app\\api\\admin\\users\\[id]\\reject"
2026-01-08T06:13:29.856991Z  INFO scan_sources: tailwindcss_oxide::scanner: Discovering "C:\\xampp\\htdocs\\tutorial2\\app\\api\\admin\\users\\[id]\\reject\\route.ts"
2026-01-08T06:13:29.857634Z  INFO scan_sources: tailwindcss_oxide::scanner: Discovering "C:\\xampp\\htdocs\\tutorial2\\app\\api\\admin\\users\\[id]\\route.ts"
2026-01-08T06:13:29.858016Z  INFO scan_sources: tailwindcss_oxide::scanner: Discovering "C:\\xampp\\htdocs\\tutorial2\\app\\api\\auth"
2026-01-08T06:13:29.858807Z  INFO scan_sources: tailwindcss_oxide::scanner: Discovering "C:\\xampp\\htdocs\\tutorial2\\app\\api\\auth\\login"
2026-01-08T06:13:29.859100Z  INFO scan_sources: tailwindcss_oxide::scanner: Discovering "C:\\xampp\\htdocs\\tutorial2\\app\\api\\auth\\login\\route.ts"
2026-01-08T06:13:29.859414Z  INFO scan_sources: tailwindcss_oxide::scanner: Discovering "C:\\xampp\\htdocs\\tutorial2\\app\\api\\auth\\logout"
2026-01-08T06:13:29.859713Z  INFO scan_sources: tailwindcss_oxide::scanner: Discovering "C:\\xampp\\htdocs\\tutorial2\\app\\api\\auth\\logout\\route.ts"
2026-01-08T06:13:29.859921Z  INFO scan_sources: tailwindcss_oxide::scanner: Discovering "C:\\xampp\\htdocs\\tutorial2\\app\\api\\auth\\me"
2026-01-08T06:13:29.860289Z  INFO scan_sources: tailwindcss_oxide::scanner: Discovering "C:\\xampp\\htdocs\\tutorial2\\app\\api\\auth\\me\\route.ts"
2026-01-08T06:13:29.860512Z  INFO scan_sources: tailwindcss_oxide::scanner: Discovering "C:\\xampp\\htdocs\\tutorial2\\app\\api\\auth\\profile"
2026-01-08T06:13:29.860735Z  INFO scan_sources: tailwindcss_oxide::scanner: Discovering "C:\\xampp\\htdocs\\tutorial2\\app\\api\\auth\\profile\\route.ts"
2026-01-08T06:13:29.860832Z  INFO scan_sources: tailwindcss_oxide::scanner: Discovering "C:\\xampp\\htdocs\\tutorial2\\app\\api\\auth\\profile\\route.ts.new"
2026-01-08T06:13:29.861163Z  INFO scan_sources: tailwindcss_oxide::scanner: Discovering "C:\\xampp\\htdocs\\tutorial2\\app\\api\\auth\\refresh"
2026-01-08T06:13:29.861523Z  INFO scan_sources: tailwindcss_oxide::scanner: Discovering "C:\\xampp\\htdocs\\tutorial2\\app\\api\\auth\\refresh\\route.ts"
2026-01-08T06:13:29.861732Z  INFO scan_sources: tailwindcss_oxide::scanner: Discovering "C:\\xampp\\htdocs\\tutorial2\\app\\api\\auth\\register"
2026-01-08T06:13:29.862632Z  INFO scan_sources: tailwindcss_oxide::scanner: Discovering "C:\\xampp\\htdocs\\tutorial2\\app\\api\\auth\\register\\route.ts"
2026-01-08T06:13:29.862854Z  INFO scan_sources: tailwindcss_oxide::scanner: Discovering "C:\\xampp\\htdocs\\tutorial2\\app\\api\\contact-content"
2026-01-08T06:13:29.863012Z  INFO scan_sources: tailwindcss_oxide::scanner: Discovering "C:\\xampp\\htdocs\\tutorial2\\app\\api\\contact-content\\route.ts"
2026-01-08T06:13:29.863298Z  INFO scan_sources: tailwindcss_oxide::scanner: Discovering "C:\\xampp\\htdocs\\tutorial2\\app\\api\\debug"
2026-01-08T06:13:29.863487Z  INFO scan_sources: tailwindcss_oxide::scanner: Discovering "C:\\xampp\\htdocs\\tutorial2\\app\\api\\debug\\pricing"
2026-01-08T06:13:29.863627Z  INFO scan_sources: tailwindcss_oxide::scanner: Discovering "C:\\xampp\\htdocs\\tutorial2\\app\\api\\debug\\pricing\\route.ts"
2026-01-08T06:13:29.863778Z  INFO scan_sources: tailwindcss_oxide::scanner: Discovering "C:\\xampp\\htdocs\\tutorial2\\app\\api\\events"
2026-01-08T06:13:29.863918Z  INFO scan_sources: tailwindcss_oxide::scanner: Discovering "C:\\xampp\\htdocs\\tutorial2\\app\\api\\events\\route.ts"
2026-01-08T06:13:29.864024Z  INFO scan_sources: tailwindcss_oxide::scanner: Discovering "C:\\xampp\\htdocs\\tutorial2\\app\\api\\events\\[id]"
2026-01-08T06:13:29.864752Z  INFO scan_sources: tailwindcss_oxide::scanner: Discovering "C:\\xampp\\htdocs\\tutorial2\\app\\api\\events\\[id]\\register"
2026-01-08T06:13:29.864991Z  INFO scan_sources: tailwindcss_oxide::scanner: Discovering "C:\\xampp\\htdocs\\tutorial2\\app\\api\\events\\[id]\\register\\route.ts"
2026-01-08T06:13:29.865188Z  INFO scan_sources: tailwindcss_oxide::scanner: Discovering "C:\\xampp\\htdocs\\tutorial2\\app\\api\\fix-membership"
2026-01-08T06:13:29.865475Z  INFO scan_sources: tailwindcss_oxide::scanner: Discovering "C:\\xampp\\htdocs\\tutorial2\\app\\api\\fix-membership\\route.ts"
2026-01-08T06:13:29.865724Z  INFO scan_sources: tailwindcss_oxide::scanner: Discovering "C:\\xampp\\htdocs\\tutorial2\\app\\api\\home-content"
2026-01-08T06:13:29.865975Z  INFO scan_sources: tailwindcss_oxide::scanner: Discovering "C:\\xampp\\htdocs\\tutorial2\\app\\api\\home-content\\route.ts"
2026-01-08T06:13:29.866447Z  INFO scan_sources: tailwindcss_oxide::scanner: Discovering "C:\\xampp\\htdocs\\tutorial2\\app\\api\\membership"
2026-01-08T06:13:29.866859Z  INFO scan_sources: tailwindcss_oxide::scanner: Discovering "C:\\xampp\\htdocs\\tutorial2\\app\\api\\membership\\next-number"
2026-01-08T06:13:29.867140Z  INFO scan_sources: tailwindcss_oxide::scanner: Discovering "C:\\xampp\\htdocs\\tutorial2\\app\\api\\membership\\next-number\\route.ts"
2026-01-08T06:13:29.867361Z  INFO scan_sources: tailwindcss_oxide::scanner: Discovering "C:\\xampp\\htdocs\\tutorial2\\app\\api\\membership\\pay"
2026-01-08T06:13:29.867609Z  INFO scan_sources: tailwindcss_oxide::scanner: Discovering "C:\\xampp\\htdocs\\tutorial2\\app\\api\\membership\\pay\\route.ts"
2026-01-08T06:13:29.867858Z  INFO scan_sources: tailwindcss_oxide::scanner: Discovering "C:\\xampp\\htdocs\\tutorial2\\app\\api\\membership\\payment-status"
2026-01-08T06:13:29.868087Z  INFO scan_sources: tailwindcss_oxide::scanner: Discovering "C:\\xampp\\htdocs\\tutorial2\\app\\api\\membership\\payment-status\\route.ts"
2026-01-08T06:13:29.868280Z  INFO scan_sources: tailwindcss_oxide::scanner: Discovering "C:\\xampp\\htdocs\\tutorial2\\app\\api\\membership\\status"
2026-01-08T06:13:29.868480Z  INFO scan_sources: tailwindcss_oxide::scanner: Discovering "C:\\xampp\\htdocs\\tutorial2\\app\\api\\membership\\status\\route.ts"
2026-01-08T06:13:29.868706Z  INFO scan_sources: tailwindcss_oxide::scanner: Discovering "C:\\xampp\\htdocs\\tutorial2\\app\\api\\messages"
2026-01-08T06:13:29.868958Z  INFO scan_sources: tailwindcss_oxide::scanner: Discovering "C:\\xampp\\htdocs\\tutorial2\\app\\api\\messages\\reply"
2026-01-08T06:13:29.869149Z  INFO scan_sources: tailwindcss_oxide::scanner: Discovering "C:\\xampp\\htdocs\\tutorial2\\app\\api\\messages\\reply\\route.ts"
2026-01-08T06:13:29.869271Z  INFO scan_sources: tailwindcss_oxide::scanner: Discovering "C:\\xampp\\htdocs\\tutorial2\\app\\api\\messages\\route.ts"
2026-01-08T06:13:29.869433Z  INFO scan_sources: tailwindcss_oxide::scanner: Discovering "C:\\xampp\\htdocs\\tutorial2\\app\\api\\messages\\[id]"
2026-01-08T06:13:29.869870Z  INFO scan_sources: tailwindcss_oxide::scanner: Discovering "C:\\xampp\\htdocs\\tutorial2\\app\\api\\messages\\[id]\\read"
2026-01-08T06:13:29.870244Z  INFO scan_sources: tailwindcss_oxide::scanner: Discovering "C:\\xampp\\htdocs\\tutorial2\\app\\api\\messages\\[id]\\read\\route.ts"
2026-01-08T06:13:29.870382Z  INFO scan_sources: tailwindcss_oxide::scanner: Discovering "C:\\xampp\\htdocs\\tutorial2\\app\\api\\messages\\[id]\\route.ts"
2026-01-08T06:13:29.870607Z  INFO scan_sources: tailwindcss_oxide::scanner: Discovering "C:\\xampp\\htdocs\\tutorial2\\app\\api\\payments"
2026-01-08T06:13:29.870883Z  INFO scan_sources: tailwindcss_oxide::scanner: Discovering "C:\\xampp\\htdocs\\tutorial2\\app\\api\\payments\\activate-test"
2026-01-08T06:13:29.871090Z  INFO scan_sources: tailwindcss_oxide::scanner: Discovering "C:\\xampp\\htdocs\\tutorial2\\app\\api\\payments\\activate-test\\route.ts"
2026-01-08T06:13:29.871272Z  INFO scan_sources: tailwindcss_oxide::scanner: Discovering "C:\\xampp\\htdocs\\tutorial2\\app\\api\\payments\\azampay"
2026-01-08T06:13:29.871448Z  INFO scan_sources: tailwindcss_oxide::scanner: Discovering "C:\\xampp\\htdocs\\tutorial2\\app\\api\\payments\\azampay\\callback"
2026-01-08T06:13:29.871626Z  INFO scan_sources: tailwindcss_oxide::scanner: Discovering "C:\\xampp\\htdocs\\tutorial2\\app\\api\\payments\\azampay\\callback\\route.ts"
2026-01-08T06:13:29.871709Z  INFO scan_sources: tailwindcss_oxide::scanner: Discovering "C:\\xampp\\htdocs\\tutorial2\\app\\api\\payments\\azampay\\checkout"
2026-01-08T06:13:29.871896Z  INFO scan_sources: tailwindcss_oxide::scanner: Discovering "C:\\xampp\\htdocs\\tutorial2\\app\\api\\payments\\azampay\\checkout\\route.ts"
2026-01-08T06:13:29.872171Z  INFO scan_sources: tailwindcss_oxide::scanner: Discovering "C:\\xampp\\htdocs\\tutorial2\\app\\api\\payments\\cleanup"
2026-01-08T06:13:29.872346Z  INFO scan_sources: tailwindcss_oxide::scanner: Discovering "C:\\xampp\\htdocs\\tutorial2\\app\\api\\payments\\cleanup\\route.ts"
2026-01-08T06:13:29.872500Z  INFO scan_sources: tailwindcss_oxide::scanner: Discovering "C:\\xampp\\htdocs\\tutorial2\\app\\api\\payments\\mobile-money"
2026-01-08T06:13:29.872653Z  INFO scan_sources: tailwindcss_oxide::scanner: Discovering "C:\\xampp\\htdocs\\tutorial2\\app\\api\\payments\\mobile-money\\route.ts"
2026-01-08T06:13:29.872862Z  INFO scan_sources: tailwindcss_oxide::scanner: Discovering "C:\\xampp\\htdocs\\tutorial2\\app\\api\\reports"
2026-01-08T06:13:29.873124Z  INFO scan_sources: tailwindcss_oxide::scanner: Discovering "C:\\xampp\\htdocs\\tutorial2\\app\\api\\reports\\generate"
2026-01-08T06:13:29.873241Z  INFO scan_sources: tailwindcss_oxide::scanner: Discovering "C:\\xampp\\htdocs\\tutorial2\\app\\api\\reports\\generate\\route.ts"
2026-01-08T06:13:29.873365Z  INFO scan_sources: tailwindcss_oxide::scanner: Discovering "C:\\xampp\\htdocs\\tutorial2\\app\\api\\reports\\send-email"
2026-01-08T06:13:29.873476Z  INFO scan_sources: tailwindcss_oxide::scanner: Discovering "C:\\xampp\\htdocs\\tutorial2\\app\\api\\reports\\send-email\\route.ts"
2026-01-08T06:13:29.873595Z  INFO scan_sources: tailwindcss_oxide::scanner: Discovering "C:\\xampp\\htdocs\\tutorial2\\app\\api\\send-approval-email"
2026-01-08T06:13:29.874065Z  INFO scan_sources: tailwindcss_oxide::scanner: Discovering "C:\\xampp\\htdocs\\tutorial2\\app\\api\\send-approval-email\\route.ts"
2026-01-08T06:13:29.874260Z  INFO scan_sources: tailwindcss_oxide::scanner: Discovering "C:\\xampp\\htdocs\\tutorial2\\app\\api\\settings"
2026-01-08T06:13:29.874399Z  INFO scan_sources: tailwindcss_oxide::scanner: Discovering "C:\\xampp\\htdocs\\tutorial2\\app\\api\\settings\\route.ts"
2026-01-08T06:13:29.874502Z  INFO scan_sources: tailwindcss_oxide::scanner: Discovering "C:\\xampp\\htdocs\\tutorial2\\app\\api\\setup"
2026-01-08T06:13:29.874617Z  INFO scan_sources: tailwindcss_oxide::scanner: Discovering "C:\\xampp\\htdocs\\tutorial2\\app\\api\\setup\\ensure-admin"
2026-01-08T06:13:29.874720Z  INFO scan_sources: tailwindcss_oxide::scanner: Discovering "C:\\xampp\\htdocs\\tutorial2\\app\\api\\setup\\ensure-admin\\route.ts"
2026-01-08T06:13:29.874880Z  INFO scan_sources: tailwindcss_oxide::scanner: Discovering "C:\\xampp\\htdocs\\tutorial2\\app\\auth"
2026-01-08T06:13:29.875015Z  INFO scan_sources: tailwindcss_oxide::scanner: Discovering "C:\\xampp\\htdocs\\tutorial2\\app\\auth\\layout.tsx"
2026-01-08T06:13:29.875106Z  INFO scan_sources: tailwindcss_oxide::scanner: Discovering "C:\\xampp\\htdocs\\tutorial2\\app\\auth\\login"
2026-01-08T06:13:29.875221Z  INFO scan_sources: tailwindcss_oxide::scanner: Discovering "C:\\xampp\\htdocs\\tutorial2\\app\\auth\\login\\page.tsx"
2026-01-08T06:13:29.875333Z  INFO scan_sources: tailwindcss_oxide::scanner: Discovering "C:\\xampp\\htdocs\\tutorial2\\app\\auth\\pending-approval"
2026-01-08T06:13:29.875454Z  INFO scan_sources: tailwindcss_oxide::scanner: Discovering "C:\\xampp\\htdocs\\tutorial2\\app\\auth\\pending-approval\\page.tsx"
2026-01-08T06:13:29.875562Z  INFO scan_sources: tailwindcss_oxide::scanner: Discovering "C:\\xampp\\htdocs\\tutorial2\\app\\auth\\register"
2026-01-08T06:13:29.875679Z  INFO scan_sources: tailwindcss_oxide::scanner: Discovering "C:\\xampp\\htdocs\\tutorial2\\app\\auth\\register\\page.tsx"
2026-01-08T06:13:29.875806Z  INFO scan_sources: tailwindcss_oxide::scanner: Discovering "C:\\xampp\\htdocs\\tutorial2\\app\\components"
2026-01-08T06:13:29.875938Z  INFO scan_sources: tailwindcss_oxide::scanner: Discovering "C:\\xampp\\htdocs\\tutorial2\\app\\components\\ConditionalLayout.tsx"
2026-01-08T06:13:29.875994Z  INFO scan_sources: tailwindcss_oxide::scanner: Discovering "C:\\xampp\\htdocs\\tutorial2\\app\\components\\SharedLayout.tsx"
2026-01-08T06:13:29.876103Z  INFO scan_sources: tailwindcss_oxide::scanner: Discovering "C:\\xampp\\htdocs\\tutorial2\\app\\contact"
2026-01-08T06:13:29.876218Z  INFO scan_sources: tailwindcss_oxide::scanner: Discovering "C:\\xampp\\htdocs\\tutorial2\\app\\contact\\page.tsx"
2026-01-08T06:13:29.876406Z  INFO scan_sources: tailwindcss_oxide::scanner: Discovering "C:\\xampp\\htdocs\\tutorial2\\app\\dashboard"
2026-01-08T06:13:29.876559Z  INFO scan_sources: tailwindcss_oxide::scanner: Discovering "C:\\xampp\\htdocs\\tutorial2\\app\\dashboard\\complete-profile"
2026-01-08T06:13:29.876688Z  INFO scan_sources: tailwindcss_oxide::scanner: Discovering "C:\\xampp\\htdocs\\tutorial2\\app\\dashboard\\complete-profile\\page.tsx"
2026-01-08T06:13:29.876794Z  INFO scan_sources: tailwindcss_oxide::scanner: Discovering "C:\\xampp\\htdocs\\tutorial2\\app\\dashboard\\events"
2026-01-08T06:13:29.876906Z  INFO scan_sources: tailwindcss_oxide::scanner: Discovering "C:\\xampp\\htdocs\\tutorial2\\app\\dashboard\\events\\page.tsx"
2026-01-08T06:13:29.876977Z  INFO scan_sources: tailwindcss_oxide::scanner: Discovering "C:\\xampp\\htdocs\\tutorial2\\app\\dashboard\\layout.tsx"
2026-01-08T06:13:29.877064Z  INFO scan_sources: tailwindcss_oxide::scanner: Discovering "C:\\xampp\\htdocs\\tutorial2\\app\\dashboard\\membership-card"
2026-01-08T06:13:29.877440Z  INFO scan_sources: tailwindcss_oxide::scanner: Discovering "C:\\xampp\\htdocs\\tutorial2\\app\\dashboard\\membership-card\\page.tsx"
2026-01-08T06:13:29.877532Z  INFO scan_sources: tailwindcss_oxide::scanner: Discovering "C:\\xampp\\htdocs\\tutorial2\\app\\dashboard\\membership-card\\print-styles.css"
2026-01-08T06:13:29.877684Z  INFO scan_sources: tailwindcss_oxide::scanner: Discovering "C:\\xampp\\htdocs\\tutorial2\\app\\dashboard\\messages"
2026-01-08T06:13:29.877839Z  INFO scan_sources: tailwindcss_oxide::scanner: Discovering "C:\\xampp\\htdocs\\tutorial2\\app\\dashboard\\messages\\page.tsx"
2026-01-08T06:13:29.877988Z  INFO scan_sources: tailwindcss_oxide::scanner: Discovering "C:\\xampp\\htdocs\\tutorial2\\app\\dashboard\\page.tsx"
2026-01-08T06:13:29.878263Z  INFO scan_sources: tailwindcss_oxide::scanner: Discovering "C:\\xampp\\htdocs\\tutorial2\\app\\dashboard\\payment"
2026-01-08T06:13:29.878499Z  INFO scan_sources: tailwindcss_oxide::scanner: Discovering "C:\\xampp\\htdocs\\tutorial2\\app\\dashboard\\payment\\page.tsx"
2026-01-08T06:13:29.878686Z  INFO scan_sources: tailwindcss_oxide::scanner: Discovering "C:\\xampp\\htdocs\\tutorial2\\app\\dashboard\\payment\\success"
2026-01-08T06:13:29.878896Z  INFO scan_sources: tailwindcss_oxide::scanner: Discovering "C:\\xampp\\htdocs\\tutorial2\\app\\dashboard\\payment\\success\\page.tsx"
2026-01-08T06:13:29.879171Z  INFO scan_sources: tailwindcss_oxide::scanner: Discovering "C:\\xampp\\htdocs\\tutorial2\\app\\dashboard\\subscribe"
2026-01-08T06:13:29.879382Z  INFO scan_sources: tailwindcss_oxide::scanner: Discovering "C:\\xampp\\htdocs\\tutorial2\\app\\dashboard\\subscribe\\page.tsx"
2026-01-08T06:13:29.879636Z  INFO scan_sources: tailwindcss_oxide::scanner: Discovering "C:\\xampp\\htdocs\\tutorial2\\app\\fix-auth"
2026-01-08T06:13:29.879825Z  INFO scan_sources: tailwindcss_oxide::scanner: Discovering "C:\\xampp\\htdocs\\tutorial2\\app\\fix-auth\\page.tsx"
2026-01-08T06:13:29.879977Z  INFO scan_sources: tailwindcss_oxide::scanner: Discovering "C:\\xampp\\htdocs\\tutorial2\\app\\globals.css"
2026-01-08T06:13:29.880071Z  INFO scan_sources: tailwindcss_oxide::scanner: Discovering "C:\\xampp\\htdocs\\tutorial2\\app\\layout.tsx"
2026-01-08T06:13:29.880171Z  INFO scan_sources: tailwindcss_oxide::scanner: Discovering "C:\\xampp\\htdocs\\tutorial2\\app\\not-found.tsx"
2026-01-08T06:13:29.880259Z  INFO scan_sources: tailwindcss_oxide::scanner: Discovering "C:\\xampp\\htdocs\\tutorial2\\app\\page.tsx"
2026-01-08T06:13:29.880479Z  INFO scan_sources: tailwindcss_oxide::scanner: Discovering "C:\\xampp\\htdocs\\tutorial2\\app\\schemas"
2026-01-08T06:13:29.880682Z  INFO scan_sources: tailwindcss_oxide::scanner: Discovering "C:\\xampp\\htdocs\\tutorial2\\app\\schemas\\auth.ts"
2026-01-08T06:13:29.880867Z  INFO scan_sources: tailwindcss_oxide::scanner: Discovering "C:\\xampp\\htdocs\\tutorial2\\app\\scripts"
2026-01-08T06:13:29.881043Z  INFO scan_sources: tailwindcss_oxide::scanner: Discovering "C:\\xampp\\htdocs\\tutorial2\\app\\scripts\\seed.ts"
2026-01-08T06:13:29.881321Z  INFO scan_sources: tailwindcss_oxide::scanner: Discovering "C:\\xampp\\htdocs\\tutorial2\\app\\unauthorized"
2026-01-08T06:13:29.881510Z  INFO scan_sources: tailwindcss_oxide::scanner: Discovering "C:\\xampp\\htdocs\\tutorial2\\app\\unauthorized\\page.tsx"
2026-01-08T06:13:29.881734Z  INFO scan_sources: tailwindcss_oxide::scanner: Discovering "C:\\xampp\\htdocs\\tutorial2\\components"
2026-01-08T06:13:29.882010Z  INFO scan_sources: tailwindcss_oxide::scanner: Discovering "C:\\xampp\\htdocs\\tutorial2\\components\\admin"
2026-01-08T06:13:29.882195Z  INFO scan_sources: tailwindcss_oxide::scanner: Discovering "C:\\xampp\\htdocs\\tutorial2\\components\\admin\\ReportModal.tsx"
2026-01-08T06:13:29.882287Z  INFO scan_sources: tailwindcss_oxide::scanner: Discovering "C:\\xampp\\htdocs\\tutorial2\\components\\admin\\UserRegistrationForm.tsx"
2026-01-08T06:13:29.882402Z  INFO scan_sources: tailwindcss_oxide::scanner: Discovering "C:\\xampp\\htdocs\\tutorial2\\components\\ConditionalLayout.tsx"
2026-01-08T06:13:29.882551Z  INFO scan_sources: tailwindcss_oxide::scanner: Discovering "C:\\xampp\\htdocs\\tutorial2\\components\\dashboard"
2026-01-08T06:13:29.882800Z  INFO scan_sources: tailwindcss_oxide::scanner: Discovering "C:\\xampp\\htdocs\\tutorial2\\components\\dashboard\\DashboardSidebar.tsx"
2026-01-08T06:13:29.882886Z  INFO scan_sources: tailwindcss_oxide::scanner: Discovering "C:\\xampp\\htdocs\\tutorial2\\components\\dashboard\\PaymentStatusSidebar.tsx"
2026-01-08T06:13:29.882992Z  INFO scan_sources: tailwindcss_oxide::scanner: Discovering "C:\\xampp\\htdocs\\tutorial2\\components\\PaymentLogos.tsx"
2026-01-08T06:13:29.883068Z  INFO scan_sources: tailwindcss_oxide::scanner: Discovering "C:\\xampp\\htdocs\\tutorial2\\components\\PaymentMethodSelector.tsx"
2026-01-08T06:13:29.883171Z  INFO scan_sources: tailwindcss_oxide::scanner: Discovering "C:\\xampp\\htdocs\\tutorial2\\components\\PhoneNumberInput.tsx"
2026-01-08T06:13:29.883320Z  INFO scan_sources: tailwindcss_oxide::scanner: Discovering "C:\\xampp\\htdocs\\tutorial2\\components\\ui"
2026-01-08T06:13:29.883526Z  INFO scan_sources: tailwindcss_oxide::scanner: Discovering "C:\\xampp\\htdocs\\tutorial2\\components\\ui\\button.tsx"
2026-01-08T06:13:29.883613Z  INFO scan_sources: tailwindcss_oxide::scanner: Discovering "C:\\xampp\\htdocs\\tutorial2\\components\\ui\\card.tsx"
2026-01-08T06:13:29.883700Z  INFO scan_sources: tailwindcss_oxide::scanner: Discovering "C:\\xampp\\htdocs\\tutorial2\\components\\ui\\dropdown-menu.tsx"
2026-01-08T06:13:29.883782Z  INFO scan_sources: tailwindcss_oxide::scanner: Discovering "C:\\xampp\\htdocs\\tutorial2\\components\\ui\\field.tsx"
2026-01-08T06:13:29.883867Z  INFO scan_sources: tailwindcss_oxide::scanner: Discovering "C:\\xampp\\htdocs\\tutorial2\\components\\ui\\input.tsx"
2026-01-08T06:13:29.883967Z  INFO scan_sources: tailwindcss_oxide::scanner: Discovering "C:\\xampp\\htdocs\\tutorial2\\components\\ui\\label.tsx"
2026-01-08T06:13:29.884061Z  INFO scan_sources: tailwindcss_oxide::scanner: Discovering "C:\\xampp\\htdocs\\tutorial2\\components\\ui\\modal.tsx"
2026-01-08T06:13:29.884156Z  INFO scan_sources: tailwindcss_oxide::scanner: Discovering "C:\\xampp\\htdocs\\tutorial2\\components\\ui\\separator.tsx"
2026-01-08T06:13:29.884253Z  INFO scan_sources: tailwindcss_oxide::scanner: Discovering "C:\\xampp\\htdocs\\tutorial2\\components\\ui\\theme-provider.tsx"
2026-01-08T06:13:29.884490Z  INFO scan_sources: tailwindcss_oxide::scanner: Discovering "C:\\xampp\\htdocs\\tutorial2\\components\\web"
2026-01-08T06:13:29.884703Z  INFO scan_sources: tailwindcss_oxide::scanner: Discovering "C:\\xampp\\htdocs\\tutorial2\\components\\web\\footer.tsx"
2026-01-08T06:13:29.884793Z  INFO scan_sources: tailwindcss_oxide::scanner: Discovering "C:\\xampp\\htdocs\\tutorial2\\components\\web\\navbar.tsx"
2026-01-08T06:13:29.884877Z  INFO scan_sources: tailwindcss_oxide::scanner: Discovering "C:\\xampp\\htdocs\\tutorial2\\components\\web\\theme-toggle.tsx"
2026-01-08T06:13:29.885043Z  INFO scan_sources: tailwindcss_oxide::scanner: Discovering "C:\\xampp\\htdocs\\tutorial2\\components.json"
2026-01-08T06:13:29.885243Z  INFO scan_sources: tailwindcss_oxide::scanner: Discovering "C:\\xampp\\htdocs\\tutorial2\\contexts"
2026-01-08T06:13:29.885466Z  INFO scan_sources: tailwindcss_oxide::scanner: Discovering "C:\\xampp\\htdocs\\tutorial2\\contexts\\AuthContext.tsx"
2026-01-08T06:13:29.885650Z  INFO scan_sources: tailwindcss_oxide::scanner: Discovering "C:\\xampp\\htdocs\\tutorial2\\convex"
2026-01-08T06:13:29.885911Z  INFO scan_sources: tailwindcss_oxide::scanner: Discovering "C:\\xampp\\htdocs\\tutorial2\\convex\\_generated"
2026-01-08T06:13:29.886191Z  INFO scan_sources: tailwindcss_oxide::scanner: Discovering "C:\\xampp\\htdocs\\tutorial2\\convex\\_generated\\api.d.ts"
2026-01-08T06:13:29.886335Z  INFO scan_sources: tailwindcss_oxide::scanner: Discovering "C:\\xampp\\htdocs\\tutorial2\\convex\\_generated\\api.js"
2026-01-08T06:13:29.886447Z  INFO scan_sources: tailwindcss_oxide::scanner: Discovering "C:\\xampp\\htdocs\\tutorial2\\convex\\_generated\\dataModel.d.ts"
2026-01-08T06:13:29.886571Z  INFO scan_sources: tailwindcss_oxide::scanner: Discovering "C:\\xampp\\htdocs\\tutorial2\\convex\\_generated\\server.d.ts"
2026-01-08T06:13:29.886708Z  INFO scan_sources: tailwindcss_oxide::scanner: Discovering "C:\\xampp\\htdocs\\tutorial2\\convex\\_generated\\server.js"
2026-01-08T06:13:29.887004Z  INFO scan_sources: tailwindcss_oxide::scanner: Discovering "C:\\xampp\\htdocs\\tutorial2\\cookies.txt"
2026-01-08T06:13:29.887270Z  INFO scan_sources: tailwindcss_oxide::scanner: Discovering "C:\\xampp\\htdocs\\tutorial2\\database"
2026-01-08T06:13:29.887661Z  INFO scan_sources: tailwindcss_oxide::scanner: Discovering "C:\\xampp\\htdocs\\tutorial2\\database\\add_phone_number_to_payments.sql"
2026-01-08T06:13:29.887807Z  INFO scan_sources: tailwindcss_oxide::scanner: Discovering "C:\\xampp\\htdocs\\tutorial2\\database\\create_content_management_tables.sql"
2026-01-08T06:13:29.887927Z  INFO scan_sources: tailwindcss_oxide::scanner: Discovering "C:\\xampp\\htdocs\\tutorial2\\database\\create_content_tables.sql"
2026-01-08T06:13:29.888084Z  INFO scan_sources: tailwindcss_oxide::scanner: Discovering "C:\\xampp\\htdocs\\tutorial2\\database\\create_events_first.sql"
2026-01-08T06:13:29.888198Z  INFO scan_sources: tailwindcss_oxide::scanner: Discovering "C:\\xampp\\htdocs\\tutorial2\\database\\create_events_tables.sql"
2026-01-08T06:13:29.888289Z  INFO scan_sources: tailwindcss_oxide::scanner: Discovering "C:\\xampp\\htdocs\\tutorial2\\database\\create_messages_table.sql"
2026-01-08T06:13:29.888373Z  INFO scan_sources: tailwindcss_oxide::scanner: Discovering "C:\\xampp\\htdocs\\tutorial2\\database\\create_payments_table.sql"
2026-01-08T06:13:29.888459Z  INFO scan_sources: tailwindcss_oxide::scanner: Discovering "C:\\xampp\\htdocs\\tutorial2\\database\\events_setup_clean.sql"
2026-01-08T06:13:29.888545Z  INFO scan_sources: tailwindcss_oxide::scanner: Discovering "C:\\xampp\\htdocs\\tutorial2\\database\\fix_payments_table.sql"
2026-01-08T06:13:29.888638Z  INFO scan_sources: tailwindcss_oxide::scanner: Discovering "C:\\xampp\\htdocs\\tutorial2\\database\\quick_fix_payments.sql"
2026-01-08T06:13:29.888732Z  INFO scan_sources: tailwindcss_oxide::scanner: Discovering "C:\\xampp\\htdocs\\tutorial2\\database\\setup_events.sql"
2026-01-08T06:13:29.888822Z  INFO scan_sources: tailwindcss_oxide::scanner: Discovering "C:\\xampp\\htdocs\\tutorial2\\database\\setup_tables.bat"
2026-01-08T06:13:29.888955Z  INFO scan_sources: tailwindcss_oxide::scanner: Discovering "C:\\xampp\\htdocs\\tutorial2\\Database.php"
2026-01-08T06:13:29.889046Z  INFO scan_sources: tailwindcss_oxide::scanner: Discovering "C:\\xampp\\htdocs\\tutorial2\\Database.php~"
2026-01-08T06:13:29.889133Z  INFO scan_sources: tailwindcss_oxide::scanner: Discovering "C:\\xampp\\htdocs\\tutorial2\\debug_password.php"
2026-01-08T06:13:29.889230Z  INFO scan_sources: tailwindcss_oxide::scanner: Discovering "C:\\xampp\\htdocs\\tutorial2\\eslint.config.mjs"
2026-01-08T06:13:29.889326Z  INFO scan_sources: tailwindcss_oxide::scanner: Discovering "C:\\xampp\\htdocs\\tutorial2\\fix_all_membership_numbers.sql"
2026-01-08T06:13:29.889427Z  INFO scan_sources: tailwindcss_oxide::scanner: Discovering "C:\\xampp\\htdocs\\tutorial2\\fix_all_membership_status.php"
2026-01-08T06:13:29.889524Z  INFO scan_sources: tailwindcss_oxide::scanner: Discovering "C:\\xampp\\htdocs\\tutorial2\\fix_membership.php"
2026-01-08T06:13:29.889612Z  INFO scan_sources: tailwindcss_oxide::scanner: Discovering "C:\\xampp\\htdocs\\tutorial2\\fix_memberships_table.sql"
2026-01-08T06:13:29.889704Z  INFO scan_sources: tailwindcss_oxide::scanner: Discovering "C:\\xampp\\htdocs\\tutorial2\\fix_membership_number.php"
2026-01-08T06:13:29.889792Z  INFO scan_sources: tailwindcss_oxide::scanner: Discovering "C:\\xampp\\htdocs\\tutorial2\\fix_membership_numbers.sql"
2026-01-08T06:13:29.889881Z  INFO scan_sources: tailwindcss_oxide::scanner: Discovering "C:\\xampp\\htdocs\\tutorial2\\fix_membership_standalone.php"
2026-01-08T06:13:29.889965Z  INFO scan_sources: tailwindcss_oxide::scanner: Discovering "C:\\xampp\\htdocs\\tutorial2\\fix_membership_status.sql"
2026-01-08T06:13:29.890083Z  INFO scan_sources: tailwindcss_oxide::scanner: Discovering "C:\\xampp\\htdocs\\tutorial2\\jwt.php"
2026-01-08T06:13:29.890278Z  INFO scan_sources: tailwindcss_oxide::scanner: Discovering "C:\\xampp\\htdocs\\tutorial2\\lib"
2026-01-08T06:13:29.890501Z  INFO scan_sources: tailwindcss_oxide::scanner: Discovering "C:\\xampp\\htdocs\\tutorial2\\lib\\auth.ts"
2026-01-08T06:13:29.890600Z  INFO scan_sources: tailwindcss_oxide::scanner: Discovering "C:\\xampp\\htdocs\\tutorial2\\lib\\azampay.ts"
2026-01-08T06:13:29.890703Z  INFO scan_sources: tailwindcss_oxide::scanner: Discovering "C:\\xampp\\htdocs\\tutorial2\\lib\\db.ts"
2026-01-08T06:13:29.890802Z  INFO scan_sources: tailwindcss_oxide::scanner: Discovering "C:\\xampp\\htdocs\\tutorial2\\lib\\membership-pricing.ts"
2026-01-08T06:13:29.890901Z  INFO scan_sources: tailwindcss_oxide::scanner: Discovering "C:\\xampp\\htdocs\\tutorial2\\lib\\membership.ts"
2026-01-08T06:13:29.890995Z  INFO scan_sources: tailwindcss_oxide::scanner: Discovering "C:\\xampp\\htdocs\\tutorial2\\lib\\mobile-money.ts"
2026-01-08T06:13:29.891084Z  INFO scan_sources: tailwindcss_oxide::scanner: Discovering "C:\\xampp\\htdocs\\tutorial2\\lib\\profileCompletion.ts"
2026-01-08T06:13:29.891187Z  INFO scan_sources: tailwindcss_oxide::scanner: Discovering "C:\\xampp\\htdocs\\tutorial2\\lib\\utils.ts"
2026-01-08T06:13:29.891331Z  INFO scan_sources: tailwindcss_oxide::scanner: Discovering "C:\\xampp\\htdocs\\tutorial2\\manual_activate_payment.php"
2026-01-08T06:13:29.891440Z  INFO scan_sources: tailwindcss_oxide::scanner: Discovering "C:\\xampp\\htdocs\\tutorial2\\middleware.ts"
2026-01-08T06:13:29.891643Z  INFO scan_sources: tailwindcss_oxide::scanner: Discovering "C:\\xampp\\htdocs\\tutorial2\\migrations"
2026-01-08T06:13:29.892138Z  INFO scan_sources: tailwindcss_oxide::scanner: Discovering "C:\\xampp\\htdocs\\tutorial2\\migrations\\0002_add_refresh_token_column.sql"
2026-01-08T06:13:29.892213Z  INFO scan_sources: tailwindcss_oxide::scanner: Discovering "C:\\xampp\\htdocs\\tutorial2\\migrations\\0003_add_report_tables.sql"
2026-01-08T06:13:29.892267Z  INFO scan_sources: tailwindcss_oxide::scanner: Discovering "C:\\xampp\\htdocs\\tutorial2\\migrations\\0004_add_profile_fields.sql"
2026-01-08T06:13:29.892712Z  INFO scan_sources: tailwindcss_oxide::scanner: Discovering "C:\\xampp\\htdocs\\tutorial2\\migrations\\0005_create_report_tables.sql"
2026-01-08T06:13:29.892855Z  INFO scan_sources: tailwindcss_oxide::scanner: Discovering "C:\\xampp\\htdocs\\tutorial2\\migrations\\0006_create_membership_sequence.sql"
2026-01-08T06:13:29.892962Z  INFO scan_sources: tailwindcss_oxide::scanner: Discovering "C:\\xampp\\htdocs\\tutorial2\\migrations\\20251230000000_add_professional_fields.sql"
2026-01-08T06:13:29.893126Z  INFO scan_sources: tailwindcss_oxide::scanner: Discovering "C:\\xampp\\htdocs\\tutorial2\\next.config.ts"
2026-01-08T06:13:29.893490Z  INFO scan_sources: tailwindcss_oxide::scanner: Discovering "C:\\xampp\\htdocs\\tutorial2\\package.json"
2026-01-08T06:13:29.893625Z  INFO scan_sources: tailwindcss_oxide::scanner: Discovering "C:\\xampp\\htdocs\\tutorial2\\pnpm-workspace.yaml"
2026-01-08T06:13:29.893725Z  INFO scan_sources: tailwindcss_oxide::scanner: Discovering "C:\\xampp\\htdocs\\tutorial2\\postcss.config.mjs"
2026-01-08T06:13:29.893934Z  INFO scan_sources: tailwindcss_oxide::scanner: Discovering "C:\\xampp\\htdocs\\tutorial2\\public"
2026-01-08T06:13:29.894154Z  INFO scan_sources: tailwindcss_oxide::scanner: Discovering "C:\\xampp\\htdocs\\tutorial2\\public\\file.svg"
2026-01-08T06:13:29.894222Z  INFO scan_sources: tailwindcss_oxide::scanner: Discovering "C:\\xampp\\htdocs\\tutorial2\\public\\globe.svg"
2026-01-08T06:13:29.894299Z  INFO scan_sources: tailwindcss_oxide::scanner: Discovering "C:\\xampp\\htdocs\\tutorial2\\public\\next.svg"
2026-01-08T06:13:29.894526Z  INFO scan_sources: tailwindcss_oxide::scanner: Discovering "C:\\xampp\\htdocs\\tutorial2\\public\\uploads"
2026-01-08T06:13:29.894822Z  INFO scan_sources: tailwindcss_oxide::scanner: Discovering "C:\\xampp\\htdocs\\tutorial2\\public\\uploads\\documents"
2026-01-08T06:13:29.895304Z  INFO scan_sources: tailwindcss_oxide::scanner: Discovering "C:\\xampp\\htdocs\\tutorial2\\public\\uploads\\profile-pictures"
2026-01-08T06:13:29.895707Z  INFO scan_sources: tailwindcss_oxide::scanner: Discovering "C:\\xampp\\htdocs\\tutorial2\\public\\vercel.svg"
2026-01-08T06:13:29.895826Z  INFO scan_sources: tailwindcss_oxide::scanner: Discovering "C:\\xampp\\htdocs\\tutorial2\\public\\window.svg"
2026-01-08T06:13:29.895989Z  INFO scan_sources: tailwindcss_oxide::scanner: Discovering "C:\\xampp\\htdocs\\tutorial2\\README.md"
2026-01-08T06:13:29.896144Z  INFO scan_sources: tailwindcss_oxide::scanner: Discovering "C:\\xampp\\htdocs\\tutorial2\\sampleData.jsonl"
2026-01-08T06:13:29.896591Z  INFO scan_sources: tailwindcss_oxide::scanner: Discovering "C:\\xampp\\htdocs\\tutorial2\\tsconfig.json"
2026-01-08T06:13:29.896788Z  INFO scan_sources: tailwindcss_oxide::scanner: exit
2026-01-08T06:13:29.896816Z  INFO extract_candidates: tailwindcss_oxide::scanner: enter
2026-01-08T06:13:29.896833Z  INFO extract_candidates:read_all_files: tailwindcss_oxide::scanner: enter
2026-01-08T06:13:29.896842Z  INFO extract_candidates:read_all_files: tailwindcss_oxide::scanner: Reading 203 file(s)
2026-01-08T06:13:29.899821Z  INFO tailwindcss_oxide::scanner: Reading "C:\\xampp\\htdocs\\tutorial2\\ADMIN_MODULES_IMPLEMENTATION.md"
2026-01-08T06:13:29.899966Z  INFO tailwindcss_oxide::scanner: Reading "C:\\xampp\\htdocs\\tutorial2\\api\\auth\\login.php"
2026-01-08T06:13:29.900022Z  INFO tailwindcss_oxide::scanner: Reading "C:\\xampp\\htdocs\\tutorial2\\api\\auth\\logout.php"
2026-01-08T06:13:29.900091Z  INFO tailwindcss_oxide::scanner: Reading "C:\\xampp\\htdocs\\tutorial2\\api\\auth\\me.php"
2026-01-08T06:13:29.900162Z  INFO tailwindcss_oxide::scanner: Reading "C:\\xampp\\htdocs\\tutorial2\\api\\auth\\register.php"
2026-01-08T06:13:29.900205Z  INFO tailwindcss_oxide::scanner: Reading "C:\\xampp\\htdocs\\tutorial2\\app\\(layout)\\layout.tsx"
2026-01-08T06:13:29.900253Z  INFO tailwindcss_oxide::scanner: Reading "C:\\xampp\\htdocs\\tutorial2\\app\\(shared-layout)\\layout.tsx"
2026-01-08T06:13:29.899824Z  INFO tailwindcss_oxide::scanner: Reading "C:\\xampp\\htdocs\\tutorial2\\app\\auth\\pending-approval\\page.tsx"
2026-01-08T06:13:29.900308Z  INFO tailwindcss_oxide::scanner: Reading "C:\\xampp\\htdocs\\tutorial2\\app\\(shared-layout)\\page.tsx"
2026-01-08T06:13:29.900362Z  INFO tailwindcss_oxide::scanner: Reading "C:\\xampp\\htdocs\\tutorial2\\app\\about\\page.tsx"
2026-01-08T06:13:29.900415Z  INFO tailwindcss_oxide::scanner: Reading "C:\\xampp\\htdocs\\tutorial2\\app\\about-us\\page.tsx"
2026-01-08T06:13:29.900431Z  INFO tailwindcss_oxide::scanner: Reading "C:\\xampp\\htdocs\\tutorial2\\app\\auth\\register\\page.tsx"
2026-01-08T06:13:29.900484Z  INFO tailwindcss_oxide::scanner: Reading "C:\\xampp\\htdocs\\tutorial2\\app\\admin\\content\\about\\page.tsx"
2026-01-08T06:13:29.900556Z  INFO tailwindcss_oxide::scanner: Reading "C:\\xampp\\htdocs\\tutorial2\\app\\admin\\content\\contact\\page.tsx"
2026-01-08T06:13:29.900585Z  INFO tailwindcss_oxide::scanner: Reading "C:\\xampp\\htdocs\\tutorial2\\app\\components\\ConditionalLayout.tsx"
2026-01-08T06:13:29.900620Z  INFO tailwindcss_oxide::scanner: Reading "C:\\xampp\\htdocs\\tutorial2\\app\\admin\\content\\home\\page.tsx"
2026-01-08T06:13:29.900679Z  INFO tailwindcss_oxide::scanner: Reading "C:\\xampp\\htdocs\\tutorial2\\app\\components\\SharedLayout.tsx"
2026-01-08T06:13:29.900761Z  INFO tailwindcss_oxide::scanner: Reading "C:\\xampp\\htdocs\\tutorial2\\app\\admin\\content\\page.tsx"
2026-01-08T06:13:29.900794Z  INFO tailwindcss_oxide::scanner: Reading "C:\\xampp\\htdocs\\tutorial2\\app\\contact\\page.tsx"
2026-01-08T06:13:29.900862Z  INFO tailwindcss_oxide::scanner: Reading "C:\\xampp\\htdocs\\tutorial2\\app\\admin\\dashboard\\page.tsx"
2026-01-08T06:13:29.901193Z  INFO tailwindcss_oxide::scanner: Reading "C:\\xampp\\htdocs\\tutorial2\\app\\admin\\events\\page.tsx"
2026-01-08T06:13:29.901210Z  INFO tailwindcss_oxide::scanner: Reading "C:\\xampp\\htdocs\\tutorial2\\app\\dashboard\\complete-profile\\page.tsx"
2026-01-08T06:13:29.901428Z  INFO tailwindcss_oxide::scanner: Reading "C:\\xampp\\htdocs\\tutorial2\\app\\admin\\events\\[id]\\page.tsx"
2026-01-08T06:13:29.901576Z  INFO tailwindcss_oxide::scanner: Reading "C:\\xampp\\htdocs\\tutorial2\\app\\dashboard\\events\\page.tsx"
2026-01-08T06:13:29.901634Z  INFO tailwindcss_oxide::scanner: Reading "C:\\xampp\\htdocs\\tutorial2\\app\\admin\\events\\[id]\\registrations\\page.tsx"
2026-01-08T06:13:29.901752Z  INFO tailwindcss_oxide::scanner: Reading "C:\\xampp\\htdocs\\tutorial2\\app\\dashboard\\layout.tsx"
2026-01-08T06:13:29.901779Z  INFO tailwindcss_oxide::scanner: Reading "C:\\xampp\\htdocs\\tutorial2\\app\\admin\\layout.tsx"
2026-01-08T06:13:29.901967Z  INFO tailwindcss_oxide::scanner: Reading "C:\\xampp\\htdocs\\tutorial2\\app\\admin\\membership\\page.tsx"
2026-01-08T06:13:29.902337Z  INFO tailwindcss_oxide::scanner: Reading "C:\\xampp\\htdocs\\tutorial2\\app\\admin\\page.old.tsx"
2026-01-08T06:13:29.902598Z  INFO tailwindcss_oxide::scanner: Reading "C:\\xampp\\htdocs\\tutorial2\\app\\admin\\page.tsx"
2026-01-08T06:13:29.903894Z  INFO tailwindcss_oxide::scanner: Reading "C:\\xampp\\htdocs\\tutorial2\\database\\create_content_tables.sql"
2026-01-08T06:13:29.903903Z  INFO tailwindcss_oxide::scanner: Reading "C:\\xampp\\htdocs\\tutorial2\\app\\api\\admin\\membership\\cycles\\route.ts"
2026-01-08T06:13:29.904038Z  INFO tailwindcss_oxide::scanner: Reading "C:\\xampp\\htdocs\\tutorial2\\app\\admin\\reports\\page.tsx"
2026-01-08T06:13:29.901967Z  INFO tailwindcss_oxide::scanner: Reading "C:\\xampp\\htdocs\\tutorial2\\app\\dashboard\\membership-card\\page.tsx"
2026-01-08T06:13:29.904431Z  INFO tailwindcss_oxide::scanner: Reading "C:\\xampp\\htdocs\\tutorial2\\database\\create_events_first.sql"
2026-01-08T06:13:29.904537Z  INFO tailwindcss_oxide::scanner: Reading "C:\\xampp\\htdocs\\tutorial2\\app\\api\\admin\\content\\media\\route.ts"
2026-01-08T06:13:29.904548Z  INFO tailwindcss_oxide::scanner: Reading "C:\\xampp\\htdocs\\tutorial2\\database\\create_events_tables.sql"
2026-01-08T06:13:29.904640Z  INFO tailwindcss_oxide::scanner: Reading "C:\\xampp\\htdocs\\tutorial2\\app\\api\\admin\\content\\navigation\\route.ts"
2026-01-08T06:13:29.904664Z  INFO tailwindcss_oxide::scanner: Reading "C:\\xampp\\htdocs\\tutorial2\\database\\create_messages_table.sql"
2026-01-08T06:13:29.904703Z  INFO tailwindcss_oxide::scanner: Reading "C:\\xampp\\htdocs\\tutorial2\\app\\dashboard\\messages\\page.tsx"
2026-01-08T06:13:29.904709Z  INFO tailwindcss_oxide::scanner: Reading "C:\\xampp\\htdocs\\tutorial2\\app\\api\\admin\\content\\pages\\route.ts"
2026-01-08T06:13:29.904768Z  INFO tailwindcss_oxide::scanner: Reading "C:\\xampp\\htdocs\\tutorial2\\app\\api\\admin\\content\\pages\\[id]\\route.ts"
2026-01-08T06:13:29.904774Z  INFO tailwindcss_oxide::scanner: Reading "C:\\xampp\\htdocs\\tutorial2\\database\\create_payments_table.sql"
2026-01-08T06:13:29.904822Z  INFO tailwindcss_oxide::scanner: Reading "C:\\xampp\\htdocs\\tutorial2\\app\\api\\admin\\content\\settings\\route.ts"
2026-01-08T06:13:29.904871Z  INFO tailwindcss_oxide::scanner: Reading "C:\\xampp\\htdocs\\tutorial2\\app\\dashboard\\page.tsx"
2026-01-08T06:13:29.904880Z  INFO tailwindcss_oxide::scanner: Reading "C:\\xampp\\htdocs\\tutorial2\\app\\api\\admin\\create-admin\\route.ts"
2026-01-08T06:13:29.904881Z  INFO tailwindcss_oxide::scanner: Reading "C:\\xampp\\htdocs\\tutorial2\\database\\events_setup_clean.sql"
2026-01-08T06:13:29.904943Z  INFO tailwindcss_oxide::scanner: Reading "C:\\xampp\\htdocs\\tutorial2\\app\\api\\admin\\deleted-users\\route.ts"
2026-01-08T06:13:29.904974Z  INFO tailwindcss_oxide::scanner: Reading "C:\\xampp\\htdocs\\tutorial2\\app\\dashboard\\payment\\page.tsx"
2026-01-08T06:13:29.904981Z  INFO tailwindcss_oxide::scanner: Reading "C:\\xampp\\htdocs\\tutorial2\\database\\fix_payments_table.sql"
2026-01-08T06:13:29.905003Z  INFO tailwindcss_oxide::scanner: Reading "C:\\xampp\\htdocs\\tutorial2\\app\\api\\admin\\events\\route.ts"
2026-01-08T06:13:29.905050Z  INFO tailwindcss_oxide::scanner: Reading "C:\\xampp\\htdocs\\tutorial2\\app\\api\\admin\\events\\route_original.ts"
2026-01-08T06:13:29.905076Z  INFO tailwindcss_oxide::scanner: Reading "C:\\xampp\\htdocs\\tutorial2\\database\\quick_fix_payments.sql"
2026-01-08T06:13:29.905093Z  INFO tailwindcss_oxide::scanner: Reading "C:\\xampp\\htdocs\\tutorial2\\app\\dashboard\\payment\\success\\page.tsx"
2026-01-08T06:13:29.905102Z  INFO tailwindcss_oxide::scanner: Reading "C:\\xampp\\htdocs\\tutorial2\\app\\api\\admin\\events\\[id]\\registrations\\route.ts"
2026-01-08T06:13:29.905157Z  INFO tailwindcss_oxide::scanner: Reading "C:\\xampp\\htdocs\\tutorial2\\app\\api\\admin\\events\\[id]\\route.ts"
2026-01-08T06:13:29.905166Z  INFO tailwindcss_oxide::scanner: Reading "C:\\xampp\\htdocs\\tutorial2\\database\\setup_events.sql"
2026-01-08T06:13:29.905215Z  INFO tailwindcss_oxide::scanner: Reading "C:\\xampp\\htdocs\\tutorial2\\app\\dashboard\\subscribe\\page.tsx"
2026-01-08T06:13:29.905225Z  INFO tailwindcss_oxide::scanner: Reading "C:\\xampp\\htdocs\\tutorial2\\app\\api\\admin\\events\\[id]\\route_original.ts"
2026-01-08T06:13:29.905255Z  INFO tailwindcss_oxide::scanner: Reading "C:\\xampp\\htdocs\\tutorial2\\database\\setup_tables.bat"
2026-01-08T06:13:29.905277Z  INFO tailwindcss_oxide::scanner: Reading "C:\\xampp\\htdocs\\tutorial2\\app\\fix-auth\\page.tsx"
2026-01-08T06:13:29.905283Z  INFO tailwindcss_oxide::scanner: Reading "C:\\xampp\\htdocs\\tutorial2\\app\\api\\admin\\fix-admin\\route.ts"
2026-01-08T06:13:29.905299Z  INFO tailwindcss_oxide::scanner: Reading "C:\\xampp\\htdocs\\tutorial2\\app\\api\\admin\\membership\\settings\\route.ts"
2026-01-08T06:13:29.905340Z  INFO tailwindcss_oxide::scanner: Reading "C:\\xampp\\htdocs\\tutorial2\\app\\layout.tsx"
2026-01-08T06:13:29.905354Z  INFO tailwindcss_oxide::scanner: Reading "C:\\xampp\\htdocs\\tutorial2\\components\\ui\\dropdown-menu.tsx"
2026-01-08T06:13:29.905357Z  INFO tailwindcss_oxide::scanner: Reading "C:\\xampp\\htdocs\\tutorial2\\Database.php"
2026-01-08T06:13:29.905391Z  INFO tailwindcss_oxide::scanner: Reading "C:\\xampp\\htdocs\\tutorial2\\app\\not-found.tsx"
2026-01-08T06:13:29.905399Z  INFO tailwindcss_oxide::scanner: Reading "C:\\xampp\\htdocs\\tutorial2\\app\\api\\admin\\membership\\types\\route.ts"
2026-01-08T06:13:29.905410Z  INFO tailwindcss_oxide::scanner: Reading "C:\\xampp\\htdocs\\tutorial2\\components\\ui\\field.tsx"
2026-01-08T06:13:29.905425Z  INFO tailwindcss_oxide::scanner: Reading "C:\\xampp\\htdocs\\tutorial2\\Database.php~"
2026-01-08T06:13:29.905445Z  INFO tailwindcss_oxide::scanner: Reading "C:\\xampp\\htdocs\\tutorial2\\app\\page.tsx"
2026-01-08T06:13:29.905464Z  INFO tailwindcss_oxide::scanner: Reading "C:\\xampp\\htdocs\\tutorial2\\components\\ui\\input.tsx"
2026-01-08T06:13:29.905488Z  INFO tailwindcss_oxide::scanner: Reading "C:\\xampp\\htdocs\\tutorial2\\app\\api\\admin\\payments\\route.ts"
2026-01-08T06:13:29.905512Z  INFO tailwindcss_oxide::scanner: Reading "C:\\xampp\\htdocs\\tutorial2\\components\\ui\\label.tsx"
2026-01-08T06:13:29.905512Z  INFO tailwindcss_oxide::scanner: Reading "C:\\xampp\\htdocs\\tutorial2\\app\\schemas\\auth.ts"
2026-01-08T06:13:29.905533Z  INFO tailwindcss_oxide::scanner: Reading "C:\\xampp\\htdocs\\tutorial2\\debug_password.php"
2026-01-08T06:13:29.905564Z  INFO tailwindcss_oxide::scanner: Reading "C:\\xampp\\htdocs\\tutorial2\\app\\api\\admin\\payments\\[id]\\refund\\route.ts"
2026-01-08T06:13:29.905565Z  INFO tailwindcss_oxide::scanner: Reading "C:\\xampp\\htdocs\\tutorial2\\components\\ui\\modal.tsx"
2026-01-08T06:13:29.905568Z  INFO tailwindcss_oxide::scanner: Reading "C:\\xampp\\htdocs\\tutorial2\\app\\scripts\\seed.ts"
2026-01-08T06:13:29.905623Z  INFO tailwindcss_oxide::scanner: Reading "C:\\xampp\\htdocs\\tutorial2\\components\\ui\\separator.tsx"
2026-01-08T06:13:29.905626Z  INFO tailwindcss_oxide::scanner: Reading "C:\\xampp\\htdocs\\tutorial2\\app\\unauthorized\\page.tsx"
2026-01-08T06:13:29.905630Z  INFO tailwindcss_oxide::scanner: Reading "C:\\xampp\\htdocs\\tutorial2\\app\\api\\admin\\payments\\[id]\\route.ts"
2026-01-08T06:13:29.905671Z  INFO tailwindcss_oxide::scanner: Reading "C:\\xampp\\htdocs\\tutorial2\\components\\ui\\theme-provider.tsx"
2026-01-08T06:13:29.905671Z  INFO tailwindcss_oxide::scanner: Reading "C:\\xampp\\htdocs\\tutorial2\\components\\admin\\ReportModal.tsx"
2026-01-08T06:13:29.905725Z  INFO tailwindcss_oxide::scanner: Reading "C:\\xampp\\htdocs\\tutorial2\\app\\api\\admin\\content\\about\\[id]\\route.ts"
2026-01-08T06:13:29.905738Z  INFO tailwindcss_oxide::scanner: Reading "C:\\xampp\\htdocs\\tutorial2\\components\\admin\\UserRegistrationForm.tsx"
2026-01-08T06:13:29.905749Z  INFO tailwindcss_oxide::scanner: Reading "C:\\xampp\\htdocs\\tutorial2\\components\\dashboard\\PaymentStatusSidebar.tsx"
2026-01-08T06:13:29.905773Z  INFO tailwindcss_oxide::scanner: Reading "C:\\xampp\\htdocs\\tutorial2\\app\\api\\admin\\report\\route.ts"
2026-01-08T06:13:29.905782Z  INFO tailwindcss_oxide::scanner: Reading "C:\\xampp\\htdocs\\tutorial2\\app\\api\\admin\\content\\contact\\route.ts"
2026-01-08T06:13:29.905815Z  INFO tailwindcss_oxide::scanner: Reading "C:\\xampp\\htdocs\\tutorial2\\components\\ConditionalLayout.tsx"
2026-01-08T06:13:29.905845Z  INFO tailwindcss_oxide::scanner: Reading "C:\\xampp\\htdocs\\tutorial2\\app\\api\\admin\\content\\contact\\[id]\\route.ts"
2026-01-08T06:13:29.905877Z  INFO tailwindcss_oxide::scanner: Reading "C:\\xampp\\htdocs\\tutorial2\\components\\dashboard\\DashboardSidebar.tsx"
2026-01-08T06:13:29.905880Z  INFO tailwindcss_oxide::scanner: Reading "C:\\xampp\\htdocs\\tutorial2\\components\\PaymentLogos.tsx"
2026-01-08T06:13:29.905903Z  INFO tailwindcss_oxide::scanner: Reading "C:\\xampp\\htdocs\\tutorial2\\app\\api\\admin\\content\\footer\\route.ts"
2026-01-08T06:13:29.905917Z  INFO tailwindcss_oxide::scanner: Reading "C:\\xampp\\htdocs\\tutorial2\\app\\api\\admin\\reports\\generate\\route.ts"
2026-01-08T06:13:29.905946Z  INFO tailwindcss_oxide::scanner: Reading "C:\\xampp\\htdocs\\tutorial2\\components\\PaymentMethodSelector.tsx"
2026-01-08T06:13:29.905950Z  INFO tailwindcss_oxide::scanner: Reading "C:\\xampp\\htdocs\\tutorial2\\app\\admin\\users\\[id]\\page.tsx"
2026-01-08T06:13:29.905962Z  INFO tailwindcss_oxide::scanner: Reading "C:\\xampp\\htdocs\\tutorial2\\app\\api\\admin\\content\\home\\route.ts"
2026-01-08T06:13:29.906007Z  INFO tailwindcss_oxide::scanner: Reading "C:\\xampp\\htdocs\\tutorial2\\components\\PhoneNumberInput.tsx"
2026-01-08T06:13:29.906017Z  INFO tailwindcss_oxide::scanner: Reading "C:\\xampp\\htdocs\\tutorial2\\app\\api\\admin\\content\\home\\[id]\\route.ts"
2026-01-08T06:13:29.906017Z  INFO tailwindcss_oxide::scanner: Reading "C:\\xampp\\htdocs\\tutorial2\\app\\api\\about-content\\route.ts"
2026-01-08T06:13:29.906024Z  INFO tailwindcss_oxide::scanner: Reading "C:\\xampp\\htdocs\\tutorial2\\app\\api\\admin\\reports\\route.ts"
2026-01-08T06:13:29.906070Z  INFO tailwindcss_oxide::scanner: Reading "C:\\xampp\\htdocs\\tutorial2\\components\\ui\\button.tsx"
2026-01-08T06:13:29.906071Z  INFO tailwindcss_oxide::scanner: Reading "C:\\xampp\\htdocs\\tutorial2\\app\\api\\admin\\content\\about\\route.ts"
2026-01-08T06:13:29.906098Z  INFO tailwindcss_oxide::scanner: Reading "C:\\xampp\\htdocs\\tutorial2\\app\\admin\\users\\page.tsx"
2026-01-08T06:13:29.906113Z  INFO tailwindcss_oxide::scanner: Reading "C:\\xampp\\htdocs\\tutorial2\\app\\api\\admin\\reset-admin\\route.ts"
2026-01-08T06:13:29.906124Z  INFO tailwindcss_oxide::scanner: Reading "C:\\xampp\\htdocs\\tutorial2\\components\\ui\\card.tsx"
2026-01-08T06:13:29.906144Z  INFO tailwindcss_oxide::scanner: Reading "C:\\xampp\\htdocs\\tutorial2\\app\\api\\contact-content\\route.ts"
2026-01-08T06:13:29.906171Z  INFO tailwindcss_oxide::scanner: Reading "C:\\xampp\\htdocs\\tutorial2\\app\\api\\admin\\users\\[id]\\approve\\route.ts"
2026-01-08T06:13:29.906178Z  INFO tailwindcss_oxide::scanner: Reading "C:\\xampp\\htdocs\\tutorial2\\convex\\_generated\\api.js"
2026-01-08T06:13:29.906207Z  INFO tailwindcss_oxide::scanner: Reading "C:\\xampp\\htdocs\\tutorial2\\app\\api\\debug\\pricing\\route.ts"
2026-01-08T06:13:29.906210Z  INFO tailwindcss_oxide::scanner: Reading "C:\\xampp\\htdocs\\tutorial2\\app\\api\\admin\\users\\restore\\route.ts"
2026-01-08T06:13:29.906229Z  INFO tailwindcss_oxide::scanner: Reading "C:\\xampp\\htdocs\\tutorial2\\convex\\_generated\\dataModel.d.ts"
2026-01-08T06:13:29.906233Z  INFO tailwindcss_oxide::scanner: Reading "C:\\xampp\\htdocs\\tutorial2\\app\\api\\admin\\users\\[id]\\details\\route.ts"
2026-01-08T06:13:29.906257Z  INFO tailwindcss_oxide::scanner: Reading "C:\\xampp\\htdocs\\tutorial2\\app\\api\\events\\route.ts"
2026-01-08T06:13:29.906289Z  INFO tailwindcss_oxide::scanner: Reading "C:\\xampp\\htdocs\\tutorial2\\convex\\_generated\\server.d.ts"
2026-01-08T06:13:29.906295Z  INFO tailwindcss_oxide::scanner: Reading "C:\\xampp\\htdocs\\tutorial2\\app\\api\\admin\\users\\[id]\\membership-status\\route.ts"
2026-01-08T06:13:29.906307Z  INFO tailwindcss_oxide::scanner: Reading "C:\\xampp\\htdocs\\tutorial2\\app\\api\\admin\\users\\route.ts"
2026-01-08T06:13:29.906319Z  INFO tailwindcss_oxide::scanner: Reading "C:\\xampp\\htdocs\\tutorial2\\app\\api\\events\\[id]\\register\\route.ts"
2026-01-08T06:13:29.906340Z  INFO tailwindcss_oxide::scanner: Reading "C:\\xampp\\htdocs\\tutorial2\\convex\\_generated\\server.js"
2026-01-08T06:13:29.906364Z  INFO tailwindcss_oxide::scanner: Reading "C:\\xampp\\htdocs\\tutorial2\\app\\api\\admin\\users\\[id]\\password\\route.ts"
2026-01-08T06:13:29.906375Z  INFO tailwindcss_oxide::scanner: Reading "C:\\xampp\\htdocs\\tutorial2\\app\\api\\fix-membership\\route.ts"
2026-01-08T06:13:29.906392Z  INFO tailwindcss_oxide::scanner: Reading "C:\\xampp\\htdocs\\tutorial2\\cookies.txt"
2026-01-08T06:13:29.906421Z  INFO tailwindcss_oxide::scanner: Reading "C:\\xampp\\htdocs\\tutorial2\\app\\api\\admin\\users\\[id]\\reject\\route.ts"
2026-01-08T06:13:29.906430Z  INFO tailwindcss_oxide::scanner: Reading "C:\\xampp\\htdocs\\tutorial2\\app\\api\\home-content\\route.ts"
2026-01-08T06:13:29.906438Z  INFO tailwindcss_oxide::scanner: Reading "C:\\xampp\\htdocs\\tutorial2\\database\\add_phone_number_to_payments.sql"
2026-01-08T06:13:29.906440Z  INFO tailwindcss_oxide::scanner: Reading "C:\\xampp\\htdocs\\tutorial2\\app\\api\\messages\\[id]\\route.ts"
2026-01-08T06:13:29.906483Z  INFO tailwindcss_oxide::scanner: Reading "C:\\xampp\\htdocs\\tutorial2\\app\\api\\membership\\next-number\\route.ts"
2026-01-08T06:13:29.906488Z  INFO tailwindcss_oxide::scanner: Reading "C:\\xampp\\htdocs\\tutorial2\\app\\api\\admin\\users\\[id]\\route.ts"
2026-01-08T06:13:29.906499Z  INFO tailwindcss_oxide::scanner: Reading "C:\\xampp\\htdocs\\tutorial2\\app\\api\\payments\\activate-test\\route.ts"
2026-01-08T06:13:29.906539Z  INFO tailwindcss_oxide::scanner: Reading "C:\\xampp\\htdocs\\tutorial2\\database\\create_content_management_tables.sql"
2026-01-08T06:13:29.906548Z  INFO tailwindcss_oxide::scanner: Reading "C:\\xampp\\htdocs\\tutorial2\\app\\api\\payments\\azampay\\callback\\route.ts"
2026-01-08T06:13:29.906553Z  INFO tailwindcss_oxide::scanner: Reading "C:\\xampp\\htdocs\\tutorial2\\app\\api\\membership\\pay\\route.ts"
2026-01-08T06:13:29.906566Z  INFO tailwindcss_oxide::scanner: Reading "C:\\xampp\\htdocs\\tutorial2\\app\\api\\auth\\login\\route.ts"
2026-01-08T06:13:29.906609Z  INFO tailwindcss_oxide::scanner: Reading "C:\\xampp\\htdocs\\tutorial2\\app\\api\\membership\\payment-status\\route.ts"
2026-01-08T06:13:29.906628Z  INFO tailwindcss_oxide::scanner: Reading "C:\\xampp\\htdocs\\tutorial2\\app\\api\\auth\\logout\\route.ts"
2026-01-08T06:13:29.906642Z  INFO tailwindcss_oxide::scanner: Reading "C:\\xampp\\htdocs\\tutorial2\\lib\\db.ts"
2026-01-08T06:13:29.906671Z  INFO tailwindcss_oxide::scanner: Reading "C:\\xampp\\htdocs\\tutorial2\\app\\api\\membership\\status\\route.ts"
2026-01-08T06:13:29.906684Z  INFO tailwindcss_oxide::scanner: Reading "C:\\xampp\\htdocs\\tutorial2\\app\\admin\\requests\\page.tsx"
2026-01-08T06:13:29.906697Z  INFO tailwindcss_oxide::scanner: Reading "C:\\xampp\\htdocs\\tutorial2\\app\\api\\auth\\me\\route.ts"
2026-01-08T06:13:29.906736Z  INFO tailwindcss_oxide::scanner: Reading "C:\\xampp\\htdocs\\tutorial2\\app\\api\\messages\\reply\\route.ts"
2026-01-08T06:13:29.906745Z  INFO tailwindcss_oxide::scanner: Reading "C:\\xampp\\htdocs\\tutorial2\\lib\\membership-pricing.ts"
2026-01-08T06:13:29.906767Z  INFO tailwindcss_oxide::scanner: Reading "C:\\xampp\\htdocs\\tutorial2\\app\\api\\auth\\profile\\route.ts"
2026-01-08T06:13:29.906771Z  INFO tailwindcss_oxide::scanner: Reading "C:\\xampp\\htdocs\\tutorial2\\app\\api\\auth\\refresh\\route.ts"
2026-01-08T06:13:29.906792Z  INFO tailwindcss_oxide::scanner: Reading "C:\\xampp\\htdocs\\tutorial2\\app\\api\\messages\\route.ts"
2026-01-08T06:13:29.906830Z  INFO tailwindcss_oxide::scanner: Reading "C:\\xampp\\htdocs\\tutorial2\\app\\api\\auth\\register\\route.ts"
2026-01-08T06:13:29.906849Z  INFO tailwindcss_oxide::scanner: Reading "C:\\xampp\\htdocs\\tutorial2\\app\\api\\messages\\[id]\\read\\route.ts"
2026-01-08T06:13:29.906871Z  INFO tailwindcss_oxide::scanner: Reading "C:\\xampp\\htdocs\\tutorial2\\app\\api\\auth\\profile\\route.ts.new"
2026-01-08T06:13:29.906876Z  INFO tailwindcss_oxide::scanner: Reading "C:\\xampp\\htdocs\\tutorial2\\lib\\membership.ts"
2026-01-08T06:13:29.906887Z  INFO tailwindcss_oxide::scanner: Reading "C:\\xampp\\htdocs\\tutorial2\\migrations\\20251230000000_add_professional_fields.sql"
2026-01-08T06:13:29.906906Z  INFO tailwindcss_oxide::scanner: Reading "C:\\xampp\\htdocs\\tutorial2\\manual_activate_payment.php"
2026-01-08T06:13:29.906940Z  INFO tailwindcss_oxide::scanner: Reading "C:\\xampp\\htdocs\\tutorial2\\next.config.ts"
2026-01-08T06:13:29.906946Z  INFO tailwindcss_oxide::scanner: Reading "C:\\xampp\\htdocs\\tutorial2\\migrations\\0003_add_report_tables.sql"
2026-01-08T06:13:29.906960Z  INFO tailwindcss_oxide::scanner: Reading "C:\\xampp\\htdocs\\tutorial2\\middleware.ts"
2026-01-08T06:13:29.906971Z  INFO tailwindcss_oxide::scanner: Reading "C:\\xampp\\htdocs\\tutorial2\\lib\\mobile-money.ts"
2026-01-08T06:13:29.906998Z  INFO tailwindcss_oxide::scanner: Reading "C:\\xampp\\htdocs\\tutorial2\\package.json"
2026-01-08T06:13:29.907002Z  INFO tailwindcss_oxide::scanner: Reading "C:\\xampp\\htdocs\\tutorial2\\migrations\\0004_add_profile_fields.sql"
2026-01-08T06:13:29.907017Z  INFO tailwindcss_oxide::scanner: Reading "C:\\xampp\\htdocs\\tutorial2\\migrations\\0002_add_refresh_token_column.sql"
2026-01-08T06:13:29.907063Z  INFO tailwindcss_oxide::scanner: Reading "C:\\xampp\\htdocs\\tutorial2\\pnpm-workspace.yaml"
2026-01-08T06:13:29.907068Z  INFO tailwindcss_oxide::scanner: Reading "C:\\xampp\\htdocs\\tutorial2\\migrations\\0005_create_report_tables.sql"
2026-01-08T06:13:29.907071Z  INFO tailwindcss_oxide::scanner: Reading "C:\\xampp\\htdocs\\tutorial2\\public\\globe.svg"
2026-01-08T06:13:29.907078Z  INFO tailwindcss_oxide::scanner: Reading "C:\\xampp\\htdocs\\tutorial2\\lib\\profileCompletion.ts"
2026-01-08T06:13:29.907114Z  INFO tailwindcss_oxide::scanner: Reading "C:\\xampp\\htdocs\\tutorial2\\postcss.config.mjs"
2026-01-08T06:13:29.907125Z  INFO tailwindcss_oxide::scanner: Reading "C:\\xampp\\htdocs\\tutorial2\\migrations\\0006_create_membership_sequence.sql"
2026-01-08T06:13:29.907125Z  INFO tailwindcss_oxide::scanner: Reading "C:\\xampp\\htdocs\\tutorial2\\public\\next.svg"
2026-01-08T06:13:29.907167Z  INFO tailwindcss_oxide::scanner: Reading "C:\\xampp\\htdocs\\tutorial2\\lib\\utils.ts"
2026-01-08T06:13:29.907176Z  INFO tailwindcss_oxide::scanner: Reading "C:\\xampp\\htdocs\\tutorial2\\public\\file.svg"
2026-01-08T06:13:29.907180Z  INFO tailwindcss_oxide::scanner: Reading "C:\\xampp\\htdocs\\tutorial2\\public\\vercel.svg"
2026-01-08T06:13:29.907183Z  INFO tailwindcss_oxide::scanner: Reading "C:\\xampp\\htdocs\\tutorial2\\components.json"
2026-01-08T06:13:29.907233Z  INFO tailwindcss_oxide::scanner: Reading "C:\\xampp\\htdocs\\tutorial2\\public\\window.svg"
2026-01-08T06:13:29.907233Z  INFO tailwindcss_oxide::scanner: Reading "C:\\xampp\\htdocs\\tutorial2\\app\\api\\settings\\route.ts"
2026-01-08T06:13:29.907248Z  INFO tailwindcss_oxide::scanner: Reading "C:\\xampp\\htdocs\\tutorial2\\contexts\\AuthContext.tsx"
2026-01-08T06:13:29.907270Z  INFO tailwindcss_oxide::scanner: Reading "C:\\xampp\\htdocs\\tutorial2\\app\\api\\reports\\generate\\route.ts"
2026-01-08T06:13:29.907289Z  INFO tailwindcss_oxide::scanner: Reading "C:\\xampp\\htdocs\\tutorial2\\README.md"
2026-01-08T06:13:29.907290Z  INFO tailwindcss_oxide::scanner: Reading "C:\\xampp\\htdocs\\tutorial2\\app\\api\\setup\\ensure-admin\\route.ts"
2026-01-08T06:13:29.907331Z  INFO tailwindcss_oxide::scanner: Reading "C:\\xampp\\htdocs\\tutorial2\\convex\\_generated\\api.d.ts"
2026-01-08T06:13:29.907347Z  INFO tailwindcss_oxide::scanner: Reading "C:\\xampp\\htdocs\\tutorial2\\sampleData.jsonl"
2026-01-08T06:13:29.907347Z  INFO tailwindcss_oxide::scanner: Reading "C:\\xampp\\htdocs\\tutorial2\\app\\auth\\layout.tsx"
2026-01-08T06:13:29.907395Z  INFO tailwindcss_oxide::scanner: Reading "C:\\xampp\\htdocs\\tutorial2\\app\\api\\payments\\cleanup\\route.ts"
2026-01-08T06:13:29.907401Z  INFO tailwindcss_oxide::scanner: Reading "C:\\xampp\\htdocs\\tutorial2\\app\\auth\\login\\page.tsx"
2026-01-08T06:13:29.907403Z  INFO tailwindcss_oxide::scanner: Reading "C:\\xampp\\htdocs\\tutorial2\\app\\api\\reports\\send-email\\route.ts"
2026-01-08T06:13:29.907455Z  INFO tailwindcss_oxide::scanner: Reading "C:\\xampp\\htdocs\\tutorial2\\components\\web\\navbar.tsx"
2026-01-08T06:13:29.907492Z  INFO tailwindcss_oxide::scanner: Reading "C:\\xampp\\htdocs\\tutorial2\\app\\api\\send-approval-email\\route.ts"
2026-01-08T06:13:29.907511Z  INFO tailwindcss_oxide::scanner: Reading "C:\\xampp\\htdocs\\tutorial2\\components\\web\\theme-toggle.tsx"
2026-01-08T06:13:29.907522Z  INFO tailwindcss_oxide::scanner: Reading "C:\\xampp\\htdocs\\tutorial2\\components\\web\\footer.tsx"
2026-01-08T06:13:29.907569Z  INFO tailwindcss_oxide::scanner: Reading "C:\\xampp\\htdocs\\tutorial2\\fix_all_membership_status.php"
2026-01-08T06:13:29.907611Z  INFO tailwindcss_oxide::scanner: Reading "C:\\xampp\\htdocs\\tutorial2\\fix_membership_number.php"
2026-01-08T06:13:29.907644Z  INFO tailwindcss_oxide::scanner: Reading "C:\\xampp\\htdocs\\tutorial2\\tsconfig.json"
2026-01-08T06:13:29.907653Z  INFO tailwindcss_oxide::scanner: Reading "C:\\xampp\\htdocs\\tutorial2\\fix_membership.php"
2026-01-08T06:13:29.907702Z  INFO tailwindcss_oxide::scanner: Reading "C:\\xampp\\htdocs\\tutorial2\\fix_membership_numbers.sql"
2026-01-08T06:13:29.907711Z  INFO tailwindcss_oxide::scanner: Reading "C:\\xampp\\htdocs\\tutorial2\\lib\\auth.ts"
2026-01-08T06:13:29.907714Z  INFO tailwindcss_oxide::scanner: Reading "C:\\xampp\\htdocs\\tutorial2\\fix_memberships_table.sql"
2026-01-08T06:13:29.907771Z  INFO tailwindcss_oxide::scanner: Reading "C:\\xampp\\htdocs\\tutorial2\\jwt.php"
2026-01-08T06:13:29.907778Z  INFO tailwindcss_oxide::scanner: Reading "C:\\xampp\\htdocs\\tutorial2\\lib\\azampay.ts"
2026-01-08T06:13:29.907786Z  INFO tailwindcss_oxide::scanner: Reading "C:\\xampp\\htdocs\\tutorial2\\fix_membership_standalone.php"
2026-01-08T06:13:29.907826Z  INFO tailwindcss_oxide::scanner: Reading "C:\\xampp\\htdocs\\tutorial2\\fix_membership_status.sql"
2026-01-08T06:13:29.907932Z  INFO tailwindcss_oxide::scanner: Reading "C:\\xampp\\htdocs\\tutorial2\\eslint.config.mjs"
2026-01-08T06:13:29.907932Z  INFO tailwindcss_oxide::scanner: Reading "C:\\xampp\\htdocs\\tutorial2\\app\\admin\\page.tsx.backup"
2026-01-08T06:13:29.908010Z  INFO tailwindcss_oxide::scanner: Reading "C:\\xampp\\htdocs\\tutorial2\\app\\admin\\page.tsx.new"
2026-01-08T06:13:29.908211Z  INFO tailwindcss_oxide::scanner: Reading "C:\\xampp\\htdocs\\tutorial2\\fix_all_membership_numbers.sql"
2026-01-08T06:13:29.908211Z  INFO tailwindcss_oxide::scanner: Reading "C:\\xampp\\htdocs\\tutorial2\\app\\admin\\payments\\page.tsx"
2026-01-08T06:13:29.908258Z  INFO tailwindcss_oxide::scanner: Reading "C:\\xampp\\htdocs\\tutorial2\\app\\api\\payments\\azampay\\checkout\\route.ts"
2026-01-08T06:13:29.909137Z  INFO tailwindcss_oxide::scanner: Reading "C:\\xampp\\htdocs\\tutorial2\\app\\api\\payments\\mobile-money\\route.ts"
2026-01-08T06:13:29.909302Z  INFO extract_candidates:read_all_files: tailwindcss_oxide::scanner: exit
2026-01-08T06:13:29.909321Z  INFO extract_candidates:parse_all_blobs: tailwindcss_oxide::scanner: enter
2026-01-08T06:13:29.909327Z  INFO extract_candidates:parse_all_blobs:extract: tailwindcss_oxide::scanner: enter
2026-01-08T06:13:29.928013Z  INFO extract_candidates:parse_all_blobs:extract: tailwindcss_oxide::scanner: exit
2026-01-08T06:13:29.928534Z  INFO extract_candidates:parse_all_blobs: tailwindcss_oxide::scanner: exit
2026-01-08T06:13:29.928604Z  INFO extract_candidates:read_all_files: tailwindcss_oxide::scanner: enter
2026-01-08T06:13:29.928611Z  INFO extract_candidates:read_all_files: tailwindcss_oxide::scanner: Reading 2 file(s)
2026-01-08T06:13:29.929093Z  INFO tailwindcss_oxide::scanner: Reading "C:\\xampp\\htdocs\\tutorial2\\app\\globals.css"
2026-01-08T06:13:29.929134Z  INFO tailwindcss_oxide::scanner: Reading "C:\\xampp\\htdocs\\tutorial2\\app\\dashboard\\membership-card\\print-styles.css"
2026-01-08T06:13:29.929340Z  INFO extract_candidates:read_all_files: tailwindcss_oxide::scanner: exit
2026-01-08T06:13:29.929389Z  INFO extract_candidates:extract_css_variables: tailwindcss_oxide::scanner: enter
2026-01-08T06:13:29.929398Z  INFO extract_candidates:extract_css_variables:extract: tailwindcss_oxide::scanner: enter
2026-01-08T06:13:29.929819Z  INFO extract_candidates:extract_css_variables:extract: tailwindcss_oxide::scanner: exit
2026-01-08T06:13:29.929855Z  INFO extract_candidates:extract_css_variables: tailwindcss_oxide::scanner: exit
2026-01-08T06:13:29.934009Z  INFO extract_candidates: tailwindcss_oxide::scanner: exit
2026-01-08T06:13:29.938084Z  INFO get_files: tailwindcss_oxide::scanner: enter
2026-01-08T06:13:29.938146Z  INFO get_files:scan_sources: tailwindcss_oxide::scanner: enter
2026-01-08T06:13:29.942185Z  INFO get_files:scan_sources: tailwindcss_oxide::scanner: Discovering "C:\\xampp\\htdocs\\tutorial2\\api"
2026-01-08T06:13:29.942628Z  INFO get_files:scan_sources: tailwindcss_oxide::scanner: Discovering "C:\\xampp\\htdocs\\tutorial2\\api\\auth"
2026-01-08T06:13:29.943810Z  INFO get_files:scan_sources: tailwindcss_oxide::scanner: Discovering "C:\\xampp\\htdocs\\tutorial2\\app"
2026-01-08T06:13:29.944131Z  INFO get_files:scan_sources: tailwindcss_oxide::scanner: Discovering "C:\\xampp\\htdocs\\tutorial2\\app\\(layout)"
2026-01-08T06:13:29.944959Z  INFO get_files:scan_sources: tailwindcss_oxide::scanner: Discovering "C:\\xampp\\htdocs\\tutorial2\\app\\(shared-layout)"
2026-01-08T06:13:29.946032Z  INFO get_files:scan_sources: tailwindcss_oxide::scanner: Discovering "C:\\xampp\\htdocs\\tutorial2\\app\\about"
2026-01-08T06:13:29.946668Z  INFO get_files:scan_sources: tailwindcss_oxide::scanner: Discovering "C:\\xampp\\htdocs\\tutorial2\\app\\about-us"
2026-01-08T06:13:29.947102Z  INFO get_files:scan_sources: tailwindcss_oxide::scanner: Discovering "C:\\xampp\\htdocs\\tutorial2\\app\\admin"
2026-01-08T06:13:29.947415Z  INFO get_files:scan_sources: tailwindcss_oxide::scanner: Discovering "C:\\xampp\\htdocs\\tutorial2\\app\\admin\\content"
2026-01-08T06:13:29.951641Z  INFO get_files:scan_sources: tailwindcss_oxide::scanner: Discovering "C:\\xampp\\htdocs\\tutorial2\\app\\admin\\content\\about"
2026-01-08T06:13:29.952763Z  INFO get_files:scan_sources: tailwindcss_oxide::scanner: Discovering "C:\\xampp\\htdocs\\tutorial2\\app\\admin\\content\\contact"
2026-01-08T06:13:29.953505Z  INFO get_files:scan_sources: tailwindcss_oxide::scanner: Discovering "C:\\xampp\\htdocs\\tutorial2\\app\\admin\\content\\home"
2026-01-08T06:13:29.954164Z  INFO get_files:scan_sources: tailwindcss_oxide::scanner: Discovering "C:\\xampp\\htdocs\\tutorial2\\app\\admin\\dashboard"
2026-01-08T06:13:29.954590Z  INFO get_files:scan_sources: tailwindcss_oxide::scanner: Discovering "C:\\xampp\\htdocs\\tutorial2\\app\\admin\\events"
2026-01-08T06:13:29.955077Z  INFO get_files:scan_sources: tailwindcss_oxide::scanner: Discovering "C:\\xampp\\htdocs\\tutorial2\\app\\admin\\events\\[id]"
2026-01-08T06:13:29.955430Z  INFO get_files:scan_sources: tailwindcss_oxide::scanner: Discovering "C:\\xampp\\htdocs\\tutorial2\\app\\admin\\events\\[id]\\registrations"
2026-01-08T06:13:29.955907Z  INFO get_files:scan_sources: tailwindcss_oxide::scanner: Discovering "C:\\xampp\\htdocs\\tutorial2\\app\\admin\\membership"
2026-01-08T06:13:29.956466Z  INFO get_files:scan_sources: tailwindcss_oxide::scanner: Discovering "C:\\xampp\\htdocs\\tutorial2\\app\\admin\\payments"
2026-01-08T06:13:29.956809Z  INFO get_files:scan_sources: tailwindcss_oxide::scanner: Discovering "C:\\xampp\\htdocs\\tutorial2\\app\\admin\\reports"
2026-01-08T06:13:29.957239Z  INFO get_files:scan_sources: tailwindcss_oxide::scanner: Discovering "C:\\xampp\\htdocs\\tutorial2\\app\\admin\\requests"
2026-01-08T06:13:29.957588Z  INFO get_files:scan_sources: tailwindcss_oxide::scanner: Discovering "C:\\xampp\\htdocs\\tutorial2\\app\\admin\\users"
2026-01-08T06:13:29.957887Z  INFO get_files:scan_sources: tailwindcss_oxide::scanner: Discovering "C:\\xampp\\htdocs\\tutorial2\\app\\admin\\users\\[id]"
2026-01-08T06:13:29.958332Z  INFO get_files:scan_sources: tailwindcss_oxide::scanner: Discovering "C:\\xampp\\htdocs\\tutorial2\\app\\api"
2026-01-08T06:13:29.958632Z  INFO get_files:scan_sources: tailwindcss_oxide::scanner: Discovering "C:\\xampp\\htdocs\\tutorial2\\app\\api\\about-content"
2026-01-08T06:13:29.958961Z  INFO get_files:scan_sources: tailwindcss_oxide::scanner: Discovering "C:\\xampp\\htdocs\\tutorial2\\app\\api\\admin"
2026-01-08T06:13:29.959213Z  INFO get_files:scan_sources: tailwindcss_oxide::scanner: Discovering "C:\\xampp\\htdocs\\tutorial2\\app\\api\\admin\\content"
2026-01-08T06:13:29.959464Z  INFO get_files:scan_sources: tailwindcss_oxide::scanner: Discovering "C:\\xampp\\htdocs\\tutorial2\\app\\api\\admin\\content\\about"
2026-01-08T06:13:29.959750Z  INFO get_files:scan_sources: tailwindcss_oxide::scanner: Discovering "C:\\xampp\\htdocs\\tutorial2\\app\\api\\admin\\content\\about\\[id]"
2026-01-08T06:13:29.960128Z  INFO get_files:scan_sources: tailwindcss_oxide::scanner: Discovering "C:\\xampp\\htdocs\\tutorial2\\app\\api\\admin\\content\\contact"
2026-01-08T06:13:29.960428Z  INFO get_files:scan_sources: tailwindcss_oxide::scanner: Discovering "C:\\xampp\\htdocs\\tutorial2\\app\\api\\admin\\content\\contact\\[id]"
2026-01-08T06:13:29.960816Z  INFO get_files:scan_sources: tailwindcss_oxide::scanner: Discovering "C:\\xampp\\htdocs\\tutorial2\\app\\api\\admin\\content\\footer"
2026-01-08T06:13:29.961158Z  INFO get_files:scan_sources: tailwindcss_oxide::scanner: Discovering "C:\\xampp\\htdocs\\tutorial2\\app\\api\\admin\\content\\home"
2026-01-08T06:13:29.961447Z  INFO get_files:scan_sources: tailwindcss_oxide::scanner: Discovering "C:\\xampp\\htdocs\\tutorial2\\app\\api\\admin\\content\\home\\[id]"
2026-01-08T06:13:29.961772Z  INFO get_files:scan_sources: tailwindcss_oxide::scanner: Discovering "C:\\xampp\\htdocs\\tutorial2\\app\\api\\admin\\content\\media"
2026-01-08T06:13:29.962105Z  INFO get_files:scan_sources: tailwindcss_oxide::scanner: Discovering "C:\\xampp\\htdocs\\tutorial2\\app\\api\\admin\\content\\navigation"
2026-01-08T06:13:29.962437Z  INFO get_files:scan_sources: tailwindcss_oxide::scanner: Discovering "C:\\xampp\\htdocs\\tutorial2\\app\\api\\admin\\content\\pages"
2026-01-08T06:13:29.962725Z  INFO get_files:scan_sources: tailwindcss_oxide::scanner: Discovering "C:\\xampp\\htdocs\\tutorial2\\app\\api\\admin\\content\\pages\\[id]"
2026-01-08T06:13:29.963077Z  INFO get_files:scan_sources: tailwindcss_oxide::scanner: Discovering "C:\\xampp\\htdocs\\tutorial2\\app\\api\\admin\\content\\settings"
2026-01-08T06:13:29.963420Z  INFO get_files:scan_sources: tailwindcss_oxide::scanner: Discovering "C:\\xampp\\htdocs\\tutorial2\\app\\api\\admin\\create-admin"
2026-01-08T06:13:29.963724Z  INFO get_files:scan_sources: tailwindcss_oxide::scanner: Discovering "C:\\xampp\\htdocs\\tutorial2\\app\\api\\admin\\deleted-users"
2026-01-08T06:13:29.964025Z  INFO get_files:scan_sources: tailwindcss_oxide::scanner: Discovering "C:\\xampp\\htdocs\\tutorial2\\app\\api\\admin\\events"
2026-01-08T06:13:29.964370Z  INFO get_files:scan_sources: tailwindcss_oxide::scanner: Discovering "C:\\xampp\\htdocs\\tutorial2\\app\\api\\admin\\events\\[id]"
2026-01-08T06:13:29.964633Z  INFO get_files:scan_sources: tailwindcss_oxide::scanner: Discovering "C:\\xampp\\htdocs\\tutorial2\\app\\api\\admin\\events\\[id]\\registrations"
2026-01-08T06:13:29.965106Z  INFO get_files:scan_sources: tailwindcss_oxide::scanner: Discovering "C:\\xampp\\htdocs\\tutorial2\\app\\api\\admin\\fix-admin"
2026-01-08T06:13:29.965436Z  INFO get_files:scan_sources: tailwindcss_oxide::scanner: Discovering "C:\\xampp\\htdocs\\tutorial2\\app\\api\\admin\\membership"
2026-01-08T06:13:29.965668Z  INFO get_files:scan_sources: tailwindcss_oxide::scanner: Discovering "C:\\xampp\\htdocs\\tutorial2\\app\\api\\admin\\membership\\cycles"
2026-01-08T06:13:29.965969Z  INFO get_files:scan_sources: tailwindcss_oxide::scanner: Discovering "C:\\xampp\\htdocs\\tutorial2\\app\\api\\admin\\membership\\settings"
2026-01-08T06:13:29.966269Z  INFO get_files:scan_sources: tailwindcss_oxide::scanner: Discovering "C:\\xampp\\htdocs\\tutorial2\\app\\api\\admin\\membership\\types"
2026-01-08T06:13:29.966569Z  INFO get_files:scan_sources: tailwindcss_oxide::scanner: Discovering "C:\\xampp\\htdocs\\tutorial2\\app\\api\\admin\\payments"
2026-01-08T06:13:29.966829Z  INFO get_files:scan_sources: tailwindcss_oxide::scanner: Discovering "C:\\xampp\\htdocs\\tutorial2\\app\\api\\admin\\payments\\[id]"
2026-01-08T06:13:29.967085Z  INFO get_files:scan_sources: tailwindcss_oxide::scanner: Discovering "C:\\xampp\\htdocs\\tutorial2\\app\\api\\admin\\payments\\[id]\\refund"
2026-01-08T06:13:29.967480Z  INFO get_files:scan_sources: tailwindcss_oxide::scanner: Discovering "C:\\xampp\\htdocs\\tutorial2\\app\\api\\admin\\report"
2026-01-08T06:13:29.968069Z  INFO get_files:scan_sources: tailwindcss_oxide::scanner: Discovering "C:\\xampp\\htdocs\\tutorial2\\app\\api\\admin\\reports"
2026-01-08T06:13:29.968564Z  INFO get_files:scan_sources: tailwindcss_oxide::scanner: Discovering "C:\\xampp\\htdocs\\tutorial2\\app\\api\\admin\\reports\\generate"
2026-01-08T06:13:29.969121Z  INFO get_files:scan_sources: tailwindcss_oxide::scanner: Discovering "C:\\xampp\\htdocs\\tutorial2\\app\\api\\admin\\reset-admin"
2026-01-08T06:13:29.969507Z  INFO get_files:scan_sources: tailwindcss_oxide::scanner: Discovering "C:\\xampp\\htdocs\\tutorial2\\app\\api\\admin\\users"
2026-01-08T06:13:29.969771Z  INFO get_files:scan_sources: tailwindcss_oxide::scanner: Discovering "C:\\xampp\\htdocs\\tutorial2\\app\\api\\admin\\users\\restore"
2026-01-08T06:13:29.970158Z  INFO get_files:scan_sources: tailwindcss_oxide::scanner: Discovering "C:\\xampp\\htdocs\\tutorial2\\app\\api\\admin\\users\\[id]"
2026-01-08T06:13:29.970397Z  INFO get_files:scan_sources: tailwindcss_oxide::scanner: Discovering "C:\\xampp\\htdocs\\tutorial2\\app\\api\\admin\\users\\[id]\\approve"
2026-01-08T06:13:29.970690Z  INFO get_files:scan_sources: tailwindcss_oxide::scanner: Discovering "C:\\xampp\\htdocs\\tutorial2\\app\\api\\admin\\users\\[id]\\details"
2026-01-08T06:13:29.971027Z  INFO get_files:scan_sources: tailwindcss_oxide::scanner: Discovering "C:\\xampp\\htdocs\\tutorial2\\app\\api\\admin\\users\\[id]\\membership-status"
2026-01-08T06:13:29.971320Z  INFO get_files:scan_sources: tailwindcss_oxide::scanner: Discovering "C:\\xampp\\htdocs\\tutorial2\\app\\api\\admin\\users\\[id]\\password"
2026-01-08T06:13:29.971610Z  INFO get_files:scan_sources: tailwindcss_oxide::scanner: Discovering "C:\\xampp\\htdocs\\tutorial2\\app\\api\\admin\\users\\[id]\\reject"
2026-01-08T06:13:29.972011Z  INFO get_files:scan_sources: tailwindcss_oxide::scanner: Discovering "C:\\xampp\\htdocs\\tutorial2\\app\\api\\auth"
2026-01-08T06:13:29.972250Z  INFO get_files:scan_sources: tailwindcss_oxide::scanner: Discovering "C:\\xampp\\htdocs\\tutorial2\\app\\api\\auth\\login"
2026-01-08T06:13:29.972567Z  INFO get_files:scan_sources: tailwindcss_oxide::scanner: Discovering "C:\\xampp\\htdocs\\tutorial2\\app\\api\\auth\\logout"
2026-01-08T06:13:29.972877Z  INFO get_files:scan_sources: tailwindcss_oxide::scanner: Discovering "C:\\xampp\\htdocs\\tutorial2\\app\\api\\auth\\me"
2026-01-08T06:13:29.973159Z  INFO get_files:scan_sources: tailwindcss_oxide::scanner: Discovering "C:\\xampp\\htdocs\\tutorial2\\app\\api\\auth\\profile"
2026-01-08T06:13:29.973506Z  INFO get_files:scan_sources: tailwindcss_oxide::scanner: Discovering "C:\\xampp\\htdocs\\tutorial2\\app\\api\\auth\\refresh"
2026-01-08T06:13:29.973796Z  INFO get_files:scan_sources: tailwindcss_oxide::scanner: Discovering "C:\\xampp\\htdocs\\tutorial2\\app\\api\\auth\\register"
2026-01-08T06:13:29.974136Z  INFO get_files:scan_sources: tailwindcss_oxide::scanner: Discovering "C:\\xampp\\htdocs\\tutorial2\\app\\api\\contact-content"
2026-01-08T06:13:29.974445Z  INFO get_files:scan_sources: tailwindcss_oxide::scanner: Discovering "C:\\xampp\\htdocs\\tutorial2\\app\\api\\debug"
2026-01-08T06:13:29.974676Z  INFO get_files:scan_sources: tailwindcss_oxide::scanner: Discovering "C:\\xampp\\htdocs\\tutorial2\\app\\api\\debug\\pricing"
2026-01-08T06:13:29.975075Z  INFO get_files:scan_sources: tailwindcss_oxide::scanner: Discovering "C:\\xampp\\htdocs\\tutorial2\\app\\api\\events"
2026-01-08T06:13:29.975507Z  INFO get_files:scan_sources: tailwindcss_oxide::scanner: Discovering "C:\\xampp\\htdocs\\tutorial2\\app\\api\\events\\[id]"
2026-01-08T06:13:29.975791Z  INFO get_files:scan_sources: tailwindcss_oxide::scanner: Discovering "C:\\xampp\\htdocs\\tutorial2\\app\\api\\events\\[id]\\register"
2026-01-08T06:13:29.976202Z  INFO get_files:scan_sources: tailwindcss_oxide::scanner: Discovering "C:\\xampp\\htdocs\\tutorial2\\app\\api\\fix-membership"
2026-01-08T06:13:29.976601Z  INFO get_files:scan_sources: tailwindcss_oxide::scanner: Discovering "C:\\xampp\\htdocs\\tutorial2\\app\\api\\home-content"
2026-01-08T06:13:29.976940Z  INFO get_files:scan_sources: tailwindcss_oxide::scanner: Discovering "C:\\xampp\\htdocs\\tutorial2\\app\\api\\membership"
2026-01-08T06:13:29.977308Z  INFO get_files:scan_sources: tailwindcss_oxide::scanner: Discovering "C:\\xampp\\htdocs\\tutorial2\\app\\api\\membership\\next-number"
2026-01-08T06:13:29.977688Z  INFO get_files:scan_sources: tailwindcss_oxide::scanner: Discovering "C:\\xampp\\htdocs\\tutorial2\\app\\api\\membership\\pay"
2026-01-08T06:13:29.978011Z  INFO get_files:scan_sources: tailwindcss_oxide::scanner: Discovering "C:\\xampp\\htdocs\\tutorial2\\app\\api\\membership\\payment-status"
2026-01-08T06:13:29.978378Z  INFO get_files:scan_sources: tailwindcss_oxide::scanner: Discovering "C:\\xampp\\htdocs\\tutorial2\\app\\api\\membership\\status"
2026-01-08T06:13:29.978716Z  INFO get_files:scan_sources: tailwindcss_oxide::scanner: Discovering "C:\\xampp\\htdocs\\tutorial2\\app\\api\\messages"
2026-01-08T06:13:29.978939Z  INFO get_files:scan_sources: tailwindcss_oxide::scanner: Discovering "C:\\xampp\\htdocs\\tutorial2\\app\\api\\messages\\reply"
2026-01-08T06:13:29.980358Z  INFO get_files:scan_sources: tailwindcss_oxide::scanner: Discovering "C:\\xampp\\htdocs\\tutorial2\\app\\api\\messages\\[id]"
2026-01-08T06:13:29.980711Z  INFO get_files:scan_sources: tailwindcss_oxide::scanner: Discovering "C:\\xampp\\htdocs\\tutorial2\\app\\api\\messages\\[id]\\read"
2026-01-08T06:13:29.981171Z  INFO get_files:scan_sources: tailwindcss_oxide::scanner: Discovering "C:\\xampp\\htdocs\\tutorial2\\app\\api\\payments"
2026-01-08T06:13:29.981422Z  INFO get_files:scan_sources: tailwindcss_oxide::scanner: Discovering "C:\\xampp\\htdocs\\tutorial2\\app\\api\\payments\\activate-test"
2026-01-08T06:13:29.981728Z  INFO get_files:scan_sources: tailwindcss_oxide::scanner: Discovering "C:\\xampp\\htdocs\\tutorial2\\app\\api\\payments\\azampay"
2026-01-08T06:13:29.981974Z  INFO get_files:scan_sources: tailwindcss_oxide::scanner: Discovering "C:\\xampp\\htdocs\\tutorial2\\app\\api\\payments\\azampay\\callback"
2026-01-08T06:13:29.982481Z  INFO get_files:scan_sources: tailwindcss_oxide::scanner: Discovering "C:\\xampp\\htdocs\\tutorial2\\app\\api\\payments\\azampay\\checkout"
2026-01-08T06:13:29.982843Z  INFO get_files:scan_sources: tailwindcss_oxide::scanner: Discovering "C:\\xampp\\htdocs\\tutorial2\\app\\api\\payments\\cleanup"
2026-01-08T06:13:29.983458Z  INFO get_files:scan_sources: tailwindcss_oxide::scanner: Discovering "C:\\xampp\\htdocs\\tutorial2\\app\\api\\payments\\mobile-money"
2026-01-08T06:13:29.983872Z  INFO get_files:scan_sources: tailwindcss_oxide::scanner: Discovering "C:\\xampp\\htdocs\\tutorial2\\app\\api\\reports"
2026-01-08T06:13:29.984891Z  INFO get_files:scan_sources: tailwindcss_oxide::scanner: Discovering "C:\\xampp\\htdocs\\tutorial2\\app\\api\\reports\\generate"
2026-01-08T06:13:29.986055Z  INFO get_files:scan_sources: tailwindcss_oxide::scanner: Discovering "C:\\xampp\\htdocs\\tutorial2\\app\\api\\reports\\send-email"
2026-01-08T06:13:29.986675Z  INFO get_files:scan_sources: tailwindcss_oxide::scanner: Discovering "C:\\xampp\\htdocs\\tutorial2\\app\\api\\send-approval-email"
2026-01-08T06:13:29.987064Z  INFO get_files:scan_sources: tailwindcss_oxide::scanner: Discovering "C:\\xampp\\htdocs\\tutorial2\\app\\api\\settings"
2026-01-08T06:13:29.987401Z  INFO get_files:scan_sources: tailwindcss_oxide::scanner: Discovering "C:\\xampp\\htdocs\\tutorial2\\app\\api\\setup"
2026-01-08T06:13:29.987673Z  INFO get_files:scan_sources: tailwindcss_oxide::scanner: Discovering "C:\\xampp\\htdocs\\tutorial2\\app\\api\\setup\\ensure-admin"
2026-01-08T06:13:29.988045Z  INFO get_files:scan_sources: tailwindcss_oxide::scanner: Discovering "C:\\xampp\\htdocs\\tutorial2\\app\\auth"
2026-01-08T06:13:29.988314Z  INFO get_files:scan_sources: tailwindcss_oxide::scanner: Discovering "C:\\xampp\\htdocs\\tutorial2\\app\\auth\\login"
2026-01-08T06:13:29.988654Z  INFO get_files:scan_sources: tailwindcss_oxide::scanner: Discovering "C:\\xampp\\htdocs\\tutorial2\\app\\auth\\pending-approval"
2026-01-08T06:13:29.988976Z  INFO get_files:scan_sources: tailwindcss_oxide::scanner: Discovering "C:\\xampp\\htdocs\\tutorial2\\app\\auth\\register"
2026-01-08T06:13:29.989313Z  INFO get_files:scan_sources: tailwindcss_oxide::scanner: Discovering "C:\\xampp\\htdocs\\tutorial2\\app\\components"
2026-01-08T06:13:29.989691Z  INFO get_files:scan_sources: tailwindcss_oxide::scanner: Discovering "C:\\xampp\\htdocs\\tutorial2\\app\\contact"
2026-01-08T06:13:29.990102Z  INFO get_files:scan_sources: tailwindcss_oxide::scanner: Discovering "C:\\xampp\\htdocs\\tutorial2\\app\\dashboard"
2026-01-08T06:13:29.990748Z  INFO get_files:scan_sources: tailwindcss_oxide::scanner: Discovering "C:\\xampp\\htdocs\\tutorial2\\app\\dashboard\\complete-profile"
2026-01-08T06:13:29.991207Z  INFO get_files:scan_sources: tailwindcss_oxide::scanner: Discovering "C:\\xampp\\htdocs\\tutorial2\\app\\dashboard\\events"
2026-01-08T06:13:29.991624Z  INFO get_files:scan_sources: tailwindcss_oxide::scanner: Discovering "C:\\xampp\\htdocs\\tutorial2\\app\\dashboard\\membership-card"
2026-01-08T06:13:29.992033Z  INFO get_files:scan_sources: tailwindcss_oxide::scanner: Discovering "C:\\xampp\\htdocs\\tutorial2\\app\\dashboard\\messages"
2026-01-08T06:13:29.992225Z  INFO get_files:scan_sources: tailwindcss_oxide::scanner: Discovering "C:\\xampp\\htdocs\\tutorial2\\app\\dashboard\\payment"
2026-01-08T06:13:29.992434Z  INFO get_files:scan_sources: tailwindcss_oxide::scanner: Discovering "C:\\xampp\\htdocs\\tutorial2\\app\\dashboard\\payment\\success"
2026-01-08T06:13:29.992590Z  INFO get_files:scan_sources: tailwindcss_oxide::scanner: Discovering "C:\\xampp\\htdocs\\tutorial2\\app\\dashboard\\subscribe"
2026-01-08T06:13:29.992752Z  INFO get_files:scan_sources: tailwindcss_oxide::scanner: Discovering "C:\\xampp\\htdocs\\tutorial2\\app\\fix-auth"
2026-01-08T06:13:29.993048Z  INFO get_files:scan_sources: tailwindcss_oxide::scanner: Discovering "C:\\xampp\\htdocs\\tutorial2\\app\\schemas"
2026-01-08T06:13:29.993224Z  INFO get_files:scan_sources: tailwindcss_oxide::scanner: Discovering "C:\\xampp\\htdocs\\tutorial2\\app\\scripts"
2026-01-08T06:13:29.993347Z  INFO get_files:scan_sources: tailwindcss_oxide::scanner: Discovering "C:\\xampp\\htdocs\\tutorial2\\app\\unauthorized"
2026-01-08T06:13:29.993497Z  INFO get_files:scan_sources: tailwindcss_oxide::scanner: Discovering "C:\\xampp\\htdocs\\tutorial2\\components"
2026-01-08T06:13:29.993599Z  INFO get_files:scan_sources: tailwindcss_oxide::scanner: Discovering "C:\\xampp\\htdocs\\tutorial2\\components\\admin"
2026-01-08T06:13:29.993785Z  INFO get_files:scan_sources: tailwindcss_oxide::scanner: Discovering "C:\\xampp\\htdocs\\tutorial2\\components\\dashboard"
2026-01-08T06:13:29.993988Z  INFO get_files:scan_sources: tailwindcss_oxide::scanner: Discovering "C:\\xampp\\htdocs\\tutorial2\\components\\ui"
2026-01-08T06:13:29.994263Z  INFO get_files:scan_sources: tailwindcss_oxide::scanner: Discovering "C:\\xampp\\htdocs\\tutorial2\\components\\web"
2026-01-08T06:13:29.994449Z  INFO get_files:scan_sources: tailwindcss_oxide::scanner: Discovering "C:\\xampp\\htdocs\\tutorial2\\contexts"
2026-01-08T06:13:29.994566Z  INFO get_files:scan_sources: tailwindcss_oxide::scanner: Discovering "C:\\xampp\\htdocs\\tutorial2\\convex"
2026-01-08T06:13:29.994656Z  INFO get_files:scan_sources: tailwindcss_oxide::scanner: Discovering "C:\\xampp\\htdocs\\tutorial2\\convex\\_generated"
2026-01-08T06:13:29.994900Z  INFO get_files:scan_sources: tailwindcss_oxide::scanner: Discovering "C:\\xampp\\htdocs\\tutorial2\\database"
2026-01-08T06:13:29.995793Z  INFO get_files:scan_sources: tailwindcss_oxide::scanner: Discovering "C:\\xampp\\htdocs\\tutorial2\\lib"
2026-01-08T06:13:29.996200Z  INFO get_files:scan_sources: tailwindcss_oxide::scanner: Discovering "C:\\xampp\\htdocs\\tutorial2\\migrations"
2026-01-08T06:13:30.004780Z  INFO get_files:scan_sources: tailwindcss_oxide::scanner: Discovering "C:\\xampp\\htdocs\\tutorial2\\public"
2026-01-08T06:13:30.005627Z  INFO get_files:scan_sources: tailwindcss_oxide::scanner: Discovering "C:\\xampp\\htdocs\\tutorial2\\public\\uploads"
2026-01-08T06:13:30.006050Z  INFO get_files:scan_sources: tailwindcss_oxide::scanner: Discovering "C:\\xampp\\htdocs\\tutorial2\\public\\uploads\\documents"
2026-01-08T06:13:30.006359Z  INFO get_files:scan_sources: tailwindcss_oxide::scanner: Discovering "C:\\xampp\\htdocs\\tutorial2\\public\\uploads\\profile-pictures"
2026-01-08T06:13:30.007403Z  INFO get_files:scan_sources: tailwindcss_oxide::scanner: exit
2026-01-08T06:13:30.007599Z  INFO get_files: tailwindcss_oxide::scanner: exit
2026-01-08T06:13:30.008313Z  INFO get_globs: tailwindcss_oxide::scanner: enter
2026-01-08T06:13:30.008354Z  INFO get_globs:scan_sources: tailwindcss_oxide::scanner: enter
2026-01-08T06:13:30.010682Z  INFO get_globs:scan_sources: tailwindcss_oxide::scanner: Discovering "C:\\xampp\\htdocs\\tutorial2\\api"
2026-01-08T06:13:30.010843Z  INFO get_globs:scan_sources: tailwindcss_oxide::scanner: Discovering "C:\\xampp\\htdocs\\tutorial2\\api\\auth"
2026-01-08T06:13:30.011074Z  INFO get_globs:scan_sources: tailwindcss_oxide::scanner: Discovering "C:\\xampp\\htdocs\\tutorial2\\app"
2026-01-08T06:13:30.011256Z  INFO get_globs:scan_sources: tailwindcss_oxide::scanner: Discovering "C:\\xampp\\htdocs\\tutorial2\\app\\(layout)"
2026-01-08T06:13:30.011395Z  INFO get_globs:scan_sources: tailwindcss_oxide::scanner: Discovering "C:\\xampp\\htdocs\\tutorial2\\app\\(shared-layout)"
2026-01-08T06:13:30.011552Z  INFO get_globs:scan_sources: tailwindcss_oxide::scanner: Discovering "C:\\xampp\\htdocs\\tutorial2\\app\\about"
2026-01-08T06:13:30.011676Z  INFO get_globs:scan_sources: tailwindcss_oxide::scanner: Discovering "C:\\xampp\\htdocs\\tutorial2\\app\\about-us"
2026-01-08T06:13:30.011793Z  INFO get_globs:scan_sources: tailwindcss_oxide::scanner: Discovering "C:\\xampp\\htdocs\\tutorial2\\app\\admin"
2026-01-08T06:13:30.011888Z  INFO get_globs:scan_sources: tailwindcss_oxide::scanner: Discovering "C:\\xampp\\htdocs\\tutorial2\\app\\admin\\content"
2026-01-08T06:13:30.011985Z  INFO get_globs:scan_sources: tailwindcss_oxide::scanner: Discovering "C:\\xampp\\htdocs\\tutorial2\\app\\admin\\content\\about"
2026-01-08T06:13:30.012108Z  INFO get_globs:scan_sources: tailwindcss_oxide::scanner: Discovering "C:\\xampp\\htdocs\\tutorial2\\app\\admin\\content\\contact"
2026-01-08T06:13:30.012231Z  INFO get_globs:scan_sources: tailwindcss_oxide::scanner: Discovering "C:\\xampp\\htdocs\\tutorial2\\app\\admin\\content\\home"
2026-01-08T06:13:30.012383Z  INFO get_globs:scan_sources: tailwindcss_oxide::scanner: Discovering "C:\\xampp\\htdocs\\tutorial2\\app\\admin\\dashboard"
2026-01-08T06:13:30.012532Z  INFO get_globs:scan_sources: tailwindcss_oxide::scanner: Discovering "C:\\xampp\\htdocs\\tutorial2\\app\\admin\\events"
2026-01-08T06:13:30.012723Z  INFO get_globs:scan_sources: tailwindcss_oxide::scanner: Discovering "C:\\xampp\\htdocs\\tutorial2\\app\\admin\\events\\[id]"
2026-01-08T06:13:30.012920Z  INFO get_globs:scan_sources: tailwindcss_oxide::scanner: Discovering "C:\\xampp\\htdocs\\tutorial2\\app\\admin\\events\\[id]\\registrations"
2026-01-08T06:13:30.013174Z  INFO get_globs:scan_sources: tailwindcss_oxide::scanner: Discovering "C:\\xampp\\htdocs\\tutorial2\\app\\admin\\membership"
2026-01-08T06:13:30.013403Z  INFO get_globs:scan_sources: tailwindcss_oxide::scanner: Discovering "C:\\xampp\\htdocs\\tutorial2\\app\\admin\\payments"
2026-01-08T06:13:30.013724Z  INFO get_globs:scan_sources: tailwindcss_oxide::scanner: Discovering "C:\\xampp\\htdocs\\tutorial2\\app\\admin\\reports"
2026-01-08T06:13:30.014103Z  INFO get_globs:scan_sources: tailwindcss_oxide::scanner: Discovering "C:\\xampp\\htdocs\\tutorial2\\app\\admin\\requests"
2026-01-08T06:13:30.014372Z  INFO get_globs:scan_sources: tailwindcss_oxide::scanner: Discovering "C:\\xampp\\htdocs\\tutorial2\\app\\admin\\users"
2026-01-08T06:13:30.014585Z  INFO get_globs:scan_sources: tailwindcss_oxide::scanner: Discovering "C:\\xampp\\htdocs\\tutorial2\\app\\admin\\users\\[id]"
2026-01-08T06:13:30.014869Z  INFO get_globs:scan_sources: tailwindcss_oxide::scanner: Discovering "C:\\xampp\\htdocs\\tutorial2\\app\\api"
2026-01-08T06:13:30.015072Z  INFO get_globs:scan_sources: tailwindcss_oxide::scanner: Discovering "C:\\xampp\\htdocs\\tutorial2\\app\\api\\about-content"
2026-01-08T06:13:30.015238Z  INFO get_globs:scan_sources: tailwindcss_oxide::scanner: Discovering "C:\\xampp\\htdocs\\tutorial2\\app\\api\\admin"
2026-01-08T06:13:30.015377Z  INFO get_globs:scan_sources: tailwindcss_oxide::scanner: Discovering "C:\\xampp\\htdocs\\tutorial2\\app\\api\\admin\\content"
2026-01-08T06:13:30.015489Z  INFO get_globs:scan_sources: tailwindcss_oxide::scanner: Discovering "C:\\xampp\\htdocs\\tutorial2\\app\\api\\admin\\content\\about"
2026-01-08T06:13:30.015643Z  INFO get_globs:scan_sources: tailwindcss_oxide::scanner: Discovering "C:\\xampp\\htdocs\\tutorial2\\app\\api\\admin\\content\\about\\[id]"
2026-01-08T06:13:30.015853Z  INFO get_globs:scan_sources: tailwindcss_oxide::scanner: Discovering "C:\\xampp\\htdocs\\tutorial2\\app\\api\\admin\\content\\contact"
2026-01-08T06:13:30.015987Z  INFO get_globs:scan_sources: tailwindcss_oxide::scanner: Discovering "C:\\xampp\\htdocs\\tutorial2\\app\\api\\admin\\content\\contact\\[id]"
2026-01-08T06:13:30.016177Z  INFO get_globs:scan_sources: tailwindcss_oxide::scanner: Discovering "C:\\xampp\\htdocs\\tutorial2\\app\\api\\admin\\content\\footer"
2026-01-08T06:13:30.016360Z  INFO get_globs:scan_sources: tailwindcss_oxide::scanner: Discovering "C:\\xampp\\htdocs\\tutorial2\\app\\api\\admin\\content\\home"
2026-01-08T06:13:30.016503Z  INFO get_globs:scan_sources: tailwindcss_oxide::scanner: Discovering "C:\\xampp\\htdocs\\tutorial2\\app\\api\\admin\\content\\home\\[id]"
2026-01-08T06:13:30.016705Z  INFO get_globs:scan_sources: tailwindcss_oxide::scanner: Discovering "C:\\xampp\\htdocs\\tutorial2\\app\\api\\admin\\content\\media"
2026-01-08T06:13:30.017030Z  INFO get_globs:scan_sources: tailwindcss_oxide::scanner: Discovering "C:\\xampp\\htdocs\\tutorial2\\app\\api\\admin\\content\\navigation"
2026-01-08T06:13:30.017209Z  INFO get_globs:scan_sources: tailwindcss_oxide::scanner: Discovering "C:\\xampp\\htdocs\\tutorial2\\app\\api\\admin\\content\\pages"
2026-01-08T06:13:30.017325Z  INFO get_globs:scan_sources: tailwindcss_oxide::scanner: Discovering "C:\\xampp\\htdocs\\tutorial2\\app\\api\\admin\\content\\pages\\[id]"
2026-01-08T06:13:30.017812Z  INFO get_globs:scan_sources: tailwindcss_oxide::scanner: Discovering "C:\\xampp\\htdocs\\tutorial2\\app\\api\\admin\\content\\settings"
2026-01-08T06:13:30.018319Z  INFO get_globs:scan_sources: tailwindcss_oxide::scanner: Discovering "C:\\xampp\\htdocs\\tutorial2\\app\\api\\admin\\create-admin"
2026-01-08T06:13:30.018987Z  INFO get_globs:scan_sources: tailwindcss_oxide::scanner: Discovering "C:\\xampp\\htdocs\\tutorial2\\app\\api\\admin\\deleted-users"
2026-01-08T06:13:30.019373Z  INFO get_globs:scan_sources: tailwindcss_oxide::scanner: Discovering "C:\\xampp\\htdocs\\tutorial2\\app\\api\\admin\\events"
2026-01-08T06:13:30.019630Z  INFO get_globs:scan_sources: tailwindcss_oxide::scanner: Discovering "C:\\xampp\\htdocs\\tutorial2\\app\\api\\admin\\events\\[id]"
2026-01-08T06:13:30.019845Z  INFO get_globs:scan_sources: tailwindcss_oxide::scanner: Discovering "C:\\xampp\\htdocs\\tutorial2\\app\\api\\admin\\events\\[id]\\registrations"
2026-01-08T06:13:30.020112Z  INFO get_globs:scan_sources: tailwindcss_oxide::scanner: Discovering "C:\\xampp\\htdocs\\tutorial2\\app\\api\\admin\\fix-admin"
2026-01-08T06:13:30.020255Z  INFO get_globs:scan_sources: tailwindcss_oxide::scanner: Discovering "C:\\xampp\\htdocs\\tutorial2\\app\\api\\admin\\membership"
2026-01-08T06:13:30.020352Z  INFO get_globs:scan_sources: tailwindcss_oxide::scanner: Discovering "C:\\xampp\\htdocs\\tutorial2\\app\\api\\admin\\membership\\cycles"
2026-01-08T06:13:30.020477Z  INFO get_globs:scan_sources: tailwindcss_oxide::scanner: Discovering "C:\\xampp\\htdocs\\tutorial2\\app\\api\\admin\\membership\\settings"
2026-01-08T06:13:30.020602Z  INFO get_globs:scan_sources: tailwindcss_oxide::scanner: Discovering "C:\\xampp\\htdocs\\tutorial2\\app\\api\\admin\\membership\\types"
2026-01-08T06:13:30.020821Z  INFO get_globs:scan_sources: tailwindcss_oxide::scanner: Discovering "C:\\xampp\\htdocs\\tutorial2\\app\\api\\admin\\payments"
2026-01-08T06:13:30.020955Z  INFO get_globs:scan_sources: tailwindcss_oxide::scanner: Discovering "C:\\xampp\\htdocs\\tutorial2\\app\\api\\admin\\payments\\[id]"
2026-01-08T06:13:30.021072Z  INFO get_globs:scan_sources: tailwindcss_oxide::scanner: Discovering "C:\\xampp\\htdocs\\tutorial2\\app\\api\\admin\\payments\\[id]\\refund"
2026-01-08T06:13:30.021395Z  INFO get_globs:scan_sources: tailwindcss_oxide::scanner: Discovering "C:\\xampp\\htdocs\\tutorial2\\app\\api\\admin\\report"
2026-01-08T06:13:30.021648Z  INFO get_globs:scan_sources: tailwindcss_oxide::scanner: Discovering "C:\\xampp\\htdocs\\tutorial2\\app\\api\\admin\\reports"
2026-01-08T06:13:30.021855Z  INFO get_globs:scan_sources: tailwindcss_oxide::scanner: Discovering "C:\\xampp\\htdocs\\tutorial2\\app\\api\\admin\\reports\\generate"
2026-01-08T06:13:30.022113Z  INFO get_globs:scan_sources: tailwindcss_oxide::scanner: Discovering "C:\\xampp\\htdocs\\tutorial2\\app\\api\\admin\\reset-admin"
2026-01-08T06:13:30.022320Z  INFO get_globs:scan_sources: tailwindcss_oxide::scanner: Discovering "C:\\xampp\\htdocs\\tutorial2\\app\\api\\admin\\users"
2026-01-08T06:13:30.022465Z  INFO get_globs:scan_sources: tailwindcss_oxide::scanner: Discovering "C:\\xampp\\htdocs\\tutorial2\\app\\api\\admin\\users\\restore"
2026-01-08T06:13:30.022705Z  INFO get_globs:scan_sources: tailwindcss_oxide::scanner: Discovering "C:\\xampp\\htdocs\\tutorial2\\app\\api\\admin\\users\\[id]"
2026-01-08T06:13:30.022954Z  INFO get_globs:scan_sources: tailwindcss_oxide::scanner: Discovering "C:\\xampp\\htdocs\\tutorial2\\app\\api\\admin\\users\\[id]\\approve"
2026-01-08T06:13:30.023407Z  INFO get_globs:scan_sources: tailwindcss_oxide::scanner: Discovering "C:\\xampp\\htdocs\\tutorial2\\app\\api\\admin\\users\\[id]\\details"
2026-01-08T06:13:30.023733Z  INFO get_globs:scan_sources: tailwindcss_oxide::scanner: Discovering "C:\\xampp\\htdocs\\tutorial2\\app\\api\\admin\\users\\[id]\\membership-status"
2026-01-08T06:13:30.023886Z  INFO get_globs:scan_sources: tailwindcss_oxide::scanner: Discovering "C:\\xampp\\htdocs\\tutorial2\\app\\api\\admin\\users\\[id]\\password"
2026-01-08T06:13:30.024017Z  INFO get_globs:scan_sources: tailwindcss_oxide::scanner: Discovering "C:\\xampp\\htdocs\\tutorial2\\app\\api\\admin\\users\\[id]\\reject"
2026-01-08T06:13:30.024238Z  INFO get_globs:scan_sources: tailwindcss_oxide::scanner: Discovering "C:\\xampp\\htdocs\\tutorial2\\app\\api\\auth"
2026-01-08T06:13:30.024387Z  INFO get_globs:scan_sources: tailwindcss_oxide::scanner: Discovering "C:\\xampp\\htdocs\\tutorial2\\app\\api\\auth\\login"
2026-01-08T06:13:30.024564Z  INFO get_globs:scan_sources: tailwindcss_oxide::scanner: Discovering "C:\\xampp\\htdocs\\tutorial2\\app\\api\\auth\\logout"
2026-01-08T06:13:30.024892Z  INFO get_globs:scan_sources: tailwindcss_oxide::scanner: Discovering "C:\\xampp\\htdocs\\tutorial2\\app\\api\\auth\\me"
2026-01-08T06:13:30.025375Z  INFO get_globs:scan_sources: tailwindcss_oxide::scanner: Discovering "C:\\xampp\\htdocs\\tutorial2\\app\\api\\auth\\profile"
2026-01-08T06:13:30.025866Z  INFO get_globs:scan_sources: tailwindcss_oxide::scanner: Discovering "C:\\xampp\\htdocs\\tutorial2\\app\\api\\auth\\refresh"
2026-01-08T06:13:30.026195Z  INFO get_globs:scan_sources: tailwindcss_oxide::scanner: Discovering "C:\\xampp\\htdocs\\tutorial2\\app\\api\\auth\\register"
2026-01-08T06:13:30.026560Z  INFO get_globs:scan_sources: tailwindcss_oxide::scanner: Discovering "C:\\xampp\\htdocs\\tutorial2\\app\\api\\contact-content"
2026-01-08T06:13:30.026923Z  INFO get_globs:scan_sources: tailwindcss_oxide::scanner: Discovering "C:\\xampp\\htdocs\\tutorial2\\app\\api\\debug"
2026-01-08T06:13:30.027160Z  INFO get_globs:scan_sources: tailwindcss_oxide::scanner: Discovering "C:\\xampp\\htdocs\\tutorial2\\app\\api\\debug\\pricing"
2026-01-08T06:13:30.027533Z  INFO get_globs:scan_sources: tailwindcss_oxide::scanner: Discovering "C:\\xampp\\htdocs\\tutorial2\\app\\api\\events"
2026-01-08T06:13:30.027821Z  INFO get_globs:scan_sources: tailwindcss_oxide::scanner: Discovering "C:\\xampp\\htdocs\\tutorial2\\app\\api\\events\\[id]"
2026-01-08T06:13:30.028053Z  INFO get_globs:scan_sources: tailwindcss_oxide::scanner: Discovering "C:\\xampp\\htdocs\\tutorial2\\app\\api\\events\\[id]\\register"
2026-01-08T06:13:30.028416Z  INFO get_globs:scan_sources: tailwindcss_oxide::scanner: Discovering "C:\\xampp\\htdocs\\tutorial2\\app\\api\\fix-membership"
2026-01-08T06:13:30.028718Z  INFO get_globs:scan_sources: tailwindcss_oxide::scanner: Discovering "C:\\xampp\\htdocs\\tutorial2\\app\\api\\home-content"
2026-01-08T06:13:30.029007Z  INFO get_globs:scan_sources: tailwindcss_oxide::scanner: Discovering "C:\\xampp\\htdocs\\tutorial2\\app\\api\\membership"
2026-01-08T06:13:30.029253Z  INFO get_globs:scan_sources: tailwindcss_oxide::scanner: Discovering "C:\\xampp\\htdocs\\tutorial2\\app\\api\\membership\\next-number"
2026-01-08T06:13:30.029597Z  INFO get_globs:scan_sources: tailwindcss_oxide::scanner: Discovering "C:\\xampp\\htdocs\\tutorial2\\app\\api\\membership\\pay"
2026-01-08T06:13:30.029910Z  INFO get_globs:scan_sources: tailwindcss_oxide::scanner: Discovering "C:\\xampp\\htdocs\\tutorial2\\app\\api\\membership\\payment-status"
2026-01-08T06:13:30.030228Z  INFO get_globs:scan_sources: tailwindcss_oxide::scanner: Discovering "C:\\xampp\\htdocs\\tutorial2\\app\\api\\membership\\status"
2026-01-08T06:13:30.030616Z  INFO get_globs:scan_sources: tailwindcss_oxide::scanner: Discovering "C:\\xampp\\htdocs\\tutorial2\\app\\api\\messages"
2026-01-08T06:13:30.030855Z  INFO get_globs:scan_sources: tailwindcss_oxide::scanner: Discovering "C:\\xampp\\htdocs\\tutorial2\\app\\api\\messages\\reply"
2026-01-08T06:13:30.031187Z  INFO get_globs:scan_sources: tailwindcss_oxide::scanner: Discovering "C:\\xampp\\htdocs\\tutorial2\\app\\api\\messages\\[id]"
2026-01-08T06:13:30.031433Z  INFO get_globs:scan_sources: tailwindcss_oxide::scanner: Discovering "C:\\xampp\\htdocs\\tutorial2\\app\\api\\messages\\[id]\\read"
2026-01-08T06:13:30.031838Z  INFO get_globs:scan_sources: tailwindcss_oxide::scanner: Discovering "C:\\xampp\\htdocs\\tutorial2\\app\\api\\payments"
2026-01-08T06:13:30.032072Z  INFO get_globs:scan_sources: tailwindcss_oxide::scanner: Discovering "C:\\xampp\\htdocs\\tutorial2\\app\\api\\payments\\activate-test"
2026-01-08T06:13:30.032393Z  INFO get_globs:scan_sources: tailwindcss_oxide::scanner: Discovering "C:\\xampp\\htdocs\\tutorial2\\app\\api\\payments\\azampay"
2026-01-08T06:13:30.032667Z  INFO get_globs:scan_sources: tailwindcss_oxide::scanner: Discovering "C:\\xampp\\htdocs\\tutorial2\\app\\api\\payments\\azampay\\callback"
2026-01-08T06:13:30.032979Z  INFO get_globs:scan_sources: tailwindcss_oxide::scanner: Discovering "C:\\xampp\\htdocs\\tutorial2\\app\\api\\payments\\azampay\\checkout"
2026-01-08T06:13:30.033455Z  INFO get_globs:scan_sources: tailwindcss_oxide::scanner: Discovering "C:\\xampp\\htdocs\\tutorial2\\app\\api\\payments\\cleanup"
2026-01-08T06:13:30.033885Z  INFO get_globs:scan_sources: tailwindcss_oxide::scanner: Discovering "C:\\xampp\\htdocs\\tutorial2\\app\\api\\payments\\mobile-money"
2026-01-08T06:13:30.034562Z  INFO get_globs:scan_sources: tailwindcss_oxide::scanner: Discovering "C:\\xampp\\htdocs\\tutorial2\\app\\api\\reports"
2026-01-08T06:13:30.035033Z  INFO get_globs:scan_sources: tailwindcss_oxide::scanner: Discovering "C:\\xampp\\htdocs\\tutorial2\\app\\api\\reports\\generate"
2026-01-08T06:13:30.036629Z  INFO get_globs:scan_sources: tailwindcss_oxide::scanner: Discovering "C:\\xampp\\htdocs\\tutorial2\\app\\api\\reports\\send-email"
2026-01-08T06:13:30.037788Z  INFO get_globs:scan_sources: tailwindcss_oxide::scanner: Discovering "C:\\xampp\\htdocs\\tutorial2\\app\\api\\send-approval-email"
2026-01-08T06:13:30.038557Z  INFO get_globs:scan_sources: tailwindcss_oxide::scanner: Discovering "C:\\xampp\\htdocs\\tutorial2\\app\\api\\settings"
2026-01-08T06:13:30.039007Z  INFO get_globs:scan_sources: tailwindcss_oxide::scanner: Discovering "C:\\xampp\\htdocs\\tutorial2\\app\\api\\setup"
2026-01-08T06:13:30.039308Z  INFO get_globs:scan_sources: tailwindcss_oxide::scanner: Discovering "C:\\xampp\\htdocs\\tutorial2\\app\\api\\setup\\ensure-admin"
2026-01-08T06:13:30.039728Z  INFO get_globs:scan_sources: tailwindcss_oxide::scanner: Discovering "C:\\xampp\\htdocs\\tutorial2\\app\\auth"
2026-01-08T06:13:30.040016Z  INFO get_globs:scan_sources: tailwindcss_oxide::scanner: Discovering "C:\\xampp\\htdocs\\tutorial2\\app\\auth\\login"
2026-01-08T06:13:30.042520Z  INFO get_globs:scan_sources: tailwindcss_oxide::scanner: Discovering "C:\\xampp\\htdocs\\tutorial2\\app\\auth\\pending-approval"
2026-01-08T06:13:30.042753Z  INFO get_globs:scan_sources: tailwindcss_oxide::scanner: Discovering "C:\\xampp\\htdocs\\tutorial2\\app\\auth\\register"
2026-01-08T06:13:30.043092Z  INFO get_globs:scan_sources: tailwindcss_oxide::scanner: Discovering "C:\\xampp\\htdocs\\tutorial2\\app\\components"
2026-01-08T06:13:30.043324Z  INFO get_globs:scan_sources: tailwindcss_oxide::scanner: Discovering "C:\\xampp\\htdocs\\tutorial2\\app\\contact"
2026-01-08T06:13:30.043627Z  INFO get_globs:scan_sources: tailwindcss_oxide::scanner: Discovering "C:\\xampp\\htdocs\\tutorial2\\app\\dashboard"
2026-01-08T06:13:30.044007Z  INFO get_globs:scan_sources: tailwindcss_oxide::scanner: Discovering "C:\\xampp\\htdocs\\tutorial2\\app\\dashboard\\complete-profile"
2026-01-08T06:13:30.044691Z  INFO get_globs:scan_sources: tailwindcss_oxide::scanner: Discovering "C:\\xampp\\htdocs\\tutorial2\\app\\dashboard\\events"
2026-01-08T06:13:30.045141Z  INFO get_globs:scan_sources: tailwindcss_oxide::scanner: Discovering "C:\\xampp\\htdocs\\tutorial2\\app\\dashboard\\membership-card"
2026-01-08T06:13:30.045556Z  INFO get_globs:scan_sources: tailwindcss_oxide::scanner: Discovering "C:\\xampp\\htdocs\\tutorial2\\app\\dashboard\\messages"
2026-01-08T06:13:30.045938Z  INFO get_globs:scan_sources: tailwindcss_oxide::scanner: Discovering "C:\\xampp\\htdocs\\tutorial2\\app\\dashboard\\payment"
2026-01-08T06:13:30.046232Z  INFO get_globs:scan_sources: tailwindcss_oxide::scanner: Discovering "C:\\xampp\\htdocs\\tutorial2\\app\\dashboard\\payment\\success"
2026-01-08T06:13:30.046593Z  INFO get_globs:scan_sources: tailwindcss_oxide::scanner: Discovering "C:\\xampp\\htdocs\\tutorial2\\app\\dashboard\\subscribe"
2026-01-08T06:13:30.046977Z  INFO get_globs:scan_sources: tailwindcss_oxide::scanner: Discovering "C:\\xampp\\htdocs\\tutorial2\\app\\fix-auth"
2026-01-08T06:13:30.047464Z  INFO get_globs:scan_sources: tailwindcss_oxide::scanner: Discovering "C:\\xampp\\htdocs\\tutorial2\\app\\schemas"
2026-01-08T06:13:30.047776Z  INFO get_globs:scan_sources: tailwindcss_oxide::scanner: Discovering "C:\\xampp\\htdocs\\tutorial2\\app\\scripts"
2026-01-08T06:13:30.048068Z  INFO get_globs:scan_sources: tailwindcss_oxide::scanner: Discovering "C:\\xampp\\htdocs\\tutorial2\\app\\unauthorized"
2026-01-08T06:13:30.048398Z  INFO get_globs:scan_sources: tailwindcss_oxide::scanner: Discovering "C:\\xampp\\htdocs\\tutorial2\\components"
2026-01-08T06:13:30.048724Z  INFO get_globs:scan_sources: tailwindcss_oxide::scanner: Discovering "C:\\xampp\\htdocs\\tutorial2\\components\\admin"
2026-01-08T06:13:30.049205Z  INFO get_globs:scan_sources: tailwindcss_oxide::scanner: Discovering "C:\\xampp\\htdocs\\tutorial2\\components\\dashboard"
2026-01-08T06:13:30.049531Z  INFO get_globs:scan_sources: tailwindcss_oxide::scanner: Discovering "C:\\xampp\\htdocs\\tutorial2\\components\\ui"
2026-01-08T06:13:30.049986Z  INFO get_globs:scan_sources: tailwindcss_oxide::scanner: Discovering "C:\\xampp\\htdocs\\tutorial2\\components\\web"
2026-01-08T06:13:30.050366Z  INFO get_globs:scan_sources: tailwindcss_oxide::scanner: Discovering "C:\\xampp\\htdocs\\tutorial2\\contexts"
2026-01-08T06:13:30.050561Z  INFO get_globs:scan_sources: tailwindcss_oxide::scanner: Discovering "C:\\xampp\\htdocs\\tutorial2\\convex"
2026-01-08T06:13:30.050700Z  INFO get_globs:scan_sources: tailwindcss_oxide::scanner: Discovering "C:\\xampp\\htdocs\\tutorial2\\convex\\_generated"
2026-01-08T06:13:30.051600Z  INFO get_globs:scan_sources: tailwindcss_oxide::scanner: Discovering "C:\\xampp\\htdocs\\tutorial2\\database"
2026-01-08T06:13:30.052765Z  INFO get_globs:scan_sources: tailwindcss_oxide::scanner: Discovering "C:\\xampp\\htdocs\\tutorial2\\lib"
2026-01-08T06:13:30.053374Z  INFO get_globs:scan_sources: tailwindcss_oxide::scanner: Discovering "C:\\xampp\\htdocs\\tutorial2\\migrations"
2026-01-08T06:13:30.054816Z  INFO get_globs:scan_sources: tailwindcss_oxide::scanner: Discovering "C:\\xampp\\htdocs\\tutorial2\\public"
2026-01-08T06:13:30.055327Z  INFO get_globs:scan_sources: tailwindcss_oxide::scanner: Discovering "C:\\xampp\\htdocs\\tutorial2\\public\\uploads"
2026-01-08T06:13:30.055585Z  INFO get_globs:scan_sources: tailwindcss_oxide::scanner: Discovering "C:\\xampp\\htdocs\\tutorial2\\public\\uploads\\documents"
2026-01-08T06:13:30.055889Z  INFO get_globs:scan_sources: tailwindcss_oxide::scanner: Discovering "C:\\xampp\\htdocs\\tutorial2\\public\\uploads\\profile-pictures"
2026-01-08T06:13:30.056733Z  INFO get_globs:scan_sources: tailwindcss_oxide::scanner: exit
2026-01-08T06:13:30.086829Z  INFO get_globs: tailwindcss_oxide::scanner: exit
2026-01-08T06:14:09.911876Z  INFO scan_sources: tailwindcss_oxide::scanner: enter
2026-01-08T06:14:09.917169Z  INFO scan_sources: tailwindcss_oxide::scanner: Discovering "C:\\xampp\\htdocs\\tutorial2\\api"
2026-01-08T06:14:09.917498Z  INFO scan_sources: tailwindcss_oxide::scanner: Discovering "C:\\xampp\\htdocs\\tutorial2\\api\\auth"
2026-01-08T06:14:09.920037Z  INFO scan_sources: tailwindcss_oxide::scanner: Discovering "C:\\xampp\\htdocs\\tutorial2\\app"
2026-01-08T06:14:09.920477Z  INFO scan_sources: tailwindcss_oxide::scanner: Discovering "C:\\xampp\\htdocs\\tutorial2\\app\\(layout)"
2026-01-08T06:14:09.920821Z  INFO scan_sources: tailwindcss_oxide::scanner: Discovering "C:\\xampp\\htdocs\\tutorial2\\app\\(shared-layout)"
2026-01-08T06:14:09.921168Z  INFO scan_sources: tailwindcss_oxide::scanner: Discovering "C:\\xampp\\htdocs\\tutorial2\\app\\about"
2026-01-08T06:14:09.922402Z  INFO scan_sources: tailwindcss_oxide::scanner: Discovering "C:\\xampp\\htdocs\\tutorial2\\app\\about-us"
2026-01-08T06:14:09.922792Z  INFO scan_sources: tailwindcss_oxide::scanner: Discovering "C:\\xampp\\htdocs\\tutorial2\\app\\admin"
2026-01-08T06:14:09.923061Z  INFO scan_sources: tailwindcss_oxide::scanner: Discovering "C:\\xampp\\htdocs\\tutorial2\\app\\admin\\content"
2026-01-08T06:14:09.923345Z  INFO scan_sources: tailwindcss_oxide::scanner: Discovering "C:\\xampp\\htdocs\\tutorial2\\app\\admin\\content\\about"
2026-01-08T06:14:09.923745Z  INFO scan_sources: tailwindcss_oxide::scanner: Discovering "C:\\xampp\\htdocs\\tutorial2\\app\\admin\\content\\contact"
2026-01-08T06:14:09.924107Z  INFO scan_sources: tailwindcss_oxide::scanner: Discovering "C:\\xampp\\htdocs\\tutorial2\\app\\admin\\content\\home"
2026-01-08T06:14:09.925180Z  INFO scan_sources: tailwindcss_oxide::scanner: Discovering "C:\\xampp\\htdocs\\tutorial2\\app\\admin\\dashboard"
2026-01-08T06:14:09.925569Z  INFO scan_sources: tailwindcss_oxide::scanner: Discovering "C:\\xampp\\htdocs\\tutorial2\\app\\admin\\events"
2026-01-08T06:14:09.925898Z  INFO scan_sources: tailwindcss_oxide::scanner: Discovering "C:\\xampp\\htdocs\\tutorial2\\app\\admin\\events\\[id]"
2026-01-08T06:14:09.926243Z  INFO scan_sources: tailwindcss_oxide::scanner: Discovering "C:\\xampp\\htdocs\\tutorial2\\app\\admin\\events\\[id]\\registrations"
2026-01-08T06:14:09.926731Z  INFO scan_sources: tailwindcss_oxide::scanner: Discovering "C:\\xampp\\htdocs\\tutorial2\\app\\admin\\membership"
2026-01-08T06:14:09.927333Z  INFO scan_sources: tailwindcss_oxide::scanner: Discovering "C:\\xampp\\htdocs\\tutorial2\\app\\admin\\payments"
2026-01-08T06:14:09.929905Z  INFO scan_sources: tailwindcss_oxide::scanner: Discovering "C:\\xampp\\htdocs\\tutorial2\\app\\admin\\reports"
2026-01-08T06:14:09.931262Z  INFO scan_sources: tailwindcss_oxide::scanner: Discovering "C:\\xampp\\htdocs\\tutorial2\\app\\admin\\requests"
2026-01-08T06:14:09.932101Z  INFO scan_sources: tailwindcss_oxide::scanner: Discovering "C:\\xampp\\htdocs\\tutorial2\\app\\admin\\users"
2026-01-08T06:14:09.932455Z  INFO scan_sources: tailwindcss_oxide::scanner: Discovering "C:\\xampp\\htdocs\\tutorial2\\app\\admin\\users\\[id]"
2026-01-08T06:14:09.937418Z  INFO scan_sources: tailwindcss_oxide::scanner: Discovering "C:\\xampp\\htdocs\\tutorial2\\app\\api"
2026-01-08T06:14:09.937888Z  INFO scan_sources: tailwindcss_oxide::scanner: Discovering "C:\\xampp\\htdocs\\tutorial2\\app\\api\\about-content"
2026-01-08T06:14:09.938434Z  INFO scan_sources: tailwindcss_oxide::scanner: Discovering "C:\\xampp\\htdocs\\tutorial2\\app\\api\\admin"
2026-01-08T06:14:09.940429Z  INFO scan_sources: tailwindcss_oxide::scanner: Discovering "C:\\xampp\\htdocs\\tutorial2\\app\\api\\admin\\content"
2026-01-08T06:14:09.941134Z  INFO scan_sources: tailwindcss_oxide::scanner: Discovering "C:\\xampp\\htdocs\\tutorial2\\app\\api\\admin\\content\\about"
2026-01-08T06:14:09.941560Z  INFO scan_sources: tailwindcss_oxide::scanner: Discovering "C:\\xampp\\htdocs\\tutorial2\\app\\api\\admin\\content\\about\\[id]"
2026-01-08T06:14:09.941983Z  INFO scan_sources: tailwindcss_oxide::scanner: Discovering "C:\\xampp\\htdocs\\tutorial2\\app\\api\\admin\\content\\contact"
2026-01-08T06:14:09.942479Z  INFO scan_sources: tailwindcss_oxide::scanner: Discovering "C:\\xampp\\htdocs\\tutorial2\\app\\api\\admin\\content\\contact\\[id]"
2026-01-08T06:14:09.942936Z  INFO scan_sources: tailwindcss_oxide::scanner: Discovering "C:\\xampp\\htdocs\\tutorial2\\app\\api\\admin\\content\\footer"
2026-01-08T06:14:09.945292Z  INFO scan_sources: tailwindcss_oxide::scanner: Discovering "C:\\xampp\\htdocs\\tutorial2\\app\\api\\admin\\content\\home"
2026-01-08T06:14:09.946246Z  INFO scan_sources: tailwindcss_oxide::scanner: Discovering "C:\\xampp\\htdocs\\tutorial2\\app\\api\\admin\\content\\home\\[id]"
2026-01-08T06:14:09.946758Z  INFO scan_sources: tailwindcss_oxide::scanner: Discovering "C:\\xampp\\htdocs\\tutorial2\\app\\api\\admin\\content\\media"
2026-01-08T06:14:09.947455Z  INFO scan_sources: tailwindcss_oxide::scanner: Discovering "C:\\xampp\\htdocs\\tutorial2\\app\\api\\admin\\content\\navigation"
2026-01-08T06:14:09.948337Z  INFO scan_sources: tailwindcss_oxide::scanner: Discovering "C:\\xampp\\htdocs\\tutorial2\\app\\api\\admin\\content\\pages"
2026-01-08T06:14:09.950434Z  INFO scan_sources: tailwindcss_oxide::scanner: Discovering "C:\\xampp\\htdocs\\tutorial2\\app\\api\\admin\\content\\pages\\[id]"
2026-01-08T06:14:09.950909Z  INFO scan_sources: tailwindcss_oxide::scanner: Discovering "C:\\xampp\\htdocs\\tutorial2\\app\\api\\admin\\content\\settings"
2026-01-08T06:14:09.954408Z  INFO scan_sources: tailwindcss_oxide::scanner: Discovering "C:\\xampp\\htdocs\\tutorial2\\app\\api\\admin\\create-admin"
2026-01-08T06:14:09.955563Z  INFO scan_sources: tailwindcss_oxide::scanner: Discovering "C:\\xampp\\htdocs\\tutorial2\\app\\api\\admin\\deleted-users"
2026-01-08T06:14:09.956003Z  INFO scan_sources: tailwindcss_oxide::scanner: Discovering "C:\\xampp\\htdocs\\tutorial2\\app\\api\\admin\\events"
2026-01-08T06:14:09.956417Z  INFO scan_sources: tailwindcss_oxide::scanner: Discovering "C:\\xampp\\htdocs\\tutorial2\\app\\api\\admin\\events\\[id]"
2026-01-08T06:14:09.956761Z  INFO scan_sources: tailwindcss_oxide::scanner: Discovering "C:\\xampp\\htdocs\\tutorial2\\app\\api\\admin\\events\\[id]\\registrations"
2026-01-08T06:14:09.957354Z  INFO scan_sources: tailwindcss_oxide::scanner: Discovering "C:\\xampp\\htdocs\\tutorial2\\app\\api\\admin\\fix-admin"
2026-01-08T06:14:09.958476Z  INFO scan_sources: tailwindcss_oxide::scanner: Discovering "C:\\xampp\\htdocs\\tutorial2\\app\\api\\admin\\membership"
2026-01-08T06:14:09.958801Z  INFO scan_sources: tailwindcss_oxide::scanner: Discovering "C:\\xampp\\htdocs\\tutorial2\\app\\api\\admin\\membership\\cycles"
2026-01-08T06:14:09.959175Z  INFO scan_sources: tailwindcss_oxide::scanner: Discovering "C:\\xampp\\htdocs\\tutorial2\\app\\api\\admin\\membership\\settings"
2026-01-08T06:14:09.959556Z  INFO scan_sources: tailwindcss_oxide::scanner: Discovering "C:\\xampp\\htdocs\\tutorial2\\app\\api\\admin\\membership\\types"
2026-01-08T06:14:09.959940Z  INFO scan_sources: tailwindcss_oxide::scanner: Discovering "C:\\xampp\\htdocs\\tutorial2\\app\\api\\admin\\payments"
2026-01-08T06:14:09.961061Z  INFO scan_sources: tailwindcss_oxide::scanner: Discovering "C:\\xampp\\htdocs\\tutorial2\\app\\api\\admin\\payments\\[id]"
2026-01-08T06:14:09.961421Z  INFO scan_sources: tailwindcss_oxide::scanner: Discovering "C:\\xampp\\htdocs\\tutorial2\\app\\api\\admin\\payments\\[id]\\refund"
2026-01-08T06:14:09.961952Z  INFO scan_sources: tailwindcss_oxide::scanner: Discovering "C:\\xampp\\htdocs\\tutorial2\\app\\api\\admin\\report"
2026-01-08T06:14:09.962279Z  INFO scan_sources: tailwindcss_oxide::scanner: Discovering "C:\\xampp\\htdocs\\tutorial2\\app\\api\\admin\\reports"
2026-01-08T06:14:09.962668Z  INFO scan_sources: tailwindcss_oxide::scanner: Discovering "C:\\xampp\\htdocs\\tutorial2\\app\\api\\admin\\reports\\generate"
2026-01-08T06:14:09.970195Z  INFO scan_sources: tailwindcss_oxide::scanner: Discovering "C:\\xampp\\htdocs\\tutorial2\\app\\api\\admin\\reset-admin"
2026-01-08T06:14:09.974132Z  INFO scan_sources: tailwindcss_oxide::scanner: Discovering "C:\\xampp\\htdocs\\tutorial2\\app\\api\\admin\\users"
2026-01-08T06:14:09.974617Z  INFO scan_sources: tailwindcss_oxide::scanner: Discovering "C:\\xampp\\htdocs\\tutorial2\\app\\api\\admin\\users\\restore"
2026-01-08T06:14:09.975156Z  INFO scan_sources: tailwindcss_oxide::scanner: Discovering "C:\\xampp\\htdocs\\tutorial2\\app\\api\\admin\\users\\[id]"
2026-01-08T06:14:09.975465Z  INFO scan_sources: tailwindcss_oxide::scanner: Discovering "C:\\xampp\\htdocs\\tutorial2\\app\\api\\admin\\users\\[id]\\approve"
2026-01-08T06:14:09.975831Z  INFO scan_sources: tailwindcss_oxide::scanner: Discovering "C:\\xampp\\htdocs\\tutorial2\\app\\api\\admin\\users\\[id]\\details"
2026-01-08T06:14:09.977341Z  INFO scan_sources: tailwindcss_oxide::scanner: Discovering "C:\\xampp\\htdocs\\tutorial2\\app\\api\\admin\\users\\[id]\\membership-status"
2026-01-08T06:14:09.978930Z  INFO scan_sources: tailwindcss_oxide::scanner: Discovering "C:\\xampp\\htdocs\\tutorial2\\app\\api\\admin\\users\\[id]\\password"
2026-01-08T06:14:09.979472Z  INFO scan_sources: tailwindcss_oxide::scanner: Discovering "C:\\xampp\\htdocs\\tutorial2\\app\\api\\admin\\users\\[id]\\reject"
2026-01-08T06:14:09.980009Z  INFO scan_sources: tailwindcss_oxide::scanner: Discovering "C:\\xampp\\htdocs\\tutorial2\\app\\api\\auth"
2026-01-08T06:14:09.982864Z  INFO scan_sources: tailwindcss_oxide::scanner: Discovering "C:\\xampp\\htdocs\\tutorial2\\app\\api\\auth\\login"
2026-01-08T06:14:09.983338Z  INFO scan_sources: tailwindcss_oxide::scanner: Discovering "C:\\xampp\\htdocs\\tutorial2\\app\\api\\auth\\logout"
2026-01-08T06:14:09.983783Z  INFO scan_sources: tailwindcss_oxide::scanner: Discovering "C:\\xampp\\htdocs\\tutorial2\\app\\api\\auth\\me"
2026-01-08T06:14:09.984185Z  INFO scan_sources: tailwindcss_oxide::scanner: Discovering "C:\\xampp\\htdocs\\tutorial2\\app\\api\\auth\\profile"
2026-01-08T06:14:09.989493Z  INFO scan_sources: tailwindcss_oxide::scanner: Discovering "C:\\xampp\\htdocs\\tutorial2\\app\\api\\auth\\refresh"
2026-01-08T06:14:09.990012Z  INFO scan_sources: tailwindcss_oxide::scanner: Discovering "C:\\xampp\\htdocs\\tutorial2\\app\\api\\auth\\register"
2026-01-08T06:14:09.990456Z  INFO scan_sources: tailwindcss_oxide::scanner: Discovering "C:\\xampp\\htdocs\\tutorial2\\app\\api\\contact-content"
2026-01-08T06:14:09.990853Z  INFO scan_sources: tailwindcss_oxide::scanner: Discovering "C:\\xampp\\htdocs\\tutorial2\\app\\api\\debug"
2026-01-08T06:14:09.993222Z  INFO scan_sources: tailwindcss_oxide::scanner: Discovering "C:\\xampp\\htdocs\\tutorial2\\app\\api\\debug\\pricing"
2026-01-08T06:14:09.994589Z  INFO scan_sources: tailwindcss_oxide::scanner: Discovering "C:\\xampp\\htdocs\\tutorial2\\app\\api\\events"
2026-01-08T06:14:09.995543Z  INFO scan_sources: tailwindcss_oxide::scanner: Discovering "C:\\xampp\\htdocs\\tutorial2\\app\\api\\events\\[id]"
2026-01-08T06:14:09.995829Z  INFO scan_sources: tailwindcss_oxide::scanner: Discovering "C:\\xampp\\htdocs\\tutorial2\\app\\api\\events\\[id]\\register"
2026-01-08T06:14:09.996220Z  INFO scan_sources: tailwindcss_oxide::scanner: Discovering "C:\\xampp\\htdocs\\tutorial2\\app\\api\\fix-membership"
2026-01-08T06:14:09.996555Z  INFO scan_sources: tailwindcss_oxide::scanner: Discovering "C:\\xampp\\htdocs\\tutorial2\\app\\api\\home-content"
2026-01-08T06:14:09.996912Z  INFO scan_sources: tailwindcss_oxide::scanner: Discovering "C:\\xampp\\htdocs\\tutorial2\\app\\api\\membership"
2026-01-08T06:14:09.997745Z  INFO scan_sources: tailwindcss_oxide::scanner: Discovering "C:\\xampp\\htdocs\\tutorial2\\app\\api\\membership\\next-number"
2026-01-08T06:14:09.998157Z  INFO scan_sources: tailwindcss_oxide::scanner: Discovering "C:\\xampp\\htdocs\\tutorial2\\app\\api\\membership\\pay"
2026-01-08T06:14:09.998496Z  INFO scan_sources: tailwindcss_oxide::scanner: Discovering "C:\\xampp\\htdocs\\tutorial2\\app\\api\\membership\\payment-status"
2026-01-08T06:14:09.998938Z  INFO scan_sources: tailwindcss_oxide::scanner: Discovering "C:\\xampp\\htdocs\\tutorial2\\app\\api\\membership\\status"
2026-01-08T06:14:09.999629Z  INFO scan_sources: tailwindcss_oxide::scanner: Discovering "C:\\xampp\\htdocs\\tutorial2\\app\\api\\messages"
2026-01-08T06:14:10.000093Z  INFO scan_sources: tailwindcss_oxide::scanner: Discovering "C:\\xampp\\htdocs\\tutorial2\\app\\api\\messages\\reply"
2026-01-08T06:14:10.000773Z  INFO scan_sources: tailwindcss_oxide::scanner: Discovering "C:\\xampp\\htdocs\\tutorial2\\app\\api\\messages\\[id]"
2026-01-08T06:14:10.001675Z  INFO scan_sources: tailwindcss_oxide::scanner: Discovering "C:\\xampp\\htdocs\\tutorial2\\app\\api\\messages\\[id]\\read"
2026-01-08T06:14:10.004183Z  INFO scan_sources: tailwindcss_oxide::scanner: Discovering "C:\\xampp\\htdocs\\tutorial2\\app\\api\\payments"
2026-01-08T06:14:10.004565Z  INFO scan_sources: tailwindcss_oxide::scanner: Discovering "C:\\xampp\\htdocs\\tutorial2\\app\\api\\payments\\activate-test"
2026-01-08T06:14:10.004976Z  INFO scan_sources: tailwindcss_oxide::scanner: Discovering "C:\\xampp\\htdocs\\tutorial2\\app\\api\\payments\\azampay"
2026-01-08T06:14:10.005290Z  INFO scan_sources: tailwindcss_oxide::scanner: Discovering "C:\\xampp\\htdocs\\tutorial2\\app\\api\\payments\\azampay\\callback"
2026-01-08T06:14:10.005651Z  INFO scan_sources: tailwindcss_oxide::scanner: Discovering "C:\\xampp\\htdocs\\tutorial2\\app\\api\\payments\\azampay\\checkout"
2026-01-08T06:14:10.006034Z  INFO scan_sources: tailwindcss_oxide::scanner: Discovering "C:\\xampp\\htdocs\\tutorial2\\app\\api\\payments\\cleanup"
2026-01-08T06:14:10.006571Z  INFO scan_sources: tailwindcss_oxide::scanner: Discovering "C:\\xampp\\htdocs\\tutorial2\\app\\api\\payments\\mobile-money"
2026-01-08T06:14:10.006960Z  INFO scan_sources: tailwindcss_oxide::scanner: Discovering "C:\\xampp\\htdocs\\tutorial2\\app\\api\\reports"
2026-01-08T06:14:10.007227Z  INFO scan_sources: tailwindcss_oxide::scanner: Discovering "C:\\xampp\\htdocs\\tutorial2\\app\\api\\reports\\generate"
2026-01-08T06:14:10.007575Z  INFO scan_sources: tailwindcss_oxide::scanner: Discovering "C:\\xampp\\htdocs\\tutorial2\\app\\api\\reports\\send-email"
2026-01-08T06:14:10.007939Z  INFO scan_sources: tailwindcss_oxide::scanner: Discovering "C:\\xampp\\htdocs\\tutorial2\\app\\api\\send-approval-email"
2026-01-08T06:14:10.008551Z  INFO scan_sources: tailwindcss_oxide::scanner: Discovering "C:\\xampp\\htdocs\\tutorial2\\app\\api\\settings"
2026-01-08T06:14:10.014804Z  INFO scan_sources: tailwindcss_oxide::scanner: Discovering "C:\\xampp\\htdocs\\tutorial2\\app\\api\\setup"
2026-01-08T06:14:10.015201Z  INFO scan_sources: tailwindcss_oxide::scanner: Discovering "C:\\xampp\\htdocs\\tutorial2\\app\\api\\setup\\ensure-admin"
2026-01-08T06:14:10.015671Z  INFO scan_sources: tailwindcss_oxide::scanner: Discovering "C:\\xampp\\htdocs\\tutorial2\\app\\auth"
2026-01-08T06:14:10.016018Z  INFO scan_sources: tailwindcss_oxide::scanner: Discovering "C:\\xampp\\htdocs\\tutorial2\\app\\auth\\login"
2026-01-08T06:14:10.016239Z  INFO scan_sources: tailwindcss_oxide::scanner: Discovering "C:\\xampp\\htdocs\\tutorial2\\app\\auth\\login\\page.tsx"
2026-01-08T06:14:10.016633Z  INFO scan_sources: tailwindcss_oxide::scanner: Discovering "C:\\xampp\\htdocs\\tutorial2\\app\\auth\\pending-approval"
2026-01-08T06:14:10.017039Z  INFO scan_sources: tailwindcss_oxide::scanner: Discovering "C:\\xampp\\htdocs\\tutorial2\\app\\auth\\register"
2026-01-08T06:14:10.017386Z  INFO scan_sources: tailwindcss_oxide::scanner: Discovering "C:\\xampp\\htdocs\\tutorial2\\app\\components"
2026-01-08T06:14:10.018424Z  INFO scan_sources: tailwindcss_oxide::scanner: Discovering "C:\\xampp\\htdocs\\tutorial2\\app\\contact"
2026-01-08T06:14:10.019509Z  INFO scan_sources: tailwindcss_oxide::scanner: Discovering "C:\\xampp\\htdocs\\tutorial2\\app\\dashboard"
2026-01-08T06:14:10.019934Z  INFO scan_sources: tailwindcss_oxide::scanner: Discovering "C:\\xampp\\htdocs\\tutorial2\\app\\dashboard\\complete-profile"
2026-01-08T06:14:10.020414Z  INFO scan_sources: tailwindcss_oxide::scanner: Discovering "C:\\xampp\\htdocs\\tutorial2\\app\\dashboard\\events"
2026-01-08T06:14:10.020854Z  INFO scan_sources: tailwindcss_oxide::scanner: Discovering "C:\\xampp\\htdocs\\tutorial2\\app\\dashboard\\membership-card"
2026-01-08T06:14:10.021240Z  INFO scan_sources: tailwindcss_oxide::scanner: Discovering "C:\\xampp\\htdocs\\tutorial2\\app\\dashboard\\messages"
2026-01-08T06:14:10.021667Z  INFO scan_sources: tailwindcss_oxide::scanner: Discovering "C:\\xampp\\htdocs\\tutorial2\\app\\dashboard\\payment"
2026-01-08T06:14:10.022011Z  INFO scan_sources: tailwindcss_oxide::scanner: Discovering "C:\\xampp\\htdocs\\tutorial2\\app\\dashboard\\payment\\success"
2026-01-08T06:14:10.022416Z  INFO scan_sources: tailwindcss_oxide::scanner: Discovering "C:\\xampp\\htdocs\\tutorial2\\app\\dashboard\\subscribe"
2026-01-08T06:14:10.022891Z  INFO scan_sources: tailwindcss_oxide::scanner: Discovering "C:\\xampp\\htdocs\\tutorial2\\app\\fix-auth"
2026-01-08T06:14:10.023432Z  INFO scan_sources: tailwindcss_oxide::scanner: Discovering "C:\\xampp\\htdocs\\tutorial2\\app\\schemas"
2026-01-08T06:14:10.023809Z  INFO scan_sources: tailwindcss_oxide::scanner: Discovering "C:\\xampp\\htdocs\\tutorial2\\app\\scripts"
2026-01-08T06:14:10.024124Z  INFO scan_sources: tailwindcss_oxide::scanner: Discovering "C:\\xampp\\htdocs\\tutorial2\\app\\unauthorized"
2026-01-08T06:14:10.024506Z  INFO scan_sources: tailwindcss_oxide::scanner: Discovering "C:\\xampp\\htdocs\\tutorial2\\components"
2026-01-08T06:14:10.024930Z  INFO scan_sources: tailwindcss_oxide::scanner: Discovering "C:\\xampp\\htdocs\\tutorial2\\components\\admin"
2026-01-08T06:14:10.025423Z  INFO scan_sources: tailwindcss_oxide::scanner: Discovering "C:\\xampp\\htdocs\\tutorial2\\components\\dashboard"
2026-01-08T06:14:10.026334Z  INFO scan_sources: tailwindcss_oxide::scanner: Discovering "C:\\xampp\\htdocs\\tutorial2\\components\\ui"
2026-01-08T06:14:10.027031Z  INFO scan_sources: tailwindcss_oxide::scanner: Discovering "C:\\xampp\\htdocs\\tutorial2\\components\\web"
2026-01-08T06:14:10.027504Z  INFO scan_sources: tailwindcss_oxide::scanner: Discovering "C:\\xampp\\htdocs\\tutorial2\\contexts"
2026-01-08T06:14:10.027848Z  INFO scan_sources: tailwindcss_oxide::scanner: Discovering "C:\\xampp\\htdocs\\tutorial2\\convex"
2026-01-08T06:14:10.028149Z  INFO scan_sources: tailwindcss_oxide::scanner: Discovering "C:\\xampp\\htdocs\\tutorial2\\convex\\_generated"
2026-01-08T06:14:10.028816Z  INFO scan_sources: tailwindcss_oxide::scanner: Discovering "C:\\xampp\\htdocs\\tutorial2\\database"
2026-01-08T06:14:10.030150Z  INFO scan_sources: tailwindcss_oxide::scanner: Discovering "C:\\xampp\\htdocs\\tutorial2\\lib"
2026-01-08T06:14:10.030861Z  INFO scan_sources: tailwindcss_oxide::scanner: Discovering "C:\\xampp\\htdocs\\tutorial2\\migrations"
2026-01-08T06:14:10.031805Z  INFO scan_sources: tailwindcss_oxide::scanner: Discovering "C:\\xampp\\htdocs\\tutorial2\\public"
2026-01-08T06:14:10.032211Z  INFO scan_sources: tailwindcss_oxide::scanner: Discovering "C:\\xampp\\htdocs\\tutorial2\\public\\uploads"
2026-01-08T06:14:10.032455Z  INFO scan_sources: tailwindcss_oxide::scanner: Discovering "C:\\xampp\\htdocs\\tutorial2\\public\\uploads\\documents"
2026-01-08T06:14:10.032800Z  INFO scan_sources: tailwindcss_oxide::scanner: Discovering "C:\\xampp\\htdocs\\tutorial2\\public\\uploads\\profile-pictures"
2026-01-08T06:14:10.033576Z  INFO scan_sources: tailwindcss_oxide::scanner: exit
2026-01-08T06:14:10.033594Z  INFO extract_candidates: tailwindcss_oxide::scanner: enter
2026-01-08T06:14:10.033602Z  INFO extract_candidates:read_all_files: tailwindcss_oxide::scanner: enter
2026-01-08T06:14:10.033608Z  INFO extract_candidates:read_all_files: tailwindcss_oxide::scanner: Reading 1 file(s)
2026-01-08T06:14:10.033719Z  INFO extract_candidates:read_all_files: tailwindcss_oxide::scanner: Reading "C:\\xampp\\htdocs\\tutorial2\\app\\auth\\login\\page.tsx"
2026-01-08T06:14:10.033736Z  INFO extract_candidates:read_all_files: tailwindcss_oxide::scanner: exit
2026-01-08T06:14:10.033746Z  INFO extract_candidates:parse_all_blobs: tailwindcss_oxide::scanner: enter
2026-01-08T06:14:10.033753Z  INFO extract_candidates:parse_all_blobs:extract: tailwindcss_oxide::scanner: enter
2026-01-08T06:14:10.033984Z  INFO extract_candidates:parse_all_blobs:extract: tailwindcss_oxide::scanner: exit
2026-01-08T06:14:10.034005Z  INFO extract_candidates:parse_all_blobs: tailwindcss_oxide::scanner: exit
2026-01-08T06:14:10.034155Z  INFO extract_candidates: tailwindcss_oxide::scanner: exit
2026-01-08T06:14:10.036557Z  INFO get_files: tailwindcss_oxide::scanner: enter
2026-01-08T06:14:10.036598Z  INFO get_files:scan_sources: tailwindcss_oxide::scanner: enter
2026-01-08T06:14:10.038981Z  INFO get_files:scan_sources: tailwindcss_oxide::scanner: Discovering "C:\\xampp\\htdocs\\tutorial2\\api"
2026-01-08T06:14:10.039259Z  INFO get_files:scan_sources: tailwindcss_oxide::scanner: Discovering "C:\\xampp\\htdocs\\tutorial2\\api\\auth"
2026-01-08T06:14:10.039801Z  INFO get_files:scan_sources: tailwindcss_oxide::scanner: Discovering "C:\\xampp\\htdocs\\tutorial2\\app"
2026-01-08T06:14:10.040072Z  INFO get_files:scan_sources: tailwindcss_oxide::scanner: Discovering "C:\\xampp\\htdocs\\tutorial2\\app\\(layout)"
2026-01-08T06:14:10.040458Z  INFO get_files:scan_sources: tailwindcss_oxide::scanner: Discovering "C:\\xampp\\htdocs\\tutorial2\\app\\(shared-layout)"
2026-01-08T06:14:10.040853Z  INFO get_files:scan_sources: tailwindcss_oxide::scanner: Discovering "C:\\xampp\\htdocs\\tutorial2\\app\\about"
2026-01-08T06:14:10.041374Z  INFO get_files:scan_sources: tailwindcss_oxide::scanner: Discovering "C:\\xampp\\htdocs\\tutorial2\\app\\about-us"
2026-01-08T06:14:10.041759Z  INFO get_files:scan_sources: tailwindcss_oxide::scanner: Discovering "C:\\xampp\\htdocs\\tutorial2\\app\\admin"
2026-01-08T06:14:10.042017Z  INFO get_files:scan_sources: tailwindcss_oxide::scanner: Discovering "C:\\xampp\\htdocs\\tutorial2\\app\\admin\\content"
2026-01-08T06:14:10.042275Z  INFO get_files:scan_sources: tailwindcss_oxide::scanner: Discovering "C:\\xampp\\htdocs\\tutorial2\\app\\admin\\content\\about"
2026-01-08T06:14:10.042614Z  INFO get_files:scan_sources: tailwindcss_oxide::scanner: Discovering "C:\\xampp\\htdocs\\tutorial2\\app\\admin\\content\\contact"
2026-01-08T06:14:10.042940Z  INFO get_files:scan_sources: tailwindcss_oxide::scanner: Discovering "C:\\xampp\\htdocs\\tutorial2\\app\\admin\\content\\home"
2026-01-08T06:14:10.043328Z  INFO get_files:scan_sources: tailwindcss_oxide::scanner: Discovering "C:\\xampp\\htdocs\\tutorial2\\app\\admin\\dashboard"
2026-01-08T06:14:10.043705Z  INFO get_files:scan_sources: tailwindcss_oxide::scanner: Discovering "C:\\xampp\\htdocs\\tutorial2\\app\\admin\\events"
2026-01-08T06:14:10.044009Z  INFO get_files:scan_sources: tailwindcss_oxide::scanner: Discovering "C:\\xampp\\htdocs\\tutorial2\\app\\admin\\events\\[id]"
2026-01-08T06:14:10.044286Z  INFO get_files:scan_sources: tailwindcss_oxide::scanner: Discovering "C:\\xampp\\htdocs\\tutorial2\\app\\admin\\events\\[id]\\registrations"
2026-01-08T06:14:10.044721Z  INFO get_files:scan_sources: tailwindcss_oxide::scanner: Discovering "C:\\xampp\\htdocs\\tutorial2\\app\\admin\\membership"
2026-01-08T06:14:10.045219Z  INFO get_files:scan_sources: tailwindcss_oxide::scanner: Discovering "C:\\xampp\\htdocs\\tutorial2\\app\\admin\\payments"
2026-01-08T06:14:10.045559Z  INFO get_files:scan_sources: tailwindcss_oxide::scanner: Discovering "C:\\xampp\\htdocs\\tutorial2\\app\\admin\\reports"
2026-01-08T06:14:10.045916Z  INFO get_files:scan_sources: tailwindcss_oxide::scanner: Discovering "C:\\xampp\\htdocs\\tutorial2\\app\\admin\\requests"
2026-01-08T06:14:10.046251Z  INFO get_files:scan_sources: tailwindcss_oxide::scanner: Discovering "C:\\xampp\\htdocs\\tutorial2\\app\\admin\\users"
2026-01-08T06:14:10.046546Z  INFO get_files:scan_sources: tailwindcss_oxide::scanner: Discovering "C:\\xampp\\htdocs\\tutorial2\\app\\admin\\users\\[id]"
2026-01-08T06:14:10.046905Z  INFO get_files:scan_sources: tailwindcss_oxide::scanner: Discovering "C:\\xampp\\htdocs\\tutorial2\\app\\api"
2026-01-08T06:14:10.047147Z  INFO get_files:scan_sources: tailwindcss_oxide::scanner: Discovering "C:\\xampp\\htdocs\\tutorial2\\app\\api\\about-content"
2026-01-08T06:14:10.047458Z  INFO get_files:scan_sources: tailwindcss_oxide::scanner: Discovering "C:\\xampp\\htdocs\\tutorial2\\app\\api\\admin"
2026-01-08T06:14:10.047724Z  INFO get_files:scan_sources: tailwindcss_oxide::scanner: Discovering "C:\\xampp\\htdocs\\tutorial2\\app\\api\\admin\\content"
2026-01-08T06:14:10.047983Z  INFO get_files:scan_sources: tailwindcss_oxide::scanner: Discovering "C:\\xampp\\htdocs\\tutorial2\\app\\api\\admin\\content\\about"
2026-01-08T06:14:10.048279Z  INFO get_files:scan_sources: tailwindcss_oxide::scanner: Discovering "C:\\xampp\\htdocs\\tutorial2\\app\\api\\admin\\content\\about\\[id]"
2026-01-08T06:14:10.048622Z  INFO get_files:scan_sources: tailwindcss_oxide::scanner: Discovering "C:\\xampp\\htdocs\\tutorial2\\app\\api\\admin\\content\\contact"
2026-01-08T06:14:10.048909Z  INFO get_files:scan_sources: tailwindcss_oxide::scanner: Discovering "C:\\xampp\\htdocs\\tutorial2\\app\\api\\admin\\content\\contact\\[id]"
2026-01-08T06:14:10.049249Z  INFO get_files:scan_sources: tailwindcss_oxide::scanner: Discovering "C:\\xampp\\htdocs\\tutorial2\\app\\api\\admin\\content\\footer"
2026-01-08T06:14:10.049573Z  INFO get_files:scan_sources: tailwindcss_oxide::scanner: Discovering "C:\\xampp\\htdocs\\tutorial2\\app\\api\\admin\\content\\home"
2026-01-08T06:14:10.049874Z  INFO get_files:scan_sources: tailwindcss_oxide::scanner: Discovering "C:\\xampp\\htdocs\\tutorial2\\app\\api\\admin\\content\\home\\[id]"
2026-01-08T06:14:10.050214Z  INFO get_files:scan_sources: tailwindcss_oxide::scanner: Discovering "C:\\xampp\\htdocs\\tutorial2\\app\\api\\admin\\content\\media"
2026-01-08T06:14:10.050532Z  INFO get_files:scan_sources: tailwindcss_oxide::scanner: Discovering "C:\\xampp\\htdocs\\tutorial2\\app\\api\\admin\\content\\navigation"
2026-01-08T06:14:10.050831Z  INFO get_files:scan_sources: tailwindcss_oxide::scanner: Discovering "C:\\xampp\\htdocs\\tutorial2\\app\\api\\admin\\content\\pages"
2026-01-08T06:14:10.051268Z  INFO get_files:scan_sources: tailwindcss_oxide::scanner: Discovering "C:\\xampp\\htdocs\\tutorial2\\app\\api\\admin\\content\\pages\\[id]"
2026-01-08T06:14:10.052305Z  INFO get_files:scan_sources: tailwindcss_oxide::scanner: Discovering "C:\\xampp\\htdocs\\tutorial2\\app\\api\\admin\\content\\settings"
2026-01-08T06:14:10.052928Z  INFO get_files:scan_sources: tailwindcss_oxide::scanner: Discovering "C:\\xampp\\htdocs\\tutorial2\\app\\api\\admin\\create-admin"
2026-01-08T06:14:10.053355Z  INFO get_files:scan_sources: tailwindcss_oxide::scanner: Discovering "C:\\xampp\\htdocs\\tutorial2\\app\\api\\admin\\deleted-users"
2026-01-08T06:14:10.053746Z  INFO get_files:scan_sources: tailwindcss_oxide::scanner: Discovering "C:\\xampp\\htdocs\\tutorial2\\app\\api\\admin\\events"
2026-01-08T06:14:10.054142Z  INFO get_files:scan_sources: tailwindcss_oxide::scanner: Discovering "C:\\xampp\\htdocs\\tutorial2\\app\\api\\admin\\events\\[id]"
2026-01-08T06:14:10.054420Z  INFO get_files:scan_sources: tailwindcss_oxide::scanner: Discovering "C:\\xampp\\htdocs\\tutorial2\\app\\api\\admin\\events\\[id]\\registrations"
2026-01-08T06:14:10.054874Z  INFO get_files:scan_sources: tailwindcss_oxide::scanner: Discovering "C:\\xampp\\htdocs\\tutorial2\\app\\api\\admin\\fix-admin"
2026-01-08T06:14:10.055174Z  INFO get_files:scan_sources: tailwindcss_oxide::scanner: Discovering "C:\\xampp\\htdocs\\tutorial2\\app\\api\\admin\\membership"
2026-01-08T06:14:10.055415Z  INFO get_files:scan_sources: tailwindcss_oxide::scanner: Discovering "C:\\xampp\\htdocs\\tutorial2\\app\\api\\admin\\membership\\cycles"
2026-01-08T06:14:10.055743Z  INFO get_files:scan_sources: tailwindcss_oxide::scanner: Discovering "C:\\xampp\\htdocs\\tutorial2\\app\\api\\admin\\membership\\settings"
2026-01-08T06:14:10.056054Z  INFO get_files:scan_sources: tailwindcss_oxide::scanner: Discovering "C:\\xampp\\htdocs\\tutorial2\\app\\api\\admin\\membership\\types"
2026-01-08T06:14:10.056408Z  INFO get_files:scan_sources: tailwindcss_oxide::scanner: Discovering "C:\\xampp\\htdocs\\tutorial2\\app\\api\\admin\\payments"
2026-01-08T06:14:10.056731Z  INFO get_files:scan_sources: tailwindcss_oxide::scanner: Discovering "C:\\xampp\\htdocs\\tutorial2\\app\\api\\admin\\payments\\[id]"
2026-01-08T06:14:10.057027Z  INFO get_files:scan_sources: tailwindcss_oxide::scanner: Discovering "C:\\xampp\\htdocs\\tutorial2\\app\\api\\admin\\payments\\[id]\\refund"
2026-01-08T06:14:10.057475Z  INFO get_files:scan_sources: tailwindcss_oxide::scanner: Discovering "C:\\xampp\\htdocs\\tutorial2\\app\\api\\admin\\report"
2026-01-08T06:14:10.057903Z  INFO get_files:scan_sources: tailwindcss_oxide::scanner: Discovering "C:\\xampp\\htdocs\\tutorial2\\app\\api\\admin\\reports"
2026-01-08T06:14:10.058158Z  INFO get_files:scan_sources: tailwindcss_oxide::scanner: Discovering "C:\\xampp\\htdocs\\tutorial2\\app\\api\\admin\\reports\\generate"
2026-01-08T06:14:10.058575Z  INFO get_files:scan_sources: tailwindcss_oxide::scanner: Discovering "C:\\xampp\\htdocs\\tutorial2\\app\\api\\admin\\reset-admin"
2026-01-08T06:14:10.058891Z  INFO get_files:scan_sources: tailwindcss_oxide::scanner: Discovering "C:\\xampp\\htdocs\\tutorial2\\app\\api\\admin\\users"
2026-01-08T06:14:10.059110Z  INFO get_files:scan_sources: tailwindcss_oxide::scanner: Discovering "C:\\xampp\\htdocs\\tutorial2\\app\\api\\admin\\users\\restore"
2026-01-08T06:14:10.059432Z  INFO get_files:scan_sources: tailwindcss_oxide::scanner: Discovering "C:\\xampp\\htdocs\\tutorial2\\app\\api\\admin\\users\\[id]"
2026-01-08T06:14:10.059676Z  INFO get_files:scan_sources: tailwindcss_oxide::scanner: Discovering "C:\\xampp\\htdocs\\tutorial2\\app\\api\\admin\\users\\[id]\\approve"
2026-01-08T06:14:10.059959Z  INFO get_files:scan_sources: tailwindcss_oxide::scanner: Discovering "C:\\xampp\\htdocs\\tutorial2\\app\\api\\admin\\users\\[id]\\details"
2026-01-08T06:14:10.060239Z  INFO get_files:scan_sources: tailwindcss_oxide::scanner: Discovering "C:\\xampp\\htdocs\\tutorial2\\app\\api\\admin\\users\\[id]\\membership-status"
2026-01-08T06:14:10.060524Z  INFO get_files:scan_sources: tailwindcss_oxide::scanner: Discovering "C:\\xampp\\htdocs\\tutorial2\\app\\api\\admin\\users\\[id]\\password"
2026-01-08T06:14:10.060810Z  INFO get_files:scan_sources: tailwindcss_oxide::scanner: Discovering "C:\\xampp\\htdocs\\tutorial2\\app\\api\\admin\\users\\[id]\\reject"
2026-01-08T06:14:10.061208Z  INFO get_files:scan_sources: tailwindcss_oxide::scanner: Discovering "C:\\xampp\\htdocs\\tutorial2\\app\\api\\auth"
2026-01-08T06:14:10.061456Z  INFO get_files:scan_sources: tailwindcss_oxide::scanner: Discovering "C:\\xampp\\htdocs\\tutorial2\\app\\api\\auth\\login"
2026-01-08T06:14:10.061764Z  INFO get_files:scan_sources: tailwindcss_oxide::scanner: Discovering "C:\\xampp\\htdocs\\tutorial2\\app\\api\\auth\\logout"
2026-01-08T06:14:10.062047Z  INFO get_files:scan_sources: tailwindcss_oxide::scanner: Discovering "C:\\xampp\\htdocs\\tutorial2\\app\\api\\auth\\me"
2026-01-08T06:14:10.062334Z  INFO get_files:scan_sources: tailwindcss_oxide::scanner: Discovering "C:\\xampp\\htdocs\\tutorial2\\app\\api\\auth\\profile"
2026-01-08T06:14:10.062666Z  INFO get_files:scan_sources: tailwindcss_oxide::scanner: Discovering "C:\\xampp\\htdocs\\tutorial2\\app\\api\\auth\\refresh"
2026-01-08T06:14:10.062946Z  INFO get_files:scan_sources: tailwindcss_oxide::scanner: Discovering "C:\\xampp\\htdocs\\tutorial2\\app\\api\\auth\\register"
2026-01-08T06:14:10.063248Z  INFO get_files:scan_sources: tailwindcss_oxide::scanner: Discovering "C:\\xampp\\htdocs\\tutorial2\\app\\api\\contact-content"
2026-01-08T06:14:10.063525Z  INFO get_files:scan_sources: tailwindcss_oxide::scanner: Discovering "C:\\xampp\\htdocs\\tutorial2\\app\\api\\debug"
2026-01-08T06:14:10.063774Z  INFO get_files:scan_sources: tailwindcss_oxide::scanner: Discovering "C:\\xampp\\htdocs\\tutorial2\\app\\api\\debug\\pricing"
2026-01-08T06:14:10.064075Z  INFO get_files:scan_sources: tailwindcss_oxide::scanner: Discovering "C:\\xampp\\htdocs\\tutorial2\\app\\api\\events"
2026-01-08T06:14:10.064339Z  INFO get_files:scan_sources: tailwindcss_oxide::scanner: Discovering "C:\\xampp\\htdocs\\tutorial2\\app\\api\\events\\[id]"
2026-01-08T06:14:10.064554Z  INFO get_files:scan_sources: tailwindcss_oxide::scanner: Discovering "C:\\xampp\\htdocs\\tutorial2\\app\\api\\events\\[id]\\register"
2026-01-08T06:14:10.064913Z  INFO get_files:scan_sources: tailwindcss_oxide::scanner: Discovering "C:\\xampp\\htdocs\\tutorial2\\app\\api\\fix-membership"
2026-01-08T06:14:10.065197Z  INFO get_files:scan_sources: tailwindcss_oxide::scanner: Discovering "C:\\xampp\\htdocs\\tutorial2\\app\\api\\home-content"
2026-01-08T06:14:10.065482Z  INFO get_files:scan_sources: tailwindcss_oxide::scanner: Discovering "C:\\xampp\\htdocs\\tutorial2\\app\\api\\membership"
2026-01-08T06:14:10.065723Z  INFO get_files:scan_sources: tailwindcss_oxide::scanner: Discovering "C:\\xampp\\htdocs\\tutorial2\\app\\api\\membership\\next-number"
2026-01-08T06:14:10.066004Z  INFO get_files:scan_sources: tailwindcss_oxide::scanner: Discovering "C:\\xampp\\htdocs\\tutorial2\\app\\api\\membership\\pay"
2026-01-08T06:14:10.066283Z  INFO get_files:scan_sources: tailwindcss_oxide::scanner: Discovering "C:\\xampp\\htdocs\\tutorial2\\app\\api\\membership\\payment-status"
2026-01-08T06:14:10.066567Z  INFO get_files:scan_sources: tailwindcss_oxide::scanner: Discovering "C:\\xampp\\htdocs\\tutorial2\\app\\api\\membership\\status"
2026-01-08T06:14:10.066865Z  INFO get_files:scan_sources: tailwindcss_oxide::scanner: Discovering "C:\\xampp\\htdocs\\tutorial2\\app\\api\\messages"
2026-01-08T06:14:10.067081Z  INFO get_files:scan_sources: tailwindcss_oxide::scanner: Discovering "C:\\xampp\\htdocs\\tutorial2\\app\\api\\messages\\reply"
2026-01-08T06:14:10.067434Z  INFO get_files:scan_sources: tailwindcss_oxide::scanner: Discovering "C:\\xampp\\htdocs\\tutorial2\\app\\api\\messages\\[id]"
2026-01-08T06:14:10.067871Z  INFO get_files:scan_sources: tailwindcss_oxide::scanner: Discovering "C:\\xampp\\htdocs\\tutorial2\\app\\api\\messages\\[id]\\read"
2026-01-08T06:14:10.068615Z  INFO get_files:scan_sources: tailwindcss_oxide::scanner: Discovering "C:\\xampp\\htdocs\\tutorial2\\app\\api\\payments"
2026-01-08T06:14:10.069436Z  INFO get_files:scan_sources: tailwindcss_oxide::scanner: Discovering "C:\\xampp\\htdocs\\tutorial2\\app\\api\\payments\\activate-test"
2026-01-08T06:14:10.069904Z  INFO get_files:scan_sources: tailwindcss_oxide::scanner: Discovering "C:\\xampp\\htdocs\\tutorial2\\app\\api\\payments\\azampay"
2026-01-08T06:14:10.070186Z  INFO get_files:scan_sources: tailwindcss_oxide::scanner: Discovering "C:\\xampp\\htdocs\\tutorial2\\app\\api\\payments\\azampay\\callback"
2026-01-08T06:14:10.070538Z  INFO get_files:scan_sources: tailwindcss_oxide::scanner: Discovering "C:\\xampp\\htdocs\\tutorial2\\app\\api\\payments\\azampay\\checkout"
2026-01-08T06:14:10.070857Z  INFO get_files:scan_sources: tailwindcss_oxide::scanner: Discovering "C:\\xampp\\htdocs\\tutorial2\\app\\api\\payments\\cleanup"
2026-01-08T06:14:10.071143Z  INFO get_files:scan_sources: tailwindcss_oxide::scanner: Discovering "C:\\xampp\\htdocs\\tutorial2\\app\\api\\payments\\mobile-money"
2026-01-08T06:14:10.071450Z  INFO get_files:scan_sources: tailwindcss_oxide::scanner: Discovering "C:\\xampp\\htdocs\\tutorial2\\app\\api\\reports"
2026-01-08T06:14:10.071684Z  INFO get_files:scan_sources: tailwindcss_oxide::scanner: Discovering "C:\\xampp\\htdocs\\tutorial2\\app\\api\\reports\\generate"
2026-01-08T06:14:10.071964Z  INFO get_files:scan_sources: tailwindcss_oxide::scanner: Discovering "C:\\xampp\\htdocs\\tutorial2\\app\\api\\reports\\send-email"
2026-01-08T06:14:10.072269Z  INFO get_files:scan_sources: tailwindcss_oxide::scanner: Discovering "C:\\xampp\\htdocs\\tutorial2\\app\\api\\send-approval-email"
2026-01-08T06:14:10.072564Z  INFO get_files:scan_sources: tailwindcss_oxide::scanner: Discovering "C:\\xampp\\htdocs\\tutorial2\\app\\api\\settings"
2026-01-08T06:14:10.072852Z  INFO get_files:scan_sources: tailwindcss_oxide::scanner: Discovering "C:\\xampp\\htdocs\\tutorial2\\app\\api\\setup"
2026-01-08T06:14:10.073082Z  INFO get_files:scan_sources: tailwindcss_oxide::scanner: Discovering "C:\\xampp\\htdocs\\tutorial2\\app\\api\\setup\\ensure-admin"
2026-01-08T06:14:10.073437Z  INFO get_files:scan_sources: tailwindcss_oxide::scanner: Discovering "C:\\xampp\\htdocs\\tutorial2\\app\\auth"
2026-01-08T06:14:10.073730Z  INFO get_files:scan_sources: tailwindcss_oxide::scanner: Discovering "C:\\xampp\\htdocs\\tutorial2\\app\\auth\\login"
2026-01-08T06:14:10.074020Z  INFO get_files:scan_sources: tailwindcss_oxide::scanner: Discovering "C:\\xampp\\htdocs\\tutorial2\\app\\auth\\pending-approval"
2026-01-08T06:14:10.074294Z  INFO get_files:scan_sources: tailwindcss_oxide::scanner: Discovering "C:\\xampp\\htdocs\\tutorial2\\app\\auth\\register"
2026-01-08T06:14:10.074584Z  INFO get_files:scan_sources: tailwindcss_oxide::scanner: Discovering "C:\\xampp\\htdocs\\tutorial2\\app\\components"
2026-01-08T06:14:10.074890Z  INFO get_files:scan_sources: tailwindcss_oxide::scanner: Discovering "C:\\xampp\\htdocs\\tutorial2\\app\\contact"
2026-01-08T06:14:10.075154Z  INFO get_files:scan_sources: tailwindcss_oxide::scanner: Discovering "C:\\xampp\\htdocs\\tutorial2\\app\\dashboard"
2026-01-08T06:14:10.075363Z  INFO get_files:scan_sources: tailwindcss_oxide::scanner: Discovering "C:\\xampp\\htdocs\\tutorial2\\app\\dashboard\\complete-profile"
2026-01-08T06:14:10.075664Z  INFO get_files:scan_sources: tailwindcss_oxide::scanner: Discovering "C:\\xampp\\htdocs\\tutorial2\\app\\dashboard\\events"
2026-01-08T06:14:10.075969Z  INFO get_files:scan_sources: tailwindcss_oxide::scanner: Discovering "C:\\xampp\\htdocs\\tutorial2\\app\\dashboard\\membership-card"
2026-01-08T06:14:10.076310Z  INFO get_files:scan_sources: tailwindcss_oxide::scanner: Discovering "C:\\xampp\\htdocs\\tutorial2\\app\\dashboard\\messages"
2026-01-08T06:14:10.076612Z  INFO get_files:scan_sources: tailwindcss_oxide::scanner: Discovering "C:\\xampp\\htdocs\\tutorial2\\app\\dashboard\\payment"
2026-01-08T06:14:10.076855Z  INFO get_files:scan_sources: tailwindcss_oxide::scanner: Discovering "C:\\xampp\\htdocs\\tutorial2\\app\\dashboard\\payment\\success"
2026-01-08T06:14:10.077152Z  INFO get_files:scan_sources: tailwindcss_oxide::scanner: Discovering "C:\\xampp\\htdocs\\tutorial2\\app\\dashboard\\subscribe"
2026-01-08T06:14:10.077453Z  INFO get_files:scan_sources: tailwindcss_oxide::scanner: Discovering "C:\\xampp\\htdocs\\tutorial2\\app\\fix-auth"
2026-01-08T06:14:10.077900Z  INFO get_files:scan_sources: tailwindcss_oxide::scanner: Discovering "C:\\xampp\\htdocs\\tutorial2\\app\\schemas"
2026-01-08T06:14:10.078170Z  INFO get_files:scan_sources: tailwindcss_oxide::scanner: Discovering "C:\\xampp\\htdocs\\tutorial2\\app\\scripts"
2026-01-08T06:14:10.078432Z  INFO get_files:scan_sources: tailwindcss_oxide::scanner: Discovering "C:\\xampp\\htdocs\\tutorial2\\app\\unauthorized"
2026-01-08T06:14:10.078730Z  INFO get_files:scan_sources: tailwindcss_oxide::scanner: Discovering "C:\\xampp\\htdocs\\tutorial2\\components"
2026-01-08T06:14:10.078942Z  INFO get_files:scan_sources: tailwindcss_oxide::scanner: Discovering "C:\\xampp\\htdocs\\tutorial2\\components\\admin"
2026-01-08T06:14:10.079288Z  INFO get_files:scan_sources: tailwindcss_oxide::scanner: Discovering "C:\\xampp\\htdocs\\tutorial2\\components\\dashboard"
2026-01-08T06:14:10.079723Z  INFO get_files:scan_sources: tailwindcss_oxide::scanner: Discovering "C:\\xampp\\htdocs\\tutorial2\\components\\ui"
2026-01-08T06:14:10.080316Z  INFO get_files:scan_sources: tailwindcss_oxide::scanner: Discovering "C:\\xampp\\htdocs\\tutorial2\\components\\web"
2026-01-08T06:14:10.080750Z  INFO get_files:scan_sources: tailwindcss_oxide::scanner: Discovering "C:\\xampp\\htdocs\\tutorial2\\contexts"
2026-01-08T06:14:10.081017Z  INFO get_files:scan_sources: tailwindcss_oxide::scanner: Discovering "C:\\xampp\\htdocs\\tutorial2\\convex"
2026-01-08T06:14:10.081237Z  INFO get_files:scan_sources: tailwindcss_oxide::scanner: Discovering "C:\\xampp\\htdocs\\tutorial2\\convex\\_generated"
2026-01-08T06:14:10.081757Z  INFO get_files:scan_sources: tailwindcss_oxide::scanner: Discovering "C:\\xampp\\htdocs\\tutorial2\\database"
2026-01-08T06:14:10.083200Z  INFO get_files:scan_sources: tailwindcss_oxide::scanner: Discovering "C:\\xampp\\htdocs\\tutorial2\\lib"
2026-01-08T06:14:10.084170Z  INFO get_files:scan_sources: tailwindcss_oxide::scanner: Discovering "C:\\xampp\\htdocs\\tutorial2\\migrations"
2026-01-08T06:14:10.086179Z  INFO get_files:scan_sources: tailwindcss_oxide::scanner: Discovering "C:\\xampp\\htdocs\\tutorial2\\public"
2026-01-08T06:14:10.086788Z  INFO get_files:scan_sources: tailwindcss_oxide::scanner: Discovering "C:\\xampp\\htdocs\\tutorial2\\public\\uploads"
2026-01-08T06:14:10.087082Z  INFO get_files:scan_sources: tailwindcss_oxide::scanner: Discovering "C:\\xampp\\htdocs\\tutorial2\\public\\uploads\\documents"
2026-01-08T06:14:10.087384Z  INFO get_files:scan_sources: tailwindcss_oxide::scanner: Discovering "C:\\xampp\\htdocs\\tutorial2\\public\\uploads\\profile-pictures"
2026-01-08T06:14:10.088314Z  INFO get_files:scan_sources: tailwindcss_oxide::scanner: exit
2026-01-08T06:14:10.088501Z  INFO get_files: tailwindcss_oxide::scanner: exit
2026-01-08T06:14:10.088932Z  INFO get_globs: tailwindcss_oxide::scanner: enter
2026-01-08T06:14:10.088951Z  INFO get_globs: tailwindcss_oxide::scanner: exit
2026-01-08T06:15:19.810178Z  INFO scan_sources: tailwindcss_oxide::scanner: enter
2026-01-08T06:15:19.812635Z  INFO scan_sources: tailwindcss_oxide::scanner: Discovering "C:\\xampp\\htdocs\\tutorial2\\api"
2026-01-08T06:15:19.812835Z  INFO scan_sources: tailwindcss_oxide::scanner: Discovering "C:\\xampp\\htdocs\\tutorial2\\api\\auth"
2026-01-08T06:15:19.813317Z  INFO scan_sources: tailwindcss_oxide::scanner: Discovering "C:\\xampp\\htdocs\\tutorial2\\app"
2026-01-08T06:15:19.813504Z  INFO scan_sources: tailwindcss_oxide::scanner: Discovering "C:\\xampp\\htdocs\\tutorial2\\app\\(layout)"
2026-01-08T06:15:19.813737Z  INFO scan_sources: tailwindcss_oxide::scanner: Discovering "C:\\xampp\\htdocs\\tutorial2\\app\\(shared-layout)"
2026-01-08T06:15:19.814022Z  INFO scan_sources: tailwindcss_oxide::scanner: Discovering "C:\\xampp\\htdocs\\tutorial2\\app\\about"
2026-01-08T06:15:19.814239Z  INFO scan_sources: tailwindcss_oxide::scanner: Discovering "C:\\xampp\\htdocs\\tutorial2\\app\\about-us"
2026-01-08T06:15:19.814594Z  INFO scan_sources: tailwindcss_oxide::scanner: Discovering "C:\\xampp\\htdocs\\tutorial2\\app\\admin"
2026-01-08T06:15:19.815020Z  INFO scan_sources: tailwindcss_oxide::scanner: Discovering "C:\\xampp\\htdocs\\tutorial2\\app\\admin\\content"
2026-01-08T06:15:19.815412Z  INFO scan_sources: tailwindcss_oxide::scanner: Discovering "C:\\xampp\\htdocs\\tutorial2\\app\\admin\\content\\about"
2026-01-08T06:15:19.815901Z  INFO scan_sources: tailwindcss_oxide::scanner: Discovering "C:\\xampp\\htdocs\\tutorial2\\app\\admin\\content\\contact"
2026-01-08T06:15:19.816377Z  INFO scan_sources: tailwindcss_oxide::scanner: Discovering "C:\\xampp\\htdocs\\tutorial2\\app\\admin\\content\\home"
2026-01-08T06:15:19.816907Z  INFO scan_sources: tailwindcss_oxide::scanner: Discovering "C:\\xampp\\htdocs\\tutorial2\\app\\admin\\dashboard"
2026-01-08T06:15:19.817343Z  INFO scan_sources: tailwindcss_oxide::scanner: Discovering "C:\\xampp\\htdocs\\tutorial2\\app\\admin\\events"
2026-01-08T06:15:19.817735Z  INFO scan_sources: tailwindcss_oxide::scanner: Discovering "C:\\xampp\\htdocs\\tutorial2\\app\\admin\\events\\[id]"
2026-01-08T06:15:19.818159Z  INFO scan_sources: tailwindcss_oxide::scanner: Discovering "C:\\xampp\\htdocs\\tutorial2\\app\\admin\\events\\[id]\\registrations"
2026-01-08T06:15:19.818647Z  INFO scan_sources: tailwindcss_oxide::scanner: Discovering "C:\\xampp\\htdocs\\tutorial2\\app\\admin\\membership"
2026-01-08T06:15:19.819234Z  INFO scan_sources: tailwindcss_oxide::scanner: Discovering "C:\\xampp\\htdocs\\tutorial2\\app\\admin\\payments"
2026-01-08T06:15:19.819616Z  INFO scan_sources: tailwindcss_oxide::scanner: Discovering "C:\\xampp\\htdocs\\tutorial2\\app\\admin\\reports"
2026-01-08T06:15:19.819994Z  INFO scan_sources: tailwindcss_oxide::scanner: Discovering "C:\\xampp\\htdocs\\tutorial2\\app\\admin\\requests"
2026-01-08T06:15:19.820442Z  INFO scan_sources: tailwindcss_oxide::scanner: Discovering "C:\\xampp\\htdocs\\tutorial2\\app\\admin\\users"
2026-01-08T06:15:19.820787Z  INFO scan_sources: tailwindcss_oxide::scanner: Discovering "C:\\xampp\\htdocs\\tutorial2\\app\\admin\\users\\[id]"
2026-01-08T06:15:19.821239Z  INFO scan_sources: tailwindcss_oxide::scanner: Discovering "C:\\xampp\\htdocs\\tutorial2\\app\\api"
2026-01-08T06:15:19.821540Z  INFO scan_sources: tailwindcss_oxide::scanner: Discovering "C:\\xampp\\htdocs\\tutorial2\\app\\api\\about-content"
2026-01-08T06:15:19.821899Z  INFO scan_sources: tailwindcss_oxide::scanner: Discovering "C:\\xampp\\htdocs\\tutorial2\\app\\api\\admin"
2026-01-08T06:15:19.822245Z  INFO scan_sources: tailwindcss_oxide::scanner: Discovering "C:\\xampp\\htdocs\\tutorial2\\app\\api\\admin\\content"
2026-01-08T06:15:19.822547Z  INFO scan_sources: tailwindcss_oxide::scanner: Discovering "C:\\xampp\\htdocs\\tutorial2\\app\\api\\admin\\content\\about"
2026-01-08T06:15:19.822891Z  INFO scan_sources: tailwindcss_oxide::scanner: Discovering "C:\\xampp\\htdocs\\tutorial2\\app\\api\\admin\\content\\about\\[id]"
2026-01-08T06:15:19.823295Z  INFO scan_sources: tailwindcss_oxide::scanner: Discovering "C:\\xampp\\htdocs\\tutorial2\\app\\api\\admin\\content\\contact"
2026-01-08T06:15:19.823651Z  INFO scan_sources: tailwindcss_oxide::scanner: Discovering "C:\\xampp\\htdocs\\tutorial2\\app\\api\\admin\\content\\contact\\[id]"
2026-01-08T06:15:19.824073Z  INFO scan_sources: tailwindcss_oxide::scanner: Discovering "C:\\xampp\\htdocs\\tutorial2\\app\\api\\admin\\content\\footer"
2026-01-08T06:15:19.824437Z  INFO scan_sources: tailwindcss_oxide::scanner: Discovering "C:\\xampp\\htdocs\\tutorial2\\app\\api\\admin\\content\\home"
2026-01-08T06:15:19.824741Z  INFO scan_sources: tailwindcss_oxide::scanner: Discovering "C:\\xampp\\htdocs\\tutorial2\\app\\api\\admin\\content\\home\\[id]"
2026-01-08T06:15:19.825110Z  INFO scan_sources: tailwindcss_oxide::scanner: Discovering "C:\\xampp\\htdocs\\tutorial2\\app\\api\\admin\\content\\media"
2026-01-08T06:15:19.825452Z  INFO scan_sources: tailwindcss_oxide::scanner: Discovering "C:\\xampp\\htdocs\\tutorial2\\app\\api\\admin\\content\\navigation"
2026-01-08T06:15:19.825892Z  INFO scan_sources: tailwindcss_oxide::scanner: Discovering "C:\\xampp\\htdocs\\tutorial2\\app\\api\\admin\\content\\pages"
2026-01-08T06:15:19.826166Z  INFO scan_sources: tailwindcss_oxide::scanner: Discovering "C:\\xampp\\htdocs\\tutorial2\\app\\api\\admin\\content\\pages\\[id]"
2026-01-08T06:15:19.826469Z  INFO scan_sources: tailwindcss_oxide::scanner: Discovering "C:\\xampp\\htdocs\\tutorial2\\app\\api\\admin\\content\\settings"
2026-01-08T06:15:19.826799Z  INFO scan_sources: tailwindcss_oxide::scanner: Discovering "C:\\xampp\\htdocs\\tutorial2\\app\\api\\admin\\create-admin"
2026-01-08T06:15:19.827474Z  INFO scan_sources: tailwindcss_oxide::scanner: Discovering "C:\\xampp\\htdocs\\tutorial2\\app\\api\\admin\\deleted-users"
2026-01-08T06:15:19.827724Z  INFO scan_sources: tailwindcss_oxide::scanner: Discovering "C:\\xampp\\htdocs\\tutorial2\\app\\api\\admin\\events"
2026-01-08T06:15:19.827967Z  INFO scan_sources: tailwindcss_oxide::scanner: Discovering "C:\\xampp\\htdocs\\tutorial2\\app\\api\\admin\\events\\[id]"
2026-01-08T06:15:19.828162Z  INFO scan_sources: tailwindcss_oxide::scanner: Discovering "C:\\xampp\\htdocs\\tutorial2\\app\\api\\admin\\events\\[id]\\registrations"
2026-01-08T06:15:19.828644Z  INFO scan_sources: tailwindcss_oxide::scanner: Discovering "C:\\xampp\\htdocs\\tutorial2\\app\\api\\admin\\fix-admin"
2026-01-08T06:15:19.829032Z  INFO scan_sources: tailwindcss_oxide::scanner: Discovering "C:\\xampp\\htdocs\\tutorial2\\app\\api\\admin\\membership"
2026-01-08T06:15:19.829319Z  INFO scan_sources: tailwindcss_oxide::scanner: Discovering "C:\\xampp\\htdocs\\tutorial2\\app\\api\\admin\\membership\\cycles"
2026-01-08T06:15:19.829638Z  INFO scan_sources: tailwindcss_oxide::scanner: Discovering "C:\\xampp\\htdocs\\tutorial2\\app\\api\\admin\\membership\\settings"
2026-01-08T06:15:19.830008Z  INFO scan_sources: tailwindcss_oxide::scanner: Discovering "C:\\xampp\\htdocs\\tutorial2\\app\\api\\admin\\membership\\types"
2026-01-08T06:15:19.830357Z  INFO scan_sources: tailwindcss_oxide::scanner: Discovering "C:\\xampp\\htdocs\\tutorial2\\app\\api\\admin\\payments"
2026-01-08T06:15:19.830751Z  INFO scan_sources: tailwindcss_oxide::scanner: Discovering "C:\\xampp\\htdocs\\tutorial2\\app\\api\\admin\\payments\\[id]"
2026-01-08T06:15:19.830975Z  INFO scan_sources: tailwindcss_oxide::scanner: Discovering "C:\\xampp\\htdocs\\tutorial2\\app\\api\\admin\\payments\\[id]\\refund"
2026-01-08T06:15:19.831326Z  INFO scan_sources: tailwindcss_oxide::scanner: Discovering "C:\\xampp\\htdocs\\tutorial2\\app\\api\\admin\\report"
2026-01-08T06:15:19.831654Z  INFO scan_sources: tailwindcss_oxide::scanner: Discovering "C:\\xampp\\htdocs\\tutorial2\\app\\api\\admin\\reports"
2026-01-08T06:15:19.831849Z  INFO scan_sources: tailwindcss_oxide::scanner: Discovering "C:\\xampp\\htdocs\\tutorial2\\app\\api\\admin\\reports\\generate"
2026-01-08T06:15:19.832169Z  INFO scan_sources: tailwindcss_oxide::scanner: Discovering "C:\\xampp\\htdocs\\tutorial2\\app\\api\\admin\\reset-admin"
2026-01-08T06:15:19.832454Z  INFO scan_sources: tailwindcss_oxide::scanner: Discovering "C:\\xampp\\htdocs\\tutorial2\\app\\api\\admin\\users"
2026-01-08T06:15:19.832630Z  INFO scan_sources: tailwindcss_oxide::scanner: Discovering "C:\\xampp\\htdocs\\tutorial2\\app\\api\\admin\\users\\restore"
2026-01-08T06:15:19.832914Z  INFO scan_sources: tailwindcss_oxide::scanner: Discovering "C:\\xampp\\htdocs\\tutorial2\\app\\api\\admin\\users\\[id]"
2026-01-08T06:15:19.833136Z  INFO scan_sources: tailwindcss_oxide::scanner: Discovering "C:\\xampp\\htdocs\\tutorial2\\app\\api\\admin\\users\\[id]\\approve"
2026-01-08T06:15:19.833363Z  INFO scan_sources: tailwindcss_oxide::scanner: Discovering "C:\\xampp\\htdocs\\tutorial2\\app\\api\\admin\\users\\[id]\\details"
2026-01-08T06:15:19.833614Z  INFO scan_sources: tailwindcss_oxide::scanner: Discovering "C:\\xampp\\htdocs\\tutorial2\\app\\api\\admin\\users\\[id]\\membership-status"
2026-01-08T06:15:19.833846Z  INFO scan_sources: tailwindcss_oxide::scanner: Discovering "C:\\xampp\\htdocs\\tutorial2\\app\\api\\admin\\users\\[id]\\password"
2026-01-08T06:15:19.834087Z  INFO scan_sources: tailwindcss_oxide::scanner: Discovering "C:\\xampp\\htdocs\\tutorial2\\app\\api\\admin\\users\\[id]\\reject"
2026-01-08T06:15:19.834737Z  INFO scan_sources: tailwindcss_oxide::scanner: Discovering "C:\\xampp\\htdocs\\tutorial2\\app\\api\\auth"
2026-01-08T06:15:19.835051Z  INFO scan_sources: tailwindcss_oxide::scanner: Discovering "C:\\xampp\\htdocs\\tutorial2\\app\\api\\auth\\login"
2026-01-08T06:15:19.835527Z  INFO scan_sources: tailwindcss_oxide::scanner: Discovering "C:\\xampp\\htdocs\\tutorial2\\app\\api\\auth\\logout"
2026-01-08T06:15:19.836046Z  INFO scan_sources: tailwindcss_oxide::scanner: Discovering "C:\\xampp\\htdocs\\tutorial2\\app\\api\\auth\\me"
2026-01-08T06:15:19.836543Z  INFO scan_sources: tailwindcss_oxide::scanner: Discovering "C:\\xampp\\htdocs\\tutorial2\\app\\api\\auth\\profile"
2026-01-08T06:15:19.837051Z  INFO scan_sources: tailwindcss_oxide::scanner: Discovering "C:\\xampp\\htdocs\\tutorial2\\app\\api\\auth\\refresh"
2026-01-08T06:15:19.837529Z  INFO scan_sources: tailwindcss_oxide::scanner: Discovering "C:\\xampp\\htdocs\\tutorial2\\app\\api\\auth\\register"
2026-01-08T06:15:19.838136Z  INFO scan_sources: tailwindcss_oxide::scanner: Discovering "C:\\xampp\\htdocs\\tutorial2\\app\\api\\contact-content"
2026-01-08T06:15:19.838526Z  INFO scan_sources: tailwindcss_oxide::scanner: Discovering "C:\\xampp\\htdocs\\tutorial2\\app\\api\\debug"
2026-01-08T06:15:19.838756Z  INFO scan_sources: tailwindcss_oxide::scanner: Discovering "C:\\xampp\\htdocs\\tutorial2\\app\\api\\debug\\pricing"
2026-01-08T06:15:19.839069Z  INFO scan_sources: tailwindcss_oxide::scanner: Discovering "C:\\xampp\\htdocs\\tutorial2\\app\\api\\events"
2026-01-08T06:15:19.839288Z  INFO scan_sources: tailwindcss_oxide::scanner: Discovering "C:\\xampp\\htdocs\\tutorial2\\app\\api\\events\\[id]"
2026-01-08T06:15:19.839623Z  INFO scan_sources: tailwindcss_oxide::scanner: Discovering "C:\\xampp\\htdocs\\tutorial2\\app\\api\\events\\[id]\\register"
2026-01-08T06:15:19.840013Z  INFO scan_sources: tailwindcss_oxide::scanner: Discovering "C:\\xampp\\htdocs\\tutorial2\\app\\api\\fix-membership"
2026-01-08T06:15:19.840252Z  INFO scan_sources: tailwindcss_oxide::scanner: Discovering "C:\\xampp\\htdocs\\tutorial2\\app\\api\\home-content"
2026-01-08T06:15:19.840511Z  INFO scan_sources: tailwindcss_oxide::scanner: Discovering "C:\\xampp\\htdocs\\tutorial2\\app\\api\\membership"
2026-01-08T06:15:19.840705Z  INFO scan_sources: tailwindcss_oxide::scanner: Discovering "C:\\xampp\\htdocs\\tutorial2\\app\\api\\membership\\next-number"
2026-01-08T06:15:19.841133Z  INFO scan_sources: tailwindcss_oxide::scanner: Discovering "C:\\xampp\\htdocs\\tutorial2\\app\\api\\membership\\pay"
2026-01-08T06:15:19.841423Z  INFO scan_sources: tailwindcss_oxide::scanner: Discovering "C:\\xampp\\htdocs\\tutorial2\\app\\api\\membership\\payment-status"
2026-01-08T06:15:19.841834Z  INFO scan_sources: tailwindcss_oxide::scanner: Discovering "C:\\xampp\\htdocs\\tutorial2\\app\\api\\membership\\status"
2026-01-08T06:15:19.842119Z  INFO scan_sources: tailwindcss_oxide::scanner: Discovering "C:\\xampp\\htdocs\\tutorial2\\app\\api\\messages"
2026-01-08T06:15:19.842348Z  INFO scan_sources: tailwindcss_oxide::scanner: Discovering "C:\\xampp\\htdocs\\tutorial2\\app\\api\\messages\\reply"
2026-01-08T06:15:19.842659Z  INFO scan_sources: tailwindcss_oxide::scanner: Discovering "C:\\xampp\\htdocs\\tutorial2\\app\\api\\messages\\[id]"
2026-01-08T06:15:19.842851Z  INFO scan_sources: tailwindcss_oxide::scanner: Discovering "C:\\xampp\\htdocs\\tutorial2\\app\\api\\messages\\[id]\\read"
2026-01-08T06:15:19.843180Z  INFO scan_sources: tailwindcss_oxide::scanner: Discovering "C:\\xampp\\htdocs\\tutorial2\\app\\api\\payments"
2026-01-08T06:15:19.843385Z  INFO scan_sources: tailwindcss_oxide::scanner: Discovering "C:\\xampp\\htdocs\\tutorial2\\app\\api\\payments\\activate-test"
2026-01-08T06:15:19.843728Z  INFO scan_sources: tailwindcss_oxide::scanner: Discovering "C:\\xampp\\htdocs\\tutorial2\\app\\api\\payments\\azampay"
2026-01-08T06:15:19.843924Z  INFO scan_sources: tailwindcss_oxide::scanner: Discovering "C:\\xampp\\htdocs\\tutorial2\\app\\api\\payments\\azampay\\callback"
2026-01-08T06:15:19.844125Z  INFO scan_sources: tailwindcss_oxide::scanner: Discovering "C:\\xampp\\htdocs\\tutorial2\\app\\api\\payments\\azampay\\checkout"
2026-01-08T06:15:19.844357Z  INFO scan_sources: tailwindcss_oxide::scanner: Discovering "C:\\xampp\\htdocs\\tutorial2\\app\\api\\payments\\cleanup"
2026-01-08T06:15:19.844537Z  INFO scan_sources: tailwindcss_oxide::scanner: Discovering "C:\\xampp\\htdocs\\tutorial2\\app\\api\\payments\\mobile-money"
2026-01-08T06:15:19.844734Z  INFO scan_sources: tailwindcss_oxide::scanner: Discovering "C:\\xampp\\htdocs\\tutorial2\\app\\api\\reports"
2026-01-08T06:15:19.844899Z  INFO scan_sources: tailwindcss_oxide::scanner: Discovering "C:\\xampp\\htdocs\\tutorial2\\app\\api\\reports\\generate"
2026-01-08T06:15:19.845108Z  INFO scan_sources: tailwindcss_oxide::scanner: Discovering "C:\\xampp\\htdocs\\tutorial2\\app\\api\\reports\\send-email"
2026-01-08T06:15:19.845294Z  INFO scan_sources: tailwindcss_oxide::scanner: Discovering "C:\\xampp\\htdocs\\tutorial2\\app\\api\\send-approval-email"
2026-01-08T06:15:19.845462Z  INFO scan_sources: tailwindcss_oxide::scanner: Discovering "C:\\xampp\\htdocs\\tutorial2\\app\\api\\settings"
2026-01-08T06:15:19.845619Z  INFO scan_sources: tailwindcss_oxide::scanner: Discovering "C:\\xampp\\htdocs\\tutorial2\\app\\api\\setup"
2026-01-08T06:15:19.845730Z  INFO scan_sources: tailwindcss_oxide::scanner: Discovering "C:\\xampp\\htdocs\\tutorial2\\app\\api\\setup\\ensure-admin"
2026-01-08T06:15:19.845924Z  INFO scan_sources: tailwindcss_oxide::scanner: Discovering "C:\\xampp\\htdocs\\tutorial2\\app\\auth"
2026-01-08T06:15:19.846260Z  INFO scan_sources: tailwindcss_oxide::scanner: Discovering "C:\\xampp\\htdocs\\tutorial2\\app\\auth\\login"
2026-01-08T06:15:19.846419Z  INFO scan_sources: tailwindcss_oxide::scanner: Discovering "C:\\xampp\\htdocs\\tutorial2\\app\\auth\\login\\page.tsx"
2026-01-08T06:15:19.846611Z  INFO scan_sources: tailwindcss_oxide::scanner: Discovering "C:\\xampp\\htdocs\\tutorial2\\app\\auth\\pending-approval"
2026-01-08T06:15:19.847524Z  INFO scan_sources: tailwindcss_oxide::scanner: Discovering "C:\\xampp\\htdocs\\tutorial2\\app\\auth\\register"
2026-01-08T06:15:19.848114Z  INFO scan_sources: tailwindcss_oxide::scanner: Discovering "C:\\xampp\\htdocs\\tutorial2\\app\\components"
2026-01-08T06:15:19.848798Z  INFO scan_sources: tailwindcss_oxide::scanner: Discovering "C:\\xampp\\htdocs\\tutorial2\\app\\contact"
2026-01-08T06:15:19.849407Z  INFO scan_sources: tailwindcss_oxide::scanner: Discovering "C:\\xampp\\htdocs\\tutorial2\\app\\dashboard"
2026-01-08T06:15:19.849841Z  INFO scan_sources: tailwindcss_oxide::scanner: Discovering "C:\\xampp\\htdocs\\tutorial2\\app\\dashboard\\complete-profile"
2026-01-08T06:15:19.850454Z  INFO scan_sources: tailwindcss_oxide::scanner: Discovering "C:\\xampp\\htdocs\\tutorial2\\app\\dashboard\\events"
2026-01-08T06:15:19.851068Z  INFO scan_sources: tailwindcss_oxide::scanner: Discovering "C:\\xampp\\htdocs\\tutorial2\\app\\dashboard\\membership-card"
2026-01-08T06:15:19.851738Z  INFO scan_sources: tailwindcss_oxide::scanner: Discovering "C:\\xampp\\htdocs\\tutorial2\\app\\dashboard\\messages"
2026-01-08T06:15:19.851976Z  INFO scan_sources: tailwindcss_oxide::scanner: Discovering "C:\\xampp\\htdocs\\tutorial2\\app\\dashboard\\payment"
2026-01-08T06:15:19.852139Z  INFO scan_sources: tailwindcss_oxide::scanner: Discovering "C:\\xampp\\htdocs\\tutorial2\\app\\dashboard\\payment\\success"
2026-01-08T06:15:19.852333Z  INFO scan_sources: tailwindcss_oxide::scanner: Discovering "C:\\xampp\\htdocs\\tutorial2\\app\\dashboard\\subscribe"
2026-01-08T06:15:19.852535Z  INFO scan_sources: tailwindcss_oxide::scanner: Discovering "C:\\xampp\\htdocs\\tutorial2\\app\\fix-auth"
2026-01-08T06:15:19.852782Z  INFO scan_sources: tailwindcss_oxide::scanner: Discovering "C:\\xampp\\htdocs\\tutorial2\\app\\schemas"
2026-01-08T06:15:19.852959Z  INFO scan_sources: tailwindcss_oxide::scanner: Discovering "C:\\xampp\\htdocs\\tutorial2\\app\\scripts"
2026-01-08T06:15:19.853179Z  INFO scan_sources: tailwindcss_oxide::scanner: Discovering "C:\\xampp\\htdocs\\tutorial2\\app\\unauthorized"
2026-01-08T06:15:19.853506Z  INFO scan_sources: tailwindcss_oxide::scanner: Discovering "C:\\xampp\\htdocs\\tutorial2\\components"
2026-01-08T06:15:19.853698Z  INFO scan_sources: tailwindcss_oxide::scanner: Discovering "C:\\xampp\\htdocs\\tutorial2\\components\\admin"
2026-01-08T06:15:19.853985Z  INFO scan_sources: tailwindcss_oxide::scanner: Discovering "C:\\xampp\\htdocs\\tutorial2\\components\\dashboard"
2026-01-08T06:15:19.854350Z  INFO scan_sources: tailwindcss_oxide::scanner: Discovering "C:\\xampp\\htdocs\\tutorial2\\components\\ui"
2026-01-08T06:15:19.854848Z  INFO scan_sources: tailwindcss_oxide::scanner: Discovering "C:\\xampp\\htdocs\\tutorial2\\components\\web"
2026-01-08T06:15:19.855219Z  INFO scan_sources: tailwindcss_oxide::scanner: Discovering "C:\\xampp\\htdocs\\tutorial2\\contexts"
2026-01-08T06:15:19.855591Z  INFO scan_sources: tailwindcss_oxide::scanner: Discovering "C:\\xampp\\htdocs\\tutorial2\\convex"
2026-01-08T06:15:19.856047Z  INFO scan_sources: tailwindcss_oxide::scanner: Discovering "C:\\xampp\\htdocs\\tutorial2\\convex\\_generated"
2026-01-08T06:15:19.856603Z  INFO scan_sources: tailwindcss_oxide::scanner: Discovering "C:\\xampp\\htdocs\\tutorial2\\database"
2026-01-08T06:15:19.858245Z  INFO scan_sources: tailwindcss_oxide::scanner: Discovering "C:\\xampp\\htdocs\\tutorial2\\lib"
2026-01-08T06:15:19.859066Z  INFO scan_sources: tailwindcss_oxide::scanner: Discovering "C:\\xampp\\htdocs\\tutorial2\\migrations"
2026-01-08T06:15:19.860485Z  INFO scan_sources: tailwindcss_oxide::scanner: Discovering "C:\\xampp\\htdocs\\tutorial2\\public"
2026-01-08T06:15:19.860785Z  INFO scan_sources: tailwindcss_oxide::scanner: Discovering "C:\\xampp\\htdocs\\tutorial2\\public\\uploads"
2026-01-08T06:15:19.861017Z  INFO scan_sources: tailwindcss_oxide::scanner: Discovering "C:\\xampp\\htdocs\\tutorial2\\public\\uploads\\documents"
2026-01-08T06:15:19.861373Z  INFO scan_sources: tailwindcss_oxide::scanner: Discovering "C:\\xampp\\htdocs\\tutorial2\\public\\uploads\\profile-pictures"
2026-01-08T06:15:19.861983Z  INFO scan_sources: tailwindcss_oxide::scanner: exit
2026-01-08T06:15:19.862002Z  INFO extract_candidates: tailwindcss_oxide::scanner: enter
2026-01-08T06:15:19.862010Z  INFO extract_candidates:read_all_files: tailwindcss_oxide::scanner: enter
2026-01-08T06:15:19.862014Z  INFO extract_candidates:read_all_files: tailwindcss_oxide::scanner: Reading 1 file(s)
2026-01-08T06:15:19.862084Z  INFO extract_candidates:read_all_files: tailwindcss_oxide::scanner: Reading "C:\\xampp\\htdocs\\tutorial2\\app\\auth\\login\\page.tsx"
2026-01-08T06:15:19.862092Z  INFO extract_candidates:read_all_files: tailwindcss_oxide::scanner: exit
2026-01-08T06:15:19.862097Z  INFO extract_candidates:parse_all_blobs: tailwindcss_oxide::scanner: enter
2026-01-08T06:15:19.862100Z  INFO extract_candidates:parse_all_blobs:extract: tailwindcss_oxide::scanner: enter
2026-01-08T06:15:19.862599Z  INFO extract_candidates:parse_all_blobs:extract: tailwindcss_oxide::scanner: exit
2026-01-08T06:15:19.862621Z  INFO extract_candidates:parse_all_blobs: tailwindcss_oxide::scanner: exit
2026-01-08T06:15:19.862745Z  INFO extract_candidates: tailwindcss_oxide::scanner: exit
2026-01-08T06:15:19.864452Z  INFO get_files: tailwindcss_oxide::scanner: enter
2026-01-08T06:15:19.864491Z  INFO get_files:scan_sources: tailwindcss_oxide::scanner: enter
2026-01-08T06:15:19.866206Z  INFO get_files:scan_sources: tailwindcss_oxide::scanner: Discovering "C:\\xampp\\htdocs\\tutorial2\\api"
2026-01-08T06:15:19.866406Z  INFO get_files:scan_sources: tailwindcss_oxide::scanner: Discovering "C:\\xampp\\htdocs\\tutorial2\\api\\auth"
2026-01-08T06:15:19.866832Z  INFO get_files:scan_sources: tailwindcss_oxide::scanner: Discovering "C:\\xampp\\htdocs\\tutorial2\\app"
2026-01-08T06:15:19.867175Z  INFO get_files:scan_sources: tailwindcss_oxide::scanner: Discovering "C:\\xampp\\htdocs\\tutorial2\\app\\(layout)"
2026-01-08T06:15:19.867694Z  INFO get_files:scan_sources: tailwindcss_oxide::scanner: Discovering "C:\\xampp\\htdocs\\tutorial2\\app\\(shared-layout)"
2026-01-08T06:15:19.868821Z  INFO get_files:scan_sources: tailwindcss_oxide::scanner: Discovering "C:\\xampp\\htdocs\\tutorial2\\app\\about"
2026-01-08T06:15:19.869399Z  INFO get_files:scan_sources: tailwindcss_oxide::scanner: Discovering "C:\\xampp\\htdocs\\tutorial2\\app\\about-us"
2026-01-08T06:15:19.869934Z  INFO get_files:scan_sources: tailwindcss_oxide::scanner: Discovering "C:\\xampp\\htdocs\\tutorial2\\app\\admin"
2026-01-08T06:15:19.870412Z  INFO get_files:scan_sources: tailwindcss_oxide::scanner: Discovering "C:\\xampp\\htdocs\\tutorial2\\app\\admin\\content"
2026-01-08T06:15:19.870822Z  INFO get_files:scan_sources: tailwindcss_oxide::scanner: Discovering "C:\\xampp\\htdocs\\tutorial2\\app\\admin\\content\\about"
2026-01-08T06:15:19.871319Z  INFO get_files:scan_sources: tailwindcss_oxide::scanner: Discovering "C:\\xampp\\htdocs\\tutorial2\\app\\admin\\content\\contact"
2026-01-08T06:15:19.871764Z  INFO get_files:scan_sources: tailwindcss_oxide::scanner: Discovering "C:\\xampp\\htdocs\\tutorial2\\app\\admin\\content\\home"
2026-01-08T06:15:19.872234Z  INFO get_files:scan_sources: tailwindcss_oxide::scanner: Discovering "C:\\xampp\\htdocs\\tutorial2\\app\\admin\\dashboard"
2026-01-08T06:15:19.872625Z  INFO get_files:scan_sources: tailwindcss_oxide::scanner: Discovering "C:\\xampp\\htdocs\\tutorial2\\app\\admin\\events"
2026-01-08T06:15:19.873006Z  INFO get_files:scan_sources: tailwindcss_oxide::scanner: Discovering "C:\\xampp\\htdocs\\tutorial2\\app\\admin\\events\\[id]"
2026-01-08T06:15:19.873358Z  INFO get_files:scan_sources: tailwindcss_oxide::scanner: Discovering "C:\\xampp\\htdocs\\tutorial2\\app\\admin\\events\\[id]\\registrations"
2026-01-08T06:15:19.873859Z  INFO get_files:scan_sources: tailwindcss_oxide::scanner: Discovering "C:\\xampp\\htdocs\\tutorial2\\app\\admin\\membership"
2026-01-08T06:15:19.874474Z  INFO get_files:scan_sources: tailwindcss_oxide::scanner: Discovering "C:\\xampp\\htdocs\\tutorial2\\app\\admin\\payments"
2026-01-08T06:15:19.875055Z  INFO get_files:scan_sources: tailwindcss_oxide::scanner: Discovering "C:\\xampp\\htdocs\\tutorial2\\app\\admin\\reports"
2026-01-08T06:15:19.875443Z  INFO get_files:scan_sources: tailwindcss_oxide::scanner: Discovering "C:\\xampp\\htdocs\\tutorial2\\app\\admin\\requests"
2026-01-08T06:15:19.876024Z  INFO get_files:scan_sources: tailwindcss_oxide::scanner: Discovering "C:\\xampp\\htdocs\\tutorial2\\app\\admin\\users"
2026-01-08T06:15:19.876511Z  INFO get_files:scan_sources: tailwindcss_oxide::scanner: Discovering "C:\\xampp\\htdocs\\tutorial2\\app\\admin\\users\\[id]"
2026-01-08T06:15:19.876870Z  INFO get_files:scan_sources: tailwindcss_oxide::scanner: Discovering "C:\\xampp\\htdocs\\tutorial2\\app\\api"
2026-01-08T06:15:19.878270Z  INFO get_files:scan_sources: tailwindcss_oxide::scanner: Discovering "C:\\xampp\\htdocs\\tutorial2\\app\\api\\about-content"
2026-01-08T06:15:19.878815Z  INFO get_files:scan_sources: tailwindcss_oxide::scanner: Discovering "C:\\xampp\\htdocs\\tutorial2\\app\\api\\admin"
2026-01-08T06:15:19.878971Z  INFO get_files:scan_sources: tailwindcss_oxide::scanner: Discovering "C:\\xampp\\htdocs\\tutorial2\\app\\api\\admin\\content"
2026-01-08T06:15:19.879229Z  INFO get_files:scan_sources: tailwindcss_oxide::scanner: Discovering "C:\\xampp\\htdocs\\tutorial2\\app\\api\\admin\\content\\about"
2026-01-08T06:15:19.879478Z  INFO get_files:scan_sources: tailwindcss_oxide::scanner: Discovering "C:\\xampp\\htdocs\\tutorial2\\app\\api\\admin\\content\\about\\[id]"
2026-01-08T06:15:19.879644Z  INFO get_files:scan_sources: tailwindcss_oxide::scanner: Discovering "C:\\xampp\\htdocs\\tutorial2\\app\\api\\admin\\content\\contact"
2026-01-08T06:15:19.879776Z  INFO get_files:scan_sources: tailwindcss_oxide::scanner: Discovering "C:\\xampp\\htdocs\\tutorial2\\app\\api\\admin\\content\\contact\\[id]"
2026-01-08T06:15:19.879941Z  INFO get_files:scan_sources: tailwindcss_oxide::scanner: Discovering "C:\\xampp\\htdocs\\tutorial2\\app\\api\\admin\\content\\footer"
2026-01-08T06:15:19.880075Z  INFO get_files:scan_sources: tailwindcss_oxide::scanner: Discovering "C:\\xampp\\htdocs\\tutorial2\\app\\api\\admin\\content\\home"
2026-01-08T06:15:19.880201Z  INFO get_files:scan_sources: tailwindcss_oxide::scanner: Discovering "C:\\xampp\\htdocs\\tutorial2\\app\\api\\admin\\content\\home\\[id]"
2026-01-08T06:15:19.880349Z  INFO get_files:scan_sources: tailwindcss_oxide::scanner: Discovering "C:\\xampp\\htdocs\\tutorial2\\app\\api\\admin\\content\\media"
2026-01-08T06:15:19.880555Z  INFO get_files:scan_sources: tailwindcss_oxide::scanner: Discovering "C:\\xampp\\htdocs\\tutorial2\\app\\api\\admin\\content\\navigation"
2026-01-08T06:15:19.880795Z  INFO get_files:scan_sources: tailwindcss_oxide::scanner: Discovering "C:\\xampp\\htdocs\\tutorial2\\app\\api\\admin\\content\\pages"
2026-01-08T06:15:19.881359Z  INFO get_files:scan_sources: tailwindcss_oxide::scanner: Discovering "C:\\xampp\\htdocs\\tutorial2\\app\\api\\admin\\content\\pages\\[id]"
2026-01-08T06:15:19.881628Z  INFO get_files:scan_sources: tailwindcss_oxide::scanner: Discovering "C:\\xampp\\htdocs\\tutorial2\\app\\api\\admin\\content\\settings"
2026-01-08T06:15:19.881790Z  INFO get_files:scan_sources: tailwindcss_oxide::scanner: Discovering "C:\\xampp\\htdocs\\tutorial2\\app\\api\\admin\\create-admin"
2026-01-08T06:15:19.881924Z  INFO get_files:scan_sources: tailwindcss_oxide::scanner: Discovering "C:\\xampp\\htdocs\\tutorial2\\app\\api\\admin\\deleted-users"
2026-01-08T06:15:19.882069Z  INFO get_files:scan_sources: tailwindcss_oxide::scanner: Discovering "C:\\xampp\\htdocs\\tutorial2\\app\\api\\admin\\events"
2026-01-08T06:15:19.882256Z  INFO get_files:scan_sources: tailwindcss_oxide::scanner: Discovering "C:\\xampp\\htdocs\\tutorial2\\app\\api\\admin\\events\\[id]"
2026-01-08T06:15:19.882418Z  INFO get_files:scan_sources: tailwindcss_oxide::scanner: Discovering "C:\\xampp\\htdocs\\tutorial2\\app\\api\\admin\\events\\[id]\\registrations"
2026-01-08T06:15:19.882697Z  INFO get_files:scan_sources: tailwindcss_oxide::scanner: Discovering "C:\\xampp\\htdocs\\tutorial2\\app\\api\\admin\\fix-admin"
2026-01-08T06:15:19.882976Z  INFO get_files:scan_sources: tailwindcss_oxide::scanner: Discovering "C:\\xampp\\htdocs\\tutorial2\\app\\api\\admin\\membership"
2026-01-08T06:15:19.883119Z  INFO get_files:scan_sources: tailwindcss_oxide::scanner: Discovering "C:\\xampp\\htdocs\\tutorial2\\app\\api\\admin\\membership\\cycles"
2026-01-08T06:15:19.883275Z  INFO get_files:scan_sources: tailwindcss_oxide::scanner: Discovering "C:\\xampp\\htdocs\\tutorial2\\app\\api\\admin\\membership\\settings"
2026-01-08T06:15:19.883584Z  INFO get_files:scan_sources: tailwindcss_oxide::scanner: Discovering "C:\\xampp\\htdocs\\tutorial2\\app\\api\\admin\\membership\\types"
2026-01-08T06:15:19.883898Z  INFO get_files:scan_sources: tailwindcss_oxide::scanner: Discovering "C:\\xampp\\htdocs\\tutorial2\\app\\api\\admin\\payments"
2026-01-08T06:15:19.884089Z  INFO get_files:scan_sources: tailwindcss_oxide::scanner: Discovering "C:\\xampp\\htdocs\\tutorial2\\app\\api\\admin\\payments\\[id]"
2026-01-08T06:15:19.884257Z  INFO get_files:scan_sources: tailwindcss_oxide::scanner: Discovering "C:\\xampp\\htdocs\\tutorial2\\app\\api\\admin\\payments\\[id]\\refund"
2026-01-08T06:15:19.886049Z  INFO get_files:scan_sources: tailwindcss_oxide::scanner: Discovering "C:\\xampp\\htdocs\\tutorial2\\app\\api\\admin\\report"
2026-01-08T06:15:19.887011Z  INFO get_files:scan_sources: tailwindcss_oxide::scanner: Discovering "C:\\xampp\\htdocs\\tutorial2\\app\\api\\admin\\reports"
2026-01-08T06:15:19.887255Z  INFO get_files:scan_sources: tailwindcss_oxide::scanner: Discovering "C:\\xampp\\htdocs\\tutorial2\\app\\api\\admin\\reports\\generate"
2026-01-08T06:15:19.887532Z  INFO get_files:scan_sources: tailwindcss_oxide::scanner: Discovering "C:\\xampp\\htdocs\\tutorial2\\app\\api\\admin\\reset-admin"
2026-01-08T06:15:19.887695Z  INFO get_files:scan_sources: tailwindcss_oxide::scanner: Discovering "C:\\xampp\\htdocs\\tutorial2\\app\\api\\admin\\users"
2026-01-08T06:15:19.887802Z  INFO get_files:scan_sources: tailwindcss_oxide::scanner: Discovering "C:\\xampp\\htdocs\\tutorial2\\app\\api\\admin\\users\\restore"
2026-01-08T06:15:19.887959Z  INFO get_files:scan_sources: tailwindcss_oxide::scanner: Discovering "C:\\xampp\\htdocs\\tutorial2\\app\\api\\admin\\users\\[id]"
2026-01-08T06:15:19.888062Z  INFO get_files:scan_sources: tailwindcss_oxide::scanner: Discovering "C:\\xampp\\htdocs\\tutorial2\\app\\api\\admin\\users\\[id]\\approve"
2026-01-08T06:15:19.888206Z  INFO get_files:scan_sources: tailwindcss_oxide::scanner: Discovering "C:\\xampp\\htdocs\\tutorial2\\app\\api\\admin\\users\\[id]\\details"
2026-01-08T06:15:19.888346Z  INFO get_files:scan_sources: tailwindcss_oxide::scanner: Discovering "C:\\xampp\\htdocs\\tutorial2\\app\\api\\admin\\users\\[id]\\membership-status"
2026-01-08T06:15:19.888506Z  INFO get_files:scan_sources: tailwindcss_oxide::scanner: Discovering "C:\\xampp\\htdocs\\tutorial2\\app\\api\\admin\\users\\[id]\\password"
2026-01-08T06:15:19.888690Z  INFO get_files:scan_sources: tailwindcss_oxide::scanner: Discovering "C:\\xampp\\htdocs\\tutorial2\\app\\api\\admin\\users\\[id]\\reject"
2026-01-08T06:15:19.888944Z  INFO get_files:scan_sources: tailwindcss_oxide::scanner: Discovering "C:\\xampp\\htdocs\\tutorial2\\app\\api\\auth"
2026-01-08T06:15:19.889087Z  INFO get_files:scan_sources: tailwindcss_oxide::scanner: Discovering "C:\\xampp\\htdocs\\tutorial2\\app\\api\\auth\\login"
2026-01-08T06:15:19.889518Z  INFO get_files:scan_sources: tailwindcss_oxide::scanner: Discovering "C:\\xampp\\htdocs\\tutorial2\\app\\api\\auth\\logout"
2026-01-08T06:15:19.889858Z  INFO get_files:scan_sources: tailwindcss_oxide::scanner: Discovering "C:\\xampp\\htdocs\\tutorial2\\app\\api\\auth\\me"
2026-01-08T06:15:19.890025Z  INFO get_files:scan_sources: tailwindcss_oxide::scanner: Discovering "C:\\xampp\\htdocs\\tutorial2\\app\\api\\auth\\profile"
2026-01-08T06:15:19.890270Z  INFO get_files:scan_sources: tailwindcss_oxide::scanner: Discovering "C:\\xampp\\htdocs\\tutorial2\\app\\api\\auth\\refresh"
2026-01-08T06:15:19.890462Z  INFO get_files:scan_sources: tailwindcss_oxide::scanner: Discovering "C:\\xampp\\htdocs\\tutorial2\\app\\api\\auth\\register"
2026-01-08T06:15:19.890671Z  INFO get_files:scan_sources: tailwindcss_oxide::scanner: Discovering "C:\\xampp\\htdocs\\tutorial2\\app\\api\\contact-content"
2026-01-08T06:15:19.890822Z  INFO get_files:scan_sources: tailwindcss_oxide::scanner: Discovering "C:\\xampp\\htdocs\\tutorial2\\app\\api\\debug"
2026-01-08T06:15:19.890940Z  INFO get_files:scan_sources: tailwindcss_oxide::scanner: Discovering "C:\\xampp\\htdocs\\tutorial2\\app\\api\\debug\\pricing"
2026-01-08T06:15:19.891115Z  INFO get_files:scan_sources: tailwindcss_oxide::scanner: Discovering "C:\\xampp\\htdocs\\tutorial2\\app\\api\\events"
2026-01-08T06:15:19.891286Z  INFO get_files:scan_sources: tailwindcss_oxide::scanner: Discovering "C:\\xampp\\htdocs\\tutorial2\\app\\api\\events\\[id]"
2026-01-08T06:15:19.891422Z  INFO get_files:scan_sources: tailwindcss_oxide::scanner: Discovering "C:\\xampp\\htdocs\\tutorial2\\app\\api\\events\\[id]\\register"
2026-01-08T06:15:19.891587Z  INFO get_files:scan_sources: tailwindcss_oxide::scanner: Discovering "C:\\xampp\\htdocs\\tutorial2\\app\\api\\fix-membership"
2026-01-08T06:15:19.891737Z  INFO get_files:scan_sources: tailwindcss_oxide::scanner: Discovering "C:\\xampp\\htdocs\\tutorial2\\app\\api\\home-content"
2026-01-08T06:15:19.891864Z  INFO get_files:scan_sources: tailwindcss_oxide::scanner: Discovering "C:\\xampp\\htdocs\\tutorial2\\app\\api\\membership"
2026-01-08T06:15:19.891970Z  INFO get_files:scan_sources: tailwindcss_oxide::scanner: Discovering "C:\\xampp\\htdocs\\tutorial2\\app\\api\\membership\\next-number"
2026-01-08T06:15:19.892100Z  INFO get_files:scan_sources: tailwindcss_oxide::scanner: Discovering "C:\\xampp\\htdocs\\tutorial2\\app\\api\\membership\\pay"
2026-01-08T06:15:19.892280Z  INFO get_files:scan_sources: tailwindcss_oxide::scanner: Discovering "C:\\xampp\\htdocs\\tutorial2\\app\\api\\membership\\payment-status"
2026-01-08T06:15:19.892427Z  INFO get_files:scan_sources: tailwindcss_oxide::scanner: Discovering "C:\\xampp\\htdocs\\tutorial2\\app\\api\\membership\\status"
2026-01-08T06:15:19.892570Z  INFO get_files:scan_sources: tailwindcss_oxide::scanner: Discovering "C:\\xampp\\htdocs\\tutorial2\\app\\api\\messages"
2026-01-08T06:15:19.892669Z  INFO get_files:scan_sources: tailwindcss_oxide::scanner: Discovering "C:\\xampp\\htdocs\\tutorial2\\app\\api\\messages\\reply"
2026-01-08T06:15:19.892843Z  INFO get_files:scan_sources: tailwindcss_oxide::scanner: Discovering "C:\\xampp\\htdocs\\tutorial2\\app\\api\\messages\\[id]"
2026-01-08T06:15:19.892953Z  INFO get_files:scan_sources: tailwindcss_oxide::scanner: Discovering "C:\\xampp\\htdocs\\tutorial2\\app\\api\\messages\\[id]\\read"
2026-01-08T06:15:19.893347Z  INFO get_files:scan_sources: tailwindcss_oxide::scanner: Discovering "C:\\xampp\\htdocs\\tutorial2\\app\\api\\payments"
2026-01-08T06:15:19.893487Z  INFO get_files:scan_sources: tailwindcss_oxide::scanner: Discovering "C:\\xampp\\htdocs\\tutorial2\\app\\api\\payments\\activate-test"
2026-01-08T06:15:19.893800Z  INFO get_files:scan_sources: tailwindcss_oxide::scanner: Discovering "C:\\xampp\\htdocs\\tutorial2\\app\\api\\payments\\azampay"
2026-01-08T06:15:19.894048Z  INFO get_files:scan_sources: tailwindcss_oxide::scanner: Discovering "C:\\xampp\\htdocs\\tutorial2\\app\\api\\payments\\azampay\\callback"
2026-01-08T06:15:19.894421Z  INFO get_files:scan_sources: tailwindcss_oxide::scanner: Discovering "C:\\xampp\\htdocs\\tutorial2\\app\\api\\payments\\azampay\\checkout"
2026-01-08T06:15:19.894906Z  INFO get_files:scan_sources: tailwindcss_oxide::scanner: Discovering "C:\\xampp\\htdocs\\tutorial2\\app\\api\\payments\\cleanup"
2026-01-08T06:15:19.895222Z  INFO get_files:scan_sources: tailwindcss_oxide::scanner: Discovering "C:\\xampp\\htdocs\\tutorial2\\app\\api\\payments\\mobile-money"
2026-01-08T06:15:19.895706Z  INFO get_files:scan_sources: tailwindcss_oxide::scanner: Discovering "C:\\xampp\\htdocs\\tutorial2\\app\\api\\reports"
2026-01-08T06:15:19.896283Z  INFO get_files:scan_sources: tailwindcss_oxide::scanner: Discovering "C:\\xampp\\htdocs\\tutorial2\\app\\api\\reports\\generate"
2026-01-08T06:15:19.896656Z  INFO get_files:scan_sources: tailwindcss_oxide::scanner: Discovering "C:\\xampp\\htdocs\\tutorial2\\app\\api\\reports\\send-email"
2026-01-08T06:15:19.896848Z  INFO get_files:scan_sources: tailwindcss_oxide::scanner: Discovering "C:\\xampp\\htdocs\\tutorial2\\app\\api\\send-approval-email"
2026-01-08T06:15:19.897003Z  INFO get_files:scan_sources: tailwindcss_oxide::scanner: Discovering "C:\\xampp\\htdocs\\tutorial2\\app\\api\\settings"
2026-01-08T06:15:19.897150Z  INFO get_files:scan_sources: tailwindcss_oxide::scanner: Discovering "C:\\xampp\\htdocs\\tutorial2\\app\\api\\setup"
2026-01-08T06:15:19.897273Z  INFO get_files:scan_sources: tailwindcss_oxide::scanner: Discovering "C:\\xampp\\htdocs\\tutorial2\\app\\api\\setup\\ensure-admin"
2026-01-08T06:15:19.897507Z  INFO get_files:scan_sources: tailwindcss_oxide::scanner: Discovering "C:\\xampp\\htdocs\\tutorial2\\app\\auth"
2026-01-08T06:15:19.897670Z  INFO get_files:scan_sources: tailwindcss_oxide::scanner: Discovering "C:\\xampp\\htdocs\\tutorial2\\app\\auth\\login"
2026-01-08T06:15:19.897989Z  INFO get_files:scan_sources: tailwindcss_oxide::scanner: Discovering "C:\\xampp\\htdocs\\tutorial2\\app\\auth\\pending-approval"
2026-01-08T06:15:19.898145Z  INFO get_files:scan_sources: tailwindcss_oxide::scanner: Discovering "C:\\xampp\\htdocs\\tutorial2\\app\\auth\\register"
2026-01-08T06:15:19.898288Z  INFO get_files:scan_sources: tailwindcss_oxide::scanner: Discovering "C:\\xampp\\htdocs\\tutorial2\\app\\components"
2026-01-08T06:15:19.898437Z  INFO get_files:scan_sources: tailwindcss_oxide::scanner: Discovering "C:\\xampp\\htdocs\\tutorial2\\app\\contact"
2026-01-08T06:15:19.898633Z  INFO get_files:scan_sources: tailwindcss_oxide::scanner: Discovering "C:\\xampp\\htdocs\\tutorial2\\app\\dashboard"
2026-01-08T06:15:19.898812Z  INFO get_files:scan_sources: tailwindcss_oxide::scanner: Discovering "C:\\xampp\\htdocs\\tutorial2\\app\\dashboard\\complete-profile"
2026-01-08T06:15:19.898970Z  INFO get_files:scan_sources: tailwindcss_oxide::scanner: Discovering "C:\\xampp\\htdocs\\tutorial2\\app\\dashboard\\events"
2026-01-08T06:15:19.899130Z  INFO get_files:scan_sources: tailwindcss_oxide::scanner: Discovering "C:\\xampp\\htdocs\\tutorial2\\app\\dashboard\\membership-card"
2026-01-08T06:15:19.899292Z  INFO get_files:scan_sources: tailwindcss_oxide::scanner: Discovering "C:\\xampp\\htdocs\\tutorial2\\app\\dashboard\\messages"
2026-01-08T06:15:19.899444Z  INFO get_files:scan_sources: tailwindcss_oxide::scanner: Discovering "C:\\xampp\\htdocs\\tutorial2\\app\\dashboard\\payment"
2026-01-08T06:15:19.899569Z  INFO get_files:scan_sources: tailwindcss_oxide::scanner: Discovering "C:\\xampp\\htdocs\\tutorial2\\app\\dashboard\\payment\\success"
2026-01-08T06:15:19.899715Z  INFO get_files:scan_sources: tailwindcss_oxide::scanner: Discovering "C:\\xampp\\htdocs\\tutorial2\\app\\dashboard\\subscribe"
2026-01-08T06:15:19.899872Z  INFO get_files:scan_sources: tailwindcss_oxide::scanner: Discovering "C:\\xampp\\htdocs\\tutorial2\\app\\fix-auth"
2026-01-08T06:15:19.900125Z  INFO get_files:scan_sources: tailwindcss_oxide::scanner: Discovering "C:\\xampp\\htdocs\\tutorial2\\app\\schemas"
2026-01-08T06:15:19.900281Z  INFO get_files:scan_sources: tailwindcss_oxide::scanner: Discovering "C:\\xampp\\htdocs\\tutorial2\\app\\scripts"
2026-01-08T06:15:19.900444Z  INFO get_files:scan_sources: tailwindcss_oxide::scanner: Discovering "C:\\xampp\\htdocs\\tutorial2\\app\\unauthorized"
2026-01-08T06:15:19.900639Z  INFO get_files:scan_sources: tailwindcss_oxide::scanner: Discovering "C:\\xampp\\htdocs\\tutorial2\\components"
2026-01-08T06:15:19.900761Z  INFO get_files:scan_sources: tailwindcss_oxide::scanner: Discovering "C:\\xampp\\htdocs\\tutorial2\\components\\admin"
2026-01-08T06:15:19.900946Z  INFO get_files:scan_sources: tailwindcss_oxide::scanner: Discovering "C:\\xampp\\htdocs\\tutorial2\\components\\dashboard"
2026-01-08T06:15:19.902035Z  INFO get_files:scan_sources: tailwindcss_oxide::scanner: Discovering "C:\\xampp\\htdocs\\tutorial2\\components\\ui"
2026-01-08T06:15:19.902907Z  INFO get_files:scan_sources: tailwindcss_oxide::scanner: Discovering "C:\\xampp\\htdocs\\tutorial2\\components\\web"
2026-01-08T06:15:19.903359Z  INFO get_files:scan_sources: tailwindcss_oxide::scanner: Discovering "C:\\xampp\\htdocs\\tutorial2\\contexts"
2026-01-08T06:15:19.903558Z  INFO get_files:scan_sources: tailwindcss_oxide::scanner: Discovering "C:\\xampp\\htdocs\\tutorial2\\convex"
2026-01-08T06:15:19.903683Z  INFO get_files:scan_sources: tailwindcss_oxide::scanner: Discovering "C:\\xampp\\htdocs\\tutorial2\\convex\\_generated"
2026-01-08T06:15:19.903978Z  INFO get_files:scan_sources: tailwindcss_oxide::scanner: Discovering "C:\\xampp\\htdocs\\tutorial2\\database"
2026-01-08T06:15:19.904681Z  INFO get_files:scan_sources: tailwindcss_oxide::scanner: Discovering "C:\\xampp\\htdocs\\tutorial2\\lib"
2026-01-08T06:15:19.905092Z  INFO get_files:scan_sources: tailwindcss_oxide::scanner: Discovering "C:\\xampp\\htdocs\\tutorial2\\migrations"
2026-01-08T06:15:19.905549Z  INFO get_files:scan_sources: tailwindcss_oxide::scanner: Discovering "C:\\xampp\\htdocs\\tutorial2\\public"
2026-01-08T06:15:19.905745Z  INFO get_files:scan_sources: tailwindcss_oxide::scanner: Discovering "C:\\xampp\\htdocs\\tutorial2\\public\\uploads"
2026-01-08T06:15:19.905860Z  INFO get_files:scan_sources: tailwindcss_oxide::scanner: Discovering "C:\\xampp\\htdocs\\tutorial2\\public\\uploads\\documents"
2026-01-08T06:15:19.905996Z  INFO get_files:scan_sources: tailwindcss_oxide::scanner: Discovering "C:\\xampp\\htdocs\\tutorial2\\public\\uploads\\profile-pictures"
2026-01-08T06:15:19.906516Z  INFO get_files:scan_sources: tailwindcss_oxide::scanner: exit
2026-01-08T06:15:19.906757Z  INFO get_files: tailwindcss_oxide::scanner: exit
2026-01-08T06:15:19.907987Z  INFO get_globs: tailwindcss_oxide::scanner: enter
2026-01-08T06:15:19.908039Z  INFO get_globs: tailwindcss_oxide::scanner: exit
2026-01-08T06:15:28.289511Z  INFO scan_sources: tailwindcss_oxide::scanner: enter
2026-01-08T06:15:28.292544Z  INFO scan_sources: tailwindcss_oxide::scanner: Discovering "C:\\xampp\\htdocs\\tutorial2\\api"
2026-01-08T06:15:28.292957Z  INFO scan_sources: tailwindcss_oxide::scanner: Discovering "C:\\xampp\\htdocs\\tutorial2\\api\\auth"
2026-01-08T06:15:28.293663Z  INFO scan_sources: tailwindcss_oxide::scanner: Discovering "C:\\xampp\\htdocs\\tutorial2\\app"
2026-01-08T06:15:28.294101Z  INFO scan_sources: tailwindcss_oxide::scanner: Discovering "C:\\xampp\\htdocs\\tutorial2\\app\\(layout)"
2026-01-08T06:15:28.294570Z  INFO scan_sources: tailwindcss_oxide::scanner: Discovering "C:\\xampp\\htdocs\\tutorial2\\app\\(shared-layout)"
2026-01-08T06:15:28.295050Z  INFO scan_sources: tailwindcss_oxide::scanner: Discovering "C:\\xampp\\htdocs\\tutorial2\\app\\about"
2026-01-08T06:15:28.295436Z  INFO scan_sources: tailwindcss_oxide::scanner: Discovering "C:\\xampp\\htdocs\\tutorial2\\app\\about-us"
2026-01-08T06:15:28.295869Z  INFO scan_sources: tailwindcss_oxide::scanner: Discovering "C:\\xampp\\htdocs\\tutorial2\\app\\admin"
2026-01-08T06:15:28.296232Z  INFO scan_sources: tailwindcss_oxide::scanner: Discovering "C:\\xampp\\htdocs\\tutorial2\\app\\admin\\content"
2026-01-08T06:15:28.296550Z  INFO scan_sources: tailwindcss_oxide::scanner: Discovering "C:\\xampp\\htdocs\\tutorial2\\app\\admin\\content\\about"
2026-01-08T06:15:28.297011Z  INFO scan_sources: tailwindcss_oxide::scanner: Discovering "C:\\xampp\\htdocs\\tutorial2\\app\\admin\\content\\contact"
2026-01-08T06:15:28.297424Z  INFO scan_sources: tailwindcss_oxide::scanner: Discovering "C:\\xampp\\htdocs\\tutorial2\\app\\admin\\content\\home"
2026-01-08T06:15:28.298008Z  INFO scan_sources: tailwindcss_oxide::scanner: Discovering "C:\\xampp\\htdocs\\tutorial2\\app\\admin\\dashboard"
2026-01-08T06:15:28.298509Z  INFO scan_sources: tailwindcss_oxide::scanner: Discovering "C:\\xampp\\htdocs\\tutorial2\\app\\admin\\events"
2026-01-08T06:15:28.298901Z  INFO scan_sources: tailwindcss_oxide::scanner: Discovering "C:\\xampp\\htdocs\\tutorial2\\app\\admin\\events\\[id]"
2026-01-08T06:15:28.299278Z  INFO scan_sources: tailwindcss_oxide::scanner: Discovering "C:\\xampp\\htdocs\\tutorial2\\app\\admin\\events\\[id]\\registrations"
2026-01-08T06:15:28.299814Z  INFO scan_sources: tailwindcss_oxide::scanner: Discovering "C:\\xampp\\htdocs\\tutorial2\\app\\admin\\membership"
2026-01-08T06:15:28.300495Z  INFO scan_sources: tailwindcss_oxide::scanner: Discovering "C:\\xampp\\htdocs\\tutorial2\\app\\admin\\payments"
2026-01-08T06:15:28.300938Z  INFO scan_sources: tailwindcss_oxide::scanner: Discovering "C:\\xampp\\htdocs\\tutorial2\\app\\admin\\reports"
2026-01-08T06:15:28.301374Z  INFO scan_sources: tailwindcss_oxide::scanner: Discovering "C:\\xampp\\htdocs\\tutorial2\\app\\admin\\requests"
2026-01-08T06:15:28.301893Z  INFO scan_sources: tailwindcss_oxide::scanner: Discovering "C:\\xampp\\htdocs\\tutorial2\\app\\admin\\users"
2026-01-08T06:15:28.302332Z  INFO scan_sources: tailwindcss_oxide::scanner: Discovering "C:\\xampp\\htdocs\\tutorial2\\app\\admin\\users\\[id]"
2026-01-08T06:15:28.302837Z  INFO scan_sources: tailwindcss_oxide::scanner: Discovering "C:\\xampp\\htdocs\\tutorial2\\app\\api"
2026-01-08T06:15:28.303178Z  INFO scan_sources: tailwindcss_oxide::scanner: Discovering "C:\\xampp\\htdocs\\tutorial2\\app\\api\\about-content"
2026-01-08T06:15:28.303623Z  INFO scan_sources: tailwindcss_oxide::scanner: Discovering "C:\\xampp\\htdocs\\tutorial2\\app\\api\\admin"
2026-01-08T06:15:28.303971Z  INFO scan_sources: tailwindcss_oxide::scanner: Discovering "C:\\xampp\\htdocs\\tutorial2\\app\\api\\admin\\content"
2026-01-08T06:15:28.304327Z  INFO scan_sources: tailwindcss_oxide::scanner: Discovering "C:\\xampp\\htdocs\\tutorial2\\app\\api\\admin\\content\\about"
2026-01-08T06:15:28.304801Z  INFO scan_sources: tailwindcss_oxide::scanner: Discovering "C:\\xampp\\htdocs\\tutorial2\\app\\api\\admin\\content\\about\\[id]"
2026-01-08T06:15:28.305320Z  INFO scan_sources: tailwindcss_oxide::scanner: Discovering "C:\\xampp\\htdocs\\tutorial2\\app\\api\\admin\\content\\contact"
2026-01-08T06:15:28.305740Z  INFO scan_sources: tailwindcss_oxide::scanner: Discovering "C:\\xampp\\htdocs\\tutorial2\\app\\api\\admin\\content\\contact\\[id]"
2026-01-08T06:15:28.306239Z  INFO scan_sources: tailwindcss_oxide::scanner: Discovering "C:\\xampp\\htdocs\\tutorial2\\app\\api\\admin\\content\\footer"
2026-01-08T06:15:28.306721Z  INFO scan_sources: tailwindcss_oxide::scanner: Discovering "C:\\xampp\\htdocs\\tutorial2\\app\\api\\admin\\content\\home"
2026-01-08T06:15:28.307133Z  INFO scan_sources: tailwindcss_oxide::scanner: Discovering "C:\\xampp\\htdocs\\tutorial2\\app\\api\\admin\\content\\home\\[id]"
2026-01-08T06:15:28.307555Z  INFO scan_sources: tailwindcss_oxide::scanner: Discovering "C:\\xampp\\htdocs\\tutorial2\\app\\api\\admin\\content\\media"
2026-01-08T06:15:28.308034Z  INFO scan_sources: tailwindcss_oxide::scanner: Discovering "C:\\xampp\\htdocs\\tutorial2\\app\\api\\admin\\content\\navigation"
2026-01-08T06:15:28.308379Z  INFO scan_sources: tailwindcss_oxide::scanner: Discovering "C:\\xampp\\htdocs\\tutorial2\\app\\api\\admin\\content\\pages"
2026-01-08T06:15:28.308651Z  INFO scan_sources: tailwindcss_oxide::scanner: Discovering "C:\\xampp\\htdocs\\tutorial2\\app\\api\\admin\\content\\pages\\[id]"
2026-01-08T06:15:28.308933Z  INFO scan_sources: tailwindcss_oxide::scanner: Discovering "C:\\xampp\\htdocs\\tutorial2\\app\\api\\admin\\content\\settings"
2026-01-08T06:15:28.309220Z  INFO scan_sources: tailwindcss_oxide::scanner: Discovering "C:\\xampp\\htdocs\\tutorial2\\app\\api\\admin\\create-admin"
2026-01-08T06:15:28.309463Z  INFO scan_sources: tailwindcss_oxide::scanner: Discovering "C:\\xampp\\htdocs\\tutorial2\\app\\api\\admin\\deleted-users"
2026-01-08T06:15:28.309728Z  INFO scan_sources: tailwindcss_oxide::scanner: Discovering "C:\\xampp\\htdocs\\tutorial2\\app\\api\\admin\\events"
2026-01-08T06:15:28.309965Z  INFO scan_sources: tailwindcss_oxide::scanner: Discovering "C:\\xampp\\htdocs\\tutorial2\\app\\api\\admin\\events\\[id]"
2026-01-08T06:15:28.310107Z  INFO scan_sources: tailwindcss_oxide::scanner: Discovering "C:\\xampp\\htdocs\\tutorial2\\app\\api\\admin\\events\\[id]\\registrations"
2026-01-08T06:15:28.310494Z  INFO scan_sources: tailwindcss_oxide::scanner: Discovering "C:\\xampp\\htdocs\\tutorial2\\app\\api\\admin\\fix-admin"
2026-01-08T06:15:28.310778Z  INFO scan_sources: tailwindcss_oxide::scanner: Discovering "C:\\xampp\\htdocs\\tutorial2\\app\\api\\admin\\membership"
2026-01-08T06:15:28.310984Z  INFO scan_sources: tailwindcss_oxide::scanner: Discovering "C:\\xampp\\htdocs\\tutorial2\\app\\api\\admin\\membership\\cycles"
2026-01-08T06:15:28.311262Z  INFO scan_sources: tailwindcss_oxide::scanner: Discovering "C:\\xampp\\htdocs\\tutorial2\\app\\api\\admin\\membership\\settings"
2026-01-08T06:15:28.311515Z  INFO scan_sources: tailwindcss_oxide::scanner: Discovering "C:\\xampp\\htdocs\\tutorial2\\app\\api\\admin\\membership\\types"
2026-01-08T06:15:28.311857Z  INFO scan_sources: tailwindcss_oxide::scanner: Discovering "C:\\xampp\\htdocs\\tutorial2\\app\\api\\admin\\payments"
2026-01-08T06:15:28.312279Z  INFO scan_sources: tailwindcss_oxide::scanner: Discovering "C:\\xampp\\htdocs\\tutorial2\\app\\api\\admin\\payments\\[id]"
2026-01-08T06:15:28.312553Z  INFO scan_sources: tailwindcss_oxide::scanner: Discovering "C:\\xampp\\htdocs\\tutorial2\\app\\api\\admin\\payments\\[id]\\refund"
2026-01-08T06:15:28.313000Z  INFO scan_sources: tailwindcss_oxide::scanner: Discovering "C:\\xampp\\htdocs\\tutorial2\\app\\api\\admin\\report"
2026-01-08T06:15:28.313320Z  INFO scan_sources: tailwindcss_oxide::scanner: Discovering "C:\\xampp\\htdocs\\tutorial2\\app\\api\\admin\\reports"
2026-01-08T06:15:28.313525Z  INFO scan_sources: tailwindcss_oxide::scanner: Discovering "C:\\xampp\\htdocs\\tutorial2\\app\\api\\admin\\reports\\generate"
2026-01-08T06:15:28.313874Z  INFO scan_sources: tailwindcss_oxide::scanner: Discovering "C:\\xampp\\htdocs\\tutorial2\\app\\api\\admin\\reset-admin"
2026-01-08T06:15:28.314183Z  INFO scan_sources: tailwindcss_oxide::scanner: Discovering "C:\\xampp\\htdocs\\tutorial2\\app\\api\\admin\\users"
2026-01-08T06:15:28.314371Z  INFO scan_sources: tailwindcss_oxide::scanner: Discovering "C:\\xampp\\htdocs\\tutorial2\\app\\api\\admin\\users\\restore"
2026-01-08T06:15:28.314646Z  INFO scan_sources: tailwindcss_oxide::scanner: Discovering "C:\\xampp\\htdocs\\tutorial2\\app\\api\\admin\\users\\[id]"
2026-01-08T06:15:28.314852Z  INFO scan_sources: tailwindcss_oxide::scanner: Discovering "C:\\xampp\\htdocs\\tutorial2\\app\\api\\admin\\users\\[id]\\approve"
2026-01-08T06:15:28.315099Z  INFO scan_sources: tailwindcss_oxide::scanner: Discovering "C:\\xampp\\htdocs\\tutorial2\\app\\api\\admin\\users\\[id]\\details"
2026-01-08T06:15:28.315343Z  INFO scan_sources: tailwindcss_oxide::scanner: Discovering "C:\\xampp\\htdocs\\tutorial2\\app\\api\\admin\\users\\[id]\\membership-status"
2026-01-08T06:15:28.315591Z  INFO scan_sources: tailwindcss_oxide::scanner: Discovering "C:\\xampp\\htdocs\\tutorial2\\app\\api\\admin\\users\\[id]\\password"
2026-01-08T06:15:28.315821Z  INFO scan_sources: tailwindcss_oxide::scanner: Discovering "C:\\xampp\\htdocs\\tutorial2\\app\\api\\admin\\users\\[id]\\reject"
2026-01-08T06:15:28.316208Z  INFO scan_sources: tailwindcss_oxide::scanner: Discovering "C:\\xampp\\htdocs\\tutorial2\\app\\api\\auth"
2026-01-08T06:15:28.316403Z  INFO scan_sources: tailwindcss_oxide::scanner: Discovering "C:\\xampp\\htdocs\\tutorial2\\app\\api\\auth\\login"
2026-01-08T06:15:28.316666Z  INFO scan_sources: tailwindcss_oxide::scanner: Discovering "C:\\xampp\\htdocs\\tutorial2\\app\\api\\auth\\logout"
2026-01-08T06:15:28.316900Z  INFO scan_sources: tailwindcss_oxide::scanner: Discovering "C:\\xampp\\htdocs\\tutorial2\\app\\api\\auth\\me"
2026-01-08T06:15:28.317132Z  INFO scan_sources: tailwindcss_oxide::scanner: Discovering "C:\\xampp\\htdocs\\tutorial2\\app\\api\\auth\\profile"
2026-01-08T06:15:28.317417Z  INFO scan_sources: tailwindcss_oxide::scanner: Discovering "C:\\xampp\\htdocs\\tutorial2\\app\\api\\auth\\refresh"
2026-01-08T06:15:28.317643Z  INFO scan_sources: tailwindcss_oxide::scanner: Discovering "C:\\xampp\\htdocs\\tutorial2\\app\\api\\auth\\register"
2026-01-08T06:15:28.318258Z  INFO scan_sources: tailwindcss_oxide::scanner: Discovering "C:\\xampp\\htdocs\\tutorial2\\app\\api\\contact-content"
2026-01-08T06:15:28.318807Z  INFO scan_sources: tailwindcss_oxide::scanner: Discovering "C:\\xampp\\htdocs\\tutorial2\\app\\api\\debug"
2026-01-08T06:15:28.319398Z  INFO scan_sources: tailwindcss_oxide::scanner: Discovering "C:\\xampp\\htdocs\\tutorial2\\app\\api\\debug\\pricing"
2026-01-08T06:15:28.320170Z  INFO scan_sources: tailwindcss_oxide::scanner: Discovering "C:\\xampp\\htdocs\\tutorial2\\app\\api\\events"
2026-01-08T06:15:28.320899Z  INFO scan_sources: tailwindcss_oxide::scanner: Discovering "C:\\xampp\\htdocs\\tutorial2\\app\\api\\events\\[id]"
2026-01-08T06:15:28.321483Z  INFO scan_sources: tailwindcss_oxide::scanner: Discovering "C:\\xampp\\htdocs\\tutorial2\\app\\api\\events\\[id]\\register"
2026-01-08T06:15:28.322216Z  INFO scan_sources: tailwindcss_oxide::scanner: Discovering "C:\\xampp\\htdocs\\tutorial2\\app\\api\\fix-membership"
2026-01-08T06:15:28.322797Z  INFO scan_sources: tailwindcss_oxide::scanner: Discovering "C:\\xampp\\htdocs\\tutorial2\\app\\api\\home-content"
2026-01-08T06:15:28.323249Z  INFO scan_sources: tailwindcss_oxide::scanner: Discovering "C:\\xampp\\htdocs\\tutorial2\\app\\api\\membership"
2026-01-08T06:15:28.323638Z  INFO scan_sources: tailwindcss_oxide::scanner: Discovering "C:\\xampp\\htdocs\\tutorial2\\app\\api\\membership\\next-number"
2026-01-08T06:15:28.324116Z  INFO scan_sources: tailwindcss_oxide::scanner: Discovering "C:\\xampp\\htdocs\\tutorial2\\app\\api\\membership\\pay"
2026-01-08T06:15:28.324551Z  INFO scan_sources: tailwindcss_oxide::scanner: Discovering "C:\\xampp\\htdocs\\tutorial2\\app\\api\\membership\\payment-status"
2026-01-08T06:15:28.324972Z  INFO scan_sources: tailwindcss_oxide::scanner: Discovering "C:\\xampp\\htdocs\\tutorial2\\app\\api\\membership\\status"
2026-01-08T06:15:28.325449Z  INFO scan_sources: tailwindcss_oxide::scanner: Discovering "C:\\xampp\\htdocs\\tutorial2\\app\\api\\messages"
2026-01-08T06:15:28.325822Z  INFO scan_sources: tailwindcss_oxide::scanner: Discovering "C:\\xampp\\htdocs\\tutorial2\\app\\api\\messages\\reply"
2026-01-08T06:15:28.326338Z  INFO scan_sources: tailwindcss_oxide::scanner: Discovering "C:\\xampp\\htdocs\\tutorial2\\app\\api\\messages\\[id]"
2026-01-08T06:15:28.326705Z  INFO scan_sources: tailwindcss_oxide::scanner: Discovering "C:\\xampp\\htdocs\\tutorial2\\app\\api\\messages\\[id]\\read"
2026-01-08T06:15:28.327333Z  INFO scan_sources: tailwindcss_oxide::scanner: Discovering "C:\\xampp\\htdocs\\tutorial2\\app\\api\\payments"
2026-01-08T06:15:28.327626Z  INFO scan_sources: tailwindcss_oxide::scanner: Discovering "C:\\xampp\\htdocs\\tutorial2\\app\\api\\payments\\activate-test"
2026-01-08T06:15:28.327974Z  INFO scan_sources: tailwindcss_oxide::scanner: Discovering "C:\\xampp\\htdocs\\tutorial2\\app\\api\\payments\\azampay"
2026-01-08T06:15:28.328270Z  INFO scan_sources: tailwindcss_oxide::scanner: Discovering "C:\\xampp\\htdocs\\tutorial2\\app\\api\\payments\\azampay\\callback"
2026-01-08T06:15:28.328760Z  INFO scan_sources: tailwindcss_oxide::scanner: Discovering "C:\\xampp\\htdocs\\tutorial2\\app\\api\\payments\\azampay\\checkout"
2026-01-08T06:15:28.329398Z  INFO scan_sources: tailwindcss_oxide::scanner: Discovering "C:\\xampp\\htdocs\\tutorial2\\app\\api\\payments\\cleanup"
2026-01-08T06:15:28.330024Z  INFO scan_sources: tailwindcss_oxide::scanner: Discovering "C:\\xampp\\htdocs\\tutorial2\\app\\api\\payments\\mobile-money"
2026-01-08T06:15:28.330648Z  INFO scan_sources: tailwindcss_oxide::scanner: Discovering "C:\\xampp\\htdocs\\tutorial2\\app\\api\\reports"
2026-01-08T06:15:28.331018Z  INFO scan_sources: tailwindcss_oxide::scanner: Discovering "C:\\xampp\\htdocs\\tutorial2\\app\\api\\reports\\generate"
2026-01-08T06:15:28.331713Z  INFO scan_sources: tailwindcss_oxide::scanner: Discovering "C:\\xampp\\htdocs\\tutorial2\\app\\api\\reports\\send-email"
2026-01-08T06:15:28.332262Z  INFO scan_sources: tailwindcss_oxide::scanner: Discovering "C:\\xampp\\htdocs\\tutorial2\\app\\api\\send-approval-email"
2026-01-08T06:15:28.332617Z  INFO scan_sources: tailwindcss_oxide::scanner: Discovering "C:\\xampp\\htdocs\\tutorial2\\app\\api\\settings"
2026-01-08T06:15:28.333060Z  INFO scan_sources: tailwindcss_oxide::scanner: Discovering "C:\\xampp\\htdocs\\tutorial2\\app\\api\\setup"
2026-01-08T06:15:28.333358Z  INFO scan_sources: tailwindcss_oxide::scanner: Discovering "C:\\xampp\\htdocs\\tutorial2\\app\\api\\setup\\ensure-admin"
2026-01-08T06:15:28.333727Z  INFO scan_sources: tailwindcss_oxide::scanner: Discovering "C:\\xampp\\htdocs\\tutorial2\\app\\auth"
2026-01-08T06:15:28.334063Z  INFO scan_sources: tailwindcss_oxide::scanner: Discovering "C:\\xampp\\htdocs\\tutorial2\\app\\auth\\login"
2026-01-08T06:15:28.334229Z  INFO scan_sources: tailwindcss_oxide::scanner: Discovering "C:\\xampp\\htdocs\\tutorial2\\app\\auth\\login\\page.tsx"
2026-01-08T06:15:28.334379Z  INFO scan_sources: tailwindcss_oxide::scanner: Discovering "C:\\xampp\\htdocs\\tutorial2\\app\\auth\\pending-approval"
2026-01-08T06:15:28.335039Z  INFO scan_sources: tailwindcss_oxide::scanner: Discovering "C:\\xampp\\htdocs\\tutorial2\\app\\auth\\register"
2026-01-08T06:15:28.336171Z  INFO scan_sources: tailwindcss_oxide::scanner: Discovering "C:\\xampp\\htdocs\\tutorial2\\app\\components"
2026-01-08T06:15:28.336825Z  INFO scan_sources: tailwindcss_oxide::scanner: Discovering "C:\\xampp\\htdocs\\tutorial2\\app\\contact"
2026-01-08T06:15:28.337404Z  INFO scan_sources: tailwindcss_oxide::scanner: Discovering "C:\\xampp\\htdocs\\tutorial2\\app\\dashboard"
2026-01-08T06:15:28.337798Z  INFO scan_sources: tailwindcss_oxide::scanner: Discovering "C:\\xampp\\htdocs\\tutorial2\\app\\dashboard\\complete-profile"
2026-01-08T06:15:28.338256Z  INFO scan_sources: tailwindcss_oxide::scanner: Discovering "C:\\xampp\\htdocs\\tutorial2\\app\\dashboard\\events"
2026-01-08T06:15:28.338761Z  INFO scan_sources: tailwindcss_oxide::scanner: Discovering "C:\\xampp\\htdocs\\tutorial2\\app\\dashboard\\membership-card"
2026-01-08T06:15:28.339227Z  INFO scan_sources: tailwindcss_oxide::scanner: Discovering "C:\\xampp\\htdocs\\tutorial2\\app\\dashboard\\messages"
2026-01-08T06:15:28.339503Z  INFO scan_sources: tailwindcss_oxide::scanner: Discovering "C:\\xampp\\htdocs\\tutorial2\\app\\dashboard\\payment"
2026-01-08T06:15:28.339727Z  INFO scan_sources: tailwindcss_oxide::scanner: Discovering "C:\\xampp\\htdocs\\tutorial2\\app\\dashboard\\payment\\success"
2026-01-08T06:15:28.340086Z  INFO scan_sources: tailwindcss_oxide::scanner: Discovering "C:\\xampp\\htdocs\\tutorial2\\app\\dashboard\\subscribe"
2026-01-08T06:15:28.340419Z  INFO scan_sources: tailwindcss_oxide::scanner: Discovering "C:\\xampp\\htdocs\\tutorial2\\app\\fix-auth"
2026-01-08T06:15:28.340940Z  INFO scan_sources: tailwindcss_oxide::scanner: Discovering "C:\\xampp\\htdocs\\tutorial2\\app\\schemas"
2026-01-08T06:15:28.341417Z  INFO scan_sources: tailwindcss_oxide::scanner: Discovering "C:\\xampp\\htdocs\\tutorial2\\app\\scripts"
2026-01-08T06:15:28.341744Z  INFO scan_sources: tailwindcss_oxide::scanner: Discovering "C:\\xampp\\htdocs\\tutorial2\\app\\unauthorized"
2026-01-08T06:15:28.342072Z  INFO scan_sources: tailwindcss_oxide::scanner: Discovering "C:\\xampp\\htdocs\\tutorial2\\components"
2026-01-08T06:15:28.342312Z  INFO scan_sources: tailwindcss_oxide::scanner: Discovering "C:\\xampp\\htdocs\\tutorial2\\components\\admin"
2026-01-08T06:15:28.342995Z  INFO scan_sources: tailwindcss_oxide::scanner: Discovering "C:\\xampp\\htdocs\\tutorial2\\components\\dashboard"
2026-01-08T06:15:28.343416Z  INFO scan_sources: tailwindcss_oxide::scanner: Discovering "C:\\xampp\\htdocs\\tutorial2\\components\\ui"
2026-01-08T06:15:28.344051Z  INFO scan_sources: tailwindcss_oxide::scanner: Discovering "C:\\xampp\\htdocs\\tutorial2\\components\\web"
2026-01-08T06:15:28.344478Z  INFO scan_sources: tailwindcss_oxide::scanner: Discovering "C:\\xampp\\htdocs\\tutorial2\\contexts"
2026-01-08T06:15:28.344709Z  INFO scan_sources: tailwindcss_oxide::scanner: Discovering "C:\\xampp\\htdocs\\tutorial2\\convex"
2026-01-08T06:15:28.344881Z  INFO scan_sources: tailwindcss_oxide::scanner: Discovering "C:\\xampp\\htdocs\\tutorial2\\convex\\_generated"
2026-01-08T06:15:28.345357Z  INFO scan_sources: tailwindcss_oxide::scanner: Discovering "C:\\xampp\\htdocs\\tutorial2\\database"
2026-01-08T06:15:28.346401Z  INFO scan_sources: tailwindcss_oxide::scanner: Discovering "C:\\xampp\\htdocs\\tutorial2\\lib"
2026-01-08T06:15:28.346889Z  INFO scan_sources: tailwindcss_oxide::scanner: Discovering "C:\\xampp\\htdocs\\tutorial2\\migrations"
2026-01-08T06:15:28.347692Z  INFO scan_sources: tailwindcss_oxide::scanner: Discovering "C:\\xampp\\htdocs\\tutorial2\\public"
2026-01-08T06:15:28.348042Z  INFO scan_sources: tailwindcss_oxide::scanner: Discovering "C:\\xampp\\htdocs\\tutorial2\\public\\uploads"
2026-01-08T06:15:28.348288Z  INFO scan_sources: tailwindcss_oxide::scanner: Discovering "C:\\xampp\\htdocs\\tutorial2\\public\\uploads\\documents"
2026-01-08T06:15:28.348553Z  INFO scan_sources: tailwindcss_oxide::scanner: Discovering "C:\\xampp\\htdocs\\tutorial2\\public\\uploads\\profile-pictures"
2026-01-08T06:15:28.349369Z  INFO scan_sources: tailwindcss_oxide::scanner: exit
2026-01-08T06:15:28.349392Z  INFO extract_candidates: tailwindcss_oxide::scanner: enter
2026-01-08T06:15:28.349400Z  INFO extract_candidates:read_all_files: tailwindcss_oxide::scanner: enter
2026-01-08T06:15:28.349405Z  INFO extract_candidates:read_all_files: tailwindcss_oxide::scanner: Reading 1 file(s)
2026-01-08T06:15:28.349506Z  INFO extract_candidates:read_all_files: tailwindcss_oxide::scanner: Reading "C:\\xampp\\htdocs\\tutorial2\\app\\auth\\login\\page.tsx"
2026-01-08T06:15:28.349519Z  INFO extract_candidates:read_all_files: tailwindcss_oxide::scanner: exit
2026-01-08T06:15:28.349525Z  INFO extract_candidates:parse_all_blobs: tailwindcss_oxide::scanner: enter
2026-01-08T06:15:28.349531Z  INFO extract_candidates:parse_all_blobs:extract: tailwindcss_oxide::scanner: enter
2026-01-08T06:15:28.349951Z  INFO extract_candidates:parse_all_blobs:extract: tailwindcss_oxide::scanner: exit
2026-01-08T06:15:28.349975Z  INFO extract_candidates:parse_all_blobs: tailwindcss_oxide::scanner: exit
2026-01-08T06:15:28.350507Z  INFO extract_candidates: tailwindcss_oxide::scanner: exit
2026-01-08T06:15:28.353116Z  INFO get_files: tailwindcss_oxide::scanner: enter
2026-01-08T06:15:28.353170Z  INFO get_files:scan_sources: tailwindcss_oxide::scanner: enter
2026-01-08T06:15:28.356237Z  INFO get_files:scan_sources: tailwindcss_oxide::scanner: Discovering "C:\\xampp\\htdocs\\tutorial2\\api"
2026-01-08T06:15:28.356742Z  INFO get_files:scan_sources: tailwindcss_oxide::scanner: Discovering "C:\\xampp\\htdocs\\tutorial2\\api\\auth"
2026-01-08T06:15:28.357356Z  INFO get_files:scan_sources: tailwindcss_oxide::scanner: Discovering "C:\\xampp\\htdocs\\tutorial2\\app"
2026-01-08T06:15:28.357791Z  INFO get_files:scan_sources: tailwindcss_oxide::scanner: Discovering "C:\\xampp\\htdocs\\tutorial2\\app\\(layout)"
2026-01-08T06:15:28.358896Z  INFO get_files:scan_sources: tailwindcss_oxide::scanner: Discovering "C:\\xampp\\htdocs\\tutorial2\\app\\(shared-layout)"
2026-01-08T06:15:28.360880Z  INFO get_files:scan_sources: tailwindcss_oxide::scanner: Discovering "C:\\xampp\\htdocs\\tutorial2\\app\\about"
2026-01-08T06:15:28.362128Z  INFO get_files:scan_sources: tailwindcss_oxide::scanner: Discovering "C:\\xampp\\htdocs\\tutorial2\\app\\about-us"
2026-01-08T06:15:28.362820Z  INFO get_files:scan_sources: tailwindcss_oxide::scanner: Discovering "C:\\xampp\\htdocs\\tutorial2\\app\\admin"
2026-01-08T06:15:28.363380Z  INFO get_files:scan_sources: tailwindcss_oxide::scanner: Discovering "C:\\xampp\\htdocs\\tutorial2\\app\\admin\\content"
2026-01-08T06:15:28.363741Z  INFO get_files:scan_sources: tailwindcss_oxide::scanner: Discovering "C:\\xampp\\htdocs\\tutorial2\\app\\admin\\content\\about"
2026-01-08T06:15:28.364187Z  INFO get_files:scan_sources: tailwindcss_oxide::scanner: Discovering "C:\\xampp\\htdocs\\tutorial2\\app\\admin\\content\\contact"
2026-01-08T06:15:28.364684Z  INFO get_files:scan_sources: tailwindcss_oxide::scanner: Discovering "C:\\xampp\\htdocs\\tutorial2\\app\\admin\\content\\home"
2026-01-08T06:15:28.365282Z  INFO get_files:scan_sources: tailwindcss_oxide::scanner: Discovering "C:\\xampp\\htdocs\\tutorial2\\app\\admin\\dashboard"
2026-01-08T06:15:28.365773Z  INFO get_files:scan_sources: tailwindcss_oxide::scanner: Discovering "C:\\xampp\\htdocs\\tutorial2\\app\\admin\\events"
2026-01-08T06:15:28.366113Z  INFO get_files:scan_sources: tailwindcss_oxide::scanner: Discovering "C:\\xampp\\htdocs\\tutorial2\\app\\admin\\events\\[id]"
2026-01-08T06:15:28.366466Z  INFO get_files:scan_sources: tailwindcss_oxide::scanner: Discovering "C:\\xampp\\htdocs\\tutorial2\\app\\admin\\events\\[id]\\registrations"
2026-01-08T06:15:28.366713Z  INFO get_files:scan_sources: tailwindcss_oxide::scanner: Discovering "C:\\xampp\\htdocs\\tutorial2\\app\\admin\\membership"
2026-01-08T06:15:28.367265Z  INFO get_files:scan_sources: tailwindcss_oxide::scanner: Discovering "C:\\xampp\\htdocs\\tutorial2\\app\\admin\\payments"
2026-01-08T06:15:28.367473Z  INFO get_files:scan_sources: tailwindcss_oxide::scanner: Discovering "C:\\xampp\\htdocs\\tutorial2\\app\\admin\\reports"
2026-01-08T06:15:28.370004Z  INFO get_files:scan_sources: tailwindcss_oxide::scanner: Discovering "C:\\xampp\\htdocs\\tutorial2\\app\\admin\\requests"
2026-01-08T06:15:28.370940Z  INFO get_files:scan_sources: tailwindcss_oxide::scanner: Discovering "C:\\xampp\\htdocs\\tutorial2\\app\\admin\\users"
2026-01-08T06:15:28.371348Z  INFO get_files:scan_sources: tailwindcss_oxide::scanner: Discovering "C:\\xampp\\htdocs\\tutorial2\\app\\admin\\users\\[id]"
2026-01-08T06:15:28.371576Z  INFO get_files:scan_sources: tailwindcss_oxide::scanner: Discovering "C:\\xampp\\htdocs\\tutorial2\\app\\api"
2026-01-08T06:15:28.371737Z  INFO get_files:scan_sources: tailwindcss_oxide::scanner: Discovering "C:\\xampp\\htdocs\\tutorial2\\app\\api\\about-content"
2026-01-08T06:15:28.371951Z  INFO get_files:scan_sources: tailwindcss_oxide::scanner: Discovering "C:\\xampp\\htdocs\\tutorial2\\app\\api\\admin"
2026-01-08T06:15:28.372165Z  INFO get_files:scan_sources: tailwindcss_oxide::scanner: Discovering "C:\\xampp\\htdocs\\tutorial2\\app\\api\\admin\\content"
2026-01-08T06:15:28.372871Z  INFO get_files:scan_sources: tailwindcss_oxide::scanner: Discovering "C:\\xampp\\htdocs\\tutorial2\\app\\api\\admin\\content\\about"
2026-01-08T06:15:28.373166Z  INFO get_files:scan_sources: tailwindcss_oxide::scanner: Discovering "C:\\xampp\\htdocs\\tutorial2\\app\\api\\admin\\content\\about\\[id]"
2026-01-08T06:15:28.373479Z  INFO get_files:scan_sources: tailwindcss_oxide::scanner: Discovering "C:\\xampp\\htdocs\\tutorial2\\app\\api\\admin\\content\\contact"
2026-01-08T06:15:28.373685Z  INFO get_files:scan_sources: tailwindcss_oxide::scanner: Discovering "C:\\xampp\\htdocs\\tutorial2\\app\\api\\admin\\content\\contact\\[id]"
2026-01-08T06:15:28.373901Z  INFO get_files:scan_sources: tailwindcss_oxide::scanner: Discovering "C:\\xampp\\htdocs\\tutorial2\\app\\api\\admin\\content\\footer"
2026-01-08T06:15:28.374285Z  INFO get_files:scan_sources: tailwindcss_oxide::scanner: Discovering "C:\\xampp\\htdocs\\tutorial2\\app\\api\\admin\\content\\home"
2026-01-08T06:15:28.374520Z  INFO get_files:scan_sources: tailwindcss_oxide::scanner: Discovering "C:\\xampp\\htdocs\\tutorial2\\app\\api\\admin\\content\\home\\[id]"
2026-01-08T06:15:28.374704Z  INFO get_files:scan_sources: tailwindcss_oxide::scanner: Discovering "C:\\xampp\\htdocs\\tutorial2\\app\\api\\admin\\content\\media"
2026-01-08T06:15:28.374858Z  INFO get_files:scan_sources: tailwindcss_oxide::scanner: Discovering "C:\\xampp\\htdocs\\tutorial2\\app\\api\\admin\\content\\navigation"
2026-01-08T06:15:28.375000Z  INFO get_files:scan_sources: tailwindcss_oxide::scanner: Discovering "C:\\xampp\\htdocs\\tutorial2\\app\\api\\admin\\content\\pages"
2026-01-08T06:15:28.375130Z  INFO get_files:scan_sources: tailwindcss_oxide::scanner: Discovering "C:\\xampp\\htdocs\\tutorial2\\app\\api\\admin\\content\\pages\\[id]"
2026-01-08T06:15:28.375287Z  INFO get_files:scan_sources: tailwindcss_oxide::scanner: Discovering "C:\\xampp\\htdocs\\tutorial2\\app\\api\\admin\\content\\settings"
2026-01-08T06:15:28.375468Z  INFO get_files:scan_sources: tailwindcss_oxide::scanner: Discovering "C:\\xampp\\htdocs\\tutorial2\\app\\api\\admin\\create-admin"
2026-01-08T06:15:28.375622Z  INFO get_files:scan_sources: tailwindcss_oxide::scanner: Discovering "C:\\xampp\\htdocs\\tutorial2\\app\\api\\admin\\deleted-users"
2026-01-08T06:15:28.375766Z  INFO get_files:scan_sources: tailwindcss_oxide::scanner: Discovering "C:\\xampp\\htdocs\\tutorial2\\app\\api\\admin\\events"
2026-01-08T06:15:28.375920Z  INFO get_files:scan_sources: tailwindcss_oxide::scanner: Discovering "C:\\xampp\\htdocs\\tutorial2\\app\\api\\admin\\events\\[id]"
2026-01-08T06:15:28.376055Z  INFO get_files:scan_sources: tailwindcss_oxide::scanner: Discovering "C:\\xampp\\htdocs\\tutorial2\\app\\api\\admin\\events\\[id]\\registrations"
2026-01-08T06:15:28.376292Z  INFO get_files:scan_sources: tailwindcss_oxide::scanner: Discovering "C:\\xampp\\htdocs\\tutorial2\\app\\api\\admin\\fix-admin"
2026-01-08T06:15:28.376506Z  INFO get_files:scan_sources: tailwindcss_oxide::scanner: Discovering "C:\\xampp\\htdocs\\tutorial2\\app\\api\\admin\\membership"
2026-01-08T06:15:28.376653Z  INFO get_files:scan_sources: tailwindcss_oxide::scanner: Discovering "C:\\xampp\\htdocs\\tutorial2\\app\\api\\admin\\membership\\cycles"
2026-01-08T06:15:28.376841Z  INFO get_files:scan_sources: tailwindcss_oxide::scanner: Discovering "C:\\xampp\\htdocs\\tutorial2\\app\\api\\admin\\membership\\settings"
2026-01-08T06:15:28.377055Z  INFO get_files:scan_sources: tailwindcss_oxide::scanner: Discovering "C:\\xampp\\htdocs\\tutorial2\\app\\api\\admin\\membership\\types"
2026-01-08T06:15:28.377265Z  INFO get_files:scan_sources: tailwindcss_oxide::scanner: Discovering "C:\\xampp\\htdocs\\tutorial2\\app\\api\\admin\\payments"
2026-01-08T06:15:28.377456Z  INFO get_files:scan_sources: tailwindcss_oxide::scanner: Discovering "C:\\xampp\\htdocs\\tutorial2\\app\\api\\admin\\payments\\[id]"
2026-01-08T06:15:28.377573Z  INFO get_files:scan_sources: tailwindcss_oxide::scanner: Discovering "C:\\xampp\\htdocs\\tutorial2\\app\\api\\admin\\payments\\[id]\\refund"
2026-01-08T06:15:28.377768Z  INFO get_files:scan_sources: tailwindcss_oxide::scanner: Discovering "C:\\xampp\\htdocs\\tutorial2\\app\\api\\admin\\report"
2026-01-08T06:15:28.377958Z  INFO get_files:scan_sources: tailwindcss_oxide::scanner: Discovering "C:\\xampp\\htdocs\\tutorial2\\app\\api\\admin\\reports"
2026-01-08T06:15:28.378114Z  INFO get_files:scan_sources: tailwindcss_oxide::scanner: Discovering "C:\\xampp\\htdocs\\tutorial2\\app\\api\\admin\\reports\\generate"
2026-01-08T06:15:28.378329Z  INFO get_files:scan_sources: tailwindcss_oxide::scanner: Discovering "C:\\xampp\\htdocs\\tutorial2\\app\\api\\admin\\reset-admin"
2026-01-08T06:15:28.378542Z  INFO get_files:scan_sources: tailwindcss_oxide::scanner: Discovering "C:\\xampp\\htdocs\\tutorial2\\app\\api\\admin\\users"
2026-01-08T06:15:28.378725Z  INFO get_files:scan_sources: tailwindcss_oxide::scanner: Discovering "C:\\xampp\\htdocs\\tutorial2\\app\\api\\admin\\users\\restore"
2026-01-08T06:15:28.379540Z  INFO get_files:scan_sources: tailwindcss_oxide::scanner: Discovering "C:\\xampp\\htdocs\\tutorial2\\app\\api\\admin\\users\\[id]"
2026-01-08T06:15:28.380052Z  INFO get_files:scan_sources: tailwindcss_oxide::scanner: Discovering "C:\\xampp\\htdocs\\tutorial2\\app\\api\\admin\\users\\[id]\\approve"
2026-01-08T06:15:28.380951Z  INFO get_files:scan_sources: tailwindcss_oxide::scanner: Discovering "C:\\xampp\\htdocs\\tutorial2\\app\\api\\admin\\users\\[id]\\details"
2026-01-08T06:15:28.381414Z  INFO get_files:scan_sources: tailwindcss_oxide::scanner: Discovering "C:\\xampp\\htdocs\\tutorial2\\app\\api\\admin\\users\\[id]\\membership-status"
2026-01-08T06:15:28.381889Z  INFO get_files:scan_sources: tailwindcss_oxide::scanner: Discovering "C:\\xampp\\htdocs\\tutorial2\\app\\api\\admin\\users\\[id]\\password"
2026-01-08T06:15:28.382492Z  INFO get_files:scan_sources: tailwindcss_oxide::scanner: Discovering "C:\\xampp\\htdocs\\tutorial2\\app\\api\\admin\\users\\[id]\\reject"
2026-01-08T06:15:28.383022Z  INFO get_files:scan_sources: tailwindcss_oxide::scanner: Discovering "C:\\xampp\\htdocs\\tutorial2\\app\\api\\auth"
2026-01-08T06:15:28.383237Z  INFO get_files:scan_sources: tailwindcss_oxide::scanner: Discovering "C:\\xampp\\htdocs\\tutorial2\\app\\api\\auth\\login"
2026-01-08T06:15:28.383903Z  INFO get_files:scan_sources: tailwindcss_oxide::scanner: Discovering "C:\\xampp\\htdocs\\tutorial2\\app\\api\\auth\\logout"
2026-01-08T06:15:28.384165Z  INFO get_files:scan_sources: tailwindcss_oxide::scanner: Discovering "C:\\xampp\\htdocs\\tutorial2\\app\\api\\auth\\me"
2026-01-08T06:15:28.384344Z  INFO get_files:scan_sources: tailwindcss_oxide::scanner: Discovering "C:\\xampp\\htdocs\\tutorial2\\app\\api\\auth\\profile"
2026-01-08T06:15:28.385021Z  INFO get_files:scan_sources: tailwindcss_oxide::scanner: Discovering "C:\\xampp\\htdocs\\tutorial2\\app\\api\\auth\\refresh"
2026-01-08T06:15:28.385666Z  INFO get_files:scan_sources: tailwindcss_oxide::scanner: Discovering "C:\\xampp\\htdocs\\tutorial2\\app\\api\\auth\\register"
2026-01-08T06:15:28.386432Z  INFO get_files:scan_sources: tailwindcss_oxide::scanner: Discovering "C:\\xampp\\htdocs\\tutorial2\\app\\api\\contact-content"
2026-01-08T06:15:28.386896Z  INFO get_files:scan_sources: tailwindcss_oxide::scanner: Discovering "C:\\xampp\\htdocs\\tutorial2\\app\\api\\debug"
2026-01-08T06:15:28.387041Z  INFO get_files:scan_sources: tailwindcss_oxide::scanner: Discovering "C:\\xampp\\htdocs\\tutorial2\\app\\api\\debug\\pricing"
2026-01-08T06:15:28.387211Z  INFO get_files:scan_sources: tailwindcss_oxide::scanner: Discovering "C:\\xampp\\htdocs\\tutorial2\\app\\api\\events"
2026-01-08T06:15:28.387342Z  INFO get_files:scan_sources: tailwindcss_oxide::scanner: Discovering "C:\\xampp\\htdocs\\tutorial2\\app\\api\\events\\[id]"
2026-01-08T06:15:28.387472Z  INFO get_files:scan_sources: tailwindcss_oxide::scanner: Discovering "C:\\xampp\\htdocs\\tutorial2\\app\\api\\events\\[id]\\register"
2026-01-08T06:15:28.387880Z  INFO get_files:scan_sources: tailwindcss_oxide::scanner: Discovering "C:\\xampp\\htdocs\\tutorial2\\app\\api\\fix-membership"
2026-01-08T06:15:28.388058Z  INFO get_files:scan_sources: tailwindcss_oxide::scanner: Discovering "C:\\xampp\\htdocs\\tutorial2\\app\\api\\home-content"
2026-01-08T06:15:28.388269Z  INFO get_files:scan_sources: tailwindcss_oxide::scanner: Discovering "C:\\xampp\\htdocs\\tutorial2\\app\\api\\membership"
2026-01-08T06:15:28.388403Z  INFO get_files:scan_sources: tailwindcss_oxide::scanner: Discovering "C:\\xampp\\htdocs\\tutorial2\\app\\api\\membership\\next-number"
2026-01-08T06:15:28.388595Z  INFO get_files:scan_sources: tailwindcss_oxide::scanner: Discovering "C:\\xampp\\htdocs\\tutorial2\\app\\api\\membership\\pay"
2026-01-08T06:15:28.388761Z  INFO get_files:scan_sources: tailwindcss_oxide::scanner: Discovering "C:\\xampp\\htdocs\\tutorial2\\app\\api\\membership\\payment-status"
2026-01-08T06:15:28.388914Z  INFO get_files:scan_sources: tailwindcss_oxide::scanner: Discovering "C:\\xampp\\htdocs\\tutorial2\\app\\api\\membership\\status"
2026-01-08T06:15:28.389072Z  INFO get_files:scan_sources: tailwindcss_oxide::scanner: Discovering "C:\\xampp\\htdocs\\tutorial2\\app\\api\\messages"
2026-01-08T06:15:28.389179Z  INFO get_files:scan_sources: tailwindcss_oxide::scanner: Discovering "C:\\xampp\\htdocs\\tutorial2\\app\\api\\messages\\reply"
2026-01-08T06:15:28.389336Z  INFO get_files:scan_sources: tailwindcss_oxide::scanner: Discovering "C:\\xampp\\htdocs\\tutorial2\\app\\api\\messages\\[id]"
2026-01-08T06:15:28.389461Z  INFO get_files:scan_sources: tailwindcss_oxide::scanner: Discovering "C:\\xampp\\htdocs\\tutorial2\\app\\api\\messages\\[id]\\read"
2026-01-08T06:15:28.389667Z  INFO get_files:scan_sources: tailwindcss_oxide::scanner: Discovering "C:\\xampp\\htdocs\\tutorial2\\app\\api\\payments"
2026-01-08T06:15:28.389780Z  INFO get_files:scan_sources: tailwindcss_oxide::scanner: Discovering "C:\\xampp\\htdocs\\tutorial2\\app\\api\\payments\\activate-test"
2026-01-08T06:15:28.389978Z  INFO get_files:scan_sources: tailwindcss_oxide::scanner: Discovering "C:\\xampp\\htdocs\\tutorial2\\app\\api\\payments\\azampay"
2026-01-08T06:15:28.390142Z  INFO get_files:scan_sources: tailwindcss_oxide::scanner: Discovering "C:\\xampp\\htdocs\\tutorial2\\app\\api\\payments\\azampay\\callback"
2026-01-08T06:15:28.390319Z  INFO get_files:scan_sources: tailwindcss_oxide::scanner: Discovering "C:\\xampp\\htdocs\\tutorial2\\app\\api\\payments\\azampay\\checkout"
2026-01-08T06:15:28.390526Z  INFO get_files:scan_sources: tailwindcss_oxide::scanner: Discovering "C:\\xampp\\htdocs\\tutorial2\\app\\api\\payments\\cleanup"
2026-01-08T06:15:28.390701Z  INFO get_files:scan_sources: tailwindcss_oxide::scanner: Discovering "C:\\xampp\\htdocs\\tutorial2\\app\\api\\payments\\mobile-money"
2026-01-08T06:15:28.390961Z  INFO get_files:scan_sources: tailwindcss_oxide::scanner: Discovering "C:\\xampp\\htdocs\\tutorial2\\app\\api\\reports"
2026-01-08T06:15:28.391124Z  INFO get_files:scan_sources: tailwindcss_oxide::scanner: Discovering "C:\\xampp\\htdocs\\tutorial2\\app\\api\\reports\\generate"
2026-01-08T06:15:28.391319Z  INFO get_files:scan_sources: tailwindcss_oxide::scanner: Discovering "C:\\xampp\\htdocs\\tutorial2\\app\\api\\reports\\send-email"
2026-01-08T06:15:28.391494Z  INFO get_files:scan_sources: tailwindcss_oxide::scanner: Discovering "C:\\xampp\\htdocs\\tutorial2\\app\\api\\send-approval-email"
2026-01-08T06:15:28.391641Z  INFO get_files:scan_sources: tailwindcss_oxide::scanner: Discovering "C:\\xampp\\htdocs\\tutorial2\\app\\api\\settings"
2026-01-08T06:15:28.391778Z  INFO get_files:scan_sources: tailwindcss_oxide::scanner: Discovering "C:\\xampp\\htdocs\\tutorial2\\app\\api\\setup"
2026-01-08T06:15:28.391885Z  INFO get_files:scan_sources: tailwindcss_oxide::scanner: Discovering "C:\\xampp\\htdocs\\tutorial2\\app\\api\\setup\\ensure-admin"
2026-01-08T06:15:28.392075Z  INFO get_files:scan_sources: tailwindcss_oxide::scanner: Discovering "C:\\xampp\\htdocs\\tutorial2\\app\\auth"
2026-01-08T06:15:28.392209Z  INFO get_files:scan_sources: tailwindcss_oxide::scanner: Discovering "C:\\xampp\\htdocs\\tutorial2\\app\\auth\\login"
2026-01-08T06:15:28.392364Z  INFO get_files:scan_sources: tailwindcss_oxide::scanner: Discovering "C:\\xampp\\htdocs\\tutorial2\\app\\auth\\pending-approval"
2026-01-08T06:15:28.392514Z  INFO get_files:scan_sources: tailwindcss_oxide::scanner: Discovering "C:\\xampp\\htdocs\\tutorial2\\app\\auth\\register"
2026-01-08T06:15:28.392698Z  INFO get_files:scan_sources: tailwindcss_oxide::scanner: Discovering "C:\\xampp\\htdocs\\tutorial2\\app\\components"
2026-01-08T06:15:28.392895Z  INFO get_files:scan_sources: tailwindcss_oxide::scanner: Discovering "C:\\xampp\\htdocs\\tutorial2\\app\\contact"
2026-01-08T06:15:28.393068Z  INFO get_files:scan_sources: tailwindcss_oxide::scanner: Discovering "C:\\xampp\\htdocs\\tutorial2\\app\\dashboard"
2026-01-08T06:15:28.393214Z  INFO get_files:scan_sources: tailwindcss_oxide::scanner: Discovering "C:\\xampp\\htdocs\\tutorial2\\app\\dashboard\\complete-profile"
2026-01-08T06:15:28.393386Z  INFO get_files:scan_sources: tailwindcss_oxide::scanner: Discovering "C:\\xampp\\htdocs\\tutorial2\\app\\dashboard\\events"
2026-01-08T06:15:28.393612Z  INFO get_files:scan_sources: tailwindcss_oxide::scanner: Discovering "C:\\xampp\\htdocs\\tutorial2\\app\\dashboard\\membership-card"
2026-01-08T06:15:28.393809Z  INFO get_files:scan_sources: tailwindcss_oxide::scanner: Discovering "C:\\xampp\\htdocs\\tutorial2\\app\\dashboard\\messages"
2026-01-08T06:15:28.393991Z  INFO get_files:scan_sources: tailwindcss_oxide::scanner: Discovering "C:\\xampp\\htdocs\\tutorial2\\app\\dashboard\\payment"
2026-01-08T06:15:28.394136Z  INFO get_files:scan_sources: tailwindcss_oxide::scanner: Discovering "C:\\xampp\\htdocs\\tutorial2\\app\\dashboard\\payment\\success"
2026-01-08T06:15:28.394307Z  INFO get_files:scan_sources: tailwindcss_oxide::scanner: Discovering "C:\\xampp\\htdocs\\tutorial2\\app\\dashboard\\subscribe"
2026-01-08T06:15:28.394497Z  INFO get_files:scan_sources: tailwindcss_oxide::scanner: Discovering "C:\\xampp\\htdocs\\tutorial2\\app\\fix-auth"
2026-01-08T06:15:28.394764Z  INFO get_files:scan_sources: tailwindcss_oxide::scanner: Discovering "C:\\xampp\\htdocs\\tutorial2\\app\\schemas"
2026-01-08T06:15:28.394914Z  INFO get_files:scan_sources: tailwindcss_oxide::scanner: Discovering "C:\\xampp\\htdocs\\tutorial2\\app\\scripts"
2026-01-08T06:15:28.395065Z  INFO get_files:scan_sources: tailwindcss_oxide::scanner: Discovering "C:\\xampp\\htdocs\\tutorial2\\app\\unauthorized"
2026-01-08T06:15:28.395223Z  INFO get_files:scan_sources: tailwindcss_oxide::scanner: Discovering "C:\\xampp\\htdocs\\tutorial2\\components"
2026-01-08T06:15:28.395339Z  INFO get_files:scan_sources: tailwindcss_oxide::scanner: Discovering "C:\\xampp\\htdocs\\tutorial2\\components\\admin"
2026-01-08T06:15:28.395551Z  INFO get_files:scan_sources: tailwindcss_oxide::scanner: Discovering "C:\\xampp\\htdocs\\tutorial2\\components\\dashboard"
2026-01-08T06:15:28.395828Z  INFO get_files:scan_sources: tailwindcss_oxide::scanner: Discovering "C:\\xampp\\htdocs\\tutorial2\\components\\ui"
2026-01-08T06:15:28.396167Z  INFO get_files:scan_sources: tailwindcss_oxide::scanner: Discovering "C:\\xampp\\htdocs\\tutorial2\\components\\web"
2026-01-08T06:15:28.396440Z  INFO get_files:scan_sources: tailwindcss_oxide::scanner: Discovering "C:\\xampp\\htdocs\\tutorial2\\contexts"
2026-01-08T06:15:28.396600Z  INFO get_files:scan_sources: tailwindcss_oxide::scanner: Discovering "C:\\xampp\\htdocs\\tutorial2\\convex"
2026-01-08T06:15:28.396717Z  INFO get_files:scan_sources: tailwindcss_oxide::scanner: Discovering "C:\\xampp\\htdocs\\tutorial2\\convex\\_generated"
2026-01-08T06:15:28.397007Z  INFO get_files:scan_sources: tailwindcss_oxide::scanner: Discovering "C:\\xampp\\htdocs\\tutorial2\\database"
2026-01-08T06:15:28.397666Z  INFO get_files:scan_sources: tailwindcss_oxide::scanner: Discovering "C:\\xampp\\htdocs\\tutorial2\\lib"
2026-01-08T06:15:28.398055Z  INFO get_files:scan_sources: tailwindcss_oxide::scanner: Discovering "C:\\xampp\\htdocs\\tutorial2\\migrations"
2026-01-08T06:15:28.398550Z  INFO get_files:scan_sources: tailwindcss_oxide::scanner: Discovering "C:\\xampp\\htdocs\\tutorial2\\public"
2026-01-08T06:15:28.398778Z  INFO get_files:scan_sources: tailwindcss_oxide::scanner: Discovering "C:\\xampp\\htdocs\\tutorial2\\public\\uploads"
2026-01-08T06:15:28.398899Z  INFO get_files:scan_sources: tailwindcss_oxide::scanner: Discovering "C:\\xampp\\htdocs\\tutorial2\\public\\uploads\\documents"
2026-01-08T06:15:28.399093Z  INFO get_files:scan_sources: tailwindcss_oxide::scanner: Discovering "C:\\xampp\\htdocs\\tutorial2\\public\\uploads\\profile-pictures"
2026-01-08T06:15:28.399604Z  INFO get_files:scan_sources: tailwindcss_oxide::scanner: exit
2026-01-08T06:15:28.399826Z  INFO get_files: tailwindcss_oxide::scanner: exit
2026-01-08T06:15:28.400168Z  INFO get_globs: tailwindcss_oxide::scanner: enter
2026-01-08T06:15:28.400182Z  INFO get_globs: tailwindcss_oxide::scanner: exit
