2026-01-16T09:20:48.112489Z  INFO tailwindcss_oxide::scanner: Provided sources:
2026-01-16T09:20:48.112914Z  INFO tailwindcss_oxide::scanner: Source: PublicSourceEntry { base: "C:\\xampp\\htdocs\\tutorial2", pattern: "**/*", negated: false }
2026-01-16T09:20:48.114965Z  INFO tailwindcss_oxide::scanner: Optimized sources:
2026-01-16T09:20:48.115008Z  INFO tailwindcss_oxide::scanner: Source: Auto { base: "C:\\xampp\\htdocs\\tutorial2" }
2026-01-16T09:20:48.117986Z  INFO scan_sources: tailwindcss_oxide::scanner: enter
2026-01-16T09:20:48.121007Z  INFO scan_sources: tailwindcss_oxide::scanner: Discovering "C:\\xampp\\htdocs\\tutorial2\\.windsurf"
2026-01-16T09:20:48.121760Z  INFO scan_sources: tailwindcss_oxide::scanner: Discovering "C:\\xampp\\htdocs\\tutorial2\\.windsurf\\workflows"
2026-01-16T09:20:48.121974Z  INFO scan_sources: tailwindcss_oxide::scanner: Discovering "C:\\xampp\\htdocs\\tutorial2\\.windsurf\\workflows\\complete-profile.md"
2026-01-16T09:20:48.122070Z  INFO scan_sources: tailwindcss_oxide::scanner: Discovering "C:\\xampp\\htdocs\\tutorial2\\.windsurf\\workflows\\notification.md"
2026-01-16T09:20:48.122209Z  INFO scan_sources: tailwindcss_oxide::scanner: Discovering "C:\\xampp\\htdocs\\tutorial2\\add_reference_to_memberships.php"
2026-01-16T09:20:48.122296Z  INFO scan_sources: tailwindcss_oxide::scanner: Discovering "C:\\xampp\\htdocs\\tutorial2\\add_work_columns.php"
2026-01-16T09:20:48.122373Z  INFO scan_sources: tailwindcss_oxide::scanner: Discovering "C:\\xampp\\htdocs\\tutorial2\\add_work_columns.sql"
2026-01-16T09:20:48.122449Z  INFO scan_sources: tailwindcss_oxide::scanner: Discovering "C:\\xampp\\htdocs\\tutorial2\\add_work_fields_user25.php"
2026-01-16T09:20:48.122528Z  INFO scan_sources: tailwindcss_oxide::scanner: Discovering "C:\\xampp\\htdocs\\tutorial2\\ADMIN_CARD_DISPLAY_UPDATE.md"
2026-01-16T09:20:48.122607Z  INFO scan_sources: tailwindcss_oxide::scanner: Discovering "C:\\xampp\\htdocs\\tutorial2\\ADMIN_MODULES_IMPLEMENTATION.md"
2026-01-16T09:20:48.122749Z  INFO scan_sources: tailwindcss_oxide::scanner: Discovering "C:\\xampp\\htdocs\\tutorial2\\api"
2026-01-16T09:20:48.122975Z  INFO scan_sources: tailwindcss_oxide::scanner: Discovering "C:\\xampp\\htdocs\\tutorial2\\api\\auth"
2026-01-16T09:20:48.123180Z  INFO scan_sources: tailwindcss_oxide::scanner: Discovering "C:\\xampp\\htdocs\\tutorial2\\api\\auth\\login.php"
2026-01-16T09:20:48.123292Z  INFO scan_sources: tailwindcss_oxide::scanner: Discovering "C:\\xampp\\htdocs\\tutorial2\\api\\auth\\logout.php"
2026-01-16T09:20:48.123379Z  INFO scan_sources: tailwindcss_oxide::scanner: Discovering "C:\\xampp\\htdocs\\tutorial2\\api\\auth\\me.php"
2026-01-16T09:20:48.123461Z  INFO scan_sources: tailwindcss_oxide::scanner: Discovering "C:\\xampp\\htdocs\\tutorial2\\api\\auth\\register.php"
2026-01-16T09:20:48.123716Z  INFO scan_sources: tailwindcss_oxide::scanner: Discovering "C:\\xampp\\htdocs\\tutorial2\\app"
2026-01-16T09:20:48.123861Z  INFO scan_sources: tailwindcss_oxide::scanner: Discovering "C:\\xampp\\htdocs\\tutorial2\\app\\(layout)"
2026-01-16T09:20:48.123949Z  INFO scan_sources: tailwindcss_oxide::scanner: Discovering "C:\\xampp\\htdocs\\tutorial2\\app\\(layout)\\layout.tsx"
2026-01-16T09:20:48.124028Z  INFO scan_sources: tailwindcss_oxide::scanner: Discovering "C:\\xampp\\htdocs\\tutorial2\\app\\(shared-layout)"
2026-01-16T09:20:48.124105Z  INFO scan_sources: tailwindcss_oxide::scanner: Discovering "C:\\xampp\\htdocs\\tutorial2\\app\\(shared-layout)\\layout.tsx"
2026-01-16T09:20:48.124147Z  INFO scan_sources: tailwindcss_oxide::scanner: Discovering "C:\\xampp\\htdocs\\tutorial2\\app\\(shared-layout)\\page.tsx"
2026-01-16T09:20:48.124216Z  INFO scan_sources: tailwindcss_oxide::scanner: Discovering "C:\\xampp\\htdocs\\tutorial2\\app\\about"
2026-01-16T09:20:48.124348Z  INFO scan_sources: tailwindcss_oxide::scanner: Discovering "C:\\xampp\\htdocs\\tutorial2\\app\\about\\page.tsx"
2026-01-16T09:20:48.124453Z  INFO scan_sources: tailwindcss_oxide::scanner: Discovering "C:\\xampp\\htdocs\\tutorial2\\app\\about-us"
2026-01-16T09:20:48.124567Z  INFO scan_sources: tailwindcss_oxide::scanner: Discovering "C:\\xampp\\htdocs\\tutorial2\\app\\about-us\\page.tsx"
2026-01-16T09:20:48.124710Z  INFO scan_sources: tailwindcss_oxide::scanner: Discovering "C:\\xampp\\htdocs\\tutorial2\\app\\admin"
2026-01-16T09:20:48.124826Z  INFO scan_sources: tailwindcss_oxide::scanner: Discovering "C:\\xampp\\htdocs\\tutorial2\\app\\admin\\cards"
2026-01-16T09:20:48.124903Z  INFO scan_sources: tailwindcss_oxide::scanner: Discovering "C:\\xampp\\htdocs\\tutorial2\\app\\admin\\cards\\page.tsx"
2026-01-16T09:20:48.124989Z  INFO scan_sources: tailwindcss_oxide::scanner: Discovering "C:\\xampp\\htdocs\\tutorial2\\app\\admin\\content"
2026-01-16T09:20:48.125086Z  INFO scan_sources: tailwindcss_oxide::scanner: Discovering "C:\\xampp\\htdocs\\tutorial2\\app\\admin\\content\\about"
2026-01-16T09:20:48.125160Z  INFO scan_sources: tailwindcss_oxide::scanner: Discovering "C:\\xampp\\htdocs\\tutorial2\\app\\admin\\content\\about\\page.tsx"
2026-01-16T09:20:48.125226Z  INFO scan_sources: tailwindcss_oxide::scanner: Discovering "C:\\xampp\\htdocs\\tutorial2\\app\\admin\\content\\contact"
2026-01-16T09:20:48.125294Z  INFO scan_sources: tailwindcss_oxide::scanner: Discovering "C:\\xampp\\htdocs\\tutorial2\\app\\admin\\content\\contact\\page.tsx"
2026-01-16T09:20:48.125360Z  INFO scan_sources: tailwindcss_oxide::scanner: Discovering "C:\\xampp\\htdocs\\tutorial2\\app\\admin\\content\\home"
2026-01-16T09:20:48.125433Z  INFO scan_sources: tailwindcss_oxide::scanner: Discovering "C:\\xampp\\htdocs\\tutorial2\\app\\admin\\content\\home\\page.tsx"
2026-01-16T09:20:48.125479Z  INFO scan_sources: tailwindcss_oxide::scanner: Discovering "C:\\xampp\\htdocs\\tutorial2\\app\\admin\\content\\page.tsx"
2026-01-16T09:20:48.125548Z  INFO scan_sources: tailwindcss_oxide::scanner: Discovering "C:\\xampp\\htdocs\\tutorial2\\app\\admin\\dashboard"
2026-01-16T09:20:48.125648Z  INFO scan_sources: tailwindcss_oxide::scanner: Discovering "C:\\xampp\\htdocs\\tutorial2\\app\\admin\\dashboard\\charts.tsx"
2026-01-16T09:20:48.125685Z  INFO scan_sources: tailwindcss_oxide::scanner: Discovering "C:\\xampp\\htdocs\\tutorial2\\app\\admin\\dashboard\\page.tsx"
2026-01-16T09:20:48.125757Z  INFO scan_sources: tailwindcss_oxide::scanner: Discovering "C:\\xampp\\htdocs\\tutorial2\\app\\admin\\events"
2026-01-16T09:20:48.125829Z  INFO scan_sources: tailwindcss_oxide::scanner: Discovering "C:\\xampp\\htdocs\\tutorial2\\app\\admin\\events\\page.tsx"
2026-01-16T09:20:48.125886Z  INFO scan_sources: tailwindcss_oxide::scanner: Discovering "C:\\xampp\\htdocs\\tutorial2\\app\\admin\\events\\[id]"
2026-01-16T09:20:48.125986Z  INFO scan_sources: tailwindcss_oxide::scanner: Discovering "C:\\xampp\\htdocs\\tutorial2\\app\\admin\\events\\[id]\\page.tsx"
2026-01-16T09:20:48.126050Z  INFO scan_sources: tailwindcss_oxide::scanner: Discovering "C:\\xampp\\htdocs\\tutorial2\\app\\admin\\events\\[id]\\registrations"
2026-01-16T09:20:48.126127Z  INFO scan_sources: tailwindcss_oxide::scanner: Discovering "C:\\xampp\\htdocs\\tutorial2\\app\\admin\\events\\[id]\\registrations\\page.tsx"
2026-01-16T09:20:48.126196Z  INFO scan_sources: tailwindcss_oxide::scanner: Discovering "C:\\xampp\\htdocs\\tutorial2\\app\\admin\\layout.tsx"
2026-01-16T09:20:48.126249Z  INFO scan_sources: tailwindcss_oxide::scanner: Discovering "C:\\xampp\\htdocs\\tutorial2\\app\\admin\\membership"
2026-01-16T09:20:48.126322Z  INFO scan_sources: tailwindcss_oxide::scanner: Discovering "C:\\xampp\\htdocs\\tutorial2\\app\\admin\\membership\\page.tsx"
2026-01-16T09:20:48.126389Z  INFO scan_sources: tailwindcss_oxide::scanner: Discovering "C:\\xampp\\htdocs\\tutorial2\\app\\admin\\news"
2026-01-16T09:20:48.126457Z  INFO scan_sources: tailwindcss_oxide::scanner: Discovering "C:\\xampp\\htdocs\\tutorial2\\app\\admin\\news\\page.tsx"
2026-01-16T09:20:48.126505Z  INFO scan_sources: tailwindcss_oxide::scanner: Discovering "C:\\xampp\\htdocs\\tutorial2\\app\\admin\\page.old.tsx"
2026-01-16T09:20:48.126539Z  INFO scan_sources: tailwindcss_oxide::scanner: Discovering "C:\\xampp\\htdocs\\tutorial2\\app\\admin\\page.tsx"
2026-01-16T09:20:48.126605Z  INFO scan_sources: tailwindcss_oxide::scanner: Discovering "C:\\xampp\\htdocs\\tutorial2\\app\\admin\\page.tsx.backup"
2026-01-16T09:20:48.126652Z  INFO scan_sources: tailwindcss_oxide::scanner: Discovering "C:\\xampp\\htdocs\\tutorial2\\app\\admin\\page.tsx.new"
2026-01-16T09:20:48.126709Z  INFO scan_sources: tailwindcss_oxide::scanner: Discovering "C:\\xampp\\htdocs\\tutorial2\\app\\admin\\payment"
2026-01-16T09:20:48.126779Z  INFO scan_sources: tailwindcss_oxide::scanner: Discovering "C:\\xampp\\htdocs\\tutorial2\\app\\admin\\payment\\page.tsx"
2026-01-16T09:20:48.126848Z  INFO scan_sources: tailwindcss_oxide::scanner: Discovering "C:\\xampp\\htdocs\\tutorial2\\app\\admin\\payments"
2026-01-16T09:20:48.126915Z  INFO scan_sources: tailwindcss_oxide::scanner: Discovering "C:\\xampp\\htdocs\\tutorial2\\app\\admin\\payments\\page.tsx"
2026-01-16T09:20:48.126979Z  INFO scan_sources: tailwindcss_oxide::scanner: Discovering "C:\\xampp\\htdocs\\tutorial2\\app\\admin\\reports"
2026-01-16T09:20:48.127046Z  INFO scan_sources: tailwindcss_oxide::scanner: Discovering "C:\\xampp\\htdocs\\tutorial2\\app\\admin\\reports\\page.tsx"
2026-01-16T09:20:48.127108Z  INFO scan_sources: tailwindcss_oxide::scanner: Discovering "C:\\xampp\\htdocs\\tutorial2\\app\\admin\\requests"
2026-01-16T09:20:48.127175Z  INFO scan_sources: tailwindcss_oxide::scanner: Discovering "C:\\xampp\\htdocs\\tutorial2\\app\\admin\\requests\\page.tsx"
2026-01-16T09:20:48.127238Z  INFO scan_sources: tailwindcss_oxide::scanner: Discovering "C:\\xampp\\htdocs\\tutorial2\\app\\admin\\users"
2026-01-16T09:20:48.127308Z  INFO scan_sources: tailwindcss_oxide::scanner: Discovering "C:\\xampp\\htdocs\\tutorial2\\app\\admin\\users\\page.tsx"
2026-01-16T09:20:48.127362Z  INFO scan_sources: tailwindcss_oxide::scanner: Discovering "C:\\xampp\\htdocs\\tutorial2\\app\\admin\\users\\[id]"
2026-01-16T09:20:48.127432Z  INFO scan_sources: tailwindcss_oxide::scanner: Discovering "C:\\xampp\\htdocs\\tutorial2\\app\\admin\\users\\[id]\\page.tsx"
2026-01-16T09:20:48.127525Z  INFO scan_sources: tailwindcss_oxide::scanner: Discovering "C:\\xampp\\htdocs\\tutorial2\\app\\api"
2026-01-16T09:20:48.127623Z  INFO scan_sources: tailwindcss_oxide::scanner: Discovering "C:\\xampp\\htdocs\\tutorial2\\app\\api\\about-content"
2026-01-16T09:20:48.127693Z  INFO scan_sources: tailwindcss_oxide::scanner: Discovering "C:\\xampp\\htdocs\\tutorial2\\app\\api\\about-content\\route.ts"
2026-01-16T09:20:48.127758Z  INFO scan_sources: tailwindcss_oxide::scanner: Discovering "C:\\xampp\\htdocs\\tutorial2\\app\\api\\admin"
2026-01-16T09:20:48.127860Z  INFO scan_sources: tailwindcss_oxide::scanner: Discovering "C:\\xampp\\htdocs\\tutorial2\\app\\api\\admin\\approve-member"
2026-01-16T09:20:48.127931Z  INFO scan_sources: tailwindcss_oxide::scanner: Discovering "C:\\xampp\\htdocs\\tutorial2\\app\\api\\admin\\approve-member\\route.ts"
2026-01-16T09:20:48.128008Z  INFO scan_sources: tailwindcss_oxide::scanner: Discovering "C:\\xampp\\htdocs\\tutorial2\\app\\api\\admin\\cards"
2026-01-16T09:20:48.128085Z  INFO scan_sources: tailwindcss_oxide::scanner: Discovering "C:\\xampp\\htdocs\\tutorial2\\app\\api\\admin\\cards\\route.ts"
2026-01-16T09:20:48.128159Z  INFO scan_sources: tailwindcss_oxide::scanner: Discovering "C:\\xampp\\htdocs\\tutorial2\\app\\api\\admin\\content"
2026-01-16T09:20:48.128254Z  INFO scan_sources: tailwindcss_oxide::scanner: Discovering "C:\\xampp\\htdocs\\tutorial2\\app\\api\\admin\\content\\about"
2026-01-16T09:20:48.128327Z  INFO scan_sources: tailwindcss_oxide::scanner: Discovering "C:\\xampp\\htdocs\\tutorial2\\app\\api\\admin\\content\\about\\route.ts"
2026-01-16T09:20:48.128383Z  INFO scan_sources: tailwindcss_oxide::scanner: Discovering "C:\\xampp\\htdocs\\tutorial2\\app\\api\\admin\\content\\about\\[id]"
2026-01-16T09:20:48.128457Z  INFO scan_sources: tailwindcss_oxide::scanner: Discovering "C:\\xampp\\htdocs\\tutorial2\\app\\api\\admin\\content\\about\\[id]\\route.ts"
2026-01-16T09:20:48.128541Z  INFO scan_sources: tailwindcss_oxide::scanner: Discovering "C:\\xampp\\htdocs\\tutorial2\\app\\api\\admin\\content\\contact"
2026-01-16T09:20:48.128620Z  INFO scan_sources: tailwindcss_oxide::scanner: Discovering "C:\\xampp\\htdocs\\tutorial2\\app\\api\\admin\\content\\contact\\route.ts"
2026-01-16T09:20:48.128679Z  INFO scan_sources: tailwindcss_oxide::scanner: Discovering "C:\\xampp\\htdocs\\tutorial2\\app\\api\\admin\\content\\contact\\[id]"
2026-01-16T09:20:48.128752Z  INFO scan_sources: tailwindcss_oxide::scanner: Discovering "C:\\xampp\\htdocs\\tutorial2\\app\\api\\admin\\content\\contact\\[id]\\route.ts"
2026-01-16T09:20:48.128833Z  INFO scan_sources: tailwindcss_oxide::scanner: Discovering "C:\\xampp\\htdocs\\tutorial2\\app\\api\\admin\\content\\footer"
2026-01-16T09:20:48.128902Z  INFO scan_sources: tailwindcss_oxide::scanner: Discovering "C:\\xampp\\htdocs\\tutorial2\\app\\api\\admin\\content\\footer\\route.ts"
2026-01-16T09:20:48.128981Z  INFO scan_sources: tailwindcss_oxide::scanner: Discovering "C:\\xampp\\htdocs\\tutorial2\\app\\api\\admin\\content\\home"
2026-01-16T09:20:48.129050Z  INFO scan_sources: tailwindcss_oxide::scanner: Discovering "C:\\xampp\\htdocs\\tutorial2\\app\\api\\admin\\content\\home\\route.ts"
2026-01-16T09:20:48.129103Z  INFO scan_sources: tailwindcss_oxide::scanner: Discovering "C:\\xampp\\htdocs\\tutorial2\\app\\api\\admin\\content\\home\\[id]"
2026-01-16T09:20:48.129172Z  INFO scan_sources: tailwindcss_oxide::scanner: Discovering "C:\\xampp\\htdocs\\tutorial2\\app\\api\\admin\\content\\home\\[id]\\route.ts"
2026-01-16T09:20:48.129246Z  INFO scan_sources: tailwindcss_oxide::scanner: Discovering "C:\\xampp\\htdocs\\tutorial2\\app\\api\\admin\\content\\media"
2026-01-16T09:20:48.129313Z  INFO scan_sources: tailwindcss_oxide::scanner: Discovering "C:\\xampp\\htdocs\\tutorial2\\app\\api\\admin\\content\\media\\route.ts"
2026-01-16T09:20:48.129377Z  INFO scan_sources: tailwindcss_oxide::scanner: Discovering "C:\\xampp\\htdocs\\tutorial2\\app\\api\\admin\\content\\navigation"
2026-01-16T09:20:48.129446Z  INFO scan_sources: tailwindcss_oxide::scanner: Discovering "C:\\xampp\\htdocs\\tutorial2\\app\\api\\admin\\content\\navigation\\route.ts"
2026-01-16T09:20:48.129508Z  INFO scan_sources: tailwindcss_oxide::scanner: Discovering "C:\\xampp\\htdocs\\tutorial2\\app\\api\\admin\\content\\pages"
2026-01-16T09:20:48.129575Z  INFO scan_sources: tailwindcss_oxide::scanner: Discovering "C:\\xampp\\htdocs\\tutorial2\\app\\api\\admin\\content\\pages\\route.ts"
2026-01-16T09:20:48.129657Z  INFO scan_sources: tailwindcss_oxide::scanner: Discovering "C:\\xampp\\htdocs\\tutorial2\\app\\api\\admin\\content\\pages\\[id]"
2026-01-16T09:20:48.129727Z  INFO scan_sources: tailwindcss_oxide::scanner: Discovering "C:\\xampp\\htdocs\\tutorial2\\app\\api\\admin\\content\\pages\\[id]\\route.ts"
2026-01-16T09:20:48.129803Z  INFO scan_sources: tailwindcss_oxide::scanner: Discovering "C:\\xampp\\htdocs\\tutorial2\\app\\api\\admin\\content\\settings"
2026-01-16T09:20:48.129870Z  INFO scan_sources: tailwindcss_oxide::scanner: Discovering "C:\\xampp\\htdocs\\tutorial2\\app\\api\\admin\\content\\settings\\route.ts"
2026-01-16T09:20:48.129946Z  INFO scan_sources: tailwindcss_oxide::scanner: Discovering "C:\\xampp\\htdocs\\tutorial2\\app\\api\\admin\\create-admin"
2026-01-16T09:20:48.130023Z  INFO scan_sources: tailwindcss_oxide::scanner: Discovering "C:\\xampp\\htdocs\\tutorial2\\app\\api\\admin\\create-admin\\route.ts"
2026-01-16T09:20:48.130088Z  INFO scan_sources: tailwindcss_oxide::scanner: Discovering "C:\\xampp\\htdocs\\tutorial2\\app\\api\\admin\\deleted-users"
2026-01-16T09:20:48.130163Z  INFO scan_sources: tailwindcss_oxide::scanner: Discovering "C:\\xampp\\htdocs\\tutorial2\\app\\api\\admin\\deleted-users\\route.ts"
2026-01-16T09:20:48.130227Z  INFO scan_sources: tailwindcss_oxide::scanner: Discovering "C:\\xampp\\htdocs\\tutorial2\\app\\api\\admin\\events"
2026-01-16T09:20:48.130297Z  INFO scan_sources: tailwindcss_oxide::scanner: Discovering "C:\\xampp\\htdocs\\tutorial2\\app\\api\\admin\\events\\route.ts"
2026-01-16T09:20:48.130331Z  INFO scan_sources: tailwindcss_oxide::scanner: Discovering "C:\\xampp\\htdocs\\tutorial2\\app\\api\\admin\\events\\route_original.ts"
2026-01-16T09:20:48.130434Z  INFO scan_sources: tailwindcss_oxide::scanner: Discovering "C:\\xampp\\htdocs\\tutorial2\\app\\api\\admin\\events\\[id]"
2026-01-16T09:20:48.130542Z  INFO scan_sources: tailwindcss_oxide::scanner: Discovering "C:\\xampp\\htdocs\\tutorial2\\app\\api\\admin\\events\\[id]\\registrations"
2026-01-16T09:20:48.130614Z  INFO scan_sources: tailwindcss_oxide::scanner: Discovering "C:\\xampp\\htdocs\\tutorial2\\app\\api\\admin\\events\\[id]\\registrations\\route.ts"
2026-01-16T09:20:48.130657Z  INFO scan_sources: tailwindcss_oxide::scanner: Discovering "C:\\xampp\\htdocs\\tutorial2\\app\\api\\admin\\events\\[id]\\route.ts"
2026-01-16T09:20:48.130692Z  INFO scan_sources: tailwindcss_oxide::scanner: Discovering "C:\\xampp\\htdocs\\tutorial2\\app\\api\\admin\\events\\[id]\\route_original.ts"
2026-01-16T09:20:48.130772Z  INFO scan_sources: tailwindcss_oxide::scanner: Discovering "C:\\xampp\\htdocs\\tutorial2\\app\\api\\admin\\fix-admin"
2026-01-16T09:20:48.130841Z  INFO scan_sources: tailwindcss_oxide::scanner: Discovering "C:\\xampp\\htdocs\\tutorial2\\app\\api\\admin\\fix-admin\\route.ts"
2026-01-16T09:20:48.130905Z  INFO scan_sources: tailwindcss_oxide::scanner: Discovering "C:\\xampp\\htdocs\\tutorial2\\app\\api\\admin\\membership"
2026-01-16T09:20:48.130991Z  INFO scan_sources: tailwindcss_oxide::scanner: Discovering "C:\\xampp\\htdocs\\tutorial2\\app\\api\\admin\\membership\\cycles"
2026-01-16T09:20:48.131058Z  INFO scan_sources: tailwindcss_oxide::scanner: Discovering "C:\\xampp\\htdocs\\tutorial2\\app\\api\\admin\\membership\\cycles\\route.ts"
2026-01-16T09:20:48.131121Z  INFO scan_sources: tailwindcss_oxide::scanner: Discovering "C:\\xampp\\htdocs\\tutorial2\\app\\api\\admin\\membership\\settings"
2026-01-16T09:20:48.131188Z  INFO scan_sources: tailwindcss_oxide::scanner: Discovering "C:\\xampp\\htdocs\\tutorial2\\app\\api\\admin\\membership\\settings\\route.ts"
2026-01-16T09:20:48.131254Z  INFO scan_sources: tailwindcss_oxide::scanner: Discovering "C:\\xampp\\htdocs\\tutorial2\\app\\api\\admin\\membership\\types"
2026-01-16T09:20:48.131321Z  INFO scan_sources: tailwindcss_oxide::scanner: Discovering "C:\\xampp\\htdocs\\tutorial2\\app\\api\\admin\\membership\\types\\route.ts"
2026-01-16T09:20:48.131394Z  INFO scan_sources: tailwindcss_oxide::scanner: Discovering "C:\\xampp\\htdocs\\tutorial2\\app\\api\\admin\\news"
2026-01-16T09:20:48.131460Z  INFO scan_sources: tailwindcss_oxide::scanner: Discovering "C:\\xampp\\htdocs\\tutorial2\\app\\api\\admin\\news\\route.ts"
2026-01-16T09:20:48.131538Z  INFO scan_sources: tailwindcss_oxide::scanner: Discovering "C:\\xampp\\htdocs\\tutorial2\\app\\api\\admin\\payment"
2026-01-16T09:20:48.131605Z  INFO scan_sources: tailwindcss_oxide::scanner: Discovering "C:\\xampp\\htdocs\\tutorial2\\app\\api\\admin\\payment\\route.ts"
2026-01-16T09:20:48.131676Z  INFO scan_sources: tailwindcss_oxide::scanner: Discovering "C:\\xampp\\htdocs\\tutorial2\\app\\api\\admin\\payments"
2026-01-16T09:20:48.131764Z  INFO scan_sources: tailwindcss_oxide::scanner: Discovering "C:\\xampp\\htdocs\\tutorial2\\app\\api\\admin\\payments\\list"
2026-01-16T09:20:48.131850Z  INFO scan_sources: tailwindcss_oxide::scanner: Discovering "C:\\xampp\\htdocs\\tutorial2\\app\\api\\admin\\payments\\list\\export"
2026-01-16T09:20:48.131921Z  INFO scan_sources: tailwindcss_oxide::scanner: Discovering "C:\\xampp\\htdocs\\tutorial2\\app\\api\\admin\\payments\\list\\export\\route.ts"
2026-01-16T09:20:48.131965Z  INFO scan_sources: tailwindcss_oxide::scanner: Discovering "C:\\xampp\\htdocs\\tutorial2\\app\\api\\admin\\payments\\list\\route.ts"
2026-01-16T09:20:48.132018Z  INFO scan_sources: tailwindcss_oxide::scanner: Discovering "C:\\xampp\\htdocs\\tutorial2\\app\\api\\admin\\payments\\route.ts"
2026-01-16T09:20:48.132073Z  INFO scan_sources: tailwindcss_oxide::scanner: Discovering "C:\\xampp\\htdocs\\tutorial2\\app\\api\\admin\\payments\\[id]"
2026-01-16T09:20:48.132160Z  INFO scan_sources: tailwindcss_oxide::scanner: Discovering "C:\\xampp\\htdocs\\tutorial2\\app\\api\\admin\\payments\\[id]\\refund"
2026-01-16T09:20:48.132231Z  INFO scan_sources: tailwindcss_oxide::scanner: Discovering "C:\\xampp\\htdocs\\tutorial2\\app\\api\\admin\\payments\\[id]\\refund\\route.ts"
2026-01-16T09:20:48.132447Z  INFO scan_sources: tailwindcss_oxide::scanner: Discovering "C:\\xampp\\htdocs\\tutorial2\\app\\api\\admin\\payments\\[id]\\route.ts"
2026-01-16T09:20:48.132897Z  INFO scan_sources: tailwindcss_oxide::scanner: Discovering "C:\\xampp\\htdocs\\tutorial2\\app\\api\\admin\\reject-member"
2026-01-16T09:20:48.133038Z  INFO scan_sources: tailwindcss_oxide::scanner: Discovering "C:\\xampp\\htdocs\\tutorial2\\app\\api\\admin\\reject-member\\route.ts"
2026-01-16T09:20:48.133125Z  INFO scan_sources: tailwindcss_oxide::scanner: Discovering "C:\\xampp\\htdocs\\tutorial2\\app\\api\\admin\\report"
2026-01-16T09:20:48.133206Z  INFO scan_sources: tailwindcss_oxide::scanner: Discovering "C:\\xampp\\htdocs\\tutorial2\\app\\api\\admin\\report\\route.ts"
2026-01-16T09:20:48.133296Z  INFO scan_sources: tailwindcss_oxide::scanner: Discovering "C:\\xampp\\htdocs\\tutorial2\\app\\api\\admin\\reports"
2026-01-16T09:20:48.133467Z  INFO scan_sources: tailwindcss_oxide::scanner: Discovering "C:\\xampp\\htdocs\\tutorial2\\app\\api\\admin\\reports\\generate"
2026-01-16T09:20:48.133559Z  INFO scan_sources: tailwindcss_oxide::scanner: Discovering "C:\\xampp\\htdocs\\tutorial2\\app\\api\\admin\\reports\\generate\\route.ts"
2026-01-16T09:20:48.134050Z  INFO scan_sources: tailwindcss_oxide::scanner: Discovering "C:\\xampp\\htdocs\\tutorial2\\app\\api\\admin\\reports\\route.ts"
2026-01-16T09:20:48.134341Z  INFO scan_sources: tailwindcss_oxide::scanner: Discovering "C:\\xampp\\htdocs\\tutorial2\\app\\api\\admin\\reset-admin"
2026-01-16T09:20:48.134659Z  INFO scan_sources: tailwindcss_oxide::scanner: Discovering "C:\\xampp\\htdocs\\tutorial2\\app\\api\\admin\\reset-admin\\route.ts"
2026-01-16T09:20:48.135342Z  INFO scan_sources: tailwindcss_oxide::scanner: Discovering "C:\\xampp\\htdocs\\tutorial2\\app\\api\\admin\\users"
2026-01-16T09:20:48.135760Z  INFO scan_sources: tailwindcss_oxide::scanner: Discovering "C:\\xampp\\htdocs\\tutorial2\\app\\api\\admin\\users\\restore"
2026-01-16T09:20:48.136019Z  INFO scan_sources: tailwindcss_oxide::scanner: Discovering "C:\\xampp\\htdocs\\tutorial2\\app\\api\\admin\\users\\restore\\route.ts"
2026-01-16T09:20:48.136185Z  INFO scan_sources: tailwindcss_oxide::scanner: Discovering "C:\\xampp\\htdocs\\tutorial2\\app\\api\\admin\\users\\route.ts"
2026-01-16T09:20:48.136429Z  INFO scan_sources: tailwindcss_oxide::scanner: Discovering "C:\\xampp\\htdocs\\tutorial2\\app\\api\\admin\\users\\[id]"
2026-01-16T09:20:48.136788Z  INFO scan_sources: tailwindcss_oxide::scanner: Discovering "C:\\xampp\\htdocs\\tutorial2\\app\\api\\admin\\users\\[id]\\approve"
2026-01-16T09:20:48.136963Z  INFO scan_sources: tailwindcss_oxide::scanner: Discovering "C:\\xampp\\htdocs\\tutorial2\\app\\api\\admin\\users\\[id]\\approve\\route.ts"
2026-01-16T09:20:48.137105Z  INFO scan_sources: tailwindcss_oxide::scanner: Discovering "C:\\xampp\\htdocs\\tutorial2\\app\\api\\admin\\users\\[id]\\details"
2026-01-16T09:20:48.137275Z  INFO scan_sources: tailwindcss_oxide::scanner: Discovering "C:\\xampp\\htdocs\\tutorial2\\app\\api\\admin\\users\\[id]\\details\\route.ts"
2026-01-16T09:20:48.137399Z  INFO scan_sources: tailwindcss_oxide::scanner: Discovering "C:\\xampp\\htdocs\\tutorial2\\app\\api\\admin\\users\\[id]\\membership-status"
2026-01-16T09:20:48.137541Z  INFO scan_sources: tailwindcss_oxide::scanner: Discovering "C:\\xampp\\htdocs\\tutorial2\\app\\api\\admin\\users\\[id]\\membership-status\\route.ts"
2026-01-16T09:20:48.137658Z  INFO scan_sources: tailwindcss_oxide::scanner: Discovering "C:\\xampp\\htdocs\\tutorial2\\app\\api\\admin\\users\\[id]\\password"
2026-01-16T09:20:48.137778Z  INFO scan_sources: tailwindcss_oxide::scanner: Discovering "C:\\xampp\\htdocs\\tutorial2\\app\\api\\admin\\users\\[id]\\password\\route.ts"
2026-01-16T09:20:48.137883Z  INFO scan_sources: tailwindcss_oxide::scanner: Discovering "C:\\xampp\\htdocs\\tutorial2\\app\\api\\admin\\users\\[id]\\reject"
2026-01-16T09:20:48.138001Z  INFO scan_sources: tailwindcss_oxide::scanner: Discovering "C:\\xampp\\htdocs\\tutorial2\\app\\api\\admin\\users\\[id]\\reject\\route.ts"
2026-01-16T09:20:48.138072Z  INFO scan_sources: tailwindcss_oxide::scanner: Discovering "C:\\xampp\\htdocs\\tutorial2\\app\\api\\admin\\users\\[id]\\route.ts"
2026-01-16T09:20:48.138247Z  INFO scan_sources: tailwindcss_oxide::scanner: Discovering "C:\\xampp\\htdocs\\tutorial2\\app\\api\\auth"
2026-01-16T09:20:48.138397Z  INFO scan_sources: tailwindcss_oxide::scanner: Discovering "C:\\xampp\\htdocs\\tutorial2\\app\\api\\auth\\forgot-password"
2026-01-16T09:20:48.138512Z  INFO scan_sources: tailwindcss_oxide::scanner: Discovering "C:\\xampp\\htdocs\\tutorial2\\app\\api\\auth\\forgot-password\\route.ts"
2026-01-16T09:20:48.138615Z  INFO scan_sources: tailwindcss_oxide::scanner: Discovering "C:\\xampp\\htdocs\\tutorial2\\app\\api\\auth\\login"
2026-01-16T09:20:48.138725Z  INFO scan_sources: tailwindcss_oxide::scanner: Discovering "C:\\xampp\\htdocs\\tutorial2\\app\\api\\auth\\login\\route.ts"
2026-01-16T09:20:48.138834Z  INFO scan_sources: tailwindcss_oxide::scanner: Discovering "C:\\xampp\\htdocs\\tutorial2\\app\\api\\auth\\logout"
2026-01-16T09:20:48.138949Z  INFO scan_sources: tailwindcss_oxide::scanner: Discovering "C:\\xampp\\htdocs\\tutorial2\\app\\api\\auth\\logout\\route.ts"
2026-01-16T09:20:48.139049Z  INFO scan_sources: tailwindcss_oxide::scanner: Discovering "C:\\xampp\\htdocs\\tutorial2\\app\\api\\auth\\me"
2026-01-16T09:20:48.139164Z  INFO scan_sources: tailwindcss_oxide::scanner: Discovering "C:\\xampp\\htdocs\\tutorial2\\app\\api\\auth\\me\\route.ts"
2026-01-16T09:20:48.139270Z  INFO scan_sources: tailwindcss_oxide::scanner: Discovering "C:\\xampp\\htdocs\\tutorial2\\app\\api\\auth\\membership-status"
2026-01-16T09:20:48.139387Z  INFO scan_sources: tailwindcss_oxide::scanner: Discovering "C:\\xampp\\htdocs\\tutorial2\\app\\api\\auth\\membership-status\\route.ts"
2026-01-16T09:20:48.139490Z  INFO scan_sources: tailwindcss_oxide::scanner: Discovering "C:\\xampp\\htdocs\\tutorial2\\app\\api\\auth\\profile"
2026-01-16T09:20:48.139599Z  INFO scan_sources: tailwindcss_oxide::scanner: Discovering "C:\\xampp\\htdocs\\tutorial2\\app\\api\\auth\\profile\\route.ts"
2026-01-16T09:20:48.139652Z  INFO scan_sources: tailwindcss_oxide::scanner: Discovering "C:\\xampp\\htdocs\\tutorial2\\app\\api\\auth\\profile\\route.ts.new"
2026-01-16T09:20:48.139744Z  INFO scan_sources: tailwindcss_oxide::scanner: Discovering "C:\\xampp\\htdocs\\tutorial2\\app\\api\\auth\\refresh"
2026-01-16T09:20:48.139851Z  INFO scan_sources: tailwindcss_oxide::scanner: Discovering "C:\\xampp\\htdocs\\tutorial2\\app\\api\\auth\\refresh\\route.ts"
2026-01-16T09:20:48.139947Z  INFO scan_sources: tailwindcss_oxide::scanner: Discovering "C:\\xampp\\htdocs\\tutorial2\\app\\api\\auth\\register"
2026-01-16T09:20:48.140050Z  INFO scan_sources: tailwindcss_oxide::scanner: Discovering "C:\\xampp\\htdocs\\tutorial2\\app\\api\\auth\\register\\route.ts"
2026-01-16T09:20:48.140150Z  INFO scan_sources: tailwindcss_oxide::scanner: Discovering "C:\\xampp\\htdocs\\tutorial2\\app\\api\\auth\\[...nextauth]"
2026-01-16T09:20:48.140269Z  INFO scan_sources: tailwindcss_oxide::scanner: Discovering "C:\\xampp\\htdocs\\tutorial2\\app\\api\\auth\\[...nextauth]\\route.ts"
2026-01-16T09:20:48.140388Z  INFO scan_sources: tailwindcss_oxide::scanner: Discovering "C:\\xampp\\htdocs\\tutorial2\\app\\api\\contact-content"
2026-01-16T09:20:48.140493Z  INFO scan_sources: tailwindcss_oxide::scanner: Discovering "C:\\xampp\\htdocs\\tutorial2\\app\\api\\contact-content\\route.ts"
2026-01-16T09:20:48.140588Z  INFO scan_sources: tailwindcss_oxide::scanner: Discovering "C:\\xampp\\htdocs\\tutorial2\\app\\api\\debug"
2026-01-16T09:20:48.140728Z  INFO scan_sources: tailwindcss_oxide::scanner: Discovering "C:\\xampp\\htdocs\\tutorial2\\app\\api\\debug\\pricing"
2026-01-16T09:20:48.140832Z  INFO scan_sources: tailwindcss_oxide::scanner: Discovering "C:\\xampp\\htdocs\\tutorial2\\app\\api\\debug\\pricing\\route.ts"
2026-01-16T09:20:48.140940Z  INFO scan_sources: tailwindcss_oxide::scanner: Discovering "C:\\xampp\\htdocs\\tutorial2\\app\\api\\debug\\send-email"
2026-01-16T09:20:48.141054Z  INFO scan_sources: tailwindcss_oxide::scanner: Discovering "C:\\xampp\\htdocs\\tutorial2\\app\\api\\debug\\send-email\\route.ts"
2026-01-16T09:20:48.141157Z  INFO scan_sources: tailwindcss_oxide::scanner: Discovering "C:\\xampp\\htdocs\\tutorial2\\app\\api\\debug\\send-test-email"
2026-01-16T09:20:48.141268Z  INFO scan_sources: tailwindcss_oxide::scanner: Discovering "C:\\xampp\\htdocs\\tutorial2\\app\\api\\debug\\send-test-email\\route.ts"
2026-01-16T09:20:48.141393Z  INFO scan_sources: tailwindcss_oxide::scanner: Discovering "C:\\xampp\\htdocs\\tutorial2\\app\\api\\events"
2026-01-16T09:20:48.141503Z  INFO scan_sources: tailwindcss_oxide::scanner: Discovering "C:\\xampp\\htdocs\\tutorial2\\app\\api\\events\\route.ts"
2026-01-16T09:20:48.141588Z  INFO scan_sources: tailwindcss_oxide::scanner: Discovering "C:\\xampp\\htdocs\\tutorial2\\app\\api\\events\\[id]"
2026-01-16T09:20:48.141734Z  INFO scan_sources: tailwindcss_oxide::scanner: Discovering "C:\\xampp\\htdocs\\tutorial2\\app\\api\\events\\[id]\\register"
2026-01-16T09:20:48.141850Z  INFO scan_sources: tailwindcss_oxide::scanner: Discovering "C:\\xampp\\htdocs\\tutorial2\\app\\api\\events\\[id]\\register\\route.ts"
2026-01-16T09:20:48.141999Z  INFO scan_sources: tailwindcss_oxide::scanner: Discovering "C:\\xampp\\htdocs\\tutorial2\\app\\api\\fix-membership"
2026-01-16T09:20:48.142122Z  INFO scan_sources: tailwindcss_oxide::scanner: Discovering "C:\\xampp\\htdocs\\tutorial2\\app\\api\\fix-membership\\route.ts"
2026-01-16T09:20:48.142247Z  INFO scan_sources: tailwindcss_oxide::scanner: Discovering "C:\\xampp\\htdocs\\tutorial2\\app\\api\\home-content"
2026-01-16T09:20:48.142360Z  INFO scan_sources: tailwindcss_oxide::scanner: Discovering "C:\\xampp\\htdocs\\tutorial2\\app\\api\\home-content\\route.ts"
2026-01-16T09:20:48.142460Z  INFO scan_sources: tailwindcss_oxide::scanner: Discovering "C:\\xampp\\htdocs\\tutorial2\\app\\api\\membership"
2026-01-16T09:20:48.142605Z  INFO scan_sources: tailwindcss_oxide::scanner: Discovering "C:\\xampp\\htdocs\\tutorial2\\app\\api\\membership\\complete-payment"
2026-01-16T09:20:48.142717Z  INFO scan_sources: tailwindcss_oxide::scanner: Discovering "C:\\xampp\\htdocs\\tutorial2\\app\\api\\membership\\complete-payment\\route.ts"
2026-01-16T09:20:48.142813Z  INFO scan_sources: tailwindcss_oxide::scanner: Discovering "C:\\xampp\\htdocs\\tutorial2\\app\\api\\membership\\next-number"
2026-01-16T09:20:48.142921Z  INFO scan_sources: tailwindcss_oxide::scanner: Discovering "C:\\xampp\\htdocs\\tutorial2\\app\\api\\membership\\next-number\\route.ts"
2026-01-16T09:20:48.143017Z  INFO scan_sources: tailwindcss_oxide::scanner: Discovering "C:\\xampp\\htdocs\\tutorial2\\app\\api\\membership\\pay"
2026-01-16T09:20:48.143119Z  INFO scan_sources: tailwindcss_oxide::scanner: Discovering "C:\\xampp\\htdocs\\tutorial2\\app\\api\\membership\\pay\\route.ts"
2026-01-16T09:20:48.143215Z  INFO scan_sources: tailwindcss_oxide::scanner: Discovering "C:\\xampp\\htdocs\\tutorial2\\app\\api\\membership\\pay-early"
2026-01-16T09:20:48.143323Z  INFO scan_sources: tailwindcss_oxide::scanner: Discovering "C:\\xampp\\htdocs\\tutorial2\\app\\api\\membership\\pay-early\\route.ts"
2026-01-16T09:20:48.143421Z  INFO scan_sources: tailwindcss_oxide::scanner: Discovering "C:\\xampp\\htdocs\\tutorial2\\app\\api\\membership\\payment-status"
2026-01-16T09:20:48.143529Z  INFO scan_sources: tailwindcss_oxide::scanner: Discovering "C:\\xampp\\htdocs\\tutorial2\\app\\api\\membership\\payment-status\\route.ts"
2026-01-16T09:20:48.143627Z  INFO scan_sources: tailwindcss_oxide::scanner: Discovering "C:\\xampp\\htdocs\\tutorial2\\app\\api\\membership\\payment-success"
2026-01-16T09:20:48.143732Z  INFO scan_sources: tailwindcss_oxide::scanner: Discovering "C:\\xampp\\htdocs\\tutorial2\\app\\api\\membership\\payment-success\\route-final.ts"
2026-01-16T09:20:48.143845Z  INFO scan_sources: tailwindcss_oxide::scanner: Discovering "C:\\xampp\\htdocs\\tutorial2\\app\\api\\membership\\payment-success\\route-new.ts"
2026-01-16T09:20:48.143900Z  INFO scan_sources: tailwindcss_oxide::scanner: Discovering "C:\\xampp\\htdocs\\tutorial2\\app\\api\\membership\\payment-success\\route.ts"
2026-01-16T09:20:48.143999Z  INFO scan_sources: tailwindcss_oxide::scanner: Discovering "C:\\xampp\\htdocs\\tutorial2\\app\\api\\membership\\status"
2026-01-16T09:20:48.144130Z  INFO scan_sources: tailwindcss_oxide::scanner: Discovering "C:\\xampp\\htdocs\\tutorial2\\app\\api\\membership\\status\\route-debug.ts"
2026-01-16T09:20:48.144182Z  INFO scan_sources: tailwindcss_oxide::scanner: Discovering "C:\\xampp\\htdocs\\tutorial2\\app\\api\\membership\\status\\route-minimal.ts"
2026-01-16T09:20:48.144316Z  INFO scan_sources: tailwindcss_oxide::scanner: Discovering "C:\\xampp\\htdocs\\tutorial2\\app\\api\\membership\\status\\route.ts"
2026-01-16T09:20:48.144492Z  INFO scan_sources: tailwindcss_oxide::scanner: Discovering "C:\\xampp\\htdocs\\tutorial2\\app\\api\\messages"
2026-01-16T09:20:48.144606Z  INFO scan_sources: tailwindcss_oxide::scanner: Discovering "C:\\xampp\\htdocs\\tutorial2\\app\\api\\messages\\reply"
2026-01-16T09:20:48.144683Z  INFO scan_sources: tailwindcss_oxide::scanner: Discovering "C:\\xampp\\htdocs\\tutorial2\\app\\api\\messages\\reply\\route.ts"
2026-01-16T09:20:48.144729Z  INFO scan_sources: tailwindcss_oxide::scanner: Discovering "C:\\xampp\\htdocs\\tutorial2\\app\\api\\messages\\route.ts"
2026-01-16T09:20:48.144783Z  INFO scan_sources: tailwindcss_oxide::scanner: Discovering "C:\\xampp\\htdocs\\tutorial2\\app\\api\\messages\\[id]"
2026-01-16T09:20:48.144873Z  INFO scan_sources: tailwindcss_oxide::scanner: Discovering "C:\\xampp\\htdocs\\tutorial2\\app\\api\\messages\\[id]\\read"
2026-01-16T09:20:48.144944Z  INFO scan_sources: tailwindcss_oxide::scanner: Discovering "C:\\xampp\\htdocs\\tutorial2\\app\\api\\messages\\[id]\\read\\route.ts"
2026-01-16T09:20:48.144989Z  INFO scan_sources: tailwindcss_oxide::scanner: Discovering "C:\\xampp\\htdocs\\tutorial2\\app\\api\\messages\\[id]\\route.ts"
2026-01-16T09:20:48.145064Z  INFO scan_sources: tailwindcss_oxide::scanner: Discovering "C:\\xampp\\htdocs\\tutorial2\\app\\api\\news"
2026-01-16T09:20:48.145131Z  INFO scan_sources: tailwindcss_oxide::scanner: Discovering "C:\\xampp\\htdocs\\tutorial2\\app\\api\\news\\route.ts"
2026-01-16T09:20:48.145194Z  INFO scan_sources: tailwindcss_oxide::scanner: Discovering "C:\\xampp\\htdocs\\tutorial2\\app\\api\\payment"
2026-01-16T09:20:48.145282Z  INFO scan_sources: tailwindcss_oxide::scanner: Discovering "C:\\xampp\\htdocs\\tutorial2\\app\\api\\payment\\pesapal"
2026-01-16T09:20:48.145350Z  INFO scan_sources: tailwindcss_oxide::scanner: Discovering "C:\\xampp\\htdocs\\tutorial2\\app\\api\\payment\\pesapal\\route.ts"
2026-01-16T09:20:48.145425Z  INFO scan_sources: tailwindcss_oxide::scanner: Discovering "C:\\xampp\\htdocs\\tutorial2\\app\\api\\payments"
2026-01-16T09:20:48.145524Z  INFO scan_sources: tailwindcss_oxide::scanner: Discovering "C:\\xampp\\htdocs\\tutorial2\\app\\api\\payments\\activate-test"
2026-01-16T09:20:48.145594Z  INFO scan_sources: tailwindcss_oxide::scanner: Discovering "C:\\xampp\\htdocs\\tutorial2\\app\\api\\payments\\activate-test\\route.ts"
2026-01-16T09:20:48.145659Z  INFO scan_sources: tailwindcss_oxide::scanner: Discovering "C:\\xampp\\htdocs\\tutorial2\\app\\api\\payments\\azampay"
2026-01-16T09:20:48.145802Z  INFO scan_sources: tailwindcss_oxide::scanner: Discovering "C:\\xampp\\htdocs\\tutorial2\\app\\api\\payments\\azampay\\callback"
2026-01-16T09:20:48.145897Z  INFO scan_sources: tailwindcss_oxide::scanner: Discovering "C:\\xampp\\htdocs\\tutorial2\\app\\api\\payments\\azampay\\callback\\route.ts"
2026-01-16T09:20:48.145962Z  INFO scan_sources: tailwindcss_oxide::scanner: Discovering "C:\\xampp\\htdocs\\tutorial2\\app\\api\\payments\\azampay\\checkout"
2026-01-16T09:20:48.146030Z  INFO scan_sources: tailwindcss_oxide::scanner: Discovering "C:\\xampp\\htdocs\\tutorial2\\app\\api\\payments\\azampay\\checkout\\route.ts"
2026-01-16T09:20:48.146113Z  INFO scan_sources: tailwindcss_oxide::scanner: Discovering "C:\\xampp\\htdocs\\tutorial2\\app\\api\\payments\\cleanup"
2026-01-16T09:20:48.146188Z  INFO scan_sources: tailwindcss_oxide::scanner: Discovering "C:\\xampp\\htdocs\\tutorial2\\app\\api\\payments\\cleanup\\route.ts"
2026-01-16T09:20:48.146268Z  INFO scan_sources: tailwindcss_oxide::scanner: Discovering "C:\\xampp\\htdocs\\tutorial2\\app\\api\\payments\\complete"
2026-01-16T09:20:48.146340Z  INFO scan_sources: tailwindcss_oxide::scanner: Discovering "C:\\xampp\\htdocs\\tutorial2\\app\\api\\payments\\complete\\route.ts"
2026-01-16T09:20:48.146406Z  INFO scan_sources: tailwindcss_oxide::scanner: Discovering "C:\\xampp\\htdocs\\tutorial2\\app\\api\\payments\\mobile-money"
2026-01-16T09:20:48.146485Z  INFO scan_sources: tailwindcss_oxide::scanner: Discovering "C:\\xampp\\htdocs\\tutorial2\\app\\api\\payments\\mobile-money\\route.ts"
2026-01-16T09:20:48.146554Z  INFO scan_sources: tailwindcss_oxide::scanner: Discovering "C:\\xampp\\htdocs\\tutorial2\\app\\api\\payments\\payment-status"
2026-01-16T09:20:48.146624Z  INFO scan_sources: tailwindcss_oxide::scanner: Discovering "C:\\xampp\\htdocs\\tutorial2\\app\\api\\payments\\payment-status\\route.ts"
2026-01-16T09:20:48.146689Z  INFO scan_sources: tailwindcss_oxide::scanner: Discovering "C:\\xampp\\htdocs\\tutorial2\\app\\api\\payments\\process"
2026-01-16T09:20:48.146759Z  INFO scan_sources: tailwindcss_oxide::scanner: Discovering "C:\\xampp\\htdocs\\tutorial2\\app\\api\\payments\\process\\route.ts"
2026-01-16T09:20:48.146852Z  INFO scan_sources: tailwindcss_oxide::scanner: Discovering "C:\\xampp\\htdocs\\tutorial2\\app\\api\\reports"
2026-01-16T09:20:48.146952Z  INFO scan_sources: tailwindcss_oxide::scanner: Discovering "C:\\xampp\\htdocs\\tutorial2\\app\\api\\reports\\generate"
2026-01-16T09:20:48.147036Z  INFO scan_sources: tailwindcss_oxide::scanner: Discovering "C:\\xampp\\htdocs\\tutorial2\\app\\api\\reports\\generate\\route.ts"
2026-01-16T09:20:48.147111Z  INFO scan_sources: tailwindcss_oxide::scanner: Discovering "C:\\xampp\\htdocs\\tutorial2\\app\\api\\reports\\send-email"
2026-01-16T09:20:48.147188Z  INFO scan_sources: tailwindcss_oxide::scanner: Discovering "C:\\xampp\\htdocs\\tutorial2\\app\\api\\reports\\send-email\\route.ts"
2026-01-16T09:20:48.147463Z  INFO scan_sources: tailwindcss_oxide::scanner: Discovering "C:\\xampp\\htdocs\\tutorial2\\app\\api\\send-approval-email"
2026-01-16T09:20:48.147711Z  INFO scan_sources: tailwindcss_oxide::scanner: Discovering "C:\\xampp\\htdocs\\tutorial2\\app\\api\\send-approval-email\\route.ts"
2026-01-16T09:20:48.147824Z  INFO scan_sources: tailwindcss_oxide::scanner: Discovering "C:\\xampp\\htdocs\\tutorial2\\app\\api\\settings"
2026-01-16T09:20:48.147912Z  INFO scan_sources: tailwindcss_oxide::scanner: Discovering "C:\\xampp\\htdocs\\tutorial2\\app\\api\\settings\\route.ts"
2026-01-16T09:20:48.147983Z  INFO scan_sources: tailwindcss_oxide::scanner: Discovering "C:\\xampp\\htdocs\\tutorial2\\app\\api\\setup"
2026-01-16T09:20:48.148077Z  INFO scan_sources: tailwindcss_oxide::scanner: Discovering "C:\\xampp\\htdocs\\tutorial2\\app\\api\\setup\\ensure-admin"
2026-01-16T09:20:48.148153Z  INFO scan_sources: tailwindcss_oxide::scanner: Discovering "C:\\xampp\\htdocs\\tutorial2\\app\\api\\setup\\ensure-admin\\route.ts"
2026-01-16T09:20:48.148231Z  INFO scan_sources: tailwindcss_oxide::scanner: Discovering "C:\\xampp\\htdocs\\tutorial2\\app\\api\\test-events"
2026-01-16T09:20:48.148316Z  INFO scan_sources: tailwindcss_oxide::scanner: Discovering "C:\\xampp\\htdocs\\tutorial2\\app\\api\\test-events\\route.ts"
2026-01-16T09:20:48.148384Z  INFO scan_sources: tailwindcss_oxide::scanner: Discovering "C:\\xampp\\htdocs\\tutorial2\\app\\api\\user"
2026-01-16T09:20:48.148477Z  INFO scan_sources: tailwindcss_oxide::scanner: Discovering "C:\\xampp\\htdocs\\tutorial2\\app\\api\\user\\profile"
2026-01-16T09:20:48.148573Z  INFO scan_sources: tailwindcss_oxide::scanner: Discovering "C:\\xampp\\htdocs\\tutorial2\\app\\api\\user\\profile\\route.ts"
2026-01-16T09:20:48.148686Z  INFO scan_sources: tailwindcss_oxide::scanner: Discovering "C:\\xampp\\htdocs\\tutorial2\\app\\auth"
2026-01-16T09:20:48.148789Z  INFO scan_sources: tailwindcss_oxide::scanner: Discovering "C:\\xampp\\htdocs\\tutorial2\\app\\auth\\forgot-password"
2026-01-16T09:20:48.148874Z  INFO scan_sources: tailwindcss_oxide::scanner: Discovering "C:\\xampp\\htdocs\\tutorial2\\app\\auth\\forgot-password\\page.tsx"
2026-01-16T09:20:48.148924Z  INFO scan_sources: tailwindcss_oxide::scanner: Discovering "C:\\xampp\\htdocs\\tutorial2\\app\\auth\\layout.tsx"
2026-01-16T09:20:48.149531Z  INFO scan_sources: tailwindcss_oxide::scanner: Discovering "C:\\xampp\\htdocs\\tutorial2\\app\\auth\\login"
2026-01-16T09:20:48.149856Z  INFO scan_sources: tailwindcss_oxide::scanner: Discovering "C:\\xampp\\htdocs\\tutorial2\\app\\auth\\login\\page.tsx"
2026-01-16T09:20:48.150002Z  INFO scan_sources: tailwindcss_oxide::scanner: Discovering "C:\\xampp\\htdocs\\tutorial2\\app\\auth\\pending-approval"
2026-01-16T09:20:48.151678Z  INFO scan_sources: tailwindcss_oxide::scanner: Discovering "C:\\xampp\\htdocs\\tutorial2\\app\\auth\\pending-approval\\page.tsx"
2026-01-16T09:20:48.152114Z  INFO scan_sources: tailwindcss_oxide::scanner: Discovering "C:\\xampp\\htdocs\\tutorial2\\app\\auth\\register"
2026-01-16T09:20:48.152393Z  INFO scan_sources: tailwindcss_oxide::scanner: Discovering "C:\\xampp\\htdocs\\tutorial2\\app\\auth\\register\\page.tsx"
2026-01-16T09:20:48.152670Z  INFO scan_sources: tailwindcss_oxide::scanner: Discovering "C:\\xampp\\htdocs\\tutorial2\\app\\components"
2026-01-16T09:20:48.152886Z  INFO scan_sources: tailwindcss_oxide::scanner: Discovering "C:\\xampp\\htdocs\\tutorial2\\app\\components\\ConditionalLayout.tsx"
2026-01-16T09:20:48.153005Z  INFO scan_sources: tailwindcss_oxide::scanner: Discovering "C:\\xampp\\htdocs\\tutorial2\\app\\components\\SharedLayout.tsx"
2026-01-16T09:20:48.153207Z  INFO scan_sources: tailwindcss_oxide::scanner: Discovering "C:\\xampp\\htdocs\\tutorial2\\app\\contact"
2026-01-16T09:20:48.153400Z  INFO scan_sources: tailwindcss_oxide::scanner: Discovering "C:\\xampp\\htdocs\\tutorial2\\app\\contact\\page.tsx"
2026-01-16T09:20:48.153573Z  INFO scan_sources: tailwindcss_oxide::scanner: Discovering "C:\\xampp\\htdocs\\tutorial2\\app\\dashboard"
2026-01-16T09:20:48.153832Z  INFO scan_sources: tailwindcss_oxide::scanner: Discovering "C:\\xampp\\htdocs\\tutorial2\\app\\dashboard\\complete-profile"
2026-01-16T09:20:48.154047Z  INFO scan_sources: tailwindcss_oxide::scanner: Discovering "C:\\xampp\\htdocs\\tutorial2\\app\\dashboard\\complete-profile\\page.tsx"
2026-01-16T09:20:48.154230Z  INFO scan_sources: tailwindcss_oxide::scanner: Discovering "C:\\xampp\\htdocs\\tutorial2\\app\\dashboard\\events"
2026-01-16T09:20:48.154419Z  INFO scan_sources: tailwindcss_oxide::scanner: Discovering "C:\\xampp\\htdocs\\tutorial2\\app\\dashboard\\events\\page.tsx"
2026-01-16T09:20:48.154568Z  INFO scan_sources: tailwindcss_oxide::scanner: Discovering "C:\\xampp\\htdocs\\tutorial2\\app\\dashboard\\layout.tsx"
2026-01-16T09:20:48.154822Z  INFO scan_sources: tailwindcss_oxide::scanner: Discovering "C:\\xampp\\htdocs\\tutorial2\\app\\dashboard\\membership-card"
2026-01-16T09:20:48.155108Z  INFO scan_sources: tailwindcss_oxide::scanner: Discovering "C:\\xampp\\htdocs\\tutorial2\\app\\dashboard\\membership-card\\page.tsx"
2026-01-16T09:20:48.155189Z  INFO scan_sources: tailwindcss_oxide::scanner: Discovering "C:\\xampp\\htdocs\\tutorial2\\app\\dashboard\\membership-card\\print-styles.css"
2026-01-16T09:20:48.155321Z  INFO scan_sources: tailwindcss_oxide::scanner: Discovering "C:\\xampp\\htdocs\\tutorial2\\app\\dashboard\\messages"
2026-01-16T09:20:48.155454Z  INFO scan_sources: tailwindcss_oxide::scanner: Discovering "C:\\xampp\\htdocs\\tutorial2\\app\\dashboard\\messages\\page.tsx"
2026-01-16T09:20:48.155575Z  INFO scan_sources: tailwindcss_oxide::scanner: Discovering "C:\\xampp\\htdocs\\tutorial2\\app\\dashboard\\news"
2026-01-16T09:20:48.155715Z  INFO scan_sources: tailwindcss_oxide::scanner: Discovering "C:\\xampp\\htdocs\\tutorial2\\app\\dashboard\\news\\page.tsx"
2026-01-16T09:20:48.155826Z  INFO scan_sources: tailwindcss_oxide::scanner: Discovering "C:\\xampp\\htdocs\\tutorial2\\app\\dashboard\\page.tsx"
2026-01-16T09:20:48.155945Z  INFO scan_sources: tailwindcss_oxide::scanner: Discovering "C:\\xampp\\htdocs\\tutorial2\\app\\dashboard\\payment"
2026-01-16T09:20:48.156114Z  INFO scan_sources: tailwindcss_oxide::scanner: Discovering "C:\\xampp\\htdocs\\tutorial2\\app\\dashboard\\payment\\callback"
2026-01-16T09:20:48.156249Z  INFO scan_sources: tailwindcss_oxide::scanner: Discovering "C:\\xampp\\htdocs\\tutorial2\\app\\dashboard\\payment\\callback\\page.tsx"
2026-01-16T09:20:48.156350Z  INFO scan_sources: tailwindcss_oxide::scanner: Discovering "C:\\xampp\\htdocs\\tutorial2\\app\\dashboard\\payment\\page.tsx"
2026-01-16T09:20:48.156455Z  INFO scan_sources: tailwindcss_oxide::scanner: Discovering "C:\\xampp\\htdocs\\tutorial2\\app\\dashboard\\payment\\success"
2026-01-16T09:20:48.156579Z  INFO scan_sources: tailwindcss_oxide::scanner: Discovering "C:\\xampp\\htdocs\\tutorial2\\app\\dashboard\\payment\\success\\page.tsx"
2026-01-16T09:20:48.156731Z  INFO scan_sources: tailwindcss_oxide::scanner: Discovering "C:\\xampp\\htdocs\\tutorial2\\app\\dashboard\\profile"
2026-01-16T09:20:48.156869Z  INFO scan_sources: tailwindcss_oxide::scanner: Discovering "C:\\xampp\\htdocs\\tutorial2\\app\\dashboard\\profile\\page.tsx"
2026-01-16T09:20:48.156982Z  INFO scan_sources: tailwindcss_oxide::scanner: Discovering "C:\\xampp\\htdocs\\tutorial2\\app\\dashboard\\subscribe"
2026-01-16T09:20:48.157099Z  INFO scan_sources: tailwindcss_oxide::scanner: Discovering "C:\\xampp\\htdocs\\tutorial2\\app\\dashboard\\subscribe\\page.tsx"
2026-01-16T09:20:48.157276Z  INFO scan_sources: tailwindcss_oxide::scanner: Discovering "C:\\xampp\\htdocs\\tutorial2\\app\\fix-auth"
2026-01-16T09:20:48.157435Z  INFO scan_sources: tailwindcss_oxide::scanner: Discovering "C:\\xampp\\htdocs\\tutorial2\\app\\fix-auth\\page.tsx"
2026-01-16T09:20:48.157520Z  INFO scan_sources: tailwindcss_oxide::scanner: Discovering "C:\\xampp\\htdocs\\tutorial2\\app\\globals.css"
2026-01-16T09:20:48.157578Z  INFO scan_sources: tailwindcss_oxide::scanner: Discovering "C:\\xampp\\htdocs\\tutorial2\\app\\layout.tsx"
2026-01-16T09:20:48.157634Z  INFO scan_sources: tailwindcss_oxide::scanner: Discovering "C:\\xampp\\htdocs\\tutorial2\\app\\not-found.tsx"
2026-01-16T09:20:48.157689Z  INFO scan_sources: tailwindcss_oxide::scanner: Discovering "C:\\xampp\\htdocs\\tutorial2\\app\\page.tsx"
2026-01-16T09:20:48.157746Z  INFO scan_sources: tailwindcss_oxide::scanner: Discovering "C:\\xampp\\htdocs\\tutorial2\\app\\print.css"
2026-01-16T09:20:48.157843Z  INFO scan_sources: tailwindcss_oxide::scanner: Discovering "C:\\xampp\\htdocs\\tutorial2\\app\\schemas"
2026-01-16T09:20:48.157958Z  INFO scan_sources: tailwindcss_oxide::scanner: Discovering "C:\\xampp\\htdocs\\tutorial2\\app\\schemas\\auth.ts"
2026-01-16T09:20:48.158060Z  INFO scan_sources: tailwindcss_oxide::scanner: Discovering "C:\\xampp\\htdocs\\tutorial2\\app\\scripts"
2026-01-16T09:20:48.158167Z  INFO scan_sources: tailwindcss_oxide::scanner: Discovering "C:\\xampp\\htdocs\\tutorial2\\app\\scripts\\seed.ts"
2026-01-16T09:20:48.158276Z  INFO scan_sources: tailwindcss_oxide::scanner: Discovering "C:\\xampp\\htdocs\\tutorial2\\app\\unauthorized"
2026-01-16T09:20:48.158387Z  INFO scan_sources: tailwindcss_oxide::scanner: Discovering "C:\\xampp\\htdocs\\tutorial2\\app\\unauthorized\\page.tsx"
2026-01-16T09:20:48.158492Z  INFO scan_sources: tailwindcss_oxide::scanner: Discovering "C:\\xampp\\htdocs\\tutorial2\\check_database.php"
2026-01-16T09:20:48.158545Z  INFO scan_sources: tailwindcss_oxide::scanner: Discovering "C:\\xampp\\htdocs\\tutorial2\\check_membership.php"
2026-01-16T09:20:48.158598Z  INFO scan_sources: tailwindcss_oxide::scanner: Discovering "C:\\xampp\\htdocs\\tutorial2\\check_memberships_columns.php"
2026-01-16T09:20:48.158651Z  INFO scan_sources: tailwindcss_oxide::scanner: Discovering "C:\\xampp\\htdocs\\tutorial2\\check_membership_numbers.php"
2026-01-16T09:20:48.158726Z  INFO scan_sources: tailwindcss_oxide::scanner: Discovering "C:\\xampp\\htdocs\\tutorial2\\check_payments_structure.php"
2026-01-16T09:20:48.158782Z  INFO scan_sources: tailwindcss_oxide::scanner: Discovering "C:\\xampp\\htdocs\\tutorial2\\check_payment_methods.php"
2026-01-16T09:20:48.158834Z  INFO scan_sources: tailwindcss_oxide::scanner: Discovering "C:\\xampp\\htdocs\\tutorial2\\check_payment_tables.php"
2026-01-16T09:20:48.158887Z  INFO scan_sources: tailwindcss_oxide::scanner: Discovering "C:\\xampp\\htdocs\\tutorial2\\check_recent_payments.php"
2026-01-16T09:20:48.158941Z  INFO scan_sources: tailwindcss_oxide::scanner: Discovering "C:\\xampp\\htdocs\\tutorial2\\check_schema.php"
2026-01-16T09:20:48.158992Z  INFO scan_sources: tailwindcss_oxide::scanner: Discovering "C:\\xampp\\htdocs\\tutorial2\\check_table_structure.php"
2026-01-16T09:20:48.159048Z  INFO scan_sources: tailwindcss_oxide::scanner: Discovering "C:\\xampp\\htdocs\\tutorial2\\check_user_profile.php"
2026-01-16T09:20:48.159098Z  INFO scan_sources: tailwindcss_oxide::scanner: Discovering "C:\\xampp\\htdocs\\tutorial2\\check_user_profiles_structure.php"
2026-01-16T09:20:48.159161Z  INFO scan_sources: tailwindcss_oxide::scanner: Discovering "C:\\xampp\\htdocs\\tutorial2\\COMPLETE_CHECKLIST.md"
2026-01-16T09:20:48.159213Z  INFO scan_sources: tailwindcss_oxide::scanner: Discovering "C:\\xampp\\htdocs\\tutorial2\\complete_latest_payment.php"
2026-01-16T09:20:48.159265Z  INFO scan_sources: tailwindcss_oxide::scanner: Discovering "C:\\xampp\\htdocs\\tutorial2\\complete_pending_payments.php"
2026-01-16T09:20:48.159374Z  INFO scan_sources: tailwindcss_oxide::scanner: Discovering "C:\\xampp\\htdocs\\tutorial2\\components"
2026-01-16T09:20:48.159537Z  INFO scan_sources: tailwindcss_oxide::scanner: Discovering "C:\\xampp\\htdocs\\tutorial2\\components\\admin"
2026-01-16T09:20:48.159650Z  INFO scan_sources: tailwindcss_oxide::scanner: Discovering "C:\\xampp\\htdocs\\tutorial2\\components\\admin\\ReportModal.tsx"
2026-01-16T09:20:48.159706Z  INFO scan_sources: tailwindcss_oxide::scanner: Discovering "C:\\xampp\\htdocs\\tutorial2\\components\\admin\\UserRegistrationForm.tsx"
2026-01-16T09:20:48.159778Z  INFO scan_sources: tailwindcss_oxide::scanner: Discovering "C:\\xampp\\htdocs\\tutorial2\\components\\AzamPayCheckout.tsx"
2026-01-16T09:20:48.159832Z  INFO scan_sources: tailwindcss_oxide::scanner: Discovering "C:\\xampp\\htdocs\\tutorial2\\components\\ConditionalLayout.tsx"
2026-01-16T09:20:48.159920Z  INFO scan_sources: tailwindcss_oxide::scanner: Discovering "C:\\xampp\\htdocs\\tutorial2\\components\\dashboard"
2026-01-16T09:20:48.160035Z  INFO scan_sources: tailwindcss_oxide::scanner: Discovering "C:\\xampp\\htdocs\\tutorial2\\components\\dashboard\\DashboardSidebar.tsx"
2026-01-16T09:20:48.160090Z  INFO scan_sources: tailwindcss_oxide::scanner: Discovering "C:\\xampp\\htdocs\\tutorial2\\components\\dashboard\\PaymentStatusSidebar.tsx"
2026-01-16T09:20:48.160159Z  INFO scan_sources: tailwindcss_oxide::scanner: Discovering "C:\\xampp\\htdocs\\tutorial2\\components\\PaymentForm.tsx"
2026-01-16T09:20:48.160209Z  INFO scan_sources: tailwindcss_oxide::scanner: Discovering "C:\\xampp\\htdocs\\tutorial2\\components\\PaymentLogos.tsx"
2026-01-16T09:20:48.160260Z  INFO scan_sources: tailwindcss_oxide::scanner: Discovering "C:\\xampp\\htdocs\\tutorial2\\components\\PaymentMethodSelector.tsx"
2026-01-16T09:20:48.160314Z  INFO scan_sources: tailwindcss_oxide::scanner: Discovering "C:\\xampp\\htdocs\\tutorial2\\components\\PhoneNumberInput.tsx"
2026-01-16T09:20:48.160364Z  INFO scan_sources: tailwindcss_oxide::scanner: Discovering "C:\\xampp\\htdocs\\tutorial2\\components\\SimplePhoneInput.tsx"
2026-01-16T09:20:48.160467Z  INFO scan_sources: tailwindcss_oxide::scanner: Discovering "C:\\xampp\\htdocs\\tutorial2\\components\\ui"
2026-01-16T09:20:48.160604Z  INFO scan_sources: tailwindcss_oxide::scanner: Discovering "C:\\xampp\\htdocs\\tutorial2\\components\\ui\\button.tsx"
2026-01-16T09:20:48.160661Z  INFO scan_sources: tailwindcss_oxide::scanner: Discovering "C:\\xampp\\htdocs\\tutorial2\\components\\ui\\card.tsx"
2026-01-16T09:20:48.160745Z  INFO scan_sources: tailwindcss_oxide::scanner: Discovering "C:\\xampp\\htdocs\\tutorial2\\components\\ui\\dropdown-menu.tsx"
2026-01-16T09:20:48.160803Z  INFO scan_sources: tailwindcss_oxide::scanner: Discovering "C:\\xampp\\htdocs\\tutorial2\\components\\ui\\field.tsx"
2026-01-16T09:20:48.160857Z  INFO scan_sources: tailwindcss_oxide::scanner: Discovering "C:\\xampp\\htdocs\\tutorial2\\components\\ui\\input.tsx"
2026-01-16T09:20:48.160908Z  INFO scan_sources: tailwindcss_oxide::scanner: Discovering "C:\\xampp\\htdocs\\tutorial2\\components\\ui\\label.tsx"
2026-01-16T09:20:48.160957Z  INFO scan_sources: tailwindcss_oxide::scanner: Discovering "C:\\xampp\\htdocs\\tutorial2\\components\\ui\\modal.tsx"
2026-01-16T09:20:48.161011Z  INFO scan_sources: tailwindcss_oxide::scanner: Discovering "C:\\xampp\\htdocs\\tutorial2\\components\\ui\\select.tsx"
2026-01-16T09:20:48.161062Z  INFO scan_sources: tailwindcss_oxide::scanner: Discovering "C:\\xampp\\htdocs\\tutorial2\\components\\ui\\separator.tsx"
2026-01-16T09:20:48.161115Z  INFO scan_sources: tailwindcss_oxide::scanner: Discovering "C:\\xampp\\htdocs\\tutorial2\\components\\ui\\table.tsx"
2026-01-16T09:20:48.161167Z  INFO scan_sources: tailwindcss_oxide::scanner: Discovering "C:\\xampp\\htdocs\\tutorial2\\components\\ui\\theme-provider.tsx"
2026-01-16T09:20:48.161292Z  INFO scan_sources: tailwindcss_oxide::scanner: Discovering "C:\\xampp\\htdocs\\tutorial2\\components\\web"
2026-01-16T09:20:48.161414Z  INFO scan_sources: tailwindcss_oxide::scanner: Discovering "C:\\xampp\\htdocs\\tutorial2\\components\\web\\footer.tsx"
2026-01-16T09:20:48.161468Z  INFO scan_sources: tailwindcss_oxide::scanner: Discovering "C:\\xampp\\htdocs\\tutorial2\\components\\web\\navbar.tsx"
2026-01-16T09:20:48.161519Z  INFO scan_sources: tailwindcss_oxide::scanner: Discovering "C:\\xampp\\htdocs\\tutorial2\\components\\web\\theme-toggle.tsx"
2026-01-16T09:20:48.161624Z  INFO scan_sources: tailwindcss_oxide::scanner: Discovering "C:\\xampp\\htdocs\\tutorial2\\components.json"
2026-01-16T09:20:48.161678Z  INFO scan_sources: tailwindcss_oxide::scanner: Discovering "C:\\xampp\\htdocs\\tutorial2\\config.php"
2026-01-16T09:20:48.161776Z  INFO scan_sources: tailwindcss_oxide::scanner: Discovering "C:\\xampp\\htdocs\\tutorial2\\contexts"
2026-01-16T09:20:48.161917Z  INFO scan_sources: tailwindcss_oxide::scanner: Discovering "C:\\xampp\\htdocs\\tutorial2\\contexts\\AuthContext.tsx"
2026-01-16T09:20:48.162032Z  INFO scan_sources: tailwindcss_oxide::scanner: Discovering "C:\\xampp\\htdocs\\tutorial2\\convex"
2026-01-16T09:20:48.162184Z  INFO scan_sources: tailwindcss_oxide::scanner: Discovering "C:\\xampp\\htdocs\\tutorial2\\convex\\_generated"
2026-01-16T09:20:48.162310Z  INFO scan_sources: tailwindcss_oxide::scanner: Discovering "C:\\xampp\\htdocs\\tutorial2\\convex\\_generated\\api.d.ts"
2026-01-16T09:20:48.162365Z  INFO scan_sources: tailwindcss_oxide::scanner: Discovering "C:\\xampp\\htdocs\\tutorial2\\convex\\_generated\\api.js"
2026-01-16T09:20:48.162421Z  INFO scan_sources: tailwindcss_oxide::scanner: Discovering "C:\\xampp\\htdocs\\tutorial2\\convex\\_generated\\dataModel.d.ts"
2026-01-16T09:20:48.162472Z  INFO scan_sources: tailwindcss_oxide::scanner: Discovering "C:\\xampp\\htdocs\\tutorial2\\convex\\_generated\\server.d.ts"
2026-01-16T09:20:48.162528Z  INFO scan_sources: tailwindcss_oxide::scanner: Discovering "C:\\xampp\\htdocs\\tutorial2\\convex\\_generated\\server.js"
2026-01-16T09:20:48.162626Z  INFO scan_sources: tailwindcss_oxide::scanner: Discovering "C:\\xampp\\htdocs\\tutorial2\\cookies.txt"
2026-01-16T09:20:48.162736Z  INFO scan_sources: tailwindcss_oxide::scanner: Discovering "C:\\xampp\\htdocs\\tutorial2\\create_payments_table.php"
2026-01-16T09:20:48.162791Z  INFO scan_sources: tailwindcss_oxide::scanner: Discovering "C:\\xampp\\htdocs\\tutorial2\\create_profile_for_user25.php"
2026-01-16T09:20:48.162840Z  INFO scan_sources: tailwindcss_oxide::scanner: Discovering "C:\\xampp\\htdocs\\tutorial2\\create_profile_user25.php"
2026-01-16T09:20:48.163182Z  INFO scan_sources: tailwindcss_oxide::scanner: Discovering "C:\\xampp\\htdocs\\tutorial2\\database"
2026-01-16T09:20:48.163596Z  INFO scan_sources: tailwindcss_oxide::scanner: Discovering "C:\\xampp\\htdocs\\tutorial2\\database\\add_phone_number_to_payments.sql"
2026-01-16T09:20:48.163700Z  INFO scan_sources: tailwindcss_oxide::scanner: Discovering "C:\\xampp\\htdocs\\tutorial2\\database\\create_content_management_tables.sql"
2026-01-16T09:20:48.163771Z  INFO scan_sources: tailwindcss_oxide::scanner: Discovering "C:\\xampp\\htdocs\\tutorial2\\database\\create_content_tables.sql"
2026-01-16T09:20:48.163825Z  INFO scan_sources: tailwindcss_oxide::scanner: Discovering "C:\\xampp\\htdocs\\tutorial2\\database\\create_events_first.sql"
2026-01-16T09:20:48.163885Z  INFO scan_sources: tailwindcss_oxide::scanner: Discovering "C:\\xampp\\htdocs\\tutorial2\\database\\create_events_tables.sql"
2026-01-16T09:20:48.164011Z  INFO scan_sources: tailwindcss_oxide::scanner: Discovering "C:\\xampp\\htdocs\\tutorial2\\database\\create_membership_payments_table.sql"
2026-01-16T09:20:48.164148Z  INFO scan_sources: tailwindcss_oxide::scanner: Discovering "C:\\xampp\\htdocs\\tutorial2\\database\\create_messages_table.sql"
2026-01-16T09:20:48.164255Z  INFO scan_sources: tailwindcss_oxide::scanner: Discovering "C:\\xampp\\htdocs\\tutorial2\\database\\create_payments_table.sql"
2026-01-16T09:20:48.164323Z  INFO scan_sources: tailwindcss_oxide::scanner: Discovering "C:\\xampp\\htdocs\\tutorial2\\database\\events_setup_clean.sql"
2026-01-16T09:20:48.164389Z  INFO scan_sources: tailwindcss_oxide::scanner: Discovering "C:\\xampp\\htdocs\\tutorial2\\database\\fix_payments_table.sql"
2026-01-16T09:20:48.164460Z  INFO scan_sources: tailwindcss_oxide::scanner: Discovering "C:\\xampp\\htdocs\\tutorial2\\database\\membership_cycles_migration.sql"
2026-01-16T09:20:48.164532Z  INFO scan_sources: tailwindcss_oxide::scanner: Discovering "C:\\xampp\\htdocs\\tutorial2\\database\\quick_fix_payments.sql"
2026-01-16T09:20:48.164583Z  INFO scan_sources: tailwindcss_oxide::scanner: Discovering "C:\\xampp\\htdocs\\tutorial2\\database\\setup_events.sql"
2026-01-16T09:20:48.164631Z  INFO scan_sources: tailwindcss_oxide::scanner: Discovering "C:\\xampp\\htdocs\\tutorial2\\database\\setup_tables.bat"
2026-01-16T09:20:48.164722Z  INFO scan_sources: tailwindcss_oxide::scanner: Discovering "C:\\xampp\\htdocs\\tutorial2\\Database.php"
2026-01-16T09:20:48.164769Z  INFO scan_sources: tailwindcss_oxide::scanner: Discovering "C:\\xampp\\htdocs\\tutorial2\\Database.php~"
2026-01-16T09:20:48.164820Z  INFO scan_sources: tailwindcss_oxide::scanner: Discovering "C:\\xampp\\htdocs\\tutorial2\\debug_membership.php"
2026-01-16T09:20:48.164873Z  INFO scan_sources: tailwindcss_oxide::scanner: Discovering "C:\\xampp\\htdocs\\tutorial2\\debug_membership_card_issue.php"
2026-01-16T09:20:48.164946Z  INFO scan_sources: tailwindcss_oxide::scanner: Discovering "C:\\xampp\\htdocs\\tutorial2\\debug_password.php"
2026-01-16T09:20:48.165003Z  INFO scan_sources: tailwindcss_oxide::scanner: Discovering "C:\\xampp\\htdocs\\tutorial2\\debug_payment_flow.php"
2026-01-16T09:20:48.165060Z  INFO scan_sources: tailwindcss_oxide::scanner: Discovering "C:\\xampp\\htdocs\\tutorial2\\debug_profile_data.php"
2026-01-16T09:20:48.165110Z  INFO scan_sources: tailwindcss_oxide::scanner: Discovering "C:\\xampp\\htdocs\\tutorial2\\debug_report_generation.php"
2026-01-16T09:20:48.165166Z  INFO scan_sources: tailwindcss_oxide::scanner: Discovering "C:\\xampp\\htdocs\\tutorial2\\debug_test_payment.php"
2026-01-16T09:20:48.165220Z  INFO scan_sources: tailwindcss_oxide::scanner: Discovering "C:\\xampp\\htdocs\\tutorial2\\debug_user25_api.php"
2026-01-16T09:20:48.165275Z  INFO scan_sources: tailwindcss_oxide::scanner: Discovering "C:\\xampp\\htdocs\\tutorial2\\debug_user26.php"
2026-01-16T09:20:48.165394Z  INFO scan_sources: tailwindcss_oxide::scanner: Discovering "C:\\xampp\\htdocs\\tutorial2\\deploy-minimal"
2026-01-16T09:20:48.166098Z  INFO scan_sources: tailwindcss_oxide::scanner: Discovering "C:\\xampp\\htdocs\\tutorial2\\deploy-simple"
2026-01-16T09:20:48.166799Z  INFO scan_sources: tailwindcss_oxide::scanner: Discovering "C:\\xampp\\htdocs\\tutorial2\\deploy-temp"
2026-01-16T09:20:48.167306Z  INFO scan_sources: tailwindcss_oxide::scanner: Discovering "C:\\xampp\\htdocs\\tutorial2\\ensure_approved_users_membership.php"
2026-01-16T09:20:48.167420Z  INFO scan_sources: tailwindcss_oxide::scanner: Discovering "C:\\xampp\\htdocs\\tutorial2\\ensure_membership_numbers.php"
2026-01-16T09:20:48.167561Z  INFO scan_sources: tailwindcss_oxide::scanner: Discovering "C:\\xampp\\htdocs\\tutorial2\\eslint.config.mjs"
2026-01-16T09:20:48.167685Z  INFO scan_sources: tailwindcss_oxide::scanner: Discovering "C:\\xampp\\htdocs\\tutorial2\\fix_all_membership_numbers.sql"
2026-01-16T09:20:48.167811Z  INFO scan_sources: tailwindcss_oxide::scanner: Discovering "C:\\xampp\\htdocs\\tutorial2\\fix_all_membership_status.php"
2026-01-16T09:20:48.167931Z  INFO scan_sources: tailwindcss_oxide::scanner: Discovering "C:\\xampp\\htdocs\\tutorial2\\fix_membership.php"
2026-01-16T09:20:48.168023Z  INFO scan_sources: tailwindcss_oxide::scanner: Discovering "C:\\xampp\\htdocs\\tutorial2\\fix_memberships_table.sql"
2026-01-16T09:20:48.168112Z  INFO scan_sources: tailwindcss_oxide::scanner: Discovering "C:\\xampp\\htdocs\\tutorial2\\fix_membership_number.php"
2026-01-16T09:20:48.168205Z  INFO scan_sources: tailwindcss_oxide::scanner: Discovering "C:\\xampp\\htdocs\\tutorial2\\fix_membership_numbers.sql"
2026-01-16T09:20:48.168308Z  INFO scan_sources: tailwindcss_oxide::scanner: Discovering "C:\\xampp\\htdocs\\tutorial2\\fix_membership_standalone.php"
2026-01-16T09:20:48.168409Z  INFO scan_sources: tailwindcss_oxide::scanner: Discovering "C:\\xampp\\htdocs\\tutorial2\\fix_membership_status.sql"
2026-01-16T09:20:48.168512Z  INFO scan_sources: tailwindcss_oxide::scanner: Discovering "C:\\xampp\\htdocs\\tutorial2\\fix_missing_membership.php"
2026-01-16T09:20:48.168610Z  INFO scan_sources: tailwindcss_oxide::scanner: Discovering "C:\\xampp\\htdocs\\tutorial2\\fix_payment_methods.php"
2026-01-16T09:20:48.168714Z  INFO scan_sources: tailwindcss_oxide::scanner: Discovering "C:\\xampp\\htdocs\\tutorial2\\fix_user25_profile.php"
2026-01-16T09:20:48.168831Z  INFO scan_sources: tailwindcss_oxide::scanner: Discovering "C:\\xampp\\htdocs\\tutorial2\\generate_random_membership_numbers.php"
2026-01-16T09:20:48.168955Z  INFO scan_sources: tailwindcss_oxide::scanner: Discovering "C:\\xampp\\htdocs\\tutorial2\\how a206dee --stat"
2026-01-16T09:20:48.169067Z  INFO scan_sources: tailwindcss_oxide::scanner: Discovering "C:\\xampp\\htdocs\\tutorial2\\IMPLEMENTATION_COMPLETE.md"
2026-01-16T09:20:48.169242Z  INFO scan_sources: tailwindcss_oxide::scanner: Discovering "C:\\xampp\\htdocs\\tutorial2\\IMPLEMENTATION_STATUS.md"
2026-01-16T09:20:48.169343Z  INFO scan_sources: tailwindcss_oxide::scanner: Discovering "C:\\xampp\\htdocs\\tutorial2\\insert_user25_profile.sql"
2026-01-16T09:20:48.169438Z  INFO scan_sources: tailwindcss_oxide::scanner: Discovering "C:\\xampp\\htdocs\\tutorial2\\jwt.php"
2026-01-16T09:20:48.169661Z  INFO scan_sources: tailwindcss_oxide::scanner: Discovering "C:\\xampp\\htdocs\\tutorial2\\lib"
2026-01-16T09:20:48.169925Z  INFO scan_sources: tailwindcss_oxide::scanner: Discovering "C:\\xampp\\htdocs\\tutorial2\\lib\\auth.ts"
2026-01-16T09:20:48.170043Z  INFO scan_sources: tailwindcss_oxide::scanner: Discovering "C:\\xampp\\htdocs\\tutorial2\\lib\\azampay.ts"
2026-01-16T09:20:48.170152Z  INFO scan_sources: tailwindcss_oxide::scanner: Discovering "C:\\xampp\\htdocs\\tutorial2\\lib\\db-mock.ts"
2026-01-16T09:20:48.170281Z  INFO scan_sources: tailwindcss_oxide::scanner: Discovering "C:\\xampp\\htdocs\\tutorial2\\lib\\db-utils.ts"
2026-01-16T09:20:48.170406Z  INFO scan_sources: tailwindcss_oxide::scanner: Discovering "C:\\xampp\\htdocs\\tutorial2\\lib\\db.ts"
2026-01-16T09:20:48.170533Z  INFO scan_sources: tailwindcss_oxide::scanner: Discovering "C:\\xampp\\htdocs\\tutorial2\\lib\\email-config.ts"
2026-01-16T09:20:48.170759Z  INFO scan_sources: tailwindcss_oxide::scanner: Discovering "C:\\xampp\\htdocs\\tutorial2\\lib\\email-simple.ts"
2026-01-16T09:20:48.170913Z  INFO scan_sources: tailwindcss_oxide::scanner: Discovering "C:\\xampp\\htdocs\\tutorial2\\lib\\membership-pricing.ts"
2026-01-16T09:20:48.171019Z  INFO scan_sources: tailwindcss_oxide::scanner: Discovering "C:\\xampp\\htdocs\\tutorial2\\lib\\membership.ts"
2026-01-16T09:20:48.171117Z  INFO scan_sources: tailwindcss_oxide::scanner: Discovering "C:\\xampp\\htdocs\\tutorial2\\lib\\membershipCycles.ts"
2026-01-16T09:20:48.171204Z  INFO scan_sources: tailwindcss_oxide::scanner: Discovering "C:\\xampp\\htdocs\\tutorial2\\lib\\membershipPayment.ts"
2026-01-16T09:20:48.171370Z  INFO scan_sources: tailwindcss_oxide::scanner: Discovering "C:\\xampp\\htdocs\\tutorial2\\lib\\mobile-money.ts"
2026-01-16T09:20:48.171493Z  INFO scan_sources: tailwindcss_oxide::scanner: Discovering "C:\\xampp\\htdocs\\tutorial2\\lib\\notificationService.ts"
2026-01-16T09:20:48.171597Z  INFO scan_sources: tailwindcss_oxide::scanner: Discovering "C:\\xampp\\htdocs\\tutorial2\\lib\\profileCompletion.ts"
2026-01-16T09:20:48.171708Z  INFO scan_sources: tailwindcss_oxide::scanner: Discovering "C:\\xampp\\htdocs\\tutorial2\\lib\\utils.ts"
2026-01-16T09:20:48.171857Z  INFO scan_sources: tailwindcss_oxide::scanner: Discovering "C:\\xampp\\htdocs\\tutorial2\\list_memberships_cols.php"
2026-01-16T09:20:48.171972Z  INFO scan_sources: tailwindcss_oxide::scanner: Discovering "C:\\xampp\\htdocs\\tutorial2\\logo-debug.html"
2026-01-16T09:20:48.172109Z  INFO scan_sources: tailwindcss_oxide::scanner: Discovering "C:\\xampp\\htdocs\\tutorial2\\manual_activate_payment.php"
2026-01-16T09:20:48.172222Z  INFO scan_sources: tailwindcss_oxide::scanner: Discovering "C:\\xampp\\htdocs\\tutorial2\\MEMBERSHIP_CYCLES_IMPLEMENTATION.md"
2026-01-16T09:20:48.172311Z  INFO scan_sources: tailwindcss_oxide::scanner: Discovering "C:\\xampp\\htdocs\\tutorial2\\MEMBERSHIP_CYCLES_QUICK_START.md"
2026-01-16T09:20:48.172396Z  INFO scan_sources: tailwindcss_oxide::scanner: Discovering "C:\\xampp\\htdocs\\tutorial2\\MEMBERSHIP_SYSTEM_SUMMARY.md"
2026-01-16T09:20:48.172477Z  INFO scan_sources: tailwindcss_oxide::scanner: Discovering "C:\\xampp\\htdocs\\tutorial2\\middleware.ts"
2026-01-16T09:20:48.172714Z  INFO scan_sources: tailwindcss_oxide::scanner: Discovering "C:\\xampp\\htdocs\\tutorial2\\migrations"
2026-01-16T09:20:48.172943Z  INFO scan_sources: tailwindcss_oxide::scanner: Discovering "C:\\xampp\\htdocs\\tutorial2\\migrations\\0002_add_refresh_token_column.sql"
2026-01-16T09:20:48.173030Z  INFO scan_sources: tailwindcss_oxide::scanner: Discovering "C:\\xampp\\htdocs\\tutorial2\\migrations\\0003_add_report_tables.sql"
2026-01-16T09:20:48.173113Z  INFO scan_sources: tailwindcss_oxide::scanner: Discovering "C:\\xampp\\htdocs\\tutorial2\\migrations\\0004_add_profile_fields.sql"
2026-01-16T09:20:48.173190Z  INFO scan_sources: tailwindcss_oxide::scanner: Discovering "C:\\xampp\\htdocs\\tutorial2\\migrations\\0005_create_report_tables.sql"
2026-01-16T09:20:48.173270Z  INFO scan_sources: tailwindcss_oxide::scanner: Discovering "C:\\xampp\\htdocs\\tutorial2\\migrations\\0006_create_membership_sequence.sql"
2026-01-16T09:20:48.173376Z  INFO scan_sources: tailwindcss_oxide::scanner: Discovering "C:\\xampp\\htdocs\\tutorial2\\migrations\\20250108000000_create_membership_payments.sql"
2026-01-16T09:20:48.173454Z  INFO scan_sources: tailwindcss_oxide::scanner: Discovering "C:\\xampp\\htdocs\\tutorial2\\migrations\\20250108000001_create_news_notifications.sql"
2026-01-16T09:20:48.173531Z  INFO scan_sources: tailwindcss_oxide::scanner: Discovering "C:\\xampp\\htdocs\\tutorial2\\migrations\\20250108000002_add_password_reset_columns.sql"
2026-01-16T09:20:48.173607Z  INFO scan_sources: tailwindcss_oxide::scanner: Discovering "C:\\xampp\\htdocs\\tutorial2\\migrations\\20251228152102_add_flattened_profile_columns.sql"
2026-01-16T09:20:48.173700Z  INFO scan_sources: tailwindcss_oxide::scanner: Discovering "C:\\xampp\\htdocs\\tutorial2\\migrations\\20251230000000_add_professional_fields.sql"
2026-01-16T09:20:48.173795Z  INFO scan_sources: tailwindcss_oxide::scanner: Discovering "C:\\xampp\\htdocs\\tutorial2\\migrations\\add_work_fields_to_profiles.sql"
2026-01-16T09:20:48.173876Z  INFO scan_sources: tailwindcss_oxide::scanner: Discovering "C:\\xampp\\htdocs\\tutorial2\\migrations\\create_payments_table.sql"
2026-01-16T09:20:48.173951Z  INFO scan_sources: tailwindcss_oxide::scanner: Discovering "C:\\xampp\\htdocs\\tutorial2\\migrations\\update_membership_types.sql"
2026-01-16T09:20:48.174061Z  INFO scan_sources: tailwindcss_oxide::scanner: Discovering "C:\\xampp\\htdocs\\tutorial2\\MULTI_CHART_DASHBOARD.md"
2026-01-16T09:20:48.174138Z  INFO scan_sources: tailwindcss_oxide::scanner: Discovering "C:\\xampp\\htdocs\\tutorial2\\MULTI_CHART_IMPLEMENTATION_SUMMARY.md"
2026-01-16T09:20:48.174224Z  INFO scan_sources: tailwindcss_oxide::scanner: Discovering "C:\\xampp\\htdocs\\tutorial2\\next.config.js"
2026-01-16T09:20:48.174300Z  INFO scan_sources: tailwindcss_oxide::scanner: Discovering "C:\\xampp\\htdocs\\tutorial2\\next.config.ts"
2026-01-16T09:20:48.174604Z  INFO scan_sources: tailwindcss_oxide::scanner: Discovering "C:\\xampp\\htdocs\\tutorial2\\package.json"
2026-01-16T09:20:48.174688Z  INFO scan_sources: tailwindcss_oxide::scanner: Discovering "C:\\xampp\\htdocs\\tutorial2\\PAYMENT_FLOW_IMPLEMENTATION.md"
2026-01-16T09:20:48.174765Z  INFO scan_sources: tailwindcss_oxide::scanner: Discovering "C:\\xampp\\htdocs\\tutorial2\\PAYMENT_TESTING_GUIDE.md"
2026-01-16T09:20:48.174940Z  INFO scan_sources: tailwindcss_oxide::scanner: Discovering "C:\\xampp\\htdocs\\tutorial2\\pnpm-workspace.yaml"
2026-01-16T09:20:48.175028Z  INFO scan_sources: tailwindcss_oxide::scanner: Discovering "C:\\xampp\\htdocs\\tutorial2\\postcss.config.mjs"
2026-01-16T09:20:48.175183Z  INFO scan_sources: tailwindcss_oxide::scanner: Discovering "C:\\xampp\\htdocs\\tutorial2\\public"
2026-01-16T09:20:48.175411Z  INFO scan_sources: tailwindcss_oxide::scanner: Discovering "C:\\xampp\\htdocs\\tutorial2\\public\\file.svg"
2026-01-16T09:20:48.175565Z  INFO scan_sources: tailwindcss_oxide::scanner: Discovering "C:\\xampp\\htdocs\\tutorial2\\public\\globe.svg"
2026-01-16T09:20:48.175628Z  INFO scan_sources: tailwindcss_oxide::scanner: Discovering "C:\\xampp\\htdocs\\tutorial2\\public\\next.svg"
2026-01-16T09:20:48.175711Z  INFO scan_sources: tailwindcss_oxide::scanner: Discovering "C:\\xampp\\htdocs\\tutorial2\\public\\uploads"
2026-01-16T09:20:48.175991Z  INFO scan_sources: tailwindcss_oxide::scanner: Discovering "C:\\xampp\\htdocs\\tutorial2\\public\\uploads\\documents"
2026-01-16T09:20:48.176408Z  INFO scan_sources: tailwindcss_oxide::scanner: Discovering "C:\\xampp\\htdocs\\tutorial2\\public\\uploads\\profile-pictures"
2026-01-16T09:20:48.176602Z  INFO scan_sources: tailwindcss_oxide::scanner: Discovering "C:\\xampp\\htdocs\\tutorial2\\public\\vercel.svg"
2026-01-16T09:20:48.176641Z  INFO scan_sources: tailwindcss_oxide::scanner: Discovering "C:\\xampp\\htdocs\\tutorial2\\public\\window.svg"
2026-01-16T09:20:48.176691Z  INFO scan_sources: tailwindcss_oxide::scanner: Discovering "C:\\xampp\\htdocs\\tutorial2\\QUICK_REFERENCE.md"
2026-01-16T09:20:48.176725Z  INFO scan_sources: tailwindcss_oxide::scanner: Discovering "C:\\xampp\\htdocs\\tutorial2\\README.md"
2026-01-16T09:20:48.176760Z  INFO scan_sources: tailwindcss_oxide::scanner: Discovering "C:\\xampp\\htdocs\\tutorial2\\README_MEMBERSHIP_SYSTEM.md"
2026-01-16T09:20:48.176797Z  INFO scan_sources: tailwindcss_oxide::scanner: Discovering "C:\\xampp\\htdocs\\tutorial2\\recreate_payments_table.php"
2026-01-16T09:20:48.176832Z  INFO scan_sources: tailwindcss_oxide::scanner: Discovering "C:\\xampp\\htdocs\\tutorial2\\REPORT_CHARTS_QUICK_START.md"
2026-01-16T09:20:48.176865Z  INFO scan_sources: tailwindcss_oxide::scanner: Discovering "C:\\xampp\\htdocs\\tutorial2\\REPORT_ENHANCEMENTS.md"
2026-01-16T09:20:48.176898Z  INFO scan_sources: tailwindcss_oxide::scanner: Discovering "C:\\xampp\\htdocs\\tutorial2\\run_membership_cycles_migration.php"
2026-01-16T09:20:48.176955Z  INFO scan_sources: tailwindcss_oxide::scanner: Discovering "C:\\xampp\\htdocs\\tutorial2\\run_membership_type_update.php"
2026-01-16T09:20:48.176999Z  INFO scan_sources: tailwindcss_oxide::scanner: Discovering "C:\\xampp\\htdocs\\tutorial2\\run_migration.php"
2026-01-16T09:20:48.177036Z  INFO scan_sources: tailwindcss_oxide::scanner: Discovering "C:\\xampp\\htdocs\\tutorial2\\run_password_reset_migration.php"
2026-01-16T09:20:48.177091Z  INFO scan_sources: tailwindcss_oxide::scanner: Discovering "C:\\xampp\\htdocs\\tutorial2\\sampleData.jsonl"
2026-01-16T09:20:48.177151Z  INFO scan_sources: tailwindcss_oxide::scanner: Discovering "C:\\xampp\\htdocs\\tutorial2\\START_HERE.md"
2026-01-16T09:20:48.177425Z  INFO scan_sources: tailwindcss_oxide::scanner: Discovering "C:\\xampp\\htdocs\\tutorial2\\temp_page.tsx"
2026-01-16T09:20:48.177466Z  INFO scan_sources: tailwindcss_oxide::scanner: Discovering "C:\\xampp\\htdocs\\tutorial2\\test-forgot-password.php"
2026-01-16T09:20:48.177518Z  INFO scan_sources: tailwindcss_oxide::scanner: Discovering "C:\\xampp\\htdocs\\tutorial2\\test-logo.html"
2026-01-16T09:20:48.177569Z  INFO scan_sources: tailwindcss_oxide::scanner: Discovering "C:\\xampp\\htdocs\\tutorial2\\test-nodemailer.js"
2026-01-16T09:20:48.177612Z  INFO scan_sources: tailwindcss_oxide::scanner: Discovering "C:\\xampp\\htdocs\\tutorial2\\test_admin_payments_api.php"
2026-01-16T09:20:48.177672Z  INFO scan_sources: tailwindcss_oxide::scanner: Discovering "C:\\xampp\\htdocs\\tutorial2\\test_api_fixed.php"
2026-01-16T09:20:48.177709Z  INFO scan_sources: tailwindcss_oxide::scanner: Discovering "C:\\xampp\\htdocs\\tutorial2\\test_api_response.php"
2026-01-16T09:20:48.177813Z  INFO scan_sources: tailwindcss_oxide::scanner: Discovering "C:\\xampp\\htdocs\\tutorial2\\test_complete_flow.php"
2026-01-16T09:20:48.177856Z  INFO scan_sources: tailwindcss_oxide::scanner: Discovering "C:\\xampp\\htdocs\\tutorial2\\test_db_connection.php"
2026-01-16T09:20:48.177900Z  INFO scan_sources: tailwindcss_oxide::scanner: Discovering "C:\\xampp\\htdocs\\tutorial2\\test_email_setup.php"
2026-01-16T09:20:48.177944Z  INFO scan_sources: tailwindcss_oxide::scanner: Discovering "C:\\xampp\\htdocs\\tutorial2\\test_final_payment_flow.php"
2026-01-16T09:20:48.177985Z  INFO scan_sources: tailwindcss_oxide::scanner: Discovering "C:\\xampp\\htdocs\\tutorial2\\test_fixed_report.php"
2026-01-16T09:20:48.178023Z  INFO scan_sources: tailwindcss_oxide::scanner: Discovering "C:\\xampp\\htdocs\\tutorial2\\test_membership_api.php"
2026-01-16T09:20:48.178083Z  INFO scan_sources: tailwindcss_oxide::scanner: Discovering "C:\\xampp\\htdocs\\tutorial2\\test_membership_simple.php"
2026-01-16T09:20:48.178126Z  INFO scan_sources: tailwindcss_oxide::scanner: Discovering "C:\\xampp\\htdocs\\tutorial2\\test_membership_status_api.php"
2026-01-16T09:20:48.178168Z  INFO scan_sources: tailwindcss_oxide::scanner: Discovering "C:\\xampp\\htdocs\\tutorial2\\test_me_api.php"
2026-01-16T09:20:48.178207Z  INFO scan_sources: tailwindcss_oxide::scanner: Discovering "C:\\xampp\\htdocs\\tutorial2\\test_me_endpoint.php"
2026-01-16T09:20:48.178245Z  INFO scan_sources: tailwindcss_oxide::scanner: Discovering "C:\\xampp\\htdocs\\tutorial2\\test_payment_flow_complete.php"
2026-01-16T09:20:48.178284Z  INFO scan_sources: tailwindcss_oxide::scanner: Discovering "C:\\xampp\\htdocs\\tutorial2\\test_payment_flow_new.php"
2026-01-16T09:20:48.178321Z  INFO scan_sources: tailwindcss_oxide::scanner: Discovering "C:\\xampp\\htdocs\\tutorial2\\test_payment_methods_fixed.php"
2026-01-16T09:20:48.178360Z  INFO scan_sources: tailwindcss_oxide::scanner: Discovering "C:\\xampp\\htdocs\\tutorial2\\test_payment_success_endpoint.php"
2026-01-16T09:20:48.178398Z  INFO scan_sources: tailwindcss_oxide::scanner: Discovering "C:\\xampp\\htdocs\\tutorial2\\test_reports_api.php"
2026-01-16T09:20:48.178437Z  INFO scan_sources: tailwindcss_oxide::scanner: Discovering "C:\\xampp\\htdocs\\tutorial2\\test_reports_endpoint.php"
2026-01-16T09:20:48.178473Z  INFO scan_sources: tailwindcss_oxide::scanner: Discovering "C:\\xampp\\htdocs\\tutorial2\\test_simple_api.php"
2026-01-16T09:20:48.178518Z  INFO scan_sources: tailwindcss_oxide::scanner: Discovering "C:\\xampp\\htdocs\\tutorial2\\test_simple_payment.php"
2026-01-16T09:20:48.178560Z  INFO scan_sources: tailwindcss_oxide::scanner: Discovering "C:\\xampp\\htdocs\\tutorial2\\test_sophisticated_payment_system.php"
2026-01-16T09:20:48.178620Z  INFO scan_sources: tailwindcss_oxide::scanner: Discovering "C:\\xampp\\htdocs\\tutorial2\\TLA_Membership_Card_Presentation.md"
2026-01-16T09:20:48.178656Z  INFO scan_sources: tailwindcss_oxide::scanner: Discovering "C:\\xampp\\htdocs\\tutorial2\\TLA_PowerPoint_Guide.md"
2026-01-16T09:20:48.178690Z  INFO scan_sources: tailwindcss_oxide::scanner: Discovering "C:\\xampp\\htdocs\\tutorial2\\TLA_Presentation.html"
2026-01-16T09:20:48.178726Z  INFO scan_sources: tailwindcss_oxide::scanner: Discovering "C:\\xampp\\htdocs\\tutorial2\\tsconfig.json"
2026-01-16T09:20:48.178819Z  INFO scan_sources: tailwindcss_oxide::scanner: Discovering "C:\\xampp\\htdocs\\tutorial2\\types"
2026-01-16T09:20:48.178918Z  INFO scan_sources: tailwindcss_oxide::scanner: Discovering "C:\\xampp\\htdocs\\tutorial2\\types\\database.d.ts"
2026-01-16T09:20:48.178975Z  INFO scan_sources: tailwindcss_oxide::scanner: Discovering "C:\\xampp\\htdocs\\tutorial2\\update_approval_process.php"
2026-01-16T09:20:48.179010Z  INFO scan_sources: tailwindcss_oxide::scanner: Discovering "C:\\xampp\\htdocs\\tutorial2\\update_user25_profile.php"
2026-01-16T09:20:48.179051Z  INFO scan_sources: tailwindcss_oxide::scanner: Discovering "C:\\xampp\\htdocs\\tutorial2\\validate_membership_system.php"
2026-01-16T09:20:48.179090Z  INFO scan_sources: tailwindcss_oxide::scanner: Discovering "C:\\xampp\\htdocs\\tutorial2\\vercel.json"
2026-01-16T09:20:48.179148Z  INFO scan_sources: tailwindcss_oxide::scanner: Discovering "C:\\xampp\\htdocs\\tutorial2\\verify_installation.php"
2026-01-16T09:20:48.179184Z  INFO scan_sources: tailwindcss_oxide::scanner: Discovering "C:\\xampp\\htdocs\\tutorial2\\verify_user_membership.php"
2026-01-16T09:20:48.179276Z  INFO scan_sources: tailwindcss_oxide::scanner: exit
2026-01-16T09:20:48.179286Z  INFO extract_candidates: tailwindcss_oxide::scanner: enter
2026-01-16T09:20:48.179295Z  INFO extract_candidates:read_all_files: tailwindcss_oxide::scanner: enter
2026-01-16T09:20:48.179300Z  INFO extract_candidates:read_all_files: tailwindcss_oxide::scanner: Reading 358 file(s)
2026-01-16T09:20:48.180236Z  INFO tailwindcss_oxide::scanner: Reading "C:\\xampp\\htdocs\\tutorial2\\.windsurf\\workflows\\complete-profile.md"
2026-01-16T09:20:48.180277Z  INFO tailwindcss_oxide::scanner: Reading "C:\\xampp\\htdocs\\tutorial2\\app\\api\\auth\\me\\route.ts"
2026-01-16T09:20:48.180283Z  INFO tailwindcss_oxide::scanner: Reading "C:\\xampp\\htdocs\\tutorial2\\components\\admin\\UserRegistrationForm.tsx"
2026-01-16T09:20:48.180306Z  INFO tailwindcss_oxide::scanner: Reading "C:\\xampp\\htdocs\\tutorial2\\app\\api\\admin\\content\\about\\[id]\\route.ts"
2026-01-16T09:20:48.180378Z  INFO tailwindcss_oxide::scanner: Reading "C:\\xampp\\htdocs\\tutorial2\\components\\AzamPayCheckout.tsx"
2026-01-16T09:20:48.180382Z  INFO tailwindcss_oxide::scanner: Reading "C:\\xampp\\htdocs\\tutorial2\\app\\api\\auth\\membership-status\\route.ts"
2026-01-16T09:20:48.180379Z  INFO tailwindcss_oxide::scanner: Reading "C:\\xampp\\htdocs\\tutorial2\\lib\\membership.ts"
2026-01-16T09:20:48.180401Z  INFO tailwindcss_oxide::scanner: Reading "C:\\xampp\\htdocs\\tutorial2\\REPORT_CHARTS_QUICK_START.md"
2026-01-16T09:20:48.180433Z  INFO tailwindcss_oxide::scanner: Reading "C:\\xampp\\htdocs\\tutorial2\\app\\api\\admin\\content\\contact\\route.ts"
2026-01-16T09:20:48.180436Z  INFO tailwindcss_oxide::scanner: Reading "C:\\xampp\\htdocs\\tutorial2\\components\\ConditionalLayout.tsx"
2026-01-16T09:20:48.180450Z  INFO tailwindcss_oxide::scanner: Reading "C:\\xampp\\htdocs\\tutorial2\\lib\\membershipCycles.ts"
2026-01-16T09:20:48.180454Z  INFO tailwindcss_oxide::scanner: Reading "C:\\xampp\\htdocs\\tutorial2\\app\\api\\auth\\profile\\route.ts"
2026-01-16T09:20:48.180471Z  INFO tailwindcss_oxide::scanner: Reading "C:\\xampp\\htdocs\\tutorial2\\REPORT_ENHANCEMENTS.md"
2026-01-16T09:20:48.180472Z  INFO tailwindcss_oxide::scanner: Reading "C:\\xampp\\htdocs\\tutorial2\\.windsurf\\workflows\\notification.md"
2026-01-16T09:20:48.180505Z  INFO tailwindcss_oxide::scanner: Reading "C:\\xampp\\htdocs\\tutorial2\\lib\\membershipPayment.ts"
2026-01-16T09:20:48.180516Z  INFO tailwindcss_oxide::scanner: Reading "C:\\xampp\\htdocs\\tutorial2\\app\\api\\auth\\profile\\route.ts.new"
2026-01-16T09:20:48.180525Z  INFO tailwindcss_oxide::scanner: Reading "C:\\xampp\\htdocs\\tutorial2\\components\\dashboard\\DashboardSidebar.tsx"
2026-01-16T09:20:48.180535Z  INFO tailwindcss_oxide::scanner: Reading "C:\\xampp\\htdocs\\tutorial2\\app\\api\\admin\\content\\contact\\[id]\\route.ts"
2026-01-16T09:20:48.180539Z  INFO tailwindcss_oxide::scanner: Reading "C:\\xampp\\htdocs\\tutorial2\\run_membership_cycles_migration.php"
2026-01-16T09:20:48.180566Z  INFO tailwindcss_oxide::scanner: Reading "C:\\xampp\\htdocs\\tutorial2\\lib\\mobile-money.ts"
2026-01-16T09:20:48.180568Z  INFO tailwindcss_oxide::scanner: Reading "C:\\xampp\\htdocs\\tutorial2\\app\\api\\auth\\refresh\\route.ts"
2026-01-16T09:20:48.180580Z  INFO tailwindcss_oxide::scanner: Reading "C:\\xampp\\htdocs\\tutorial2\\add_reference_to_memberships.php"
2026-01-16T09:20:48.180582Z  INFO tailwindcss_oxide::scanner: Reading "C:\\xampp\\htdocs\\tutorial2\\components\\dashboard\\PaymentStatusSidebar.tsx"
2026-01-16T09:20:48.180621Z  INFO tailwindcss_oxide::scanner: Reading "C:\\xampp\\htdocs\\tutorial2\\run_membership_type_update.php"
2026-01-16T09:20:48.180627Z  INFO tailwindcss_oxide::scanner: Reading "C:\\xampp\\htdocs\\tutorial2\\lib\\notificationService.ts"
2026-01-16T09:20:48.180635Z  INFO tailwindcss_oxide::scanner: Reading "C:\\xampp\\htdocs\\tutorial2\\app\\api\\auth\\register\\route.ts"
2026-01-16T09:20:48.180653Z  INFO tailwindcss_oxide::scanner: Reading "C:\\xampp\\htdocs\\tutorial2\\components\\PaymentForm.tsx"
2026-01-16T09:20:48.180662Z  INFO tailwindcss_oxide::scanner: Reading "C:\\xampp\\htdocs\\tutorial2\\app\\api\\admin\\content\\footer\\route.ts"
2026-01-16T09:20:48.180674Z  INFO tailwindcss_oxide::scanner: Reading "C:\\xampp\\htdocs\\tutorial2\\run_migration.php"
2026-01-16T09:20:48.180679Z  INFO tailwindcss_oxide::scanner: Reading "C:\\xampp\\htdocs\\tutorial2\\add_work_columns.php"
2026-01-16T09:20:48.180691Z  INFO tailwindcss_oxide::scanner: Reading "C:\\xampp\\htdocs\\tutorial2\\lib\\profileCompletion.ts"
2026-01-16T09:20:48.180697Z  INFO tailwindcss_oxide::scanner: Reading "C:\\xampp\\htdocs\\tutorial2\\app\\api\\auth\\[...nextauth]\\route.ts"
2026-01-16T09:20:48.180721Z  INFO tailwindcss_oxide::scanner: Reading "C:\\xampp\\htdocs\\tutorial2\\components\\PaymentLogos.tsx"
2026-01-16T09:20:48.180727Z  INFO tailwindcss_oxide::scanner: Reading "C:\\xampp\\htdocs\\tutorial2\\run_password_reset_migration.php"
2026-01-16T09:20:48.180743Z  INFO tailwindcss_oxide::scanner: Reading "C:\\xampp\\htdocs\\tutorial2\\app\\api\\admin\\content\\home\\route.ts"
2026-01-16T09:20:48.180746Z  INFO tailwindcss_oxide::scanner: Reading "C:\\xampp\\htdocs\\tutorial2\\lib\\utils.ts"
2026-01-16T09:20:48.180755Z  INFO tailwindcss_oxide::scanner: Reading "C:\\xampp\\htdocs\\tutorial2\\app\\api\\contact-content\\route.ts"
2026-01-16T09:20:48.180769Z  INFO tailwindcss_oxide::scanner: Reading "C:\\xampp\\htdocs\\tutorial2\\add_work_columns.sql"
2026-01-16T09:20:48.180774Z  INFO tailwindcss_oxide::scanner: Reading "C:\\xampp\\htdocs\\tutorial2\\components\\PaymentMethodSelector.tsx"
2026-01-16T09:20:48.180776Z  INFO tailwindcss_oxide::scanner: Reading "C:\\xampp\\htdocs\\tutorial2\\sampleData.jsonl"
2026-01-16T09:20:48.180801Z  INFO tailwindcss_oxide::scanner: Reading "C:\\xampp\\htdocs\\tutorial2\\list_memberships_cols.php"
2026-01-16T09:20:48.180803Z  INFO tailwindcss_oxide::scanner: Reading "C:\\xampp\\htdocs\\tutorial2\\app\\api\\debug\\pricing\\route.ts"
2026-01-16T09:20:48.180831Z  INFO tailwindcss_oxide::scanner: Reading "C:\\xampp\\htdocs\\tutorial2\\components\\PhoneNumberInput.tsx"
2026-01-16T09:20:48.180830Z  INFO tailwindcss_oxide::scanner: Reading "C:\\xampp\\htdocs\\tutorial2\\app\\api\\admin\\content\\home\\[id]\\route.ts"
2026-01-16T09:20:48.180864Z  INFO tailwindcss_oxide::scanner: Reading "C:\\xampp\\htdocs\\tutorial2\\app\\api\\debug\\send-email\\route.ts"
2026-01-16T09:20:48.180852Z  INFO tailwindcss_oxide::scanner: Reading "C:\\xampp\\htdocs\\tutorial2\\logo-debug.html"
2026-01-16T09:20:48.180883Z  INFO tailwindcss_oxide::scanner: Reading "C:\\xampp\\htdocs\\tutorial2\\add_work_fields_user25.php"
2026-01-16T09:20:48.180896Z  INFO tailwindcss_oxide::scanner: Reading "C:\\xampp\\htdocs\\tutorial2\\components\\SimplePhoneInput.tsx"
2026-01-16T09:20:48.180905Z  INFO tailwindcss_oxide::scanner: Reading "C:\\xampp\\htdocs\\tutorial2\\app\\api\\test-events\\route.ts"
2026-01-16T09:20:48.180912Z  INFO tailwindcss_oxide::scanner: Reading "C:\\xampp\\htdocs\\tutorial2\\START_HERE.md"
2026-01-16T09:20:48.180921Z  INFO tailwindcss_oxide::scanner: Reading "C:\\xampp\\htdocs\\tutorial2\\app\\api\\debug\\send-test-email\\route.ts"
2026-01-16T09:20:48.180932Z  INFO tailwindcss_oxide::scanner: Reading "C:\\xampp\\htdocs\\tutorial2\\manual_activate_payment.php"
2026-01-16T09:20:48.180952Z  INFO tailwindcss_oxide::scanner: Reading "C:\\xampp\\htdocs\\tutorial2\\components\\ui\\button.tsx"
2026-01-16T09:20:48.180967Z  INFO tailwindcss_oxide::scanner: Reading "C:\\xampp\\htdocs\\tutorial2\\app\\api\\user\\profile\\route.ts"
2026-01-16T09:20:48.180987Z  INFO tailwindcss_oxide::scanner: Reading "C:\\xampp\\htdocs\\tutorial2\\app\\api\\events\\route.ts"
2026-01-16T09:20:48.180994Z  INFO tailwindcss_oxide::scanner: Reading "C:\\xampp\\htdocs\\tutorial2\\MEMBERSHIP_CYCLES_IMPLEMENTATION.md"
2026-01-16T09:20:48.180998Z  INFO tailwindcss_oxide::scanner: Reading "C:\\xampp\\htdocs\\tutorial2\\ADMIN_CARD_DISPLAY_UPDATE.md"
2026-01-16T09:20:48.181007Z  INFO tailwindcss_oxide::scanner: Reading "C:\\xampp\\htdocs\\tutorial2\\app\\api\\admin\\content\\media\\route.ts"
2026-01-16T09:20:48.181013Z  INFO tailwindcss_oxide::scanner: Reading "C:\\xampp\\htdocs\\tutorial2\\components\\ui\\card.tsx"
2026-01-16T09:20:48.181025Z  INFO tailwindcss_oxide::scanner: Reading "C:\\xampp\\htdocs\\tutorial2\\app\\admin\\dashboard\\charts.tsx"
2026-01-16T09:20:48.181049Z  INFO tailwindcss_oxide::scanner: Reading "C:\\xampp\\htdocs\\tutorial2\\app\\api\\events\\[id]\\register\\route.ts"
2026-01-16T09:20:48.181049Z  INFO tailwindcss_oxide::scanner: Reading "C:\\xampp\\htdocs\\tutorial2\\app\\auth\\forgot-password\\page.tsx"
2026-01-16T09:20:48.181065Z  INFO tailwindcss_oxide::scanner: Reading "C:\\xampp\\htdocs\\tutorial2\\MEMBERSHIP_CYCLES_QUICK_START.md"
2026-01-16T09:20:48.181071Z  INFO tailwindcss_oxide::scanner: Reading "C:\\xampp\\htdocs\\tutorial2\\components\\ui\\dropdown-menu.tsx"
2026-01-16T09:20:48.181084Z  INFO tailwindcss_oxide::scanner: Reading "C:\\xampp\\htdocs\\tutorial2\\temp_page.tsx"
2026-01-16T09:20:48.181103Z  INFO tailwindcss_oxide::scanner: Reading "C:\\xampp\\htdocs\\tutorial2\\app\\auth\\layout.tsx"
2026-01-16T09:20:48.181104Z  INFO tailwindcss_oxide::scanner: Reading "C:\\xampp\\htdocs\\tutorial2\\ADMIN_MODULES_IMPLEMENTATION.md"
2026-01-16T09:20:48.181103Z  INFO tailwindcss_oxide::scanner: Reading "C:\\xampp\\htdocs\\tutorial2\\app\\api\\fix-membership\\route.ts"
2026-01-16T09:20:48.181123Z  INFO tailwindcss_oxide::scanner: Reading "C:\\xampp\\htdocs\\tutorial2\\app\\admin\\dashboard\\page.tsx"
2026-01-16T09:20:48.181126Z  INFO tailwindcss_oxide::scanner: Reading "C:\\xampp\\htdocs\\tutorial2\\app\\api\\admin\\content\\navigation\\route.ts"
2026-01-16T09:20:48.181133Z  INFO tailwindcss_oxide::scanner: Reading "C:\\xampp\\htdocs\\tutorial2\\components\\ui\\field.tsx"
2026-01-16T09:20:48.181138Z  INFO tailwindcss_oxide::scanner: Reading "C:\\xampp\\htdocs\\tutorial2\\MEMBERSHIP_SYSTEM_SUMMARY.md"
2026-01-16T09:20:48.181153Z  INFO tailwindcss_oxide::scanner: Reading "C:\\xampp\\htdocs\\tutorial2\\app\\auth\\login\\page.tsx"
2026-01-16T09:20:48.181170Z  INFO tailwindcss_oxide::scanner: Reading "C:\\xampp\\htdocs\\tutorial2\\app\\api\\home-content\\route.ts"
2026-01-16T09:20:48.181170Z  INFO tailwindcss_oxide::scanner: Reading "C:\\xampp\\htdocs\\tutorial2\\test-forgot-password.php"
2026-01-16T09:20:48.181217Z  INFO tailwindcss_oxide::scanner: Reading "C:\\xampp\\htdocs\\tutorial2\\app\\auth\\pending-approval\\page.tsx"
2026-01-16T09:20:48.181221Z  INFO tailwindcss_oxide::scanner: Reading "C:\\xampp\\htdocs\\tutorial2\\api\\auth\\login.php"
2026-01-16T09:20:48.181224Z  INFO tailwindcss_oxide::scanner: Reading "C:\\xampp\\htdocs\\tutorial2\\components\\ui\\input.tsx"
2026-01-16T09:20:48.181237Z  INFO tailwindcss_oxide::scanner: Reading "C:\\xampp\\htdocs\\tutorial2\\app\\api\\admin\\content\\pages\\route.ts"
2026-01-16T09:20:48.181225Z  INFO tailwindcss_oxide::scanner: Reading "C:\\xampp\\htdocs\\tutorial2\\app\\admin\\events\\page.tsx"
2026-01-16T09:20:48.181224Z  INFO tailwindcss_oxide::scanner: Reading "C:\\xampp\\htdocs\\tutorial2\\app\\api\\membership\\complete-payment\\route.ts"
2026-01-16T09:20:48.181273Z  INFO tailwindcss_oxide::scanner: Reading "C:\\xampp\\htdocs\\tutorial2\\test-logo.html"
2026-01-16T09:20:48.181232Z  INFO tailwindcss_oxide::scanner: Reading "C:\\xampp\\htdocs\\tutorial2\\middleware.ts"
2026-01-16T09:20:48.181285Z  INFO tailwindcss_oxide::scanner: Reading "C:\\xampp\\htdocs\\tutorial2\\components\\ui\\label.tsx"
2026-01-16T09:20:48.181290Z  INFO tailwindcss_oxide::scanner: Reading "C:\\xampp\\htdocs\\tutorial2\\app\\auth\\register\\page.tsx"
2026-01-16T09:20:48.181314Z  INFO tailwindcss_oxide::scanner: Reading "C:\\xampp\\htdocs\\tutorial2\\api\\auth\\logout.php"
2026-01-16T09:20:48.181327Z  INFO tailwindcss_oxide::scanner: Reading "C:\\xampp\\htdocs\\tutorial2\\app\\admin\\events\\[id]\\page.tsx"
2026-01-16T09:20:48.181335Z  INFO tailwindcss_oxide::scanner: Reading "C:\\xampp\\htdocs\\tutorial2\\app\\api\\admin\\content\\pages\\[id]\\route.ts"
2026-01-16T09:20:48.181332Z  INFO tailwindcss_oxide::scanner: Reading "C:\\xampp\\htdocs\\tutorial2\\app\\api\\membership\\next-number\\route.ts"
2026-01-16T09:20:48.181340Z  INFO tailwindcss_oxide::scanner: Reading "C:\\xampp\\htdocs\\tutorial2\\components\\ui\\modal.tsx"
2026-01-16T09:20:48.181357Z  INFO tailwindcss_oxide::scanner: Reading "C:\\xampp\\htdocs\\tutorial2\\test-nodemailer.js"
2026-01-16T09:20:48.181372Z  INFO tailwindcss_oxide::scanner: Reading "C:\\xampp\\htdocs\\tutorial2\\app\\components\\ConditionalLayout.tsx"
2026-01-16T09:20:48.181375Z  INFO tailwindcss_oxide::scanner: Reading "C:\\xampp\\htdocs\\tutorial2\\migrations\\0002_add_refresh_token_column.sql"
2026-01-16T09:20:48.181397Z  INFO tailwindcss_oxide::scanner: Reading "C:\\xampp\\htdocs\\tutorial2\\app\\admin\\events\\[id]\\registrations\\page.tsx"
2026-01-16T09:20:48.181403Z  INFO tailwindcss_oxide::scanner: Reading "C:\\xampp\\htdocs\\tutorial2\\app\\api\\membership\\pay\\route.ts"
2026-01-16T09:20:48.181406Z  INFO tailwindcss_oxide::scanner: Reading "C:\\xampp\\htdocs\\tutorial2\\api\\auth\\me.php"
2026-01-16T09:20:48.181407Z  INFO tailwindcss_oxide::scanner: Reading "C:\\xampp\\htdocs\\tutorial2\\components\\ui\\select.tsx"
2026-01-16T09:20:48.181424Z  INFO tailwindcss_oxide::scanner: Reading "C:\\xampp\\htdocs\\tutorial2\\app\\components\\SharedLayout.tsx"
2026-01-16T09:20:48.181429Z  INFO tailwindcss_oxide::scanner: Reading "C:\\xampp\\htdocs\\tutorial2\\app\\api\\admin\\content\\settings\\route.ts"
2026-01-16T09:20:48.181436Z  INFO tailwindcss_oxide::scanner: Reading "C:\\xampp\\htdocs\\tutorial2\\test_admin_payments_api.php"
2026-01-16T09:20:48.181456Z  INFO tailwindcss_oxide::scanner: Reading "C:\\xampp\\htdocs\\tutorial2\\migrations\\0003_add_report_tables.sql"
2026-01-16T09:20:48.181463Z  INFO tailwindcss_oxide::scanner: Reading "C:\\xampp\\htdocs\\tutorial2\\app\\admin\\layout.tsx"
2026-01-16T09:20:48.181466Z  INFO tailwindcss_oxide::scanner: Reading "C:\\xampp\\htdocs\\tutorial2\\components\\ui\\separator.tsx"
2026-01-16T09:20:48.181464Z  INFO tailwindcss_oxide::scanner: Reading "C:\\xampp\\htdocs\\tutorial2\\app\\api\\membership\\pay-early\\route.ts"
2026-01-16T09:20:48.181480Z  INFO tailwindcss_oxide::scanner: Reading "C:\\xampp\\htdocs\\tutorial2\\app\\contact\\page.tsx"
2026-01-16T09:20:48.181493Z  INFO tailwindcss_oxide::scanner: Reading "C:\\xampp\\htdocs\\tutorial2\\api\\auth\\register.php"
2026-01-16T09:20:48.181516Z  INFO tailwindcss_oxide::scanner: Reading "C:\\xampp\\htdocs\\tutorial2\\components\\ui\\table.tsx"
2026-01-16T09:20:48.181519Z  INFO tailwindcss_oxide::scanner: Reading "C:\\xampp\\htdocs\\tutorial2\\test_api_fixed.php"
2026-01-16T09:20:48.181523Z  INFO tailwindcss_oxide::scanner: Reading "C:\\xampp\\htdocs\\tutorial2\\app\\api\\admin\\create-admin\\route.ts"
2026-01-16T09:20:48.181532Z  INFO tailwindcss_oxide::scanner: Reading "C:\\xampp\\htdocs\\tutorial2\\migrations\\0004_add_profile_fields.sql"
2026-01-16T09:20:48.181530Z  INFO tailwindcss_oxide::scanner: Reading "C:\\xampp\\htdocs\\tutorial2\\app\\api\\membership\\payment-status\\route.ts"
2026-01-16T09:20:48.181556Z  INFO tailwindcss_oxide::scanner: Reading "C:\\xampp\\htdocs\\tutorial2\\app\\admin\\membership\\page.tsx"
2026-01-16T09:20:48.181567Z  INFO tailwindcss_oxide::scanner: Reading "C:\\xampp\\htdocs\\tutorial2\\components\\ui\\theme-provider.tsx"
2026-01-16T09:20:48.181582Z  INFO tailwindcss_oxide::scanner: Reading "C:\\xampp\\htdocs\\tutorial2\\app\\dashboard\\complete-profile\\page.tsx"
2026-01-16T09:20:48.181582Z  INFO tailwindcss_oxide::scanner: Reading "C:\\xampp\\htdocs\\tutorial2\\app\\(layout)\\layout.tsx"
2026-01-16T09:20:48.181592Z  INFO tailwindcss_oxide::scanner: Reading "C:\\xampp\\htdocs\\tutorial2\\app\\api\\membership\\payment-success\\route-final.ts"
2026-01-16T09:20:48.181603Z  INFO tailwindcss_oxide::scanner: Reading "C:\\xampp\\htdocs\\tutorial2\\test_api_response.php"
2026-01-16T09:20:48.181637Z  INFO tailwindcss_oxide::scanner: Reading "C:\\xampp\\htdocs\\tutorial2\\app\\admin\\news\\page.tsx"
2026-01-16T09:20:48.181637Z  INFO tailwindcss_oxide::scanner: Reading "C:\\xampp\\htdocs\\tutorial2\\migrations\\0005_create_report_tables.sql"
2026-01-16T09:20:48.181641Z  INFO tailwindcss_oxide::scanner: Reading "C:\\xampp\\htdocs\\tutorial2\\app\\api\\admin\\deleted-users\\route.ts"
2026-01-16T09:20:48.181646Z  INFO tailwindcss_oxide::scanner: Reading "C:\\xampp\\htdocs\\tutorial2\\components\\web\\footer.tsx"
2026-01-16T09:20:48.181649Z  INFO tailwindcss_oxide::scanner: Reading "C:\\xampp\\htdocs\\tutorial2\\app\\api\\membership\\payment-success\\route-new.ts"
2026-01-16T09:20:48.181673Z  INFO tailwindcss_oxide::scanner: Reading "C:\\xampp\\htdocs\\tutorial2\\app\\dashboard\\events\\page.tsx"
2026-01-16T09:20:48.181673Z  INFO tailwindcss_oxide::scanner: Reading "C:\\xampp\\htdocs\\tutorial2\\app\\(shared-layout)\\layout.tsx"
2026-01-16T09:20:48.181683Z  INFO tailwindcss_oxide::scanner: Reading "C:\\xampp\\htdocs\\tutorial2\\test_complete_flow.php"
2026-01-16T09:20:48.181695Z  INFO tailwindcss_oxide::scanner: Reading "C:\\xampp\\htdocs\\tutorial2\\app\\admin\\page.old.tsx"
2026-01-16T09:20:48.181711Z  INFO tailwindcss_oxide::scanner: Reading "C:\\xampp\\htdocs\\tutorial2\\app\\api\\membership\\payment-success\\route.ts"
2026-01-16T09:20:48.181716Z  INFO tailwindcss_oxide::scanner: Reading "C:\\xampp\\htdocs\\tutorial2\\components\\web\\navbar.tsx"
2026-01-16T09:20:48.181720Z  INFO tailwindcss_oxide::scanner: Reading "C:\\xampp\\htdocs\\tutorial2\\migrations\\0006_create_membership_sequence.sql"
2026-01-16T09:20:48.181727Z  INFO tailwindcss_oxide::scanner: Reading "C:\\xampp\\htdocs\\tutorial2\\app\\dashboard\\layout.tsx"
2026-01-16T09:20:48.181739Z  INFO tailwindcss_oxide::scanner: Reading "C:\\xampp\\htdocs\\tutorial2\\app\\api\\admin\\events\\route.ts"
2026-01-16T09:20:48.181758Z  INFO tailwindcss_oxide::scanner: Reading "C:\\xampp\\htdocs\\tutorial2\\app\\(shared-layout)\\page.tsx"
2026-01-16T09:20:48.181760Z  INFO tailwindcss_oxide::scanner: Reading "C:\\xampp\\htdocs\\tutorial2\\test_db_connection.php"
2026-01-16T09:20:48.181763Z  INFO tailwindcss_oxide::scanner: Reading "C:\\xampp\\htdocs\\tutorial2\\app\\admin\\page.tsx"
2026-01-16T09:20:48.181787Z  INFO tailwindcss_oxide::scanner: Reading "C:\\xampp\\htdocs\\tutorial2\\app\\api\\membership\\status\\route-debug.ts"
2026-01-16T09:20:48.181767Z  INFO tailwindcss_oxide::scanner: Reading "C:\\xampp\\htdocs\\tutorial2\\components\\web\\theme-toggle.tsx"
2026-01-16T09:20:48.181800Z  INFO tailwindcss_oxide::scanner: Reading "C:\\xampp\\htdocs\\tutorial2\\migrations\\20250108000000_create_membership_payments.sql"
2026-01-16T09:20:48.181808Z  INFO tailwindcss_oxide::scanner: Reading "C:\\xampp\\htdocs\\tutorial2\\app\\api\\admin\\events\\route_original.ts"
2026-01-16T09:20:48.181823Z  INFO tailwindcss_oxide::scanner: Reading "C:\\xampp\\htdocs\\tutorial2\\app\\dashboard\\membership-card\\page.tsx"
2026-01-16T09:20:48.181840Z  INFO tailwindcss_oxide::scanner: Reading "C:\\xampp\\htdocs\\tutorial2\\app\\about\\page.tsx"
2026-01-16T09:20:48.181842Z  INFO tailwindcss_oxide::scanner: Reading "C:\\xampp\\htdocs\\tutorial2\\app\\api\\membership\\status\\route-minimal.ts"
2026-01-16T09:20:48.181852Z  INFO tailwindcss_oxide::scanner: Reading "C:\\xampp\\htdocs\\tutorial2\\app\\admin\\page.tsx.backup"
2026-01-16T09:20:48.181856Z  INFO tailwindcss_oxide::scanner: Reading "C:\\xampp\\htdocs\\tutorial2\\test_email_setup.php"
2026-01-16T09:20:48.181855Z  INFO tailwindcss_oxide::scanner: Reading "C:\\xampp\\htdocs\\tutorial2\\components.json"
2026-01-16T09:20:48.181896Z  INFO tailwindcss_oxide::scanner: Reading "C:\\xampp\\htdocs\\tutorial2\\app\\api\\admin\\events\\[id]\\registrations\\route.ts"
2026-01-16T09:20:48.181899Z  INFO tailwindcss_oxide::scanner: Reading "C:\\xampp\\htdocs\\tutorial2\\migrations\\20250108000001_create_news_notifications.sql"
2026-01-16T09:20:48.181915Z  INFO tailwindcss_oxide::scanner: Reading "C:\\xampp\\htdocs\\tutorial2\\app\\dashboard\\messages\\page.tsx"
2026-01-16T09:20:48.181918Z  INFO tailwindcss_oxide::scanner: Reading "C:\\xampp\\htdocs\\tutorial2\\app\\api\\membership\\status\\route.ts"
2026-01-16T09:20:48.181929Z  INFO tailwindcss_oxide::scanner: Reading "C:\\xampp\\htdocs\\tutorial2\\app\\admin\\page.tsx.new"
2026-01-16T09:20:48.181935Z  INFO tailwindcss_oxide::scanner: Reading "C:\\xampp\\htdocs\\tutorial2\\config.php"
2026-01-16T09:20:48.181949Z  INFO tailwindcss_oxide::scanner: Reading "C:\\xampp\\htdocs\\tutorial2\\app\\about-us\\page.tsx"
2026-01-16T09:20:48.181950Z  INFO tailwindcss_oxide::scanner: Reading "C:\\xampp\\htdocs\\tutorial2\\test_final_payment_flow.php"
2026-01-16T09:20:48.181970Z  INFO tailwindcss_oxide::scanner: Reading "C:\\xampp\\htdocs\\tutorial2\\app\\dashboard\\news\\page.tsx"
2026-01-16T09:20:48.181990Z  INFO tailwindcss_oxide::scanner: Reading "C:\\xampp\\htdocs\\tutorial2\\contexts\\AuthContext.tsx"
2026-01-16T09:20:48.181993Z  INFO tailwindcss_oxide::scanner: Reading "C:\\xampp\\htdocs\\tutorial2\\migrations\\20250108000002_add_password_reset_columns.sql"
2026-01-16T09:20:48.182003Z  INFO tailwindcss_oxide::scanner: Reading "C:\\xampp\\htdocs\\tutorial2\\app\\admin\\payment\\page.tsx"
2026-01-16T09:20:48.182041Z  INFO tailwindcss_oxide::scanner: Reading "C:\\xampp\\htdocs\\tutorial2\\test_fixed_report.php"
2026-01-16T09:20:48.182048Z  INFO tailwindcss_oxide::scanner: Reading "C:\\xampp\\htdocs\\tutorial2\\convex\\_generated\\api.d.ts"
2026-01-16T09:20:48.182050Z  INFO tailwindcss_oxide::scanner: Reading "C:\\xampp\\htdocs\\tutorial2\\app\\dashboard\\page.tsx"
2026-01-16T09:20:48.182070Z  INFO tailwindcss_oxide::scanner: Reading "C:\\xampp\\htdocs\\tutorial2\\app\\admin\\cards\\page.tsx"
2026-01-16T09:20:48.182076Z  INFO tailwindcss_oxide::scanner: Reading "C:\\xampp\\htdocs\\tutorial2\\migrations\\20251228152102_add_flattened_profile_columns.sql"
2026-01-16T09:20:48.182100Z  INFO tailwindcss_oxide::scanner: Reading "C:\\xampp\\htdocs\\tutorial2\\app\\admin\\payments\\page.tsx"
2026-01-16T09:20:48.182104Z  INFO tailwindcss_oxide::scanner: Reading "C:\\xampp\\htdocs\\tutorial2\\convex\\_generated\\api.js"
2026-01-16T09:20:48.182121Z  INFO tailwindcss_oxide::scanner: Reading "C:\\xampp\\htdocs\\tutorial2\\app\\dashboard\\payment\\callback\\page.tsx"
2026-01-16T09:20:48.182130Z  INFO tailwindcss_oxide::scanner: Reading "C:\\xampp\\htdocs\\tutorial2\\test_membership_api.php"
2026-01-16T09:20:48.182155Z  INFO tailwindcss_oxide::scanner: Reading "C:\\xampp\\htdocs\\tutorial2\\convex\\_generated\\dataModel.d.ts"
2026-01-16T09:20:48.182156Z  INFO tailwindcss_oxide::scanner: Reading "C:\\xampp\\htdocs\\tutorial2\\migrations\\20251230000000_add_professional_fields.sql"
2026-01-16T09:20:48.182180Z  INFO tailwindcss_oxide::scanner: Reading "C:\\xampp\\htdocs\\tutorial2\\app\\dashboard\\payment\\page.tsx"
2026-01-16T09:20:48.182185Z  INFO tailwindcss_oxide::scanner: Reading "C:\\xampp\\htdocs\\tutorial2\\app\\admin\\content\\about\\page.tsx"
2026-01-16T09:20:48.182218Z  INFO tailwindcss_oxide::scanner: Reading "C:\\xampp\\htdocs\\tutorial2\\app\\admin\\reports\\page.tsx"
2026-01-16T09:20:48.182220Z  INFO tailwindcss_oxide::scanner: Reading "C:\\xampp\\htdocs\\tutorial2\\test_membership_simple.php"
2026-01-16T09:20:48.182222Z  INFO tailwindcss_oxide::scanner: Reading "C:\\xampp\\htdocs\\tutorial2\\convex\\_generated\\server.d.ts"
2026-01-16T09:20:48.182252Z  INFO tailwindcss_oxide::scanner: Reading "C:\\xampp\\htdocs\\tutorial2\\migrations\\add_work_fields_to_profiles.sql"
2026-01-16T09:20:48.182256Z  INFO tailwindcss_oxide::scanner: Reading "C:\\xampp\\htdocs\\tutorial2\\app\\dashboard\\payment\\success\\page.tsx"
2026-01-16T09:20:48.182274Z  INFO tailwindcss_oxide::scanner: Reading "C:\\xampp\\htdocs\\tutorial2\\app\\admin\\content\\contact\\page.tsx"
2026-01-16T09:20:48.182282Z  INFO tailwindcss_oxide::scanner: Reading "C:\\xampp\\htdocs\\tutorial2\\app\\admin\\requests\\page.tsx"
2026-01-16T09:20:48.182312Z  INFO tailwindcss_oxide::scanner: Reading "C:\\xampp\\htdocs\\tutorial2\\test_membership_status_api.php"
2026-01-16T09:20:48.182327Z  INFO tailwindcss_oxide::scanner: Reading "C:\\xampp\\htdocs\\tutorial2\\app\\dashboard\\profile\\page.tsx"
2026-01-16T09:20:48.182371Z  INFO tailwindcss_oxide::scanner: Reading "C:\\xampp\\htdocs\\tutorial2\\app\\admin\\users\\page.tsx"
2026-01-16T09:20:48.182410Z  INFO tailwindcss_oxide::scanner: Reading "C:\\xampp\\htdocs\\tutorial2\\app\\dashboard\\subscribe\\page.tsx"
2026-01-16T09:20:48.182414Z  INFO tailwindcss_oxide::scanner: Reading "C:\\xampp\\htdocs\\tutorial2\\test_me_api.php"
2026-01-16T09:20:48.182534Z  INFO tailwindcss_oxide::scanner: Reading "C:\\xampp\\htdocs\\tutorial2\\test_me_endpoint.php"
2026-01-16T09:20:48.182594Z  INFO tailwindcss_oxide::scanner: Reading "C:\\xampp\\htdocs\\tutorial2\\app\\admin\\users\\[id]\\page.tsx"
2026-01-16T09:20:48.182711Z  INFO tailwindcss_oxide::scanner: Reading "C:\\xampp\\htdocs\\tutorial2\\app\\api\\admin\\events\\[id]\\route.ts"
2026-01-16T09:20:48.182748Z  INFO tailwindcss_oxide::scanner: Reading "C:\\xampp\\htdocs\\tutorial2\\app\\api\\about-content\\route.ts"
2026-01-16T09:20:48.182791Z  INFO tailwindcss_oxide::scanner: Reading "C:\\xampp\\htdocs\\tutorial2\\app\\api\\messages\\reply\\route.ts"
2026-01-16T09:20:48.182837Z  INFO tailwindcss_oxide::scanner: Reading "C:\\xampp\\htdocs\\tutorial2\\app\\api\\admin\\approve-member\\route.ts"
2026-01-16T09:20:48.182979Z  INFO tailwindcss_oxide::scanner: Reading "C:\\xampp\\htdocs\\tutorial2\\app\\api\\admin\\cards\\route.ts"
2026-01-16T09:20:48.183327Z  INFO tailwindcss_oxide::scanner: Reading "C:\\xampp\\htdocs\\tutorial2\\app\\api\\admin\\events\\[id]\\route_original.ts"
2026-01-16T09:20:48.183610Z  INFO tailwindcss_oxide::scanner: Reading "C:\\xampp\\htdocs\\tutorial2\\app\\api\\admin\\fix-admin\\route.ts"
2026-01-16T09:20:48.183712Z  INFO tailwindcss_oxide::scanner: Reading "C:\\xampp\\htdocs\\tutorial2\\app\\api\\messages\\route.ts"
2026-01-16T09:20:48.184405Z  INFO tailwindcss_oxide::scanner: Reading "C:\\xampp\\htdocs\\tutorial2\\app\\api\\admin\\membership\\cycles\\route.ts"
2026-01-16T09:20:48.184422Z  INFO tailwindcss_oxide::scanner: Reading "C:\\xampp\\htdocs\\tutorial2\\app\\api\\messages\\[id]\\read\\route.ts"
2026-01-16T09:20:48.184707Z  INFO tailwindcss_oxide::scanner: Reading "C:\\xampp\\htdocs\\tutorial2\\app\\api\\messages\\[id]\\route.ts"
2026-01-16T09:20:48.184822Z  INFO tailwindcss_oxide::scanner: Reading "C:\\xampp\\htdocs\\tutorial2\\app\\api\\admin\\membership\\settings\\route.ts"
2026-01-16T09:20:48.184908Z  INFO tailwindcss_oxide::scanner: Reading "C:\\xampp\\htdocs\\tutorial2\\app\\api\\news\\route.ts"
2026-01-16T09:20:48.184946Z  INFO tailwindcss_oxide::scanner: Reading "C:\\xampp\\htdocs\\tutorial2\\app\\api\\admin\\membership\\types\\route.ts"
2026-01-16T09:20:48.185056Z  INFO tailwindcss_oxide::scanner: Reading "C:\\xampp\\htdocs\\tutorial2\\app\\api\\payment\\pesapal\\route.ts"
2026-01-16T09:20:48.185110Z  INFO tailwindcss_oxide::scanner: Reading "C:\\xampp\\htdocs\\tutorial2\\app\\api\\admin\\news\\route.ts"
2026-01-16T09:20:48.185212Z  INFO tailwindcss_oxide::scanner: Reading "C:\\xampp\\htdocs\\tutorial2\\app\\api\\payments\\activate-test\\route.ts"
2026-01-16T09:20:48.185269Z  INFO tailwindcss_oxide::scanner: Reading "C:\\xampp\\htdocs\\tutorial2\\app\\api\\admin\\payment\\route.ts"
2026-01-16T09:20:48.185560Z  INFO tailwindcss_oxide::scanner: Reading "C:\\xampp\\htdocs\\tutorial2\\app\\api\\payments\\azampay\\callback\\route.ts"
2026-01-16T09:20:48.186313Z  INFO tailwindcss_oxide::scanner: Reading "C:\\xampp\\htdocs\\tutorial2\\app\\api\\admin\\payments\\list\\export\\route.ts"
2026-01-16T09:20:48.186501Z  INFO tailwindcss_oxide::scanner: Reading "C:\\xampp\\htdocs\\tutorial2\\app\\api\\payments\\azampay\\checkout\\route.ts"
2026-01-16T09:20:48.186640Z  INFO tailwindcss_oxide::scanner: Reading "C:\\xampp\\htdocs\\tutorial2\\app\\admin\\content\\home\\page.tsx"
2026-01-16T09:20:48.186670Z  INFO tailwindcss_oxide::scanner: Reading "C:\\xampp\\htdocs\\tutorial2\\app\\api\\admin\\payments\\list\\route.ts"
2026-01-16T09:20:48.186686Z  INFO tailwindcss_oxide::scanner: Reading "C:\\xampp\\htdocs\\tutorial2\\app\\api\\payments\\cleanup\\route.ts"
2026-01-16T09:20:48.186832Z  INFO tailwindcss_oxide::scanner: Reading "C:\\xampp\\htdocs\\tutorial2\\app\\api\\payments\\complete\\route.ts"
2026-01-16T09:20:48.186862Z  INFO tailwindcss_oxide::scanner: Reading "C:\\xampp\\htdocs\\tutorial2\\app\\api\\admin\\payments\\route.ts"
2026-01-16T09:20:48.186919Z  INFO tailwindcss_oxide::scanner: Reading "C:\\xampp\\htdocs\\tutorial2\\app\\admin\\content\\page.tsx"
2026-01-16T09:20:48.186935Z  INFO tailwindcss_oxide::scanner: Reading "C:\\xampp\\htdocs\\tutorial2\\app\\api\\payments\\mobile-money\\route.ts"
2026-01-16T09:20:48.187051Z  INFO tailwindcss_oxide::scanner: Reading "C:\\xampp\\htdocs\\tutorial2\\app\\api\\admin\\payments\\[id]\\refund\\route.ts"
2026-01-16T09:20:48.187093Z  INFO tailwindcss_oxide::scanner: Reading "C:\\xampp\\htdocs\\tutorial2\\app\\api\\payments\\payment-status\\route.ts"
2026-01-16T09:20:48.187116Z  INFO tailwindcss_oxide::scanner: Reading "C:\\xampp\\htdocs\\tutorial2\\database\\events_setup_clean.sql"
2026-01-16T09:20:48.187191Z  INFO tailwindcss_oxide::scanner: Reading "C:\\xampp\\htdocs\\tutorial2\\app\\api\\admin\\payments\\[id]\\route.ts"
2026-01-16T09:20:48.187254Z  INFO tailwindcss_oxide::scanner: Reading "C:\\xampp\\htdocs\\tutorial2\\app\\api\\payments\\process\\route.ts"
2026-01-16T09:20:48.187284Z  INFO tailwindcss_oxide::scanner: Reading "C:\\xampp\\htdocs\\tutorial2\\database\\fix_payments_table.sql"
2026-01-16T09:20:48.187308Z  INFO tailwindcss_oxide::scanner: Reading "C:\\xampp\\htdocs\\tutorial2\\app\\api\\admin\\reject-member\\route.ts"
2026-01-16T09:20:48.187379Z  INFO tailwindcss_oxide::scanner: Reading "C:\\xampp\\htdocs\\tutorial2\\app\\api\\reports\\generate\\route.ts"
2026-01-16T09:20:48.187382Z  INFO tailwindcss_oxide::scanner: Reading "C:\\xampp\\htdocs\\tutorial2\\app\\api\\admin\\report\\route.ts"
2026-01-16T09:20:48.187381Z  INFO tailwindcss_oxide::scanner: Reading "C:\\xampp\\htdocs\\tutorial2\\database\\membership_cycles_migration.sql"
2026-01-16T09:20:48.187455Z  INFO tailwindcss_oxide::scanner: Reading "C:\\xampp\\htdocs\\tutorial2\\app\\api\\reports\\send-email\\route.ts"
2026-01-16T09:20:48.187463Z  INFO tailwindcss_oxide::scanner: Reading "C:\\xampp\\htdocs\\tutorial2\\app\\api\\admin\\reports\\generate\\route.ts"
2026-01-16T09:20:48.187410Z  INFO tailwindcss_oxide::scanner: Reading "C:\\xampp\\htdocs\\tutorial2\\convex\\_generated\\server.js"
2026-01-16T09:20:48.187528Z  INFO tailwindcss_oxide::scanner: Reading "C:\\xampp\\htdocs\\tutorial2\\database\\quick_fix_payments.sql"
2026-01-16T09:20:48.187595Z  INFO tailwindcss_oxide::scanner: Reading "C:\\xampp\\htdocs\\tutorial2\\app\\api\\admin\\reports\\route.ts"
2026-01-16T09:20:48.187606Z  INFO tailwindcss_oxide::scanner: Reading "C:\\xampp\\htdocs\\tutorial2\\app\\api\\send-approval-email\\route.ts"
2026-01-16T09:20:48.187609Z  INFO tailwindcss_oxide::scanner: Reading "C:\\xampp\\htdocs\\tutorial2\\cookies.txt"
2026-01-16T09:20:48.187629Z  INFO tailwindcss_oxide::scanner: Reading "C:\\xampp\\htdocs\\tutorial2\\database\\setup_events.sql"
2026-01-16T09:20:48.187660Z  INFO tailwindcss_oxide::scanner: Reading "C:\\xampp\\htdocs\\tutorial2\\app\\api\\admin\\reset-admin\\route.ts"
2026-01-16T09:20:48.187685Z  INFO tailwindcss_oxide::scanner: Reading "C:\\xampp\\htdocs\\tutorial2\\create_payments_table.php"
2026-01-16T09:20:48.187715Z  INFO tailwindcss_oxide::scanner: Reading "C:\\xampp\\htdocs\\tutorial2\\app\\api\\admin\\users\\restore\\route.ts"
2026-01-16T09:20:48.187716Z  INFO tailwindcss_oxide::scanner: Reading "C:\\xampp\\htdocs\\tutorial2\\database\\setup_tables.bat"
2026-01-16T09:20:48.187718Z  INFO tailwindcss_oxide::scanner: Reading "C:\\xampp\\htdocs\\tutorial2\\app\\api\\settings\\route.ts"
2026-01-16T09:20:48.187719Z  INFO tailwindcss_oxide::scanner: Reading "C:\\xampp\\htdocs\\tutorial2\\test_payment_flow_complete.php"
2026-01-16T09:20:48.187744Z  INFO tailwindcss_oxide::scanner: Reading "C:\\xampp\\htdocs\\tutorial2\\create_profile_for_user25.php"
2026-01-16T09:20:48.187766Z  INFO tailwindcss_oxide::scanner: Reading "C:\\xampp\\htdocs\\tutorial2\\app\\api\\admin\\users\\route.ts"
2026-01-16T09:20:48.187799Z  INFO tailwindcss_oxide::scanner: Reading "C:\\xampp\\htdocs\\tutorial2\\Database.php"
2026-01-16T09:20:48.187801Z  INFO tailwindcss_oxide::scanner: Reading "C:\\xampp\\htdocs\\tutorial2\\app\\api\\setup\\ensure-admin\\route.ts"
2026-01-16T09:20:48.187802Z  INFO tailwindcss_oxide::scanner: Reading "C:\\xampp\\htdocs\\tutorial2\\create_profile_user25.php"
2026-01-16T09:20:48.187829Z  INFO tailwindcss_oxide::scanner: Reading "C:\\xampp\\htdocs\\tutorial2\\app\\api\\admin\\users\\[id]\\approve\\route.ts"
2026-01-16T09:20:48.187879Z  INFO tailwindcss_oxide::scanner: Reading "C:\\xampp\\htdocs\\tutorial2\\Database.php~"
2026-01-16T09:20:48.187887Z  INFO tailwindcss_oxide::scanner: Reading "C:\\xampp\\htdocs\\tutorial2\\database\\add_phone_number_to_payments.sql"
2026-01-16T09:20:48.187891Z  INFO tailwindcss_oxide::scanner: Reading "C:\\xampp\\htdocs\\tutorial2\\app\\api\\admin\\users\\[id]\\details\\route.ts"
2026-01-16T09:20:48.187893Z  INFO tailwindcss_oxide::scanner: Reading "C:\\xampp\\htdocs\\tutorial2\\app\\api\\admin\\users\\[id]\\password\\route.ts"
2026-01-16T09:20:48.187964Z  INFO tailwindcss_oxide::scanner: Reading "C:\\xampp\\htdocs\\tutorial2\\debug_membership.php"
2026-01-16T09:20:48.187968Z  INFO tailwindcss_oxide::scanner: Reading "C:\\xampp\\htdocs\\tutorial2\\database\\create_content_management_tables.sql"
2026-01-16T09:20:48.187976Z  INFO tailwindcss_oxide::scanner: Reading "C:\\xampp\\htdocs\\tutorial2\\app\\api\\admin\\users\\[id]\\membership-status\\route.ts"
2026-01-16T09:20:48.188014Z  INFO tailwindcss_oxide::scanner: Reading "C:\\xampp\\htdocs\\tutorial2\\app\\api\\admin\\users\\[id]\\reject\\route.ts"
2026-01-16T09:20:48.188045Z  INFO tailwindcss_oxide::scanner: Reading "C:\\xampp\\htdocs\\tutorial2\\debug_membership_card_issue.php"
2026-01-16T09:20:48.188053Z  INFO tailwindcss_oxide::scanner: Reading "C:\\xampp\\htdocs\\tutorial2\\PAYMENT_TESTING_GUIDE.md"
2026-01-16T09:20:48.188070Z  INFO tailwindcss_oxide::scanner: Reading "C:\\xampp\\htdocs\\tutorial2\\database\\create_content_tables.sql"
2026-01-16T09:20:48.188116Z  INFO tailwindcss_oxide::scanner: Reading "C:\\xampp\\htdocs\\tutorial2\\app\\api\\admin\\users\\[id]\\route.ts"
2026-01-16T09:20:48.188122Z  INFO tailwindcss_oxide::scanner: Reading "C:\\xampp\\htdocs\\tutorial2\\debug_password.php"
2026-01-16T09:20:48.188130Z  INFO tailwindcss_oxide::scanner: Reading "C:\\xampp\\htdocs\\tutorial2\\pnpm-workspace.yaml"
2026-01-16T09:20:48.188132Z  INFO tailwindcss_oxide::scanner: Reading "C:\\xampp\\htdocs\\tutorial2\\database\\create_events_first.sql"
2026-01-16T09:20:48.188192Z  INFO tailwindcss_oxide::scanner: Reading "C:\\xampp\\htdocs\\tutorial2\\postcss.config.mjs"
2026-01-16T09:20:48.188197Z  INFO tailwindcss_oxide::scanner: Reading "C:\\xampp\\htdocs\\tutorial2\\database\\create_events_tables.sql"
2026-01-16T09:20:48.188210Z  INFO tailwindcss_oxide::scanner: Reading "C:\\xampp\\htdocs\\tutorial2\\test_payment_flow_new.php"
2026-01-16T09:20:48.188211Z  INFO tailwindcss_oxide::scanner: Reading "C:\\xampp\\htdocs\\tutorial2\\debug_payment_flow.php"
2026-01-16T09:20:48.188228Z  INFO tailwindcss_oxide::scanner: Reading "C:\\xampp\\htdocs\\tutorial2\\app\\api\\auth\\forgot-password\\route.ts"
2026-01-16T09:20:48.188251Z  INFO tailwindcss_oxide::scanner: Reading "C:\\xampp\\htdocs\\tutorial2\\public\\file.svg"
2026-01-16T09:20:48.188287Z  INFO tailwindcss_oxide::scanner: Reading "C:\\xampp\\htdocs\\tutorial2\\database\\create_membership_payments_table.sql"
2026-01-16T09:20:48.188301Z  INFO tailwindcss_oxide::scanner: Reading "C:\\xampp\\htdocs\\tutorial2\\debug_profile_data.php"
2026-01-16T09:20:48.188306Z  INFO tailwindcss_oxide::scanner: Reading "C:\\xampp\\htdocs\\tutorial2\\public\\globe.svg"
2026-01-16T09:20:48.188312Z  INFO tailwindcss_oxide::scanner: Reading "C:\\xampp\\htdocs\\tutorial2\\app\\api\\auth\\login\\route.ts"
2026-01-16T09:20:48.188361Z  INFO tailwindcss_oxide::scanner: Reading "C:\\xampp\\htdocs\\tutorial2\\public\\next.svg"
2026-01-16T09:20:48.188362Z  INFO tailwindcss_oxide::scanner: Reading "C:\\xampp\\htdocs\\tutorial2\\test_payment_methods_fixed.php"
2026-01-16T09:20:48.188372Z  INFO tailwindcss_oxide::scanner: Reading "C:\\xampp\\htdocs\\tutorial2\\database\\create_messages_table.sql"
2026-01-16T09:20:48.188389Z  INFO tailwindcss_oxide::scanner: Reading "C:\\xampp\\htdocs\\tutorial2\\debug_report_generation.php"
2026-01-16T09:20:48.188395Z  INFO tailwindcss_oxide::scanner: Reading "C:\\xampp\\htdocs\\tutorial2\\app\\api\\auth\\logout\\route.ts"
2026-01-16T09:20:48.188419Z  INFO tailwindcss_oxide::scanner: Reading "C:\\xampp\\htdocs\\tutorial2\\public\\vercel.svg"
2026-01-16T09:20:48.188419Z  INFO tailwindcss_oxide::scanner: Reading "C:\\xampp\\htdocs\\tutorial2\\test_payment_success_endpoint.php"
2026-01-16T09:20:48.188427Z  INFO tailwindcss_oxide::scanner: Reading "C:\\xampp\\htdocs\\tutorial2\\database\\create_payments_table.sql"
2026-01-16T09:20:48.188469Z  INFO tailwindcss_oxide::scanner: Reading "C:\\xampp\\htdocs\\tutorial2\\public\\window.svg"
2026-01-16T09:20:48.188476Z  INFO tailwindcss_oxide::scanner: Reading "C:\\xampp\\htdocs\\tutorial2\\check_payments_structure.php"
2026-01-16T09:20:48.188478Z  INFO tailwindcss_oxide::scanner: Reading "C:\\xampp\\htdocs\\tutorial2\\debug_test_payment.php"
2026-01-16T09:20:48.188497Z  INFO tailwindcss_oxide::scanner: Reading "C:\\xampp\\htdocs\\tutorial2\\check_user_profile.php"
2026-01-16T09:20:48.188535Z  INFO tailwindcss_oxide::scanner: Reading "C:\\xampp\\htdocs\\tutorial2\\QUICK_REFERENCE.md"
2026-01-16T09:20:48.188523Z  INFO tailwindcss_oxide::scanner: Reading "C:\\xampp\\htdocs\\tutorial2\\test_reports_api.php"
2026-01-16T09:20:48.188582Z  INFO tailwindcss_oxide::scanner: Reading "C:\\xampp\\htdocs\\tutorial2\\debug_user25_api.php"
2026-01-16T09:20:48.188585Z  INFO tailwindcss_oxide::scanner: Reading "C:\\xampp\\htdocs\\tutorial2\\check_payment_methods.php"
2026-01-16T09:20:48.188584Z  INFO tailwindcss_oxide::scanner: Reading "C:\\xampp\\htdocs\\tutorial2\\check_user_profiles_structure.php"
2026-01-16T09:20:48.188634Z  INFO tailwindcss_oxide::scanner: Reading "C:\\xampp\\htdocs\\tutorial2\\README.md"
2026-01-16T09:20:48.188639Z  INFO tailwindcss_oxide::scanner: Reading "C:\\xampp\\htdocs\\tutorial2\\test_reports_endpoint.php"
2026-01-16T09:20:48.188585Z  INFO tailwindcss_oxide::scanner: Reading "C:\\xampp\\htdocs\\tutorial2\\app\\fix-auth\\page.tsx"
2026-01-16T09:20:48.188663Z  INFO tailwindcss_oxide::scanner: Reading "C:\\xampp\\htdocs\\tutorial2\\COMPLETE_CHECKLIST.md"
2026-01-16T09:20:48.188682Z  INFO tailwindcss_oxide::scanner: Reading "C:\\xampp\\htdocs\\tutorial2\\check_payment_tables.php"
2026-01-16T09:20:48.188684Z  INFO tailwindcss_oxide::scanner: Reading "C:\\xampp\\htdocs\\tutorial2\\debug_user26.php"
2026-01-16T09:20:48.188706Z  INFO tailwindcss_oxide::scanner: Reading "C:\\xampp\\htdocs\\tutorial2\\test_simple_api.php"
2026-01-16T09:20:48.188712Z  INFO tailwindcss_oxide::scanner: Reading "C:\\xampp\\htdocs\\tutorial2\\README_MEMBERSHIP_SYSTEM.md"
2026-01-16T09:20:48.188739Z  INFO tailwindcss_oxide::scanner: Reading "C:\\xampp\\htdocs\\tutorial2\\complete_latest_payment.php"
2026-01-16T09:20:48.188743Z  INFO tailwindcss_oxide::scanner: Reading "C:\\xampp\\htdocs\\tutorial2\\app\\layout.tsx"
2026-01-16T09:20:48.188761Z  INFO tailwindcss_oxide::scanner: Reading "C:\\xampp\\htdocs\\tutorial2\\test_simple_payment.php"
2026-01-16T09:20:48.188766Z  INFO tailwindcss_oxide::scanner: Reading "C:\\xampp\\htdocs\\tutorial2\\check_recent_payments.php"
2026-01-16T09:20:48.188770Z  INFO tailwindcss_oxide::scanner: Reading "C:\\xampp\\htdocs\\tutorial2\\ensure_approved_users_membership.php"
2026-01-16T09:20:48.188782Z  INFO tailwindcss_oxide::scanner: Reading "C:\\xampp\\htdocs\\tutorial2\\recreate_payments_table.php"
2026-01-16T09:20:48.188794Z  INFO tailwindcss_oxide::scanner: Reading "C:\\xampp\\htdocs\\tutorial2\\complete_pending_payments.php"
2026-01-16T09:20:48.188802Z  INFO tailwindcss_oxide::scanner: Reading "C:\\xampp\\htdocs\\tutorial2\\app\\not-found.tsx"
2026-01-16T09:20:48.188812Z  INFO tailwindcss_oxide::scanner: Reading "C:\\xampp\\htdocs\\tutorial2\\test_sophisticated_payment_system.php"
2026-01-16T09:20:48.188837Z  INFO tailwindcss_oxide::scanner: Reading "C:\\xampp\\htdocs\\tutorial2\\components\\admin\\ReportModal.tsx"
2026-01-16T09:20:48.188849Z  INFO tailwindcss_oxide::scanner: Reading "C:\\xampp\\htdocs\\tutorial2\\check_schema.php"
2026-01-16T09:20:48.188853Z  INFO tailwindcss_oxide::scanner: Reading "C:\\xampp\\htdocs\\tutorial2\\ensure_membership_numbers.php"
2026-01-16T09:20:48.188851Z  INFO tailwindcss_oxide::scanner: Reading "C:\\xampp\\htdocs\\tutorial2\\MULTI_CHART_DASHBOARD.md"
2026-01-16T09:20:48.188863Z  INFO tailwindcss_oxide::scanner: Reading "C:\\xampp\\htdocs\\tutorial2\\app\\page.tsx"
2026-01-16T09:20:48.188887Z  INFO tailwindcss_oxide::scanner: Reading "C:\\xampp\\htdocs\\tutorial2\\TLA_Membership_Card_Presentation.md"
2026-01-16T09:20:48.188904Z  INFO tailwindcss_oxide::scanner: Reading "C:\\xampp\\htdocs\\tutorial2\\app\\scripts\\seed.ts"
2026-01-16T09:20:48.188936Z  INFO tailwindcss_oxide::scanner: Reading "C:\\xampp\\htdocs\\tutorial2\\app\\schemas\\auth.ts"
2026-01-16T09:20:48.188940Z  INFO tailwindcss_oxide::scanner: Reading "C:\\xampp\\htdocs\\tutorial2\\MULTI_CHART_IMPLEMENTATION_SUMMARY.md"
2026-01-16T09:20:48.188945Z  INFO tailwindcss_oxide::scanner: Reading "C:\\xampp\\htdocs\\tutorial2\\eslint.config.mjs"
2026-01-16T09:20:48.188958Z  INFO tailwindcss_oxide::scanner: Reading "C:\\xampp\\htdocs\\tutorial2\\app\\unauthorized\\page.tsx"
2026-01-16T09:20:48.188950Z  INFO tailwindcss_oxide::scanner: Reading "C:\\xampp\\htdocs\\tutorial2\\check_table_structure.php"
2026-01-16T09:20:48.188980Z  INFO tailwindcss_oxide::scanner: Reading "C:\\xampp\\htdocs\\tutorial2\\TLA_PowerPoint_Guide.md"
2026-01-16T09:20:48.188996Z  INFO tailwindcss_oxide::scanner: Reading "C:\\xampp\\htdocs\\tutorial2\\fix_membership.php"
2026-01-16T09:20:48.189006Z  INFO tailwindcss_oxide::scanner: Reading "C:\\xampp\\htdocs\\tutorial2\\next.config.js"
2026-01-16T09:20:48.189010Z  INFO tailwindcss_oxide::scanner: Reading "C:\\xampp\\htdocs\\tutorial2\\check_database.php"
2026-01-16T09:20:48.189028Z  INFO tailwindcss_oxide::scanner: Reading "C:\\xampp\\htdocs\\tutorial2\\fix_all_membership_numbers.sql"
2026-01-16T09:20:48.189033Z  INFO tailwindcss_oxide::scanner: Reading "C:\\xampp\\htdocs\\tutorial2\\migrations\\create_payments_table.sql"
2026-01-16T09:20:48.189056Z  INFO tailwindcss_oxide::scanner: Reading "C:\\xampp\\htdocs\\tutorial2\\next.config.ts"
2026-01-16T09:20:48.189058Z  INFO tailwindcss_oxide::scanner: Reading "C:\\xampp\\htdocs\\tutorial2\\update_approval_process.php"
2026-01-16T09:20:48.189060Z  INFO tailwindcss_oxide::scanner: Reading "C:\\xampp\\htdocs\\tutorial2\\check_membership.php"
2026-01-16T09:20:48.189077Z  INFO tailwindcss_oxide::scanner: Reading "C:\\xampp\\htdocs\\tutorial2\\TLA_Presentation.html"
2026-01-16T09:20:48.189103Z  INFO tailwindcss_oxide::scanner: Reading "C:\\xampp\\htdocs\\tutorial2\\migrations\\update_membership_types.sql"
2026-01-16T09:20:48.189116Z  INFO tailwindcss_oxide::scanner: Reading "C:\\xampp\\htdocs\\tutorial2\\package.json"
2026-01-16T09:20:48.189119Z  INFO tailwindcss_oxide::scanner: Reading "C:\\xampp\\htdocs\\tutorial2\\fix_all_membership_status.php"
2026-01-16T09:20:48.189126Z  INFO tailwindcss_oxide::scanner: Reading "C:\\xampp\\htdocs\\tutorial2\\check_memberships_columns.php"
2026-01-16T09:20:48.189138Z  INFO tailwindcss_oxide::scanner: Reading "C:\\xampp\\htdocs\\tutorial2\\tsconfig.json"
2026-01-16T09:20:48.189147Z  INFO tailwindcss_oxide::scanner: Reading "C:\\xampp\\htdocs\\tutorial2\\update_user25_profile.php"
2026-01-16T09:20:48.189176Z  INFO tailwindcss_oxide::scanner: Reading "C:\\xampp\\htdocs\\tutorial2\\check_membership_numbers.php"
2026-01-16T09:20:48.189173Z  INFO tailwindcss_oxide::scanner: Reading "C:\\xampp\\htdocs\\tutorial2\\vercel.json"
2026-01-16T09:20:48.189177Z  INFO tailwindcss_oxide::scanner: Reading "C:\\xampp\\htdocs\\tutorial2\\PAYMENT_FLOW_IMPLEMENTATION.md"
2026-01-16T09:20:48.189195Z  INFO tailwindcss_oxide::scanner: Reading "C:\\xampp\\htdocs\\tutorial2\\types\\database.d.ts"
2026-01-16T09:20:48.189206Z  INFO tailwindcss_oxide::scanner: Reading "C:\\xampp\\htdocs\\tutorial2\\verify_installation.php"
2026-01-16T09:20:48.189232Z  INFO tailwindcss_oxide::scanner: Reading "C:\\xampp\\htdocs\\tutorial2\\validate_membership_system.php"
2026-01-16T09:20:48.189241Z  INFO tailwindcss_oxide::scanner: Reading "C:\\xampp\\htdocs\\tutorial2\\fix_membership_status.sql"
2026-01-16T09:20:48.189244Z  INFO tailwindcss_oxide::scanner: Reading "C:\\xampp\\htdocs\\tutorial2\\IMPLEMENTATION_COMPLETE.md"
2026-01-16T09:20:48.189257Z  INFO tailwindcss_oxide::scanner: Reading "C:\\xampp\\htdocs\\tutorial2\\fix_user25_profile.php"
2026-01-16T09:20:48.189279Z  INFO tailwindcss_oxide::scanner: Reading "C:\\xampp\\htdocs\\tutorial2\\verify_user_membership.php"
2026-01-16T09:20:48.189298Z  INFO tailwindcss_oxide::scanner: Reading "C:\\xampp\\htdocs\\tutorial2\\lib\\db-mock.ts"
2026-01-16T09:20:48.189298Z  INFO tailwindcss_oxide::scanner: Reading "C:\\xampp\\htdocs\\tutorial2\\fix_missing_membership.php"
2026-01-16T09:20:48.189301Z  INFO tailwindcss_oxide::scanner: Reading "C:\\xampp\\htdocs\\tutorial2\\fix_membership_number.php"
2026-01-16T09:20:48.189315Z  INFO tailwindcss_oxide::scanner: Reading "C:\\xampp\\htdocs\\tutorial2\\IMPLEMENTATION_STATUS.md"
2026-01-16T09:20:48.189315Z  INFO tailwindcss_oxide::scanner: Reading "C:\\xampp\\htdocs\\tutorial2\\generate_random_membership_numbers.php"
2026-01-16T09:20:48.189352Z  INFO tailwindcss_oxide::scanner: Reading "C:\\xampp\\htdocs\\tutorial2\\lib\\db-utils.ts"
2026-01-16T09:20:48.189352Z  INFO tailwindcss_oxide::scanner: Reading "C:\\xampp\\htdocs\\tutorial2\\fix_payment_methods.php"
2026-01-16T09:20:48.189372Z  INFO tailwindcss_oxide::scanner: Reading "C:\\xampp\\htdocs\\tutorial2\\jwt.php"
2026-01-16T09:20:48.189380Z  INFO tailwindcss_oxide::scanner: Reading "C:\\xampp\\htdocs\\tutorial2\\insert_user25_profile.sql"
2026-01-16T09:20:48.189382Z  INFO tailwindcss_oxide::scanner: Reading "C:\\xampp\\htdocs\\tutorial2\\how a206dee --stat"
2026-01-16T09:20:48.189390Z  INFO tailwindcss_oxide::scanner: Reading "C:\\xampp\\htdocs\\tutorial2\\fix_membership_numbers.sql"
2026-01-16T09:20:48.189402Z  INFO tailwindcss_oxide::scanner: Reading "C:\\xampp\\htdocs\\tutorial2\\lib\\db.ts"
2026-01-16T09:20:48.189406Z  INFO tailwindcss_oxide::scanner: Reading "C:\\xampp\\htdocs\\tutorial2\\lib\\email-config.ts"
2026-01-16T09:20:48.189443Z  INFO tailwindcss_oxide::scanner: Reading "C:\\xampp\\htdocs\\tutorial2\\lib\\azampay.ts"
2026-01-16T09:20:48.189438Z  INFO tailwindcss_oxide::scanner: Reading "C:\\xampp\\htdocs\\tutorial2\\lib\\email-simple.ts"
2026-01-16T09:20:48.189499Z  INFO tailwindcss_oxide::scanner: Reading "C:\\xampp\\htdocs\\tutorial2\\fix_membership_standalone.php"
2026-01-16T09:20:48.189462Z  INFO tailwindcss_oxide::scanner: Reading "C:\\xampp\\htdocs\\tutorial2\\lib\\membership-pricing.ts"
2026-01-16T09:20:48.189461Z  INFO tailwindcss_oxide::scanner: Reading "C:\\xampp\\htdocs\\tutorial2\\lib\\auth.ts"
2026-01-16T09:20:48.189572Z  INFO tailwindcss_oxide::scanner: Reading "C:\\xampp\\htdocs\\tutorial2\\fix_memberships_table.sql"
2026-01-16T09:20:48.189666Z  INFO tailwindcss_oxide::scanner: Reading "C:\\xampp\\htdocs\\tutorial2\\app\\api\\admin\\content\\about\\route.ts"
2026-01-16T09:20:48.189866Z  INFO extract_candidates:read_all_files: tailwindcss_oxide::scanner: exit
2026-01-16T09:20:48.189896Z  INFO extract_candidates:parse_all_blobs: tailwindcss_oxide::scanner: enter
2026-01-16T09:20:48.189902Z  INFO extract_candidates:parse_all_blobs:extract: tailwindcss_oxide::scanner: enter
2026-01-16T09:20:48.204732Z  INFO extract_candidates:parse_all_blobs:extract: tailwindcss_oxide::scanner: exit
2026-01-16T09:20:48.205343Z  INFO extract_candidates:parse_all_blobs: tailwindcss_oxide::scanner: exit
2026-01-16T09:20:48.205365Z  INFO extract_candidates:read_all_files: tailwindcss_oxide::scanner: enter
2026-01-16T09:20:48.205370Z  INFO extract_candidates:read_all_files: tailwindcss_oxide::scanner: Reading 3 file(s)
2026-01-16T09:20:48.205595Z  INFO tailwindcss_oxide::scanner: Reading "C:\\xampp\\htdocs\\tutorial2\\app\\globals.css"
2026-01-16T09:20:48.205595Z  INFO tailwindcss_oxide::scanner: Reading "C:\\xampp\\htdocs\\tutorial2\\app\\print.css"
2026-01-16T09:20:48.205595Z  INFO tailwindcss_oxide::scanner: Reading "C:\\xampp\\htdocs\\tutorial2\\app\\dashboard\\membership-card\\print-styles.css"
2026-01-16T09:20:48.205670Z  INFO extract_candidates:read_all_files: tailwindcss_oxide::scanner: exit
2026-01-16T09:20:48.205687Z  INFO extract_candidates:extract_css_variables: tailwindcss_oxide::scanner: enter
2026-01-16T09:20:48.205692Z  INFO extract_candidates:extract_css_variables:extract: tailwindcss_oxide::scanner: enter
2026-01-16T09:20:48.205843Z  INFO extract_candidates:extract_css_variables:extract: tailwindcss_oxide::scanner: exit
2026-01-16T09:20:48.205854Z  INFO extract_candidates:extract_css_variables: tailwindcss_oxide::scanner: exit
2026-01-16T09:20:48.207723Z  INFO extract_candidates: tailwindcss_oxide::scanner: exit
2026-01-16T09:20:48.209720Z  INFO get_files: tailwindcss_oxide::scanner: enter
2026-01-16T09:20:48.209761Z  INFO get_files:scan_sources: tailwindcss_oxide::scanner: enter
2026-01-16T09:20:48.211581Z  INFO get_files:scan_sources: tailwindcss_oxide::scanner: Discovering "C:\\xampp\\htdocs\\tutorial2\\.windsurf"
2026-01-16T09:20:48.211743Z  INFO get_files:scan_sources: tailwindcss_oxide::scanner: Discovering "C:\\xampp\\htdocs\\tutorial2\\.windsurf\\workflows"
2026-01-16T09:20:48.212174Z  INFO get_files:scan_sources: tailwindcss_oxide::scanner: Discovering "C:\\xampp\\htdocs\\tutorial2\\api"
2026-01-16T09:20:48.212319Z  INFO get_files:scan_sources: tailwindcss_oxide::scanner: Discovering "C:\\xampp\\htdocs\\tutorial2\\api\\auth"
2026-01-16T09:20:48.212609Z  INFO get_files:scan_sources: tailwindcss_oxide::scanner: Discovering "C:\\xampp\\htdocs\\tutorial2\\app"
2026-01-16T09:20:48.212758Z  INFO get_files:scan_sources: tailwindcss_oxide::scanner: Discovering "C:\\xampp\\htdocs\\tutorial2\\app\\(layout)"
2026-01-16T09:20:48.212950Z  INFO get_files:scan_sources: tailwindcss_oxide::scanner: Discovering "C:\\xampp\\htdocs\\tutorial2\\app\\(shared-layout)"
2026-01-16T09:20:48.213165Z  INFO get_files:scan_sources: tailwindcss_oxide::scanner: Discovering "C:\\xampp\\htdocs\\tutorial2\\app\\about"
2026-01-16T09:20:48.213416Z  INFO get_files:scan_sources: tailwindcss_oxide::scanner: Discovering "C:\\xampp\\htdocs\\tutorial2\\app\\about-us"
2026-01-16T09:20:48.213604Z  INFO get_files:scan_sources: tailwindcss_oxide::scanner: Discovering "C:\\xampp\\htdocs\\tutorial2\\app\\admin"
2026-01-16T09:20:48.213749Z  INFO get_files:scan_sources: tailwindcss_oxide::scanner: Discovering "C:\\xampp\\htdocs\\tutorial2\\app\\admin\\cards"
2026-01-16T09:20:48.213930Z  INFO get_files:scan_sources: tailwindcss_oxide::scanner: Discovering "C:\\xampp\\htdocs\\tutorial2\\app\\admin\\content"
2026-01-16T09:20:48.214069Z  INFO get_files:scan_sources: tailwindcss_oxide::scanner: Discovering "C:\\xampp\\htdocs\\tutorial2\\app\\admin\\content\\about"
2026-01-16T09:20:48.214260Z  INFO get_files:scan_sources: tailwindcss_oxide::scanner: Discovering "C:\\xampp\\htdocs\\tutorial2\\app\\admin\\content\\contact"
2026-01-16T09:20:48.214430Z  INFO get_files:scan_sources: tailwindcss_oxide::scanner: Discovering "C:\\xampp\\htdocs\\tutorial2\\app\\admin\\content\\home"
2026-01-16T09:20:48.214670Z  INFO get_files:scan_sources: tailwindcss_oxide::scanner: Discovering "C:\\xampp\\htdocs\\tutorial2\\app\\admin\\dashboard"
2026-01-16T09:20:48.214880Z  INFO get_files:scan_sources: tailwindcss_oxide::scanner: Discovering "C:\\xampp\\htdocs\\tutorial2\\app\\admin\\events"
2026-01-16T09:20:48.215060Z  INFO get_files:scan_sources: tailwindcss_oxide::scanner: Discovering "C:\\xampp\\htdocs\\tutorial2\\app\\admin\\events\\[id]"
2026-01-16T09:20:48.215230Z  INFO get_files:scan_sources: tailwindcss_oxide::scanner: Discovering "C:\\xampp\\htdocs\\tutorial2\\app\\admin\\events\\[id]\\registrations"
2026-01-16T09:20:48.215523Z  INFO get_files:scan_sources: tailwindcss_oxide::scanner: Discovering "C:\\xampp\\htdocs\\tutorial2\\app\\admin\\membership"
2026-01-16T09:20:48.215784Z  INFO get_files:scan_sources: tailwindcss_oxide::scanner: Discovering "C:\\xampp\\htdocs\\tutorial2\\app\\admin\\news"
2026-01-16T09:20:48.216500Z  INFO get_files:scan_sources: tailwindcss_oxide::scanner: Discovering "C:\\xampp\\htdocs\\tutorial2\\app\\admin\\payment"
2026-01-16T09:20:48.216884Z  INFO get_files:scan_sources: tailwindcss_oxide::scanner: Discovering "C:\\xampp\\htdocs\\tutorial2\\app\\admin\\payments"
2026-01-16T09:20:48.217190Z  INFO get_files:scan_sources: tailwindcss_oxide::scanner: Discovering "C:\\xampp\\htdocs\\tutorial2\\app\\admin\\reports"
2026-01-16T09:20:48.217479Z  INFO get_files:scan_sources: tailwindcss_oxide::scanner: Discovering "C:\\xampp\\htdocs\\tutorial2\\app\\admin\\requests"
2026-01-16T09:20:48.217659Z  INFO get_files:scan_sources: tailwindcss_oxide::scanner: Discovering "C:\\xampp\\htdocs\\tutorial2\\app\\admin\\users"
2026-01-16T09:20:48.217805Z  INFO get_files:scan_sources: tailwindcss_oxide::scanner: Discovering "C:\\xampp\\htdocs\\tutorial2\\app\\admin\\users\\[id]"
2026-01-16T09:20:48.218081Z  INFO get_files:scan_sources: tailwindcss_oxide::scanner: Discovering "C:\\xampp\\htdocs\\tutorial2\\app\\api"
2026-01-16T09:20:48.218437Z  INFO get_files:scan_sources: tailwindcss_oxide::scanner: Discovering "C:\\xampp\\htdocs\\tutorial2\\app\\api\\about-content"
2026-01-16T09:20:48.218865Z  INFO get_files:scan_sources: tailwindcss_oxide::scanner: Discovering "C:\\xampp\\htdocs\\tutorial2\\app\\api\\admin"
2026-01-16T09:20:48.219317Z  INFO get_files:scan_sources: tailwindcss_oxide::scanner: Discovering "C:\\xampp\\htdocs\\tutorial2\\app\\api\\admin\\approve-member"
2026-01-16T09:20:48.219677Z  INFO get_files:scan_sources: tailwindcss_oxide::scanner: Discovering "C:\\xampp\\htdocs\\tutorial2\\app\\api\\admin\\cards"
2026-01-16T09:20:48.220044Z  INFO get_files:scan_sources: tailwindcss_oxide::scanner: Discovering "C:\\xampp\\htdocs\\tutorial2\\app\\api\\admin\\content"
2026-01-16T09:20:48.220320Z  INFO get_files:scan_sources: tailwindcss_oxide::scanner: Discovering "C:\\xampp\\htdocs\\tutorial2\\app\\api\\admin\\content\\about"
2026-01-16T09:20:48.220660Z  INFO get_files:scan_sources: tailwindcss_oxide::scanner: Discovering "C:\\xampp\\htdocs\\tutorial2\\app\\api\\admin\\content\\about\\[id]"
2026-01-16T09:20:48.220863Z  INFO get_files:scan_sources: tailwindcss_oxide::scanner: Discovering "C:\\xampp\\htdocs\\tutorial2\\app\\api\\admin\\content\\contact"
2026-01-16T09:20:48.220990Z  INFO get_files:scan_sources: tailwindcss_oxide::scanner: Discovering "C:\\xampp\\htdocs\\tutorial2\\app\\api\\admin\\content\\contact\\[id]"
2026-01-16T09:20:48.221173Z  INFO get_files:scan_sources: tailwindcss_oxide::scanner: Discovering "C:\\xampp\\htdocs\\tutorial2\\app\\api\\admin\\content\\footer"
2026-01-16T09:20:48.221291Z  INFO get_files:scan_sources: tailwindcss_oxide::scanner: Discovering "C:\\xampp\\htdocs\\tutorial2\\app\\api\\admin\\content\\home"
2026-01-16T09:20:48.221400Z  INFO get_files:scan_sources: tailwindcss_oxide::scanner: Discovering "C:\\xampp\\htdocs\\tutorial2\\app\\api\\admin\\content\\home\\[id]"
2026-01-16T09:20:48.221537Z  INFO get_files:scan_sources: tailwindcss_oxide::scanner: Discovering "C:\\xampp\\htdocs\\tutorial2\\app\\api\\admin\\content\\media"
2026-01-16T09:20:48.221661Z  INFO get_files:scan_sources: tailwindcss_oxide::scanner: Discovering "C:\\xampp\\htdocs\\tutorial2\\app\\api\\admin\\content\\navigation"
2026-01-16T09:20:48.221794Z  INFO get_files:scan_sources: tailwindcss_oxide::scanner: Discovering "C:\\xampp\\htdocs\\tutorial2\\app\\api\\admin\\content\\pages"
2026-01-16T09:20:48.221900Z  INFO get_files:scan_sources: tailwindcss_oxide::scanner: Discovering "C:\\xampp\\htdocs\\tutorial2\\app\\api\\admin\\content\\pages\\[id]"
2026-01-16T09:20:48.222058Z  INFO get_files:scan_sources: tailwindcss_oxide::scanner: Discovering "C:\\xampp\\htdocs\\tutorial2\\app\\api\\admin\\content\\settings"
2026-01-16T09:20:48.222203Z  INFO get_files:scan_sources: tailwindcss_oxide::scanner: Discovering "C:\\xampp\\htdocs\\tutorial2\\app\\api\\admin\\create-admin"
2026-01-16T09:20:48.222344Z  INFO get_files:scan_sources: tailwindcss_oxide::scanner: Discovering "C:\\xampp\\htdocs\\tutorial2\\app\\api\\admin\\deleted-users"
2026-01-16T09:20:48.222499Z  INFO get_files:scan_sources: tailwindcss_oxide::scanner: Discovering "C:\\xampp\\htdocs\\tutorial2\\app\\api\\admin\\events"
2026-01-16T09:20:48.222646Z  INFO get_files:scan_sources: tailwindcss_oxide::scanner: Discovering "C:\\xampp\\htdocs\\tutorial2\\app\\api\\admin\\events\\[id]"
2026-01-16T09:20:48.222750Z  INFO get_files:scan_sources: tailwindcss_oxide::scanner: Discovering "C:\\xampp\\htdocs\\tutorial2\\app\\api\\admin\\events\\[id]\\registrations"
2026-01-16T09:20:48.222944Z  INFO get_files:scan_sources: tailwindcss_oxide::scanner: Discovering "C:\\xampp\\htdocs\\tutorial2\\app\\api\\admin\\fix-admin"
2026-01-16T09:20:48.223065Z  INFO get_files:scan_sources: tailwindcss_oxide::scanner: Discovering "C:\\xampp\\htdocs\\tutorial2\\app\\api\\admin\\membership"
2026-01-16T09:20:48.223153Z  INFO get_files:scan_sources: tailwindcss_oxide::scanner: Discovering "C:\\xampp\\htdocs\\tutorial2\\app\\api\\admin\\membership\\cycles"
2026-01-16T09:20:48.223267Z  INFO get_files:scan_sources: tailwindcss_oxide::scanner: Discovering "C:\\xampp\\htdocs\\tutorial2\\app\\api\\admin\\membership\\settings"
2026-01-16T09:20:48.223383Z  INFO get_files:scan_sources: tailwindcss_oxide::scanner: Discovering "C:\\xampp\\htdocs\\tutorial2\\app\\api\\admin\\membership\\types"
2026-01-16T09:20:48.223512Z  INFO get_files:scan_sources: tailwindcss_oxide::scanner: Discovering "C:\\xampp\\htdocs\\tutorial2\\app\\api\\admin\\news"
2026-01-16T09:20:48.223628Z  INFO get_files:scan_sources: tailwindcss_oxide::scanner: Discovering "C:\\xampp\\htdocs\\tutorial2\\app\\api\\admin\\payment"
2026-01-16T09:20:48.223750Z  INFO get_files:scan_sources: tailwindcss_oxide::scanner: Discovering "C:\\xampp\\htdocs\\tutorial2\\app\\api\\admin\\payments"
2026-01-16T09:20:48.223839Z  INFO get_files:scan_sources: tailwindcss_oxide::scanner: Discovering "C:\\xampp\\htdocs\\tutorial2\\app\\api\\admin\\payments\\list"
2026-01-16T09:20:48.223924Z  INFO get_files:scan_sources: tailwindcss_oxide::scanner: Discovering "C:\\xampp\\htdocs\\tutorial2\\app\\api\\admin\\payments\\list\\export"
2026-01-16T09:20:48.224131Z  INFO get_files:scan_sources: tailwindcss_oxide::scanner: Discovering "C:\\xampp\\htdocs\\tutorial2\\app\\api\\admin\\payments\\[id]"
2026-01-16T09:20:48.224223Z  INFO get_files:scan_sources: tailwindcss_oxide::scanner: Discovering "C:\\xampp\\htdocs\\tutorial2\\app\\api\\admin\\payments\\[id]\\refund"
2026-01-16T09:20:48.224392Z  INFO get_files:scan_sources: tailwindcss_oxide::scanner: Discovering "C:\\xampp\\htdocs\\tutorial2\\app\\api\\admin\\reject-member"
2026-01-16T09:20:48.224510Z  INFO get_files:scan_sources: tailwindcss_oxide::scanner: Discovering "C:\\xampp\\htdocs\\tutorial2\\app\\api\\admin\\report"
2026-01-16T09:20:48.224623Z  INFO get_files:scan_sources: tailwindcss_oxide::scanner: Discovering "C:\\xampp\\htdocs\\tutorial2\\app\\api\\admin\\reports"
2026-01-16T09:20:48.224713Z  INFO get_files:scan_sources: tailwindcss_oxide::scanner: Discovering "C:\\xampp\\htdocs\\tutorial2\\app\\api\\admin\\reports\\generate"
2026-01-16T09:20:48.224854Z  INFO get_files:scan_sources: tailwindcss_oxide::scanner: Discovering "C:\\xampp\\htdocs\\tutorial2\\app\\api\\admin\\reset-admin"
2026-01-16T09:20:48.224969Z  INFO get_files:scan_sources: tailwindcss_oxide::scanner: Discovering "C:\\xampp\\htdocs\\tutorial2\\app\\api\\admin\\users"
2026-01-16T09:20:48.225056Z  INFO get_files:scan_sources: tailwindcss_oxide::scanner: Discovering "C:\\xampp\\htdocs\\tutorial2\\app\\api\\admin\\users\\restore"
2026-01-16T09:20:48.225189Z  INFO get_files:scan_sources: tailwindcss_oxide::scanner: Discovering "C:\\xampp\\htdocs\\tutorial2\\app\\api\\admin\\users\\[id]"
2026-01-16T09:20:48.225280Z  INFO get_files:scan_sources: tailwindcss_oxide::scanner: Discovering "C:\\xampp\\htdocs\\tutorial2\\app\\api\\admin\\users\\[id]\\approve"
2026-01-16T09:20:48.225395Z  INFO get_files:scan_sources: tailwindcss_oxide::scanner: Discovering "C:\\xampp\\htdocs\\tutorial2\\app\\api\\admin\\users\\[id]\\details"
2026-01-16T09:20:48.225517Z  INFO get_files:scan_sources: tailwindcss_oxide::scanner: Discovering "C:\\xampp\\htdocs\\tutorial2\\app\\api\\admin\\users\\[id]\\membership-status"
2026-01-16T09:20:48.225634Z  INFO get_files:scan_sources: tailwindcss_oxide::scanner: Discovering "C:\\xampp\\htdocs\\tutorial2\\app\\api\\admin\\users\\[id]\\password"
2026-01-16T09:20:48.225755Z  INFO get_files:scan_sources: tailwindcss_oxide::scanner: Discovering "C:\\xampp\\htdocs\\tutorial2\\app\\api\\admin\\users\\[id]\\reject"
2026-01-16T09:20:48.225983Z  INFO get_files:scan_sources: tailwindcss_oxide::scanner: Discovering "C:\\xampp\\htdocs\\tutorial2\\app\\api\\auth"
2026-01-16T09:20:48.226099Z  INFO get_files:scan_sources: tailwindcss_oxide::scanner: Discovering "C:\\xampp\\htdocs\\tutorial2\\app\\api\\auth\\forgot-password"
2026-01-16T09:20:48.226243Z  INFO get_files:scan_sources: tailwindcss_oxide::scanner: Discovering "C:\\xampp\\htdocs\\tutorial2\\app\\api\\auth\\login"
2026-01-16T09:20:48.226392Z  INFO get_files:scan_sources: tailwindcss_oxide::scanner: Discovering "C:\\xampp\\htdocs\\tutorial2\\app\\api\\auth\\logout"
2026-01-16T09:20:48.226522Z  INFO get_files:scan_sources: tailwindcss_oxide::scanner: Discovering "C:\\xampp\\htdocs\\tutorial2\\app\\api\\auth\\me"
2026-01-16T09:20:48.226648Z  INFO get_files:scan_sources: tailwindcss_oxide::scanner: Discovering "C:\\xampp\\htdocs\\tutorial2\\app\\api\\auth\\membership-status"
2026-01-16T09:20:48.226775Z  INFO get_files:scan_sources: tailwindcss_oxide::scanner: Discovering "C:\\xampp\\htdocs\\tutorial2\\app\\api\\auth\\profile"
2026-01-16T09:20:48.226925Z  INFO get_files:scan_sources: tailwindcss_oxide::scanner: Discovering "C:\\xampp\\htdocs\\tutorial2\\app\\api\\auth\\refresh"
2026-01-16T09:20:48.227067Z  INFO get_files:scan_sources: tailwindcss_oxide::scanner: Discovering "C:\\xampp\\htdocs\\tutorial2\\app\\api\\auth\\register"
2026-01-16T09:20:48.227207Z  INFO get_files:scan_sources: tailwindcss_oxide::scanner: Discovering "C:\\xampp\\htdocs\\tutorial2\\app\\api\\auth\\[...nextauth]"
2026-01-16T09:20:48.227350Z  INFO get_files:scan_sources: tailwindcss_oxide::scanner: Discovering "C:\\xampp\\htdocs\\tutorial2\\app\\api\\contact-content"
2026-01-16T09:20:48.227473Z  INFO get_files:scan_sources: tailwindcss_oxide::scanner: Discovering "C:\\xampp\\htdocs\\tutorial2\\app\\api\\debug"
2026-01-16T09:20:48.227573Z  INFO get_files:scan_sources: tailwindcss_oxide::scanner: Discovering "C:\\xampp\\htdocs\\tutorial2\\app\\api\\debug\\pricing"
2026-01-16T09:20:48.227689Z  INFO get_files:scan_sources: tailwindcss_oxide::scanner: Discovering "C:\\xampp\\htdocs\\tutorial2\\app\\api\\debug\\send-email"
2026-01-16T09:20:48.227804Z  INFO get_files:scan_sources: tailwindcss_oxide::scanner: Discovering "C:\\xampp\\htdocs\\tutorial2\\app\\api\\debug\\send-test-email"
2026-01-16T09:20:48.227931Z  INFO get_files:scan_sources: tailwindcss_oxide::scanner: Discovering "C:\\xampp\\htdocs\\tutorial2\\app\\api\\events"
2026-01-16T09:20:48.228036Z  INFO get_files:scan_sources: tailwindcss_oxide::scanner: Discovering "C:\\xampp\\htdocs\\tutorial2\\app\\api\\events\\[id]"
2026-01-16T09:20:48.228122Z  INFO get_files:scan_sources: tailwindcss_oxide::scanner: Discovering "C:\\xampp\\htdocs\\tutorial2\\app\\api\\events\\[id]\\register"
2026-01-16T09:20:48.228287Z  INFO get_files:scan_sources: tailwindcss_oxide::scanner: Discovering "C:\\xampp\\htdocs\\tutorial2\\app\\api\\fix-membership"
2026-01-16T09:20:48.228411Z  INFO get_files:scan_sources: tailwindcss_oxide::scanner: Discovering "C:\\xampp\\htdocs\\tutorial2\\app\\api\\home-content"
2026-01-16T09:20:48.228526Z  INFO get_files:scan_sources: tailwindcss_oxide::scanner: Discovering "C:\\xampp\\htdocs\\tutorial2\\app\\api\\membership"
2026-01-16T09:20:48.228617Z  INFO get_files:scan_sources: tailwindcss_oxide::scanner: Discovering "C:\\xampp\\htdocs\\tutorial2\\app\\api\\membership\\complete-payment"
2026-01-16T09:20:48.228734Z  INFO get_files:scan_sources: tailwindcss_oxide::scanner: Discovering "C:\\xampp\\htdocs\\tutorial2\\app\\api\\membership\\next-number"
2026-01-16T09:20:48.228847Z  INFO get_files:scan_sources: tailwindcss_oxide::scanner: Discovering "C:\\xampp\\htdocs\\tutorial2\\app\\api\\membership\\pay"
2026-01-16T09:20:48.228958Z  INFO get_files:scan_sources: tailwindcss_oxide::scanner: Discovering "C:\\xampp\\htdocs\\tutorial2\\app\\api\\membership\\pay-early"
2026-01-16T09:20:48.229070Z  INFO get_files:scan_sources: tailwindcss_oxide::scanner: Discovering "C:\\xampp\\htdocs\\tutorial2\\app\\api\\membership\\payment-status"
2026-01-16T09:20:48.229183Z  INFO get_files:scan_sources: tailwindcss_oxide::scanner: Discovering "C:\\xampp\\htdocs\\tutorial2\\app\\api\\membership\\payment-success"
2026-01-16T09:20:48.229343Z  INFO get_files:scan_sources: tailwindcss_oxide::scanner: Discovering "C:\\xampp\\htdocs\\tutorial2\\app\\api\\membership\\status"
2026-01-16T09:20:48.229505Z  INFO get_files:scan_sources: tailwindcss_oxide::scanner: Discovering "C:\\xampp\\htdocs\\tutorial2\\app\\api\\messages"
2026-01-16T09:20:48.229588Z  INFO get_files:scan_sources: tailwindcss_oxide::scanner: Discovering "C:\\xampp\\htdocs\\tutorial2\\app\\api\\messages\\reply"
2026-01-16T09:20:48.229718Z  INFO get_files:scan_sources: tailwindcss_oxide::scanner: Discovering "C:\\xampp\\htdocs\\tutorial2\\app\\api\\messages\\[id]"
2026-01-16T09:20:48.229806Z  INFO get_files:scan_sources: tailwindcss_oxide::scanner: Discovering "C:\\xampp\\htdocs\\tutorial2\\app\\api\\messages\\[id]\\read"
2026-01-16T09:20:48.229957Z  INFO get_files:scan_sources: tailwindcss_oxide::scanner: Discovering "C:\\xampp\\htdocs\\tutorial2\\app\\api\\news"
2026-01-16T09:20:48.230068Z  INFO get_files:scan_sources: tailwindcss_oxide::scanner: Discovering "C:\\xampp\\htdocs\\tutorial2\\app\\api\\payment"
2026-01-16T09:20:48.230152Z  INFO get_files:scan_sources: tailwindcss_oxide::scanner: Discovering "C:\\xampp\\htdocs\\tutorial2\\app\\api\\payment\\pesapal"
2026-01-16T09:20:48.230273Z  INFO get_files:scan_sources: tailwindcss_oxide::scanner: Discovering "C:\\xampp\\htdocs\\tutorial2\\app\\api\\payments"
2026-01-16T09:20:48.230371Z  INFO get_files:scan_sources: tailwindcss_oxide::scanner: Discovering "C:\\xampp\\htdocs\\tutorial2\\app\\api\\payments\\activate-test"
2026-01-16T09:20:48.230500Z  INFO get_files:scan_sources: tailwindcss_oxide::scanner: Discovering "C:\\xampp\\htdocs\\tutorial2\\app\\api\\payments\\azampay"
2026-01-16T09:20:48.230587Z  INFO get_files:scan_sources: tailwindcss_oxide::scanner: Discovering "C:\\xampp\\htdocs\\tutorial2\\app\\api\\payments\\azampay\\callback"
2026-01-16T09:20:48.230703Z  INFO get_files:scan_sources: tailwindcss_oxide::scanner: Discovering "C:\\xampp\\htdocs\\tutorial2\\app\\api\\payments\\azampay\\checkout"
2026-01-16T09:20:48.230836Z  INFO get_files:scan_sources: tailwindcss_oxide::scanner: Discovering "C:\\xampp\\htdocs\\tutorial2\\app\\api\\payments\\cleanup"
2026-01-16T09:20:48.230945Z  INFO get_files:scan_sources: tailwindcss_oxide::scanner: Discovering "C:\\xampp\\htdocs\\tutorial2\\app\\api\\payments\\complete"
2026-01-16T09:20:48.231057Z  INFO get_files:scan_sources: tailwindcss_oxide::scanner: Discovering "C:\\xampp\\htdocs\\tutorial2\\app\\api\\payments\\mobile-money"
2026-01-16T09:20:48.231167Z  INFO get_files:scan_sources: tailwindcss_oxide::scanner: Discovering "C:\\xampp\\htdocs\\tutorial2\\app\\api\\payments\\payment-status"
2026-01-16T09:20:48.231276Z  INFO get_files:scan_sources: tailwindcss_oxide::scanner: Discovering "C:\\xampp\\htdocs\\tutorial2\\app\\api\\payments\\process"
2026-01-16T09:20:48.231396Z  INFO get_files:scan_sources: tailwindcss_oxide::scanner: Discovering "C:\\xampp\\htdocs\\tutorial2\\app\\api\\reports"
2026-01-16T09:20:48.231486Z  INFO get_files:scan_sources: tailwindcss_oxide::scanner: Discovering "C:\\xampp\\htdocs\\tutorial2\\app\\api\\reports\\generate"
2026-01-16T09:20:48.231596Z  INFO get_files:scan_sources: tailwindcss_oxide::scanner: Discovering "C:\\xampp\\htdocs\\tutorial2\\app\\api\\reports\\send-email"
2026-01-16T09:20:48.231745Z  INFO get_files:scan_sources: tailwindcss_oxide::scanner: Discovering "C:\\xampp\\htdocs\\tutorial2\\app\\api\\send-approval-email"
2026-01-16T09:20:48.231929Z  INFO get_files:scan_sources: tailwindcss_oxide::scanner: Discovering "C:\\xampp\\htdocs\\tutorial2\\app\\api\\settings"
2026-01-16T09:20:48.232103Z  INFO get_files:scan_sources: tailwindcss_oxide::scanner: Discovering "C:\\xampp\\htdocs\\tutorial2\\app\\api\\setup"
2026-01-16T09:20:48.232233Z  INFO get_files:scan_sources: tailwindcss_oxide::scanner: Discovering "C:\\xampp\\htdocs\\tutorial2\\app\\api\\setup\\ensure-admin"
2026-01-16T09:20:48.232451Z  INFO get_files:scan_sources: tailwindcss_oxide::scanner: Discovering "C:\\xampp\\htdocs\\tutorial2\\app\\api\\test-events"
2026-01-16T09:20:48.232748Z  INFO get_files:scan_sources: tailwindcss_oxide::scanner: Discovering "C:\\xampp\\htdocs\\tutorial2\\app\\api\\user"
2026-01-16T09:20:48.232858Z  INFO get_files:scan_sources: tailwindcss_oxide::scanner: Discovering "C:\\xampp\\htdocs\\tutorial2\\app\\api\\user\\profile"
2026-01-16T09:20:48.233092Z  INFO get_files:scan_sources: tailwindcss_oxide::scanner: Discovering "C:\\xampp\\htdocs\\tutorial2\\app\\auth"
2026-01-16T09:20:48.233303Z  INFO get_files:scan_sources: tailwindcss_oxide::scanner: Discovering "C:\\xampp\\htdocs\\tutorial2\\app\\auth\\forgot-password"
2026-01-16T09:20:48.233677Z  INFO get_files:scan_sources: tailwindcss_oxide::scanner: Discovering "C:\\xampp\\htdocs\\tutorial2\\app\\auth\\login"
2026-01-16T09:20:48.233945Z  INFO get_files:scan_sources: tailwindcss_oxide::scanner: Discovering "C:\\xampp\\htdocs\\tutorial2\\app\\auth\\pending-approval"
2026-01-16T09:20:48.234479Z  INFO get_files:scan_sources: tailwindcss_oxide::scanner: Discovering "C:\\xampp\\htdocs\\tutorial2\\app\\auth\\register"
2026-01-16T09:20:48.234691Z  INFO get_files:scan_sources: tailwindcss_oxide::scanner: Discovering "C:\\xampp\\htdocs\\tutorial2\\app\\components"
2026-01-16T09:20:48.234891Z  INFO get_files:scan_sources: tailwindcss_oxide::scanner: Discovering "C:\\xampp\\htdocs\\tutorial2\\app\\contact"
2026-01-16T09:20:48.235046Z  INFO get_files:scan_sources: tailwindcss_oxide::scanner: Discovering "C:\\xampp\\htdocs\\tutorial2\\app\\dashboard"
2026-01-16T09:20:48.235171Z  INFO get_files:scan_sources: tailwindcss_oxide::scanner: Discovering "C:\\xampp\\htdocs\\tutorial2\\app\\dashboard\\complete-profile"
2026-01-16T09:20:48.235429Z  INFO get_files:scan_sources: tailwindcss_oxide::scanner: Discovering "C:\\xampp\\htdocs\\tutorial2\\app\\dashboard\\events"
2026-01-16T09:20:48.235614Z  INFO get_files:scan_sources: tailwindcss_oxide::scanner: Discovering "C:\\xampp\\htdocs\\tutorial2\\app\\dashboard\\membership-card"
2026-01-16T09:20:48.235766Z  INFO get_files:scan_sources: tailwindcss_oxide::scanner: Discovering "C:\\xampp\\htdocs\\tutorial2\\app\\dashboard\\messages"
2026-01-16T09:20:48.235884Z  INFO get_files:scan_sources: tailwindcss_oxide::scanner: Discovering "C:\\xampp\\htdocs\\tutorial2\\app\\dashboard\\news"
2026-01-16T09:20:48.236022Z  INFO get_files:scan_sources: tailwindcss_oxide::scanner: Discovering "C:\\xampp\\htdocs\\tutorial2\\app\\dashboard\\payment"
2026-01-16T09:20:48.236134Z  INFO get_files:scan_sources: tailwindcss_oxide::scanner: Discovering "C:\\xampp\\htdocs\\tutorial2\\app\\dashboard\\payment\\callback"
2026-01-16T09:20:48.236277Z  INFO get_files:scan_sources: tailwindcss_oxide::scanner: Discovering "C:\\xampp\\htdocs\\tutorial2\\app\\dashboard\\payment\\success"
2026-01-16T09:20:48.236413Z  INFO get_files:scan_sources: tailwindcss_oxide::scanner: Discovering "C:\\xampp\\htdocs\\tutorial2\\app\\dashboard\\profile"
2026-01-16T09:20:48.236533Z  INFO get_files:scan_sources: tailwindcss_oxide::scanner: Discovering "C:\\xampp\\htdocs\\tutorial2\\app\\dashboard\\subscribe"
2026-01-16T09:20:48.236683Z  INFO get_files:scan_sources: tailwindcss_oxide::scanner: Discovering "C:\\xampp\\htdocs\\tutorial2\\app\\fix-auth"
2026-01-16T09:20:48.236900Z  INFO get_files:scan_sources: tailwindcss_oxide::scanner: Discovering "C:\\xampp\\htdocs\\tutorial2\\app\\schemas"
2026-01-16T09:20:48.237076Z  INFO get_files:scan_sources: tailwindcss_oxide::scanner: Discovering "C:\\xampp\\htdocs\\tutorial2\\app\\scripts"
2026-01-16T09:20:48.237201Z  INFO get_files:scan_sources: tailwindcss_oxide::scanner: Discovering "C:\\xampp\\htdocs\\tutorial2\\app\\unauthorized"
2026-01-16T09:20:48.237626Z  INFO get_files:scan_sources: tailwindcss_oxide::scanner: Discovering "C:\\xampp\\htdocs\\tutorial2\\components"
2026-01-16T09:20:48.237732Z  INFO get_files:scan_sources: tailwindcss_oxide::scanner: Discovering "C:\\xampp\\htdocs\\tutorial2\\components\\admin"
2026-01-16T09:20:48.237924Z  INFO get_files:scan_sources: tailwindcss_oxide::scanner: Discovering "C:\\xampp\\htdocs\\tutorial2\\components\\dashboard"
2026-01-16T09:20:48.238225Z  INFO get_files:scan_sources: tailwindcss_oxide::scanner: Discovering "C:\\xampp\\htdocs\\tutorial2\\components\\ui"
2026-01-16T09:20:48.238553Z  INFO get_files:scan_sources: tailwindcss_oxide::scanner: Discovering "C:\\xampp\\htdocs\\tutorial2\\components\\web"
2026-01-16T09:20:48.238764Z  INFO get_files:scan_sources: tailwindcss_oxide::scanner: Discovering "C:\\xampp\\htdocs\\tutorial2\\contexts"
2026-01-16T09:20:48.238886Z  INFO get_files:scan_sources: tailwindcss_oxide::scanner: Discovering "C:\\xampp\\htdocs\\tutorial2\\convex"
2026-01-16T09:20:48.238983Z  INFO get_files:scan_sources: tailwindcss_oxide::scanner: Discovering "C:\\xampp\\htdocs\\tutorial2\\convex\\_generated"
2026-01-16T09:20:48.239308Z  INFO get_files:scan_sources: tailwindcss_oxide::scanner: Discovering "C:\\xampp\\htdocs\\tutorial2\\database"
2026-01-16T09:20:48.239874Z  INFO get_files:scan_sources: tailwindcss_oxide::scanner: Discovering "C:\\xampp\\htdocs\\tutorial2\\deploy-minimal"
2026-01-16T09:20:48.240060Z  INFO get_files:scan_sources: tailwindcss_oxide::scanner: Discovering "C:\\xampp\\htdocs\\tutorial2\\deploy-simple"
2026-01-16T09:20:48.240243Z  INFO get_files:scan_sources: tailwindcss_oxide::scanner: Discovering "C:\\xampp\\htdocs\\tutorial2\\deploy-temp"
2026-01-16T09:20:48.240805Z  INFO get_files:scan_sources: tailwindcss_oxide::scanner: Discovering "C:\\xampp\\htdocs\\tutorial2\\lib"
2026-01-16T09:20:48.241365Z  INFO get_files:scan_sources: tailwindcss_oxide::scanner: Discovering "C:\\xampp\\htdocs\\tutorial2\\migrations"
2026-01-16T09:20:48.242021Z  INFO get_files:scan_sources: tailwindcss_oxide::scanner: Discovering "C:\\xampp\\htdocs\\tutorial2\\public"
2026-01-16T09:20:48.242192Z  INFO get_files:scan_sources: tailwindcss_oxide::scanner: Discovering "C:\\xampp\\htdocs\\tutorial2\\public\\uploads"
2026-01-16T09:20:48.242291Z  INFO get_files:scan_sources: tailwindcss_oxide::scanner: Discovering "C:\\xampp\\htdocs\\tutorial2\\public\\uploads\\documents"
2026-01-16T09:20:48.242421Z  INFO get_files:scan_sources: tailwindcss_oxide::scanner: Discovering "C:\\xampp\\htdocs\\tutorial2\\public\\uploads\\profile-pictures"
2026-01-16T09:20:48.243610Z  INFO get_files:scan_sources: tailwindcss_oxide::scanner: Discovering "C:\\xampp\\htdocs\\tutorial2\\types"
2026-01-16T09:20:48.244261Z  INFO get_files:scan_sources: tailwindcss_oxide::scanner: exit
2026-01-16T09:20:48.244425Z  INFO get_files: tailwindcss_oxide::scanner: exit
2026-01-16T09:20:48.245702Z  INFO get_globs: tailwindcss_oxide::scanner: enter
2026-01-16T09:20:48.245718Z  INFO get_globs:scan_sources: tailwindcss_oxide::scanner: enter
2026-01-16T09:20:48.247382Z  INFO get_globs:scan_sources: tailwindcss_oxide::scanner: Discovering "C:\\xampp\\htdocs\\tutorial2\\.windsurf"
2026-01-16T09:20:48.247500Z  INFO get_globs:scan_sources: tailwindcss_oxide::scanner: Discovering "C:\\xampp\\htdocs\\tutorial2\\.windsurf\\workflows"
2026-01-16T09:20:48.247799Z  INFO get_globs:scan_sources: tailwindcss_oxide::scanner: Discovering "C:\\xampp\\htdocs\\tutorial2\\api"
2026-01-16T09:20:48.247897Z  INFO get_globs:scan_sources: tailwindcss_oxide::scanner: Discovering "C:\\xampp\\htdocs\\tutorial2\\api\\auth"
2026-01-16T09:20:48.248094Z  INFO get_globs:scan_sources: tailwindcss_oxide::scanner: Discovering "C:\\xampp\\htdocs\\tutorial2\\app"
2026-01-16T09:20:48.248196Z  INFO get_globs:scan_sources: tailwindcss_oxide::scanner: Discovering "C:\\xampp\\htdocs\\tutorial2\\app\\(layout)"
2026-01-16T09:20:48.248329Z  INFO get_globs:scan_sources: tailwindcss_oxide::scanner: Discovering "C:\\xampp\\htdocs\\tutorial2\\app\\(shared-layout)"
2026-01-16T09:20:48.248770Z  INFO get_globs:scan_sources: tailwindcss_oxide::scanner: Discovering "C:\\xampp\\htdocs\\tutorial2\\app\\about"
2026-01-16T09:20:48.249162Z  INFO get_globs:scan_sources: tailwindcss_oxide::scanner: Discovering "C:\\xampp\\htdocs\\tutorial2\\app\\about-us"
2026-01-16T09:20:48.249457Z  INFO get_globs:scan_sources: tailwindcss_oxide::scanner: Discovering "C:\\xampp\\htdocs\\tutorial2\\app\\admin"
2026-01-16T09:20:48.249677Z  INFO get_globs:scan_sources: tailwindcss_oxide::scanner: Discovering "C:\\xampp\\htdocs\\tutorial2\\app\\admin\\cards"
2026-01-16T09:20:48.250325Z  INFO get_globs:scan_sources: tailwindcss_oxide::scanner: Discovering "C:\\xampp\\htdocs\\tutorial2\\app\\admin\\content"
2026-01-16T09:20:48.250689Z  INFO get_globs:scan_sources: tailwindcss_oxide::scanner: Discovering "C:\\xampp\\htdocs\\tutorial2\\app\\admin\\content\\about"
2026-01-16T09:20:48.251210Z  INFO get_globs:scan_sources: tailwindcss_oxide::scanner: Discovering "C:\\xampp\\htdocs\\tutorial2\\app\\admin\\content\\contact"
2026-01-16T09:20:48.251599Z  INFO get_globs:scan_sources: tailwindcss_oxide::scanner: Discovering "C:\\xampp\\htdocs\\tutorial2\\app\\admin\\content\\home"
2026-01-16T09:20:48.252218Z  INFO get_globs:scan_sources: tailwindcss_oxide::scanner: Discovering "C:\\xampp\\htdocs\\tutorial2\\app\\admin\\dashboard"
2026-01-16T09:20:48.252693Z  INFO get_globs:scan_sources: tailwindcss_oxide::scanner: Discovering "C:\\xampp\\htdocs\\tutorial2\\app\\admin\\events"
2026-01-16T09:20:48.253007Z  INFO get_globs:scan_sources: tailwindcss_oxide::scanner: Discovering "C:\\xampp\\htdocs\\tutorial2\\app\\admin\\events\\[id]"
2026-01-16T09:20:48.253306Z  INFO get_globs:scan_sources: tailwindcss_oxide::scanner: Discovering "C:\\xampp\\htdocs\\tutorial2\\app\\admin\\events\\[id]\\registrations"
2026-01-16T09:20:48.253708Z  INFO get_globs:scan_sources: tailwindcss_oxide::scanner: Discovering "C:\\xampp\\htdocs\\tutorial2\\app\\admin\\membership"
2026-01-16T09:20:48.253991Z  INFO get_globs:scan_sources: tailwindcss_oxide::scanner: Discovering "C:\\xampp\\htdocs\\tutorial2\\app\\admin\\news"
2026-01-16T09:20:48.254444Z  INFO get_globs:scan_sources: tailwindcss_oxide::scanner: Discovering "C:\\xampp\\htdocs\\tutorial2\\app\\admin\\payment"
2026-01-16T09:20:48.254722Z  INFO get_globs:scan_sources: tailwindcss_oxide::scanner: Discovering "C:\\xampp\\htdocs\\tutorial2\\app\\admin\\payments"
2026-01-16T09:20:48.254979Z  INFO get_globs:scan_sources: tailwindcss_oxide::scanner: Discovering "C:\\xampp\\htdocs\\tutorial2\\app\\admin\\reports"
2026-01-16T09:20:48.255256Z  INFO get_globs:scan_sources: tailwindcss_oxide::scanner: Discovering "C:\\xampp\\htdocs\\tutorial2\\app\\admin\\requests"
2026-01-16T09:20:48.255536Z  INFO get_globs:scan_sources: tailwindcss_oxide::scanner: Discovering "C:\\xampp\\htdocs\\tutorial2\\app\\admin\\users"
2026-01-16T09:20:48.255787Z  INFO get_globs:scan_sources: tailwindcss_oxide::scanner: Discovering "C:\\xampp\\htdocs\\tutorial2\\app\\admin\\users\\[id]"
2026-01-16T09:20:48.256096Z  INFO get_globs:scan_sources: tailwindcss_oxide::scanner: Discovering "C:\\xampp\\htdocs\\tutorial2\\app\\api"
2026-01-16T09:20:48.256301Z  INFO get_globs:scan_sources: tailwindcss_oxide::scanner: Discovering "C:\\xampp\\htdocs\\tutorial2\\app\\api\\about-content"
2026-01-16T09:20:48.256565Z  INFO get_globs:scan_sources: tailwindcss_oxide::scanner: Discovering "C:\\xampp\\htdocs\\tutorial2\\app\\api\\admin"
2026-01-16T09:20:48.256793Z  INFO get_globs:scan_sources: tailwindcss_oxide::scanner: Discovering "C:\\xampp\\htdocs\\tutorial2\\app\\api\\admin\\approve-member"
2026-01-16T09:20:48.257066Z  INFO get_globs:scan_sources: tailwindcss_oxide::scanner: Discovering "C:\\xampp\\htdocs\\tutorial2\\app\\api\\admin\\cards"
2026-01-16T09:20:48.257349Z  INFO get_globs:scan_sources: tailwindcss_oxide::scanner: Discovering "C:\\xampp\\htdocs\\tutorial2\\app\\api\\admin\\content"
2026-01-16T09:20:48.257543Z  INFO get_globs:scan_sources: tailwindcss_oxide::scanner: Discovering "C:\\xampp\\htdocs\\tutorial2\\app\\api\\admin\\content\\about"
2026-01-16T09:20:48.257777Z  INFO get_globs:scan_sources: tailwindcss_oxide::scanner: Discovering "C:\\xampp\\htdocs\\tutorial2\\app\\api\\admin\\content\\about\\[id]"
2026-01-16T09:20:48.258079Z  INFO get_globs:scan_sources: tailwindcss_oxide::scanner: Discovering "C:\\xampp\\htdocs\\tutorial2\\app\\api\\admin\\content\\contact"
2026-01-16T09:20:48.258350Z  INFO get_globs:scan_sources: tailwindcss_oxide::scanner: Discovering "C:\\xampp\\htdocs\\tutorial2\\app\\api\\admin\\content\\contact\\[id]"
2026-01-16T09:20:48.258694Z  INFO get_globs:scan_sources: tailwindcss_oxide::scanner: Discovering "C:\\xampp\\htdocs\\tutorial2\\app\\api\\admin\\content\\footer"
2026-01-16T09:20:48.258984Z  INFO get_globs:scan_sources: tailwindcss_oxide::scanner: Discovering "C:\\xampp\\htdocs\\tutorial2\\app\\api\\admin\\content\\home"
2026-01-16T09:20:48.259230Z  INFO get_globs:scan_sources: tailwindcss_oxide::scanner: Discovering "C:\\xampp\\htdocs\\tutorial2\\app\\api\\admin\\content\\home\\[id]"
2026-01-16T09:20:48.259511Z  INFO get_globs:scan_sources: tailwindcss_oxide::scanner: Discovering "C:\\xampp\\htdocs\\tutorial2\\app\\api\\admin\\content\\media"
2026-01-16T09:20:48.259773Z  INFO get_globs:scan_sources: tailwindcss_oxide::scanner: Discovering "C:\\xampp\\htdocs\\tutorial2\\app\\api\\admin\\content\\navigation"
2026-01-16T09:20:48.260039Z  INFO get_globs:scan_sources: tailwindcss_oxide::scanner: Discovering "C:\\xampp\\htdocs\\tutorial2\\app\\api\\admin\\content\\pages"
2026-01-16T09:20:48.260277Z  INFO get_globs:scan_sources: tailwindcss_oxide::scanner: Discovering "C:\\xampp\\htdocs\\tutorial2\\app\\api\\admin\\content\\pages\\[id]"
2026-01-16T09:20:48.260562Z  INFO get_globs:scan_sources: tailwindcss_oxide::scanner: Discovering "C:\\xampp\\htdocs\\tutorial2\\app\\api\\admin\\content\\settings"
2026-01-16T09:20:48.260866Z  INFO get_globs:scan_sources: tailwindcss_oxide::scanner: Discovering "C:\\xampp\\htdocs\\tutorial2\\app\\api\\admin\\create-admin"
2026-01-16T09:20:48.261180Z  INFO get_globs:scan_sources: tailwindcss_oxide::scanner: Discovering "C:\\xampp\\htdocs\\tutorial2\\app\\api\\admin\\deleted-users"
2026-01-16T09:20:48.261333Z  INFO get_globs:scan_sources: tailwindcss_oxide::scanner: Discovering "C:\\xampp\\htdocs\\tutorial2\\app\\api\\admin\\events"
2026-01-16T09:20:48.261474Z  INFO get_globs:scan_sources: tailwindcss_oxide::scanner: Discovering "C:\\xampp\\htdocs\\tutorial2\\app\\api\\admin\\events\\[id]"
2026-01-16T09:20:48.261602Z  INFO get_globs:scan_sources: tailwindcss_oxide::scanner: Discovering "C:\\xampp\\htdocs\\tutorial2\\app\\api\\admin\\events\\[id]\\registrations"
2026-01-16T09:20:48.261786Z  INFO get_globs:scan_sources: tailwindcss_oxide::scanner: Discovering "C:\\xampp\\htdocs\\tutorial2\\app\\api\\admin\\fix-admin"
2026-01-16T09:20:48.261946Z  INFO get_globs:scan_sources: tailwindcss_oxide::scanner: Discovering "C:\\xampp\\htdocs\\tutorial2\\app\\api\\admin\\membership"
2026-01-16T09:20:48.262037Z  INFO get_globs:scan_sources: tailwindcss_oxide::scanner: Discovering "C:\\xampp\\htdocs\\tutorial2\\app\\api\\admin\\membership\\cycles"
2026-01-16T09:20:48.262153Z  INFO get_globs:scan_sources: tailwindcss_oxide::scanner: Discovering "C:\\xampp\\htdocs\\tutorial2\\app\\api\\admin\\membership\\settings"
2026-01-16T09:20:48.262282Z  INFO get_globs:scan_sources: tailwindcss_oxide::scanner: Discovering "C:\\xampp\\htdocs\\tutorial2\\app\\api\\admin\\membership\\types"
2026-01-16T09:20:48.262412Z  INFO get_globs:scan_sources: tailwindcss_oxide::scanner: Discovering "C:\\xampp\\htdocs\\tutorial2\\app\\api\\admin\\news"
2026-01-16T09:20:48.262530Z  INFO get_globs:scan_sources: tailwindcss_oxide::scanner: Discovering "C:\\xampp\\htdocs\\tutorial2\\app\\api\\admin\\payment"
2026-01-16T09:20:48.262645Z  INFO get_globs:scan_sources: tailwindcss_oxide::scanner: Discovering "C:\\xampp\\htdocs\\tutorial2\\app\\api\\admin\\payments"
2026-01-16T09:20:48.262746Z  INFO get_globs:scan_sources: tailwindcss_oxide::scanner: Discovering "C:\\xampp\\htdocs\\tutorial2\\app\\api\\admin\\payments\\list"
2026-01-16T09:20:48.262835Z  INFO get_globs:scan_sources: tailwindcss_oxide::scanner: Discovering "C:\\xampp\\htdocs\\tutorial2\\app\\api\\admin\\payments\\list\\export"
2026-01-16T09:20:48.263046Z  INFO get_globs:scan_sources: tailwindcss_oxide::scanner: Discovering "C:\\xampp\\htdocs\\tutorial2\\app\\api\\admin\\payments\\[id]"
2026-01-16T09:20:48.263136Z  INFO get_globs:scan_sources: tailwindcss_oxide::scanner: Discovering "C:\\xampp\\htdocs\\tutorial2\\app\\api\\admin\\payments\\[id]\\refund"
2026-01-16T09:20:48.263296Z  INFO get_globs:scan_sources: tailwindcss_oxide::scanner: Discovering "C:\\xampp\\htdocs\\tutorial2\\app\\api\\admin\\reject-member"
2026-01-16T09:20:48.263415Z  INFO get_globs:scan_sources: tailwindcss_oxide::scanner: Discovering "C:\\xampp\\htdocs\\tutorial2\\app\\api\\admin\\report"
2026-01-16T09:20:48.263529Z  INFO get_globs:scan_sources: tailwindcss_oxide::scanner: Discovering "C:\\xampp\\htdocs\\tutorial2\\app\\api\\admin\\reports"
2026-01-16T09:20:48.263637Z  INFO get_globs:scan_sources: tailwindcss_oxide::scanner: Discovering "C:\\xampp\\htdocs\\tutorial2\\app\\api\\admin\\reports\\generate"
2026-01-16T09:20:48.263782Z  INFO get_globs:scan_sources: tailwindcss_oxide::scanner: Discovering "C:\\xampp\\htdocs\\tutorial2\\app\\api\\admin\\reset-admin"
2026-01-16T09:20:48.263898Z  INFO get_globs:scan_sources: tailwindcss_oxide::scanner: Discovering "C:\\xampp\\htdocs\\tutorial2\\app\\api\\admin\\users"
2026-01-16T09:20:48.263985Z  INFO get_globs:scan_sources: tailwindcss_oxide::scanner: Discovering "C:\\xampp\\htdocs\\tutorial2\\app\\api\\admin\\users\\restore"
2026-01-16T09:20:48.264128Z  INFO get_globs:scan_sources: tailwindcss_oxide::scanner: Discovering "C:\\xampp\\htdocs\\tutorial2\\app\\api\\admin\\users\\[id]"
2026-01-16T09:20:48.264218Z  INFO get_globs:scan_sources: tailwindcss_oxide::scanner: Discovering "C:\\xampp\\htdocs\\tutorial2\\app\\api\\admin\\users\\[id]\\approve"
2026-01-16T09:20:48.264337Z  INFO get_globs:scan_sources: tailwindcss_oxide::scanner: Discovering "C:\\xampp\\htdocs\\tutorial2\\app\\api\\admin\\users\\[id]\\details"
2026-01-16T09:20:48.264464Z  INFO get_globs:scan_sources: tailwindcss_oxide::scanner: Discovering "C:\\xampp\\htdocs\\tutorial2\\app\\api\\admin\\users\\[id]\\membership-status"
2026-01-16T09:20:48.264589Z  INFO get_globs:scan_sources: tailwindcss_oxide::scanner: Discovering "C:\\xampp\\htdocs\\tutorial2\\app\\api\\admin\\users\\[id]\\password"
2026-01-16T09:20:48.264715Z  INFO get_globs:scan_sources: tailwindcss_oxide::scanner: Discovering "C:\\xampp\\htdocs\\tutorial2\\app\\api\\admin\\users\\[id]\\reject"
2026-01-16T09:20:48.264891Z  INFO get_globs:scan_sources: tailwindcss_oxide::scanner: Discovering "C:\\xampp\\htdocs\\tutorial2\\app\\api\\auth"
2026-01-16T09:20:48.264986Z  INFO get_globs:scan_sources: tailwindcss_oxide::scanner: Discovering "C:\\xampp\\htdocs\\tutorial2\\app\\api\\auth\\forgot-password"
2026-01-16T09:20:48.265104Z  INFO get_globs:scan_sources: tailwindcss_oxide::scanner: Discovering "C:\\xampp\\htdocs\\tutorial2\\app\\api\\auth\\login"
2026-01-16T09:20:48.265217Z  INFO get_globs:scan_sources: tailwindcss_oxide::scanner: Discovering "C:\\xampp\\htdocs\\tutorial2\\app\\api\\auth\\logout"
2026-01-16T09:20:48.265335Z  INFO get_globs:scan_sources: tailwindcss_oxide::scanner: Discovering "C:\\xampp\\htdocs\\tutorial2\\app\\api\\auth\\me"
2026-01-16T09:20:48.265453Z  INFO get_globs:scan_sources: tailwindcss_oxide::scanner: Discovering "C:\\xampp\\htdocs\\tutorial2\\app\\api\\auth\\membership-status"
2026-01-16T09:20:48.265577Z  INFO get_globs:scan_sources: tailwindcss_oxide::scanner: Discovering "C:\\xampp\\htdocs\\tutorial2\\app\\api\\auth\\profile"
2026-01-16T09:20:48.265737Z  INFO get_globs:scan_sources: tailwindcss_oxide::scanner: Discovering "C:\\xampp\\htdocs\\tutorial2\\app\\api\\auth\\refresh"
2026-01-16T09:20:48.266268Z  INFO get_globs:scan_sources: tailwindcss_oxide::scanner: Discovering "C:\\xampp\\htdocs\\tutorial2\\app\\api\\auth\\register"
2026-01-16T09:20:48.266809Z  INFO get_globs:scan_sources: tailwindcss_oxide::scanner: Discovering "C:\\xampp\\htdocs\\tutorial2\\app\\api\\auth\\[...nextauth]"
2026-01-16T09:20:48.267294Z  INFO get_globs:scan_sources: tailwindcss_oxide::scanner: Discovering "C:\\xampp\\htdocs\\tutorial2\\app\\api\\contact-content"
2026-01-16T09:20:48.268068Z  INFO get_globs:scan_sources: tailwindcss_oxide::scanner: Discovering "C:\\xampp\\htdocs\\tutorial2\\app\\api\\debug"
2026-01-16T09:20:48.268709Z  INFO get_globs:scan_sources: tailwindcss_oxide::scanner: Discovering "C:\\xampp\\htdocs\\tutorial2\\app\\api\\debug\\pricing"
2026-01-16T09:20:48.269437Z  INFO get_globs:scan_sources: tailwindcss_oxide::scanner: Discovering "C:\\xampp\\htdocs\\tutorial2\\app\\api\\debug\\send-email"
2026-01-16T09:20:48.269963Z  INFO get_globs:scan_sources: tailwindcss_oxide::scanner: Discovering "C:\\xampp\\htdocs\\tutorial2\\app\\api\\debug\\send-test-email"
2026-01-16T09:20:48.270421Z  INFO get_globs:scan_sources: tailwindcss_oxide::scanner: Discovering "C:\\xampp\\htdocs\\tutorial2\\app\\api\\events"
2026-01-16T09:20:48.270765Z  INFO get_globs:scan_sources: tailwindcss_oxide::scanner: Discovering "C:\\xampp\\htdocs\\tutorial2\\app\\api\\events\\[id]"
2026-01-16T09:20:48.271078Z  INFO get_globs:scan_sources: tailwindcss_oxide::scanner: Discovering "C:\\xampp\\htdocs\\tutorial2\\app\\api\\events\\[id]\\register"
2026-01-16T09:20:48.271434Z  INFO get_globs:scan_sources: tailwindcss_oxide::scanner: Discovering "C:\\xampp\\htdocs\\tutorial2\\app\\api\\fix-membership"
2026-01-16T09:20:48.271588Z  INFO get_globs:scan_sources: tailwindcss_oxide::scanner: Discovering "C:\\xampp\\htdocs\\tutorial2\\app\\api\\home-content"
2026-01-16T09:20:48.271720Z  INFO get_globs:scan_sources: tailwindcss_oxide::scanner: Discovering "C:\\xampp\\htdocs\\tutorial2\\app\\api\\membership"
2026-01-16T09:20:48.271872Z  INFO get_globs:scan_sources: tailwindcss_oxide::scanner: Discovering "C:\\xampp\\htdocs\\tutorial2\\app\\api\\membership\\complete-payment"
2026-01-16T09:20:48.272030Z  INFO get_globs:scan_sources: tailwindcss_oxide::scanner: Discovering "C:\\xampp\\htdocs\\tutorial2\\app\\api\\membership\\next-number"
2026-01-16T09:20:48.272181Z  INFO get_globs:scan_sources: tailwindcss_oxide::scanner: Discovering "C:\\xampp\\htdocs\\tutorial2\\app\\api\\membership\\pay"
2026-01-16T09:20:48.272326Z  INFO get_globs:scan_sources: tailwindcss_oxide::scanner: Discovering "C:\\xampp\\htdocs\\tutorial2\\app\\api\\membership\\pay-early"
2026-01-16T09:20:48.272501Z  INFO get_globs:scan_sources: tailwindcss_oxide::scanner: Discovering "C:\\xampp\\htdocs\\tutorial2\\app\\api\\membership\\payment-status"
2026-01-16T09:20:48.272650Z  INFO get_globs:scan_sources: tailwindcss_oxide::scanner: Discovering "C:\\xampp\\htdocs\\tutorial2\\app\\api\\membership\\payment-success"
2026-01-16T09:20:48.272920Z  INFO get_globs:scan_sources: tailwindcss_oxide::scanner: Discovering "C:\\xampp\\htdocs\\tutorial2\\app\\api\\membership\\status"
2026-01-16T09:20:48.273143Z  INFO get_globs:scan_sources: tailwindcss_oxide::scanner: Discovering "C:\\xampp\\htdocs\\tutorial2\\app\\api\\messages"
2026-01-16T09:20:48.273253Z  INFO get_globs:scan_sources: tailwindcss_oxide::scanner: Discovering "C:\\xampp\\htdocs\\tutorial2\\app\\api\\messages\\reply"
2026-01-16T09:20:48.273434Z  INFO get_globs:scan_sources: tailwindcss_oxide::scanner: Discovering "C:\\xampp\\htdocs\\tutorial2\\app\\api\\messages\\[id]"
2026-01-16T09:20:48.273618Z  INFO get_globs:scan_sources: tailwindcss_oxide::scanner: Discovering "C:\\xampp\\htdocs\\tutorial2\\app\\api\\messages\\[id]\\read"
2026-01-16T09:20:48.273908Z  INFO get_globs:scan_sources: tailwindcss_oxide::scanner: Discovering "C:\\xampp\\htdocs\\tutorial2\\app\\api\\news"
2026-01-16T09:20:48.274063Z  INFO get_globs:scan_sources: tailwindcss_oxide::scanner: Discovering "C:\\xampp\\htdocs\\tutorial2\\app\\api\\payment"
2026-01-16T09:20:48.274200Z  INFO get_globs:scan_sources: tailwindcss_oxide::scanner: Discovering "C:\\xampp\\htdocs\\tutorial2\\app\\api\\payment\\pesapal"
2026-01-16T09:20:48.274345Z  INFO get_globs:scan_sources: tailwindcss_oxide::scanner: Discovering "C:\\xampp\\htdocs\\tutorial2\\app\\api\\payments"
2026-01-16T09:20:48.274572Z  INFO get_globs:scan_sources: tailwindcss_oxide::scanner: Discovering "C:\\xampp\\htdocs\\tutorial2\\app\\api\\payments\\activate-test"
2026-01-16T09:20:48.274899Z  INFO get_globs:scan_sources: tailwindcss_oxide::scanner: Discovering "C:\\xampp\\htdocs\\tutorial2\\app\\api\\payments\\azampay"
2026-01-16T09:20:48.275073Z  INFO get_globs:scan_sources: tailwindcss_oxide::scanner: Discovering "C:\\xampp\\htdocs\\tutorial2\\app\\api\\payments\\azampay\\callback"
2026-01-16T09:20:48.275290Z  INFO get_globs:scan_sources: tailwindcss_oxide::scanner: Discovering "C:\\xampp\\htdocs\\tutorial2\\app\\api\\payments\\azampay\\checkout"
2026-01-16T09:20:48.275510Z  INFO get_globs:scan_sources: tailwindcss_oxide::scanner: Discovering "C:\\xampp\\htdocs\\tutorial2\\app\\api\\payments\\cleanup"
2026-01-16T09:20:48.275704Z  INFO get_globs:scan_sources: tailwindcss_oxide::scanner: Discovering "C:\\xampp\\htdocs\\tutorial2\\app\\api\\payments\\complete"
2026-01-16T09:20:48.275898Z  INFO get_globs:scan_sources: tailwindcss_oxide::scanner: Discovering "C:\\xampp\\htdocs\\tutorial2\\app\\api\\payments\\mobile-money"
2026-01-16T09:20:48.276112Z  INFO get_globs:scan_sources: tailwindcss_oxide::scanner: Discovering "C:\\xampp\\htdocs\\tutorial2\\app\\api\\payments\\payment-status"
2026-01-16T09:20:48.276347Z  INFO get_globs:scan_sources: tailwindcss_oxide::scanner: Discovering "C:\\xampp\\htdocs\\tutorial2\\app\\api\\payments\\process"
2026-01-16T09:20:48.276576Z  INFO get_globs:scan_sources: tailwindcss_oxide::scanner: Discovering "C:\\xampp\\htdocs\\tutorial2\\app\\api\\reports"
2026-01-16T09:20:48.276737Z  INFO get_globs:scan_sources: tailwindcss_oxide::scanner: Discovering "C:\\xampp\\htdocs\\tutorial2\\app\\api\\reports\\generate"
2026-01-16T09:20:48.276936Z  INFO get_globs:scan_sources: tailwindcss_oxide::scanner: Discovering "C:\\xampp\\htdocs\\tutorial2\\app\\api\\reports\\send-email"
2026-01-16T09:20:48.277148Z  INFO get_globs:scan_sources: tailwindcss_oxide::scanner: Discovering "C:\\xampp\\htdocs\\tutorial2\\app\\api\\send-approval-email"
2026-01-16T09:20:48.277349Z  INFO get_globs:scan_sources: tailwindcss_oxide::scanner: Discovering "C:\\xampp\\htdocs\\tutorial2\\app\\api\\settings"
2026-01-16T09:20:48.277538Z  INFO get_globs:scan_sources: tailwindcss_oxide::scanner: Discovering "C:\\xampp\\htdocs\\tutorial2\\app\\api\\setup"
2026-01-16T09:20:48.277759Z  INFO get_globs:scan_sources: tailwindcss_oxide::scanner: Discovering "C:\\xampp\\htdocs\\tutorial2\\app\\api\\setup\\ensure-admin"
2026-01-16T09:20:48.278043Z  INFO get_globs:scan_sources: tailwindcss_oxide::scanner: Discovering "C:\\xampp\\htdocs\\tutorial2\\app\\api\\test-events"
2026-01-16T09:20:48.278196Z  INFO get_globs:scan_sources: tailwindcss_oxide::scanner: Discovering "C:\\xampp\\htdocs\\tutorial2\\app\\api\\user"
2026-01-16T09:20:48.278307Z  INFO get_globs:scan_sources: tailwindcss_oxide::scanner: Discovering "C:\\xampp\\htdocs\\tutorial2\\app\\api\\user\\profile"
2026-01-16T09:20:48.278471Z  INFO get_globs:scan_sources: tailwindcss_oxide::scanner: Discovering "C:\\xampp\\htdocs\\tutorial2\\app\\auth"
2026-01-16T09:20:48.278576Z  INFO get_globs:scan_sources: tailwindcss_oxide::scanner: Discovering "C:\\xampp\\htdocs\\tutorial2\\app\\auth\\forgot-password"
2026-01-16T09:20:48.278727Z  INFO get_globs:scan_sources: tailwindcss_oxide::scanner: Discovering "C:\\xampp\\htdocs\\tutorial2\\app\\auth\\login"
2026-01-16T09:20:48.278857Z  INFO get_globs:scan_sources: tailwindcss_oxide::scanner: Discovering "C:\\xampp\\htdocs\\tutorial2\\app\\auth\\pending-approval"
2026-01-16T09:20:48.278975Z  INFO get_globs:scan_sources: tailwindcss_oxide::scanner: Discovering "C:\\xampp\\htdocs\\tutorial2\\app\\auth\\register"
2026-01-16T09:20:48.279101Z  INFO get_globs:scan_sources: tailwindcss_oxide::scanner: Discovering "C:\\xampp\\htdocs\\tutorial2\\app\\components"
2026-01-16T09:20:48.279238Z  INFO get_globs:scan_sources: tailwindcss_oxide::scanner: Discovering "C:\\xampp\\htdocs\\tutorial2\\app\\contact"
2026-01-16T09:20:48.279359Z  INFO get_globs:scan_sources: tailwindcss_oxide::scanner: Discovering "C:\\xampp\\htdocs\\tutorial2\\app\\dashboard"
2026-01-16T09:20:48.279449Z  INFO get_globs:scan_sources: tailwindcss_oxide::scanner: Discovering "C:\\xampp\\htdocs\\tutorial2\\app\\dashboard\\complete-profile"
2026-01-16T09:20:48.279567Z  INFO get_globs:scan_sources: tailwindcss_oxide::scanner: Discovering "C:\\xampp\\htdocs\\tutorial2\\app\\dashboard\\events"
2026-01-16T09:20:48.279730Z  INFO get_globs:scan_sources: tailwindcss_oxide::scanner: Discovering "C:\\xampp\\htdocs\\tutorial2\\app\\dashboard\\membership-card"
2026-01-16T09:20:48.279878Z  INFO get_globs:scan_sources: tailwindcss_oxide::scanner: Discovering "C:\\xampp\\htdocs\\tutorial2\\app\\dashboard\\messages"
2026-01-16T09:20:48.279993Z  INFO get_globs:scan_sources: tailwindcss_oxide::scanner: Discovering "C:\\xampp\\htdocs\\tutorial2\\app\\dashboard\\news"
2026-01-16T09:20:48.280184Z  INFO get_globs:scan_sources: tailwindcss_oxide::scanner: Discovering "C:\\xampp\\htdocs\\tutorial2\\app\\dashboard\\payment"
2026-01-16T09:20:48.280296Z  INFO get_globs:scan_sources: tailwindcss_oxide::scanner: Discovering "C:\\xampp\\htdocs\\tutorial2\\app\\dashboard\\payment\\callback"
2026-01-16T09:20:48.280438Z  INFO get_globs:scan_sources: tailwindcss_oxide::scanner: Discovering "C:\\xampp\\htdocs\\tutorial2\\app\\dashboard\\payment\\success"
2026-01-16T09:20:48.280569Z  INFO get_globs:scan_sources: tailwindcss_oxide::scanner: Discovering "C:\\xampp\\htdocs\\tutorial2\\app\\dashboard\\profile"
2026-01-16T09:20:48.280686Z  INFO get_globs:scan_sources: tailwindcss_oxide::scanner: Discovering "C:\\xampp\\htdocs\\tutorial2\\app\\dashboard\\subscribe"
2026-01-16T09:20:48.280826Z  INFO get_globs:scan_sources: tailwindcss_oxide::scanner: Discovering "C:\\xampp\\htdocs\\tutorial2\\app\\fix-auth"
2026-01-16T09:20:48.281037Z  INFO get_globs:scan_sources: tailwindcss_oxide::scanner: Discovering "C:\\xampp\\htdocs\\tutorial2\\app\\schemas"
2026-01-16T09:20:48.281162Z  INFO get_globs:scan_sources: tailwindcss_oxide::scanner: Discovering "C:\\xampp\\htdocs\\tutorial2\\app\\scripts"
2026-01-16T09:20:48.281289Z  INFO get_globs:scan_sources: tailwindcss_oxide::scanner: Discovering "C:\\xampp\\htdocs\\tutorial2\\app\\unauthorized"
2026-01-16T09:20:48.281692Z  INFO get_globs:scan_sources: tailwindcss_oxide::scanner: Discovering "C:\\xampp\\htdocs\\tutorial2\\components"
2026-01-16T09:20:48.281796Z  INFO get_globs:scan_sources: tailwindcss_oxide::scanner: Discovering "C:\\xampp\\htdocs\\tutorial2\\components\\admin"
2026-01-16T09:20:48.281989Z  INFO get_globs:scan_sources: tailwindcss_oxide::scanner: Discovering "C:\\xampp\\htdocs\\tutorial2\\components\\dashboard"
2026-01-16T09:20:48.282234Z  INFO get_globs:scan_sources: tailwindcss_oxide::scanner: Discovering "C:\\xampp\\htdocs\\tutorial2\\components\\ui"
2026-01-16T09:20:48.283397Z  INFO get_globs:scan_sources: tailwindcss_oxide::scanner: Discovering "C:\\xampp\\htdocs\\tutorial2\\components\\web"
2026-01-16T09:20:48.284923Z  INFO get_globs:scan_sources: tailwindcss_oxide::scanner: Discovering "C:\\xampp\\htdocs\\tutorial2\\contexts"
2026-01-16T09:20:48.285218Z  INFO get_globs:scan_sources: tailwindcss_oxide::scanner: Discovering "C:\\xampp\\htdocs\\tutorial2\\convex"
2026-01-16T09:20:48.285444Z  INFO get_globs:scan_sources: tailwindcss_oxide::scanner: Discovering "C:\\xampp\\htdocs\\tutorial2\\convex\\_generated"
2026-01-16T09:20:48.285981Z  INFO get_globs:scan_sources: tailwindcss_oxide::scanner: Discovering "C:\\xampp\\htdocs\\tutorial2\\database"
2026-01-16T09:20:48.286664Z  INFO get_globs:scan_sources: tailwindcss_oxide::scanner: Discovering "C:\\xampp\\htdocs\\tutorial2\\deploy-minimal"
2026-01-16T09:20:48.286897Z  INFO get_globs:scan_sources: tailwindcss_oxide::scanner: Discovering "C:\\xampp\\htdocs\\tutorial2\\deploy-simple"
2026-01-16T09:20:48.287139Z  INFO get_globs:scan_sources: tailwindcss_oxide::scanner: Discovering "C:\\xampp\\htdocs\\tutorial2\\deploy-temp"
2026-01-16T09:20:48.287753Z  INFO get_globs:scan_sources: tailwindcss_oxide::scanner: Discovering "C:\\xampp\\htdocs\\tutorial2\\lib"
2026-01-16T09:20:48.288323Z  INFO get_globs:scan_sources: tailwindcss_oxide::scanner: Discovering "C:\\xampp\\htdocs\\tutorial2\\migrations"
2026-01-16T09:20:48.289030Z  INFO get_globs:scan_sources: tailwindcss_oxide::scanner: Discovering "C:\\xampp\\htdocs\\tutorial2\\public"
2026-01-16T09:20:48.289226Z  INFO get_globs:scan_sources: tailwindcss_oxide::scanner: Discovering "C:\\xampp\\htdocs\\tutorial2\\public\\uploads"
2026-01-16T09:20:48.289331Z  INFO get_globs:scan_sources: tailwindcss_oxide::scanner: Discovering "C:\\xampp\\htdocs\\tutorial2\\public\\uploads\\documents"
2026-01-16T09:20:48.289450Z  INFO get_globs:scan_sources: tailwindcss_oxide::scanner: Discovering "C:\\xampp\\htdocs\\tutorial2\\public\\uploads\\profile-pictures"
2026-01-16T09:20:48.290707Z  INFO get_globs:scan_sources: tailwindcss_oxide::scanner: Discovering "C:\\xampp\\htdocs\\tutorial2\\types"
2026-01-16T09:20:48.291005Z  INFO get_globs:scan_sources: tailwindcss_oxide::scanner: exit
2026-01-16T09:20:48.313239Z  INFO get_globs: tailwindcss_oxide::scanner: exit
2026-01-16T09:26:46.852213Z  INFO scan_sources: tailwindcss_oxide::scanner: enter
2026-01-16T09:26:46.854359Z  INFO scan_sources: tailwindcss_oxide::scanner: Discovering "C:\\xampp\\htdocs\\tutorial2\\.windsurf"
2026-01-16T09:26:46.854506Z  INFO scan_sources: tailwindcss_oxide::scanner: Discovering "C:\\xampp\\htdocs\\tutorial2\\.windsurf\\workflows"
2026-01-16T09:26:46.854952Z  INFO scan_sources: tailwindcss_oxide::scanner: Discovering "C:\\xampp\\htdocs\\tutorial2\\api"
2026-01-16T09:26:46.855099Z  INFO scan_sources: tailwindcss_oxide::scanner: Discovering "C:\\xampp\\htdocs\\tutorial2\\api\\auth"
2026-01-16T09:26:46.855367Z  INFO scan_sources: tailwindcss_oxide::scanner: Discovering "C:\\xampp\\htdocs\\tutorial2\\app"
2026-01-16T09:26:46.855521Z  INFO scan_sources: tailwindcss_oxide::scanner: Discovering "C:\\xampp\\htdocs\\tutorial2\\app\\(layout)"
2026-01-16T09:26:46.855741Z  INFO scan_sources: tailwindcss_oxide::scanner: Discovering "C:\\xampp\\htdocs\\tutorial2\\app\\(shared-layout)"
2026-01-16T09:26:46.856035Z  INFO scan_sources: tailwindcss_oxide::scanner: Discovering "C:\\xampp\\htdocs\\tutorial2\\app\\about"
2026-01-16T09:26:46.856633Z  INFO scan_sources: tailwindcss_oxide::scanner: Discovering "C:\\xampp\\htdocs\\tutorial2\\app\\about-us"
2026-01-16T09:26:46.857167Z  INFO scan_sources: tailwindcss_oxide::scanner: Discovering "C:\\xampp\\htdocs\\tutorial2\\app\\admin"
2026-01-16T09:26:46.857847Z  INFO scan_sources: tailwindcss_oxide::scanner: Discovering "C:\\xampp\\htdocs\\tutorial2\\app\\admin\\cards"
2026-01-16T09:26:46.858385Z  INFO scan_sources: tailwindcss_oxide::scanner: Discovering "C:\\xampp\\htdocs\\tutorial2\\app\\admin\\content"
2026-01-16T09:26:46.858662Z  INFO scan_sources: tailwindcss_oxide::scanner: Discovering "C:\\xampp\\htdocs\\tutorial2\\app\\admin\\content\\about"
2026-01-16T09:26:46.859082Z  INFO scan_sources: tailwindcss_oxide::scanner: Discovering "C:\\xampp\\htdocs\\tutorial2\\app\\admin\\content\\contact"
2026-01-16T09:26:46.859602Z  INFO scan_sources: tailwindcss_oxide::scanner: Discovering "C:\\xampp\\htdocs\\tutorial2\\app\\admin\\content\\home"
2026-01-16T09:26:46.860004Z  INFO scan_sources: tailwindcss_oxide::scanner: Discovering "C:\\xampp\\htdocs\\tutorial2\\app\\admin\\dashboard"
2026-01-16T09:26:46.860358Z  INFO scan_sources: tailwindcss_oxide::scanner: Discovering "C:\\xampp\\htdocs\\tutorial2\\app\\admin\\events"
2026-01-16T09:26:46.860568Z  INFO scan_sources: tailwindcss_oxide::scanner: Discovering "C:\\xampp\\htdocs\\tutorial2\\app\\admin\\events\\[id]"
2026-01-16T09:26:46.861640Z  INFO scan_sources: tailwindcss_oxide::scanner: Discovering "C:\\xampp\\htdocs\\tutorial2\\app\\admin\\events\\[id]\\registrations"
2026-01-16T09:26:46.862163Z  INFO scan_sources: tailwindcss_oxide::scanner: Discovering "C:\\xampp\\htdocs\\tutorial2\\app\\admin\\membership"
2026-01-16T09:26:46.862538Z  INFO scan_sources: tailwindcss_oxide::scanner: Discovering "C:\\xampp\\htdocs\\tutorial2\\app\\admin\\news"
2026-01-16T09:26:46.863556Z  INFO scan_sources: tailwindcss_oxide::scanner: Discovering "C:\\xampp\\htdocs\\tutorial2\\app\\admin\\payment"
2026-01-16T09:26:46.864109Z  INFO scan_sources: tailwindcss_oxide::scanner: Discovering "C:\\xampp\\htdocs\\tutorial2\\app\\admin\\payments"
2026-01-16T09:26:46.864660Z  INFO scan_sources: tailwindcss_oxide::scanner: Discovering "C:\\xampp\\htdocs\\tutorial2\\app\\admin\\reports"
2026-01-16T09:26:46.865564Z  INFO scan_sources: tailwindcss_oxide::scanner: Discovering "C:\\xampp\\htdocs\\tutorial2\\app\\admin\\requests"
2026-01-16T09:26:46.865889Z  INFO scan_sources: tailwindcss_oxide::scanner: Discovering "C:\\xampp\\htdocs\\tutorial2\\app\\admin\\users"
2026-01-16T09:26:46.866136Z  INFO scan_sources: tailwindcss_oxide::scanner: Discovering "C:\\xampp\\htdocs\\tutorial2\\app\\admin\\users\\[id]"
2026-01-16T09:26:46.866637Z  INFO scan_sources: tailwindcss_oxide::scanner: Discovering "C:\\xampp\\htdocs\\tutorial2\\app\\api"
2026-01-16T09:26:46.866879Z  INFO scan_sources: tailwindcss_oxide::scanner: Discovering "C:\\xampp\\htdocs\\tutorial2\\app\\api\\about-content"
2026-01-16T09:26:46.867145Z  INFO scan_sources: tailwindcss_oxide::scanner: Discovering "C:\\xampp\\htdocs\\tutorial2\\app\\api\\admin"
2026-01-16T09:26:46.867309Z  INFO scan_sources: tailwindcss_oxide::scanner: Discovering "C:\\xampp\\htdocs\\tutorial2\\app\\api\\admin\\approve-member"
2026-01-16T09:26:46.867524Z  INFO scan_sources: tailwindcss_oxide::scanner: Discovering "C:\\xampp\\htdocs\\tutorial2\\app\\api\\admin\\cards"
2026-01-16T09:26:46.867703Z  INFO scan_sources: tailwindcss_oxide::scanner: Discovering "C:\\xampp\\htdocs\\tutorial2\\app\\api\\admin\\content"
2026-01-16T09:26:46.867837Z  INFO scan_sources: tailwindcss_oxide::scanner: Discovering "C:\\xampp\\htdocs\\tutorial2\\app\\api\\admin\\content\\about"
2026-01-16T09:26:46.868033Z  INFO scan_sources: tailwindcss_oxide::scanner: Discovering "C:\\xampp\\htdocs\\tutorial2\\app\\api\\admin\\content\\about\\[id]"
2026-01-16T09:26:46.868236Z  INFO scan_sources: tailwindcss_oxide::scanner: Discovering "C:\\xampp\\htdocs\\tutorial2\\app\\api\\admin\\content\\contact"
2026-01-16T09:26:46.868386Z  INFO scan_sources: tailwindcss_oxide::scanner: Discovering "C:\\xampp\\htdocs\\tutorial2\\app\\api\\admin\\content\\contact\\[id]"
2026-01-16T09:26:46.868596Z  INFO scan_sources: tailwindcss_oxide::scanner: Discovering "C:\\xampp\\htdocs\\tutorial2\\app\\api\\admin\\content\\footer"
2026-01-16T09:26:46.868760Z  INFO scan_sources: tailwindcss_oxide::scanner: Discovering "C:\\xampp\\htdocs\\tutorial2\\app\\api\\admin\\content\\home"
2026-01-16T09:26:46.868901Z  INFO scan_sources: tailwindcss_oxide::scanner: Discovering "C:\\xampp\\htdocs\\tutorial2\\app\\api\\admin\\content\\home\\[id]"
2026-01-16T09:26:46.869110Z  INFO scan_sources: tailwindcss_oxide::scanner: Discovering "C:\\xampp\\htdocs\\tutorial2\\app\\api\\admin\\content\\media"
2026-01-16T09:26:46.869344Z  INFO scan_sources: tailwindcss_oxide::scanner: Discovering "C:\\xampp\\htdocs\\tutorial2\\app\\api\\admin\\content\\navigation"
2026-01-16T09:26:46.869537Z  INFO scan_sources: tailwindcss_oxide::scanner: Discovering "C:\\xampp\\htdocs\\tutorial2\\app\\api\\admin\\content\\pages"
2026-01-16T09:26:46.869711Z  INFO scan_sources: tailwindcss_oxide::scanner: Discovering "C:\\xampp\\htdocs\\tutorial2\\app\\api\\admin\\content\\pages\\[id]"
2026-01-16T09:26:46.869908Z  INFO scan_sources: tailwindcss_oxide::scanner: Discovering "C:\\xampp\\htdocs\\tutorial2\\app\\api\\admin\\content\\settings"
2026-01-16T09:26:46.870087Z  INFO scan_sources: tailwindcss_oxide::scanner: Discovering "C:\\xampp\\htdocs\\tutorial2\\app\\api\\admin\\create-admin"
2026-01-16T09:26:46.870254Z  INFO scan_sources: tailwindcss_oxide::scanner: Discovering "C:\\xampp\\htdocs\\tutorial2\\app\\api\\admin\\deleted-users"
2026-01-16T09:26:46.870427Z  INFO scan_sources: tailwindcss_oxide::scanner: Discovering "C:\\xampp\\htdocs\\tutorial2\\app\\api\\admin\\events"
2026-01-16T09:26:46.870610Z  INFO scan_sources: tailwindcss_oxide::scanner: Discovering "C:\\xampp\\htdocs\\tutorial2\\app\\api\\admin\\events\\[id]"
2026-01-16T09:26:46.870739Z  INFO scan_sources: tailwindcss_oxide::scanner: Discovering "C:\\xampp\\htdocs\\tutorial2\\app\\api\\admin\\events\\[id]\\registrations"
2026-01-16T09:26:46.870977Z  INFO scan_sources: tailwindcss_oxide::scanner: Discovering "C:\\xampp\\htdocs\\tutorial2\\app\\api\\admin\\fix-admin"
2026-01-16T09:26:46.871132Z  INFO scan_sources: tailwindcss_oxide::scanner: Discovering "C:\\xampp\\htdocs\\tutorial2\\app\\api\\admin\\membership"
2026-01-16T09:26:46.871248Z  INFO scan_sources: tailwindcss_oxide::scanner: Discovering "C:\\xampp\\htdocs\\tutorial2\\app\\api\\admin\\membership\\cycles"
2026-01-16T09:26:46.871418Z  INFO scan_sources: tailwindcss_oxide::scanner: Discovering "C:\\xampp\\htdocs\\tutorial2\\app\\api\\admin\\membership\\settings"
2026-01-16T09:26:46.871610Z  INFO scan_sources: tailwindcss_oxide::scanner: Discovering "C:\\xampp\\htdocs\\tutorial2\\app\\api\\admin\\membership\\types"
2026-01-16T09:26:46.871897Z  INFO scan_sources: tailwindcss_oxide::scanner: Discovering "C:\\xampp\\htdocs\\tutorial2\\app\\api\\admin\\news"
2026-01-16T09:26:46.872093Z  INFO scan_sources: tailwindcss_oxide::scanner: Discovering "C:\\xampp\\htdocs\\tutorial2\\app\\api\\admin\\payment"
2026-01-16T09:26:46.872258Z  INFO scan_sources: tailwindcss_oxide::scanner: Discovering "C:\\xampp\\htdocs\\tutorial2\\app\\api\\admin\\payments"
2026-01-16T09:26:46.872372Z  INFO scan_sources: tailwindcss_oxide::scanner: Discovering "C:\\xampp\\htdocs\\tutorial2\\app\\api\\admin\\payments\\list"
2026-01-16T09:26:46.872518Z  INFO scan_sources: tailwindcss_oxide::scanner: Discovering "C:\\xampp\\htdocs\\tutorial2\\app\\api\\admin\\payments\\list\\export"
2026-01-16T09:26:46.872763Z  INFO scan_sources: tailwindcss_oxide::scanner: Discovering "C:\\xampp\\htdocs\\tutorial2\\app\\api\\admin\\payments\\[id]"
2026-01-16T09:26:46.873119Z  INFO scan_sources: tailwindcss_oxide::scanner: Discovering "C:\\xampp\\htdocs\\tutorial2\\app\\api\\admin\\payments\\[id]\\refund"
2026-01-16T09:26:46.873698Z  INFO scan_sources: tailwindcss_oxide::scanner: Discovering "C:\\xampp\\htdocs\\tutorial2\\app\\api\\admin\\reject-member"
2026-01-16T09:26:46.874079Z  INFO scan_sources: tailwindcss_oxide::scanner: Discovering "C:\\xampp\\htdocs\\tutorial2\\app\\api\\admin\\report"
2026-01-16T09:26:46.874398Z  INFO scan_sources: tailwindcss_oxide::scanner: Discovering "C:\\xampp\\htdocs\\tutorial2\\app\\api\\admin\\reports"
2026-01-16T09:26:46.874633Z  INFO scan_sources: tailwindcss_oxide::scanner: Discovering "C:\\xampp\\htdocs\\tutorial2\\app\\api\\admin\\reports\\generate"
2026-01-16T09:26:46.875070Z  INFO scan_sources: tailwindcss_oxide::scanner: Discovering "C:\\xampp\\htdocs\\tutorial2\\app\\api\\admin\\reset-admin"
2026-01-16T09:26:46.875481Z  INFO scan_sources: tailwindcss_oxide::scanner: Discovering "C:\\xampp\\htdocs\\tutorial2\\app\\api\\admin\\users"
2026-01-16T09:26:46.875713Z  INFO scan_sources: tailwindcss_oxide::scanner: Discovering "C:\\xampp\\htdocs\\tutorial2\\app\\api\\admin\\users\\restore"
2026-01-16T09:26:46.876066Z  INFO scan_sources: tailwindcss_oxide::scanner: Discovering "C:\\xampp\\htdocs\\tutorial2\\app\\api\\admin\\users\\[id]"
2026-01-16T09:26:46.876427Z  INFO scan_sources: tailwindcss_oxide::scanner: Discovering "C:\\xampp\\htdocs\\tutorial2\\app\\api\\admin\\users\\[id]\\approve"
2026-01-16T09:26:46.876788Z  INFO scan_sources: tailwindcss_oxide::scanner: Discovering "C:\\xampp\\htdocs\\tutorial2\\app\\api\\admin\\users\\[id]\\details"
2026-01-16T09:26:46.877346Z  INFO scan_sources: tailwindcss_oxide::scanner: Discovering "C:\\xampp\\htdocs\\tutorial2\\app\\api\\admin\\users\\[id]\\membership-status"
2026-01-16T09:26:46.877755Z  INFO scan_sources: tailwindcss_oxide::scanner: Discovering "C:\\xampp\\htdocs\\tutorial2\\app\\api\\admin\\users\\[id]\\password"
2026-01-16T09:26:46.878074Z  INFO scan_sources: tailwindcss_oxide::scanner: Discovering "C:\\xampp\\htdocs\\tutorial2\\app\\api\\admin\\users\\[id]\\reject"
2026-01-16T09:26:46.878770Z  INFO scan_sources: tailwindcss_oxide::scanner: Discovering "C:\\xampp\\htdocs\\tutorial2\\app\\api\\auth"
2026-01-16T09:26:46.879349Z  INFO scan_sources: tailwindcss_oxide::scanner: Discovering "C:\\xampp\\htdocs\\tutorial2\\app\\api\\auth\\forgot-password"
2026-01-16T09:26:46.880150Z  INFO scan_sources: tailwindcss_oxide::scanner: Discovering "C:\\xampp\\htdocs\\tutorial2\\app\\api\\auth\\login"
2026-01-16T09:26:46.880375Z  INFO scan_sources: tailwindcss_oxide::scanner: Discovering "C:\\xampp\\htdocs\\tutorial2\\app\\api\\auth\\logout"
2026-01-16T09:26:46.880586Z  INFO scan_sources: tailwindcss_oxide::scanner: Discovering "C:\\xampp\\htdocs\\tutorial2\\app\\api\\auth\\me"
2026-01-16T09:26:46.880755Z  INFO scan_sources: tailwindcss_oxide::scanner: Discovering "C:\\xampp\\htdocs\\tutorial2\\app\\api\\auth\\membership-status"
2026-01-16T09:26:46.880930Z  INFO scan_sources: tailwindcss_oxide::scanner: Discovering "C:\\xampp\\htdocs\\tutorial2\\app\\api\\auth\\profile"
2026-01-16T09:26:46.881123Z  INFO scan_sources: tailwindcss_oxide::scanner: Discovering "C:\\xampp\\htdocs\\tutorial2\\app\\api\\auth\\refresh"
2026-01-16T09:26:46.881322Z  INFO scan_sources: tailwindcss_oxide::scanner: Discovering "C:\\xampp\\htdocs\\tutorial2\\app\\api\\auth\\register"
2026-01-16T09:26:46.881508Z  INFO scan_sources: tailwindcss_oxide::scanner: Discovering "C:\\xampp\\htdocs\\tutorial2\\app\\api\\auth\\[...nextauth]"
2026-01-16T09:26:46.881726Z  INFO scan_sources: tailwindcss_oxide::scanner: Discovering "C:\\xampp\\htdocs\\tutorial2\\app\\api\\contact-content"
2026-01-16T09:26:46.881949Z  INFO scan_sources: tailwindcss_oxide::scanner: Discovering "C:\\xampp\\htdocs\\tutorial2\\app\\api\\debug"
2026-01-16T09:26:46.882100Z  INFO scan_sources: tailwindcss_oxide::scanner: Discovering "C:\\xampp\\htdocs\\tutorial2\\app\\api\\debug\\pricing"
2026-01-16T09:26:46.882280Z  INFO scan_sources: tailwindcss_oxide::scanner: Discovering "C:\\xampp\\htdocs\\tutorial2\\app\\api\\debug\\send-email"
2026-01-16T09:26:46.882479Z  INFO scan_sources: tailwindcss_oxide::scanner: Discovering "C:\\xampp\\htdocs\\tutorial2\\app\\api\\debug\\send-test-email"
2026-01-16T09:26:46.882752Z  INFO scan_sources: tailwindcss_oxide::scanner: Discovering "C:\\xampp\\htdocs\\tutorial2\\app\\api\\events"
2026-01-16T09:26:46.882865Z  INFO scan_sources: tailwindcss_oxide::scanner: Discovering "C:\\xampp\\htdocs\\tutorial2\\app\\api\\events\\route.ts"
2026-01-16T09:26:46.882945Z  INFO scan_sources: tailwindcss_oxide::scanner: Discovering "C:\\xampp\\htdocs\\tutorial2\\app\\api\\events\\[id]"
2026-01-16T09:26:46.883062Z  INFO scan_sources: tailwindcss_oxide::scanner: Discovering "C:\\xampp\\htdocs\\tutorial2\\app\\api\\events\\[id]\\register"
2026-01-16T09:26:46.883265Z  INFO scan_sources: tailwindcss_oxide::scanner: Discovering "C:\\xampp\\htdocs\\tutorial2\\app\\api\\fix-membership"
2026-01-16T09:26:46.883419Z  INFO scan_sources: tailwindcss_oxide::scanner: Discovering "C:\\xampp\\htdocs\\tutorial2\\app\\api\\home-content"
2026-01-16T09:26:46.883573Z  INFO scan_sources: tailwindcss_oxide::scanner: Discovering "C:\\xampp\\htdocs\\tutorial2\\app\\api\\membership"
2026-01-16T09:26:46.883698Z  INFO scan_sources: tailwindcss_oxide::scanner: Discovering "C:\\xampp\\htdocs\\tutorial2\\app\\api\\membership\\complete-payment"
2026-01-16T09:26:46.883902Z  INFO scan_sources: tailwindcss_oxide::scanner: Discovering "C:\\xampp\\htdocs\\tutorial2\\app\\api\\membership\\next-number"
2026-01-16T09:26:46.884081Z  INFO scan_sources: tailwindcss_oxide::scanner: Discovering "C:\\xampp\\htdocs\\tutorial2\\app\\api\\membership\\pay"
2026-01-16T09:26:46.884242Z  INFO scan_sources: tailwindcss_oxide::scanner: Discovering "C:\\xampp\\htdocs\\tutorial2\\app\\api\\membership\\pay-early"
2026-01-16T09:26:46.884406Z  INFO scan_sources: tailwindcss_oxide::scanner: Discovering "C:\\xampp\\htdocs\\tutorial2\\app\\api\\membership\\payment-status"
2026-01-16T09:26:46.884557Z  INFO scan_sources: tailwindcss_oxide::scanner: Discovering "C:\\xampp\\htdocs\\tutorial2\\app\\api\\membership\\payment-success"
2026-01-16T09:26:46.884795Z  INFO scan_sources: tailwindcss_oxide::scanner: Discovering "C:\\xampp\\htdocs\\tutorial2\\app\\api\\membership\\status"
2026-01-16T09:26:46.885012Z  INFO scan_sources: tailwindcss_oxide::scanner: Discovering "C:\\xampp\\htdocs\\tutorial2\\app\\api\\messages"
2026-01-16T09:26:46.885125Z  INFO scan_sources: tailwindcss_oxide::scanner: Discovering "C:\\xampp\\htdocs\\tutorial2\\app\\api\\messages\\reply"
2026-01-16T09:26:46.885310Z  INFO scan_sources: tailwindcss_oxide::scanner: Discovering "C:\\xampp\\htdocs\\tutorial2\\app\\api\\messages\\[id]"
2026-01-16T09:26:46.885425Z  INFO scan_sources: tailwindcss_oxide::scanner: Discovering "C:\\xampp\\htdocs\\tutorial2\\app\\api\\messages\\[id]\\read"
2026-01-16T09:26:46.885656Z  INFO scan_sources: tailwindcss_oxide::scanner: Discovering "C:\\xampp\\htdocs\\tutorial2\\app\\api\\news"
2026-01-16T09:26:46.885829Z  INFO scan_sources: tailwindcss_oxide::scanner: Discovering "C:\\xampp\\htdocs\\tutorial2\\app\\api\\payment"
2026-01-16T09:26:46.885977Z  INFO scan_sources: tailwindcss_oxide::scanner: Discovering "C:\\xampp\\htdocs\\tutorial2\\app\\api\\payment\\pesapal"
2026-01-16T09:26:46.886154Z  INFO scan_sources: tailwindcss_oxide::scanner: Discovering "C:\\xampp\\htdocs\\tutorial2\\app\\api\\payments"
2026-01-16T09:26:46.886276Z  INFO scan_sources: tailwindcss_oxide::scanner: Discovering "C:\\xampp\\htdocs\\tutorial2\\app\\api\\payments\\activate-test"
2026-01-16T09:26:46.886443Z  INFO scan_sources: tailwindcss_oxide::scanner: Discovering "C:\\xampp\\htdocs\\tutorial2\\app\\api\\payments\\azampay"
2026-01-16T09:26:46.886559Z  INFO scan_sources: tailwindcss_oxide::scanner: Discovering "C:\\xampp\\htdocs\\tutorial2\\app\\api\\payments\\azampay\\callback"
2026-01-16T09:26:46.886716Z  INFO scan_sources: tailwindcss_oxide::scanner: Discovering "C:\\xampp\\htdocs\\tutorial2\\app\\api\\payments\\azampay\\checkout"
2026-01-16T09:26:46.886893Z  INFO scan_sources: tailwindcss_oxide::scanner: Discovering "C:\\xampp\\htdocs\\tutorial2\\app\\api\\payments\\cleanup"
2026-01-16T09:26:46.887063Z  INFO scan_sources: tailwindcss_oxide::scanner: Discovering "C:\\xampp\\htdocs\\tutorial2\\app\\api\\payments\\complete"
2026-01-16T09:26:46.887254Z  INFO scan_sources: tailwindcss_oxide::scanner: Discovering "C:\\xampp\\htdocs\\tutorial2\\app\\api\\payments\\mobile-money"
2026-01-16T09:26:46.887451Z  INFO scan_sources: tailwindcss_oxide::scanner: Discovering "C:\\xampp\\htdocs\\tutorial2\\app\\api\\payments\\payment-status"
2026-01-16T09:26:46.887656Z  INFO scan_sources: tailwindcss_oxide::scanner: Discovering "C:\\xampp\\htdocs\\tutorial2\\app\\api\\payments\\process"
2026-01-16T09:26:46.887967Z  INFO scan_sources: tailwindcss_oxide::scanner: Discovering "C:\\xampp\\htdocs\\tutorial2\\app\\api\\reports"
2026-01-16T09:26:46.888161Z  INFO scan_sources: tailwindcss_oxide::scanner: Discovering "C:\\xampp\\htdocs\\tutorial2\\app\\api\\reports\\generate"
2026-01-16T09:26:46.888344Z  INFO scan_sources: tailwindcss_oxide::scanner: Discovering "C:\\xampp\\htdocs\\tutorial2\\app\\api\\reports\\send-email"
2026-01-16T09:26:46.888538Z  INFO scan_sources: tailwindcss_oxide::scanner: Discovering "C:\\xampp\\htdocs\\tutorial2\\app\\api\\send-approval-email"
2026-01-16T09:26:46.888785Z  INFO scan_sources: tailwindcss_oxide::scanner: Discovering "C:\\xampp\\htdocs\\tutorial2\\app\\api\\settings"
2026-01-16T09:26:46.889054Z  INFO scan_sources: tailwindcss_oxide::scanner: Discovering "C:\\xampp\\htdocs\\tutorial2\\app\\api\\setup"
2026-01-16T09:26:46.889269Z  INFO scan_sources: tailwindcss_oxide::scanner: Discovering "C:\\xampp\\htdocs\\tutorial2\\app\\api\\setup\\ensure-admin"
2026-01-16T09:26:46.889806Z  INFO scan_sources: tailwindcss_oxide::scanner: Discovering "C:\\xampp\\htdocs\\tutorial2\\app\\api\\test-events"
2026-01-16T09:26:46.890234Z  INFO scan_sources: tailwindcss_oxide::scanner: Discovering "C:\\xampp\\htdocs\\tutorial2\\app\\api\\user"
2026-01-16T09:26:46.890467Z  INFO scan_sources: tailwindcss_oxide::scanner: Discovering "C:\\xampp\\htdocs\\tutorial2\\app\\api\\user\\profile"
2026-01-16T09:26:46.890882Z  INFO scan_sources: tailwindcss_oxide::scanner: Discovering "C:\\xampp\\htdocs\\tutorial2\\app\\auth"
2026-01-16T09:26:46.891058Z  INFO scan_sources: tailwindcss_oxide::scanner: Discovering "C:\\xampp\\htdocs\\tutorial2\\app\\auth\\forgot-password"
2026-01-16T09:26:46.891278Z  INFO scan_sources: tailwindcss_oxide::scanner: Discovering "C:\\xampp\\htdocs\\tutorial2\\app\\auth\\login"
2026-01-16T09:26:46.891477Z  INFO scan_sources: tailwindcss_oxide::scanner: Discovering "C:\\xampp\\htdocs\\tutorial2\\app\\auth\\pending-approval"
2026-01-16T09:26:46.891739Z  INFO scan_sources: tailwindcss_oxide::scanner: Discovering "C:\\xampp\\htdocs\\tutorial2\\app\\auth\\register"
2026-01-16T09:26:46.892056Z  INFO scan_sources: tailwindcss_oxide::scanner: Discovering "C:\\xampp\\htdocs\\tutorial2\\app\\components"
2026-01-16T09:26:46.892390Z  INFO scan_sources: tailwindcss_oxide::scanner: Discovering "C:\\xampp\\htdocs\\tutorial2\\app\\contact"
2026-01-16T09:26:46.892667Z  INFO scan_sources: tailwindcss_oxide::scanner: Discovering "C:\\xampp\\htdocs\\tutorial2\\app\\dashboard"
2026-01-16T09:26:46.893375Z  INFO scan_sources: tailwindcss_oxide::scanner: Discovering "C:\\xampp\\htdocs\\tutorial2\\app\\dashboard\\complete-profile"
2026-01-16T09:26:46.893740Z  INFO scan_sources: tailwindcss_oxide::scanner: Discovering "C:\\xampp\\htdocs\\tutorial2\\app\\dashboard\\events"
2026-01-16T09:26:46.894559Z  INFO scan_sources: tailwindcss_oxide::scanner: Discovering "C:\\xampp\\htdocs\\tutorial2\\app\\dashboard\\membership-card"
2026-01-16T09:26:46.895351Z  INFO scan_sources: tailwindcss_oxide::scanner: Discovering "C:\\xampp\\htdocs\\tutorial2\\app\\dashboard\\messages"
2026-01-16T09:26:46.895917Z  INFO scan_sources: tailwindcss_oxide::scanner: Discovering "C:\\xampp\\htdocs\\tutorial2\\app\\dashboard\\news"
2026-01-16T09:26:46.896461Z  INFO scan_sources: tailwindcss_oxide::scanner: Discovering "C:\\xampp\\htdocs\\tutorial2\\app\\dashboard\\payment"
2026-01-16T09:26:46.896806Z  INFO scan_sources: tailwindcss_oxide::scanner: Discovering "C:\\xampp\\htdocs\\tutorial2\\app\\dashboard\\payment\\callback"
2026-01-16T09:26:46.897373Z  INFO scan_sources: tailwindcss_oxide::scanner: Discovering "C:\\xampp\\htdocs\\tutorial2\\app\\dashboard\\payment\\success"
2026-01-16T09:26:46.897932Z  INFO scan_sources: tailwindcss_oxide::scanner: Discovering "C:\\xampp\\htdocs\\tutorial2\\app\\dashboard\\profile"
2026-01-16T09:26:46.898423Z  INFO scan_sources: tailwindcss_oxide::scanner: Discovering "C:\\xampp\\htdocs\\tutorial2\\app\\dashboard\\subscribe"
2026-01-16T09:26:46.898946Z  INFO scan_sources: tailwindcss_oxide::scanner: Discovering "C:\\xampp\\htdocs\\tutorial2\\app\\fix-auth"
2026-01-16T09:26:46.899723Z  INFO scan_sources: tailwindcss_oxide::scanner: Discovering "C:\\xampp\\htdocs\\tutorial2\\app\\schemas"
2026-01-16T09:26:46.900198Z  INFO scan_sources: tailwindcss_oxide::scanner: Discovering "C:\\xampp\\htdocs\\tutorial2\\app\\scripts"
2026-01-16T09:26:46.900661Z  INFO scan_sources: tailwindcss_oxide::scanner: Discovering "C:\\xampp\\htdocs\\tutorial2\\app\\unauthorized"
2026-01-16T09:26:46.902149Z  INFO scan_sources: tailwindcss_oxide::scanner: Discovering "C:\\xampp\\htdocs\\tutorial2\\components"
2026-01-16T09:26:46.902541Z  INFO scan_sources: tailwindcss_oxide::scanner: Discovering "C:\\xampp\\htdocs\\tutorial2\\components\\admin"
2026-01-16T09:26:46.903187Z  INFO scan_sources: tailwindcss_oxide::scanner: Discovering "C:\\xampp\\htdocs\\tutorial2\\components\\dashboard"
2026-01-16T09:26:46.904032Z  INFO scan_sources: tailwindcss_oxide::scanner: Discovering "C:\\xampp\\htdocs\\tutorial2\\components\\ui"
2026-01-16T09:26:46.904985Z  INFO scan_sources: tailwindcss_oxide::scanner: Discovering "C:\\xampp\\htdocs\\tutorial2\\components\\web"
2026-01-16T09:26:46.905963Z  INFO scan_sources: tailwindcss_oxide::scanner: Discovering "C:\\xampp\\htdocs\\tutorial2\\contexts"
2026-01-16T09:26:46.906855Z  INFO scan_sources: tailwindcss_oxide::scanner: Discovering "C:\\xampp\\htdocs\\tutorial2\\convex"
2026-01-16T09:26:46.907309Z  INFO scan_sources: tailwindcss_oxide::scanner: Discovering "C:\\xampp\\htdocs\\tutorial2\\convex\\_generated"
2026-01-16T09:26:46.908618Z  INFO scan_sources: tailwindcss_oxide::scanner: Discovering "C:\\xampp\\htdocs\\tutorial2\\database"
2026-01-16T09:26:46.911016Z  INFO scan_sources: tailwindcss_oxide::scanner: Discovering "C:\\xampp\\htdocs\\tutorial2\\deploy-minimal"
2026-01-16T09:26:46.911569Z  INFO scan_sources: tailwindcss_oxide::scanner: Discovering "C:\\xampp\\htdocs\\tutorial2\\deploy-simple"
2026-01-16T09:26:46.911860Z  INFO scan_sources: tailwindcss_oxide::scanner: Discovering "C:\\xampp\\htdocs\\tutorial2\\deploy-temp"
2026-01-16T09:26:46.912692Z  INFO scan_sources: tailwindcss_oxide::scanner: Discovering "C:\\xampp\\htdocs\\tutorial2\\lib"
2026-01-16T09:26:46.913482Z  INFO scan_sources: tailwindcss_oxide::scanner: Discovering "C:\\xampp\\htdocs\\tutorial2\\migrations"
2026-01-16T09:26:46.914383Z  INFO scan_sources: tailwindcss_oxide::scanner: Discovering "C:\\xampp\\htdocs\\tutorial2\\public"
2026-01-16T09:26:46.914610Z  INFO scan_sources: tailwindcss_oxide::scanner: Discovering "C:\\xampp\\htdocs\\tutorial2\\public\\uploads"
2026-01-16T09:26:46.914745Z  INFO scan_sources: tailwindcss_oxide::scanner: Discovering "C:\\xampp\\htdocs\\tutorial2\\public\\uploads\\documents"
2026-01-16T09:26:46.914946Z  INFO scan_sources: tailwindcss_oxide::scanner: Discovering "C:\\xampp\\htdocs\\tutorial2\\public\\uploads\\profile-pictures"
2026-01-16T09:26:46.916643Z  INFO scan_sources: tailwindcss_oxide::scanner: Discovering "C:\\xampp\\htdocs\\tutorial2\\types"
2026-01-16T09:26:46.917060Z  INFO scan_sources: tailwindcss_oxide::scanner: exit
2026-01-16T09:26:46.917077Z  INFO extract_candidates: tailwindcss_oxide::scanner: enter
2026-01-16T09:26:46.917083Z  INFO extract_candidates:read_all_files: tailwindcss_oxide::scanner: enter
2026-01-16T09:26:46.917087Z  INFO extract_candidates:read_all_files: tailwindcss_oxide::scanner: Reading 1 file(s)
2026-01-16T09:26:46.917192Z  INFO extract_candidates:read_all_files: tailwindcss_oxide::scanner: Reading "C:\\xampp\\htdocs\\tutorial2\\app\\api\\events\\route.ts"
2026-01-16T09:26:46.917213Z  INFO extract_candidates:read_all_files: tailwindcss_oxide::scanner: exit
2026-01-16T09:26:46.917219Z  INFO extract_candidates:parse_all_blobs: tailwindcss_oxide::scanner: enter
2026-01-16T09:26:46.917224Z  INFO extract_candidates:parse_all_blobs:extract: tailwindcss_oxide::scanner: enter
2026-01-16T09:26:46.917537Z  INFO extract_candidates:parse_all_blobs:extract: tailwindcss_oxide::scanner: exit
2026-01-16T09:26:46.917557Z  INFO extract_candidates:parse_all_blobs: tailwindcss_oxide::scanner: exit
2026-01-16T09:26:46.917641Z  INFO extract_candidates: tailwindcss_oxide::scanner: exit
2026-01-16T09:26:46.920571Z  INFO get_files: tailwindcss_oxide::scanner: enter
2026-01-16T09:26:46.920616Z  INFO get_files:scan_sources: tailwindcss_oxide::scanner: enter
2026-01-16T09:26:46.922737Z  INFO get_files:scan_sources: tailwindcss_oxide::scanner: Discovering "C:\\xampp\\htdocs\\tutorial2\\.windsurf"
2026-01-16T09:26:46.923353Z  INFO get_files:scan_sources: tailwindcss_oxide::scanner: Discovering "C:\\xampp\\htdocs\\tutorial2\\.windsurf\\workflows"
2026-01-16T09:26:46.923927Z  INFO get_files:scan_sources: tailwindcss_oxide::scanner: Discovering "C:\\xampp\\htdocs\\tutorial2\\api"
2026-01-16T09:26:46.924132Z  INFO get_files:scan_sources: tailwindcss_oxide::scanner: Discovering "C:\\xampp\\htdocs\\tutorial2\\api\\auth"
2026-01-16T09:26:46.924660Z  INFO get_files:scan_sources: tailwindcss_oxide::scanner: Discovering "C:\\xampp\\htdocs\\tutorial2\\app"
2026-01-16T09:26:46.924845Z  INFO get_files:scan_sources: tailwindcss_oxide::scanner: Discovering "C:\\xampp\\htdocs\\tutorial2\\app\\(layout)"
2026-01-16T09:26:46.925055Z  INFO get_files:scan_sources: tailwindcss_oxide::scanner: Discovering "C:\\xampp\\htdocs\\tutorial2\\app\\(shared-layout)"
2026-01-16T09:26:46.925269Z  INFO get_files:scan_sources: tailwindcss_oxide::scanner: Discovering "C:\\xampp\\htdocs\\tutorial2\\app\\about"
2026-01-16T09:26:46.925439Z  INFO get_files:scan_sources: tailwindcss_oxide::scanner: Discovering "C:\\xampp\\htdocs\\tutorial2\\app\\about-us"
2026-01-16T09:26:46.925891Z  INFO get_files:scan_sources: tailwindcss_oxide::scanner: Discovering "C:\\xampp\\htdocs\\tutorial2\\app\\admin"
2026-01-16T09:26:46.926305Z  INFO get_files:scan_sources: tailwindcss_oxide::scanner: Discovering "C:\\xampp\\htdocs\\tutorial2\\app\\admin\\cards"
2026-01-16T09:26:46.926502Z  INFO get_files:scan_sources: tailwindcss_oxide::scanner: Discovering "C:\\xampp\\htdocs\\tutorial2\\app\\admin\\content"
2026-01-16T09:26:46.926669Z  INFO get_files:scan_sources: tailwindcss_oxide::scanner: Discovering "C:\\xampp\\htdocs\\tutorial2\\app\\admin\\content\\about"
2026-01-16T09:26:46.926849Z  INFO get_files:scan_sources: tailwindcss_oxide::scanner: Discovering "C:\\xampp\\htdocs\\tutorial2\\app\\admin\\content\\contact"
2026-01-16T09:26:46.927033Z  INFO get_files:scan_sources: tailwindcss_oxide::scanner: Discovering "C:\\xampp\\htdocs\\tutorial2\\app\\admin\\content\\home"
2026-01-16T09:26:46.927251Z  INFO get_files:scan_sources: tailwindcss_oxide::scanner: Discovering "C:\\xampp\\htdocs\\tutorial2\\app\\admin\\dashboard"
2026-01-16T09:26:46.927439Z  INFO get_files:scan_sources: tailwindcss_oxide::scanner: Discovering "C:\\xampp\\htdocs\\tutorial2\\app\\admin\\events"
2026-01-16T09:26:46.927585Z  INFO get_files:scan_sources: tailwindcss_oxide::scanner: Discovering "C:\\xampp\\htdocs\\tutorial2\\app\\admin\\events\\[id]"
2026-01-16T09:26:46.927735Z  INFO get_files:scan_sources: tailwindcss_oxide::scanner: Discovering "C:\\xampp\\htdocs\\tutorial2\\app\\admin\\events\\[id]\\registrations"
2026-01-16T09:26:46.927975Z  INFO get_files:scan_sources: tailwindcss_oxide::scanner: Discovering "C:\\xampp\\htdocs\\tutorial2\\app\\admin\\membership"
2026-01-16T09:26:46.928142Z  INFO get_files:scan_sources: tailwindcss_oxide::scanner: Discovering "C:\\xampp\\htdocs\\tutorial2\\app\\admin\\news"
2026-01-16T09:26:46.928415Z  INFO get_files:scan_sources: tailwindcss_oxide::scanner: Discovering "C:\\xampp\\htdocs\\tutorial2\\app\\admin\\payment"
2026-01-16T09:26:46.928590Z  INFO get_files:scan_sources: tailwindcss_oxide::scanner: Discovering "C:\\xampp\\htdocs\\tutorial2\\app\\admin\\payments"
2026-01-16T09:26:46.928756Z  INFO get_files:scan_sources: tailwindcss_oxide::scanner: Discovering "C:\\xampp\\htdocs\\tutorial2\\app\\admin\\reports"
2026-01-16T09:26:46.928923Z  INFO get_files:scan_sources: tailwindcss_oxide::scanner: Discovering "C:\\xampp\\htdocs\\tutorial2\\app\\admin\\requests"
2026-01-16T09:26:46.929088Z  INFO get_files:scan_sources: tailwindcss_oxide::scanner: Discovering "C:\\xampp\\htdocs\\tutorial2\\app\\admin\\users"
2026-01-16T09:26:46.929230Z  INFO get_files:scan_sources: tailwindcss_oxide::scanner: Discovering "C:\\xampp\\htdocs\\tutorial2\\app\\admin\\users\\[id]"
2026-01-16T09:26:46.929427Z  INFO get_files:scan_sources: tailwindcss_oxide::scanner: Discovering "C:\\xampp\\htdocs\\tutorial2\\app\\api"
2026-01-16T09:26:46.929562Z  INFO get_files:scan_sources: tailwindcss_oxide::scanner: Discovering "C:\\xampp\\htdocs\\tutorial2\\app\\api\\about-content"
2026-01-16T09:26:46.929741Z  INFO get_files:scan_sources: tailwindcss_oxide::scanner: Discovering "C:\\xampp\\htdocs\\tutorial2\\app\\api\\admin"
2026-01-16T09:26:46.929892Z  INFO get_files:scan_sources: tailwindcss_oxide::scanner: Discovering "C:\\xampp\\htdocs\\tutorial2\\app\\api\\admin\\approve-member"
2026-01-16T09:26:46.930064Z  INFO get_files:scan_sources: tailwindcss_oxide::scanner: Discovering "C:\\xampp\\htdocs\\tutorial2\\app\\api\\admin\\cards"
2026-01-16T09:26:46.930232Z  INFO get_files:scan_sources: tailwindcss_oxide::scanner: Discovering "C:\\xampp\\htdocs\\tutorial2\\app\\api\\admin\\content"
2026-01-16T09:26:46.930366Z  INFO get_files:scan_sources: tailwindcss_oxide::scanner: Discovering "C:\\xampp\\htdocs\\tutorial2\\app\\api\\admin\\content\\about"
2026-01-16T09:26:46.930515Z  INFO get_files:scan_sources: tailwindcss_oxide::scanner: Discovering "C:\\xampp\\htdocs\\tutorial2\\app\\api\\admin\\content\\about\\[id]"
2026-01-16T09:26:46.930781Z  INFO get_files:scan_sources: tailwindcss_oxide::scanner: Discovering "C:\\xampp\\htdocs\\tutorial2\\app\\api\\admin\\content\\contact"
2026-01-16T09:26:46.930933Z  INFO get_files:scan_sources: tailwindcss_oxide::scanner: Discovering "C:\\xampp\\htdocs\\tutorial2\\app\\api\\admin\\content\\contact\\[id]"
2026-01-16T09:26:46.931138Z  INFO get_files:scan_sources: tailwindcss_oxide::scanner: Discovering "C:\\xampp\\htdocs\\tutorial2\\app\\api\\admin\\content\\footer"
2026-01-16T09:26:46.931309Z  INFO get_files:scan_sources: tailwindcss_oxide::scanner: Discovering "C:\\xampp\\htdocs\\tutorial2\\app\\api\\admin\\content\\home"
2026-01-16T09:26:46.931455Z  INFO get_files:scan_sources: tailwindcss_oxide::scanner: Discovering "C:\\xampp\\htdocs\\tutorial2\\app\\api\\admin\\content\\home\\[id]"
2026-01-16T09:26:46.931632Z  INFO get_files:scan_sources: tailwindcss_oxide::scanner: Discovering "C:\\xampp\\htdocs\\tutorial2\\app\\api\\admin\\content\\media"
2026-01-16T09:26:46.931790Z  INFO get_files:scan_sources: tailwindcss_oxide::scanner: Discovering "C:\\xampp\\htdocs\\tutorial2\\app\\api\\admin\\content\\navigation"
2026-01-16T09:26:46.931963Z  INFO get_files:scan_sources: tailwindcss_oxide::scanner: Discovering "C:\\xampp\\htdocs\\tutorial2\\app\\api\\admin\\content\\pages"
2026-01-16T09:26:46.932104Z  INFO get_files:scan_sources: tailwindcss_oxide::scanner: Discovering "C:\\xampp\\htdocs\\tutorial2\\app\\api\\admin\\content\\pages\\[id]"
2026-01-16T09:26:46.932282Z  INFO get_files:scan_sources: tailwindcss_oxide::scanner: Discovering "C:\\xampp\\htdocs\\tutorial2\\app\\api\\admin\\content\\settings"
2026-01-16T09:26:46.932460Z  INFO get_files:scan_sources: tailwindcss_oxide::scanner: Discovering "C:\\xampp\\htdocs\\tutorial2\\app\\api\\admin\\create-admin"
2026-01-16T09:26:46.932620Z  INFO get_files:scan_sources: tailwindcss_oxide::scanner: Discovering "C:\\xampp\\htdocs\\tutorial2\\app\\api\\admin\\deleted-users"
2026-01-16T09:26:46.932779Z  INFO get_files:scan_sources: tailwindcss_oxide::scanner: Discovering "C:\\xampp\\htdocs\\tutorial2\\app\\api\\admin\\events"
2026-01-16T09:26:46.932958Z  INFO get_files:scan_sources: tailwindcss_oxide::scanner: Discovering "C:\\xampp\\htdocs\\tutorial2\\app\\api\\admin\\events\\[id]"
2026-01-16T09:26:46.933091Z  INFO get_files:scan_sources: tailwindcss_oxide::scanner: Discovering "C:\\xampp\\htdocs\\tutorial2\\app\\api\\admin\\events\\[id]\\registrations"
2026-01-16T09:26:46.933323Z  INFO get_files:scan_sources: tailwindcss_oxide::scanner: Discovering "C:\\xampp\\htdocs\\tutorial2\\app\\api\\admin\\fix-admin"
2026-01-16T09:26:46.933476Z  INFO get_files:scan_sources: tailwindcss_oxide::scanner: Discovering "C:\\xampp\\htdocs\\tutorial2\\app\\api\\admin\\membership"
2026-01-16T09:26:46.933589Z  INFO get_files:scan_sources: tailwindcss_oxide::scanner: Discovering "C:\\xampp\\htdocs\\tutorial2\\app\\api\\admin\\membership\\cycles"
2026-01-16T09:26:46.933744Z  INFO get_files:scan_sources: tailwindcss_oxide::scanner: Discovering "C:\\xampp\\htdocs\\tutorial2\\app\\api\\admin\\membership\\settings"
2026-01-16T09:26:46.933907Z  INFO get_files:scan_sources: tailwindcss_oxide::scanner: Discovering "C:\\xampp\\htdocs\\tutorial2\\app\\api\\admin\\membership\\types"
2026-01-16T09:26:46.934073Z  INFO get_files:scan_sources: tailwindcss_oxide::scanner: Discovering "C:\\xampp\\htdocs\\tutorial2\\app\\api\\admin\\news"
2026-01-16T09:26:46.934250Z  INFO get_files:scan_sources: tailwindcss_oxide::scanner: Discovering "C:\\xampp\\htdocs\\tutorial2\\app\\api\\admin\\payment"
2026-01-16T09:26:46.934400Z  INFO get_files:scan_sources: tailwindcss_oxide::scanner: Discovering "C:\\xampp\\htdocs\\tutorial2\\app\\api\\admin\\payments"
2026-01-16T09:26:46.934513Z  INFO get_files:scan_sources: tailwindcss_oxide::scanner: Discovering "C:\\xampp\\htdocs\\tutorial2\\app\\api\\admin\\payments\\list"
2026-01-16T09:26:46.934627Z  INFO get_files:scan_sources: tailwindcss_oxide::scanner: Discovering "C:\\xampp\\htdocs\\tutorial2\\app\\api\\admin\\payments\\list\\export"
2026-01-16T09:26:46.934846Z  INFO get_files:scan_sources: tailwindcss_oxide::scanner: Discovering "C:\\xampp\\htdocs\\tutorial2\\app\\api\\admin\\payments\\[id]"
2026-01-16T09:26:46.934960Z  INFO get_files:scan_sources: tailwindcss_oxide::scanner: Discovering "C:\\xampp\\htdocs\\tutorial2\\app\\api\\admin\\payments\\[id]\\refund"
2026-01-16T09:26:46.935166Z  INFO get_files:scan_sources: tailwindcss_oxide::scanner: Discovering "C:\\xampp\\htdocs\\tutorial2\\app\\api\\admin\\reject-member"
2026-01-16T09:26:46.935314Z  INFO get_files:scan_sources: tailwindcss_oxide::scanner: Discovering "C:\\xampp\\htdocs\\tutorial2\\app\\api\\admin\\report"
2026-01-16T09:26:46.935459Z  INFO get_files:scan_sources: tailwindcss_oxide::scanner: Discovering "C:\\xampp\\htdocs\\tutorial2\\app\\api\\admin\\reports"
2026-01-16T09:26:46.935572Z  INFO get_files:scan_sources: tailwindcss_oxide::scanner: Discovering "C:\\xampp\\htdocs\\tutorial2\\app\\api\\admin\\reports\\generate"
2026-01-16T09:26:46.935759Z  INFO get_files:scan_sources: tailwindcss_oxide::scanner: Discovering "C:\\xampp\\htdocs\\tutorial2\\app\\api\\admin\\reset-admin"
2026-01-16T09:26:46.935922Z  INFO get_files:scan_sources: tailwindcss_oxide::scanner: Discovering "C:\\xampp\\htdocs\\tutorial2\\app\\api\\admin\\users"
2026-01-16T09:26:46.936036Z  INFO get_files:scan_sources: tailwindcss_oxide::scanner: Discovering "C:\\xampp\\htdocs\\tutorial2\\app\\api\\admin\\users\\restore"
2026-01-16T09:26:46.936210Z  INFO get_files:scan_sources: tailwindcss_oxide::scanner: Discovering "C:\\xampp\\htdocs\\tutorial2\\app\\api\\admin\\users\\[id]"
2026-01-16T09:26:46.936339Z  INFO get_files:scan_sources: tailwindcss_oxide::scanner: Discovering "C:\\xampp\\htdocs\\tutorial2\\app\\api\\admin\\users\\[id]\\approve"
2026-01-16T09:26:46.936491Z  INFO get_files:scan_sources: tailwindcss_oxide::scanner: Discovering "C:\\xampp\\htdocs\\tutorial2\\app\\api\\admin\\users\\[id]\\details"
2026-01-16T09:26:46.936648Z  INFO get_files:scan_sources: tailwindcss_oxide::scanner: Discovering "C:\\xampp\\htdocs\\tutorial2\\app\\api\\admin\\users\\[id]\\membership-status"
2026-01-16T09:26:46.936820Z  INFO get_files:scan_sources: tailwindcss_oxide::scanner: Discovering "C:\\xampp\\htdocs\\tutorial2\\app\\api\\admin\\users\\[id]\\password"
2026-01-16T09:26:46.936993Z  INFO get_files:scan_sources: tailwindcss_oxide::scanner: Discovering "C:\\xampp\\htdocs\\tutorial2\\app\\api\\admin\\users\\[id]\\reject"
2026-01-16T09:26:46.937233Z  INFO get_files:scan_sources: tailwindcss_oxide::scanner: Discovering "C:\\xampp\\htdocs\\tutorial2\\app\\api\\auth"
2026-01-16T09:26:46.937360Z  INFO get_files:scan_sources: tailwindcss_oxide::scanner: Discovering "C:\\xampp\\htdocs\\tutorial2\\app\\api\\auth\\forgot-password"
2026-01-16T09:26:46.937517Z  INFO get_files:scan_sources: tailwindcss_oxide::scanner: Discovering "C:\\xampp\\htdocs\\tutorial2\\app\\api\\auth\\login"
2026-01-16T09:26:46.937670Z  INFO get_files:scan_sources: tailwindcss_oxide::scanner: Discovering "C:\\xampp\\htdocs\\tutorial2\\app\\api\\auth\\logout"
2026-01-16T09:26:46.937855Z  INFO get_files:scan_sources: tailwindcss_oxide::scanner: Discovering "C:\\xampp\\htdocs\\tutorial2\\app\\api\\auth\\me"
2026-01-16T09:26:46.938027Z  INFO get_files:scan_sources: tailwindcss_oxide::scanner: Discovering "C:\\xampp\\htdocs\\tutorial2\\app\\api\\auth\\membership-status"
2026-01-16T09:26:46.938203Z  INFO get_files:scan_sources: tailwindcss_oxide::scanner: Discovering "C:\\xampp\\htdocs\\tutorial2\\app\\api\\auth\\profile"
2026-01-16T09:26:46.938444Z  INFO get_files:scan_sources: tailwindcss_oxide::scanner: Discovering "C:\\xampp\\htdocs\\tutorial2\\app\\api\\auth\\refresh"
2026-01-16T09:26:46.938698Z  INFO get_files:scan_sources: tailwindcss_oxide::scanner: Discovering "C:\\xampp\\htdocs\\tutorial2\\app\\api\\auth\\register"
2026-01-16T09:26:46.938860Z  INFO get_files:scan_sources: tailwindcss_oxide::scanner: Discovering "C:\\xampp\\htdocs\\tutorial2\\app\\api\\auth\\[...nextauth]"
2026-01-16T09:26:46.939040Z  INFO get_files:scan_sources: tailwindcss_oxide::scanner: Discovering "C:\\xampp\\htdocs\\tutorial2\\app\\api\\contact-content"
2026-01-16T09:26:46.939196Z  INFO get_files:scan_sources: tailwindcss_oxide::scanner: Discovering "C:\\xampp\\htdocs\\tutorial2\\app\\api\\debug"
2026-01-16T09:26:46.939316Z  INFO get_files:scan_sources: tailwindcss_oxide::scanner: Discovering "C:\\xampp\\htdocs\\tutorial2\\app\\api\\debug\\pricing"
2026-01-16T09:26:46.939475Z  INFO get_files:scan_sources: tailwindcss_oxide::scanner: Discovering "C:\\xampp\\htdocs\\tutorial2\\app\\api\\debug\\send-email"
2026-01-16T09:26:46.939938Z  INFO get_files:scan_sources: tailwindcss_oxide::scanner: Discovering "C:\\xampp\\htdocs\\tutorial2\\app\\api\\debug\\send-test-email"
2026-01-16T09:26:46.940543Z  INFO get_files:scan_sources: tailwindcss_oxide::scanner: Discovering "C:\\xampp\\htdocs\\tutorial2\\app\\api\\events"
2026-01-16T09:26:46.941026Z  INFO get_files:scan_sources: tailwindcss_oxide::scanner: Discovering "C:\\xampp\\htdocs\\tutorial2\\app\\api\\events\\[id]"
2026-01-16T09:26:46.941476Z  INFO get_files:scan_sources: tailwindcss_oxide::scanner: Discovering "C:\\xampp\\htdocs\\tutorial2\\app\\api\\events\\[id]\\register"
2026-01-16T09:26:46.942065Z  INFO get_files:scan_sources: tailwindcss_oxide::scanner: Discovering "C:\\xampp\\htdocs\\tutorial2\\app\\api\\fix-membership"
2026-01-16T09:26:46.942574Z  INFO get_files:scan_sources: tailwindcss_oxide::scanner: Discovering "C:\\xampp\\htdocs\\tutorial2\\app\\api\\home-content"
2026-01-16T09:26:46.943025Z  INFO get_files:scan_sources: tailwindcss_oxide::scanner: Discovering "C:\\xampp\\htdocs\\tutorial2\\app\\api\\membership"
2026-01-16T09:26:46.943413Z  INFO get_files:scan_sources: tailwindcss_oxide::scanner: Discovering "C:\\xampp\\htdocs\\tutorial2\\app\\api\\membership\\complete-payment"
2026-01-16T09:26:46.943895Z  INFO get_files:scan_sources: tailwindcss_oxide::scanner: Discovering "C:\\xampp\\htdocs\\tutorial2\\app\\api\\membership\\next-number"
2026-01-16T09:26:46.944174Z  INFO get_files:scan_sources: tailwindcss_oxide::scanner: Discovering "C:\\xampp\\htdocs\\tutorial2\\app\\api\\membership\\pay"
2026-01-16T09:26:46.944552Z  INFO get_files:scan_sources: tailwindcss_oxide::scanner: Discovering "C:\\xampp\\htdocs\\tutorial2\\app\\api\\membership\\pay-early"
2026-01-16T09:26:46.944738Z  INFO get_files:scan_sources: tailwindcss_oxide::scanner: Discovering "C:\\xampp\\htdocs\\tutorial2\\app\\api\\membership\\payment-status"
2026-01-16T09:26:46.944921Z  INFO get_files:scan_sources: tailwindcss_oxide::scanner: Discovering "C:\\xampp\\htdocs\\tutorial2\\app\\api\\membership\\payment-success"
2026-01-16T09:26:46.945148Z  INFO get_files:scan_sources: tailwindcss_oxide::scanner: Discovering "C:\\xampp\\htdocs\\tutorial2\\app\\api\\membership\\status"
2026-01-16T09:26:46.945394Z  INFO get_files:scan_sources: tailwindcss_oxide::scanner: Discovering "C:\\xampp\\htdocs\\tutorial2\\app\\api\\messages"
2026-01-16T09:26:46.945542Z  INFO get_files:scan_sources: tailwindcss_oxide::scanner: Discovering "C:\\xampp\\htdocs\\tutorial2\\app\\api\\messages\\reply"
2026-01-16T09:26:46.945732Z  INFO get_files:scan_sources: tailwindcss_oxide::scanner: Discovering "C:\\xampp\\htdocs\\tutorial2\\app\\api\\messages\\[id]"
2026-01-16T09:26:46.945847Z  INFO get_files:scan_sources: tailwindcss_oxide::scanner: Discovering "C:\\xampp\\htdocs\\tutorial2\\app\\api\\messages\\[id]\\read"
2026-01-16T09:26:46.946060Z  INFO get_files:scan_sources: tailwindcss_oxide::scanner: Discovering "C:\\xampp\\htdocs\\tutorial2\\app\\api\\news"
2026-01-16T09:26:46.946215Z  INFO get_files:scan_sources: tailwindcss_oxide::scanner: Discovering "C:\\xampp\\htdocs\\tutorial2\\app\\api\\payment"
2026-01-16T09:26:46.946358Z  INFO get_files:scan_sources: tailwindcss_oxide::scanner: Discovering "C:\\xampp\\htdocs\\tutorial2\\app\\api\\payment\\pesapal"
2026-01-16T09:26:46.946525Z  INFO get_files:scan_sources: tailwindcss_oxide::scanner: Discovering "C:\\xampp\\htdocs\\tutorial2\\app\\api\\payments"
2026-01-16T09:26:46.946645Z  INFO get_files:scan_sources: tailwindcss_oxide::scanner: Discovering "C:\\xampp\\htdocs\\tutorial2\\app\\api\\payments\\activate-test"
2026-01-16T09:26:46.946808Z  INFO get_files:scan_sources: tailwindcss_oxide::scanner: Discovering "C:\\xampp\\htdocs\\tutorial2\\app\\api\\payments\\azampay"
2026-01-16T09:26:46.946924Z  INFO get_files:scan_sources: tailwindcss_oxide::scanner: Discovering "C:\\xampp\\htdocs\\tutorial2\\app\\api\\payments\\azampay\\callback"
2026-01-16T09:26:46.947086Z  INFO get_files:scan_sources: tailwindcss_oxide::scanner: Discovering "C:\\xampp\\htdocs\\tutorial2\\app\\api\\payments\\azampay\\checkout"
2026-01-16T09:26:46.947250Z  INFO get_files:scan_sources: tailwindcss_oxide::scanner: Discovering "C:\\xampp\\htdocs\\tutorial2\\app\\api\\payments\\cleanup"
2026-01-16T09:26:46.947400Z  INFO get_files:scan_sources: tailwindcss_oxide::scanner: Discovering "C:\\xampp\\htdocs\\tutorial2\\app\\api\\payments\\complete"
2026-01-16T09:26:46.947576Z  INFO get_files:scan_sources: tailwindcss_oxide::scanner: Discovering "C:\\xampp\\htdocs\\tutorial2\\app\\api\\payments\\mobile-money"
2026-01-16T09:26:46.947737Z  INFO get_files:scan_sources: tailwindcss_oxide::scanner: Discovering "C:\\xampp\\htdocs\\tutorial2\\app\\api\\payments\\payment-status"
2026-01-16T09:26:46.947892Z  INFO get_files:scan_sources: tailwindcss_oxide::scanner: Discovering "C:\\xampp\\htdocs\\tutorial2\\app\\api\\payments\\process"
2026-01-16T09:26:46.948060Z  INFO get_files:scan_sources: tailwindcss_oxide::scanner: Discovering "C:\\xampp\\htdocs\\tutorial2\\app\\api\\reports"
2026-01-16T09:26:46.948181Z  INFO get_files:scan_sources: tailwindcss_oxide::scanner: Discovering "C:\\xampp\\htdocs\\tutorial2\\app\\api\\reports\\generate"
2026-01-16T09:26:46.948337Z  INFO get_files:scan_sources: tailwindcss_oxide::scanner: Discovering "C:\\xampp\\htdocs\\tutorial2\\app\\api\\reports\\send-email"
2026-01-16T09:26:46.948506Z  INFO get_files:scan_sources: tailwindcss_oxide::scanner: Discovering "C:\\xampp\\htdocs\\tutorial2\\app\\api\\send-approval-email"
2026-01-16T09:26:46.948659Z  INFO get_files:scan_sources: tailwindcss_oxide::scanner: Discovering "C:\\xampp\\htdocs\\tutorial2\\app\\api\\settings"
2026-01-16T09:26:46.948830Z  INFO get_files:scan_sources: tailwindcss_oxide::scanner: Discovering "C:\\xampp\\htdocs\\tutorial2\\app\\api\\setup"
2026-01-16T09:26:46.948954Z  INFO get_files:scan_sources: tailwindcss_oxide::scanner: Discovering "C:\\xampp\\htdocs\\tutorial2\\app\\api\\setup\\ensure-admin"
2026-01-16T09:26:46.949122Z  INFO get_files:scan_sources: tailwindcss_oxide::scanner: Discovering "C:\\xampp\\htdocs\\tutorial2\\app\\api\\test-events"
2026-01-16T09:26:46.949278Z  INFO get_files:scan_sources: tailwindcss_oxide::scanner: Discovering "C:\\xampp\\htdocs\\tutorial2\\app\\api\\user"
2026-01-16T09:26:46.949411Z  INFO get_files:scan_sources: tailwindcss_oxide::scanner: Discovering "C:\\xampp\\htdocs\\tutorial2\\app\\api\\user\\profile"
2026-01-16T09:26:46.949617Z  INFO get_files:scan_sources: tailwindcss_oxide::scanner: Discovering "C:\\xampp\\htdocs\\tutorial2\\app\\auth"
2026-01-16T09:26:46.949736Z  INFO get_files:scan_sources: tailwindcss_oxide::scanner: Discovering "C:\\xampp\\htdocs\\tutorial2\\app\\auth\\forgot-password"
2026-01-16T09:26:46.949915Z  INFO get_files:scan_sources: tailwindcss_oxide::scanner: Discovering "C:\\xampp\\htdocs\\tutorial2\\app\\auth\\login"
2026-01-16T09:26:46.950067Z  INFO get_files:scan_sources: tailwindcss_oxide::scanner: Discovering "C:\\xampp\\htdocs\\tutorial2\\app\\auth\\pending-approval"
2026-01-16T09:26:46.950218Z  INFO get_files:scan_sources: tailwindcss_oxide::scanner: Discovering "C:\\xampp\\htdocs\\tutorial2\\app\\auth\\register"
2026-01-16T09:26:46.950381Z  INFO get_files:scan_sources: tailwindcss_oxide::scanner: Discovering "C:\\xampp\\htdocs\\tutorial2\\app\\components"
2026-01-16T09:26:46.950561Z  INFO get_files:scan_sources: tailwindcss_oxide::scanner: Discovering "C:\\xampp\\htdocs\\tutorial2\\app\\contact"
2026-01-16T09:26:46.950711Z  INFO get_files:scan_sources: tailwindcss_oxide::scanner: Discovering "C:\\xampp\\htdocs\\tutorial2\\app\\dashboard"
2026-01-16T09:26:46.950831Z  INFO get_files:scan_sources: tailwindcss_oxide::scanner: Discovering "C:\\xampp\\htdocs\\tutorial2\\app\\dashboard\\complete-profile"
2026-01-16T09:26:46.950981Z  INFO get_files:scan_sources: tailwindcss_oxide::scanner: Discovering "C:\\xampp\\htdocs\\tutorial2\\app\\dashboard\\events"
2026-01-16T09:26:46.951151Z  INFO get_files:scan_sources: tailwindcss_oxide::scanner: Discovering "C:\\xampp\\htdocs\\tutorial2\\app\\dashboard\\membership-card"
2026-01-16T09:26:46.951346Z  INFO get_files:scan_sources: tailwindcss_oxide::scanner: Discovering "C:\\xampp\\htdocs\\tutorial2\\app\\dashboard\\messages"
2026-01-16T09:26:46.951503Z  INFO get_files:scan_sources: tailwindcss_oxide::scanner: Discovering "C:\\xampp\\htdocs\\tutorial2\\app\\dashboard\\news"
2026-01-16T09:26:46.951674Z  INFO get_files:scan_sources: tailwindcss_oxide::scanner: Discovering "C:\\xampp\\htdocs\\tutorial2\\app\\dashboard\\payment"
2026-01-16T09:26:46.951790Z  INFO get_files:scan_sources: tailwindcss_oxide::scanner: Discovering "C:\\xampp\\htdocs\\tutorial2\\app\\dashboard\\payment\\callback"
2026-01-16T09:26:46.951962Z  INFO get_files:scan_sources: tailwindcss_oxide::scanner: Discovering "C:\\xampp\\htdocs\\tutorial2\\app\\dashboard\\payment\\success"
2026-01-16T09:26:46.952126Z  INFO get_files:scan_sources: tailwindcss_oxide::scanner: Discovering "C:\\xampp\\htdocs\\tutorial2\\app\\dashboard\\profile"
2026-01-16T09:26:46.952272Z  INFO get_files:scan_sources: tailwindcss_oxide::scanner: Discovering "C:\\xampp\\htdocs\\tutorial2\\app\\dashboard\\subscribe"
2026-01-16T09:26:46.952445Z  INFO get_files:scan_sources: tailwindcss_oxide::scanner: Discovering "C:\\xampp\\htdocs\\tutorial2\\app\\fix-auth"
2026-01-16T09:26:46.952706Z  INFO get_files:scan_sources: tailwindcss_oxide::scanner: Discovering "C:\\xampp\\htdocs\\tutorial2\\app\\schemas"
2026-01-16T09:26:46.952851Z  INFO get_files:scan_sources: tailwindcss_oxide::scanner: Discovering "C:\\xampp\\htdocs\\tutorial2\\app\\scripts"
2026-01-16T09:26:46.953001Z  INFO get_files:scan_sources: tailwindcss_oxide::scanner: Discovering "C:\\xampp\\htdocs\\tutorial2\\app\\unauthorized"
2026-01-16T09:26:46.953534Z  INFO get_files:scan_sources: tailwindcss_oxide::scanner: Discovering "C:\\xampp\\htdocs\\tutorial2\\components"
2026-01-16T09:26:46.953664Z  INFO get_files:scan_sources: tailwindcss_oxide::scanner: Discovering "C:\\xampp\\htdocs\\tutorial2\\components\\admin"
2026-01-16T09:26:46.953909Z  INFO get_files:scan_sources: tailwindcss_oxide::scanner: Discovering "C:\\xampp\\htdocs\\tutorial2\\components\\dashboard"
2026-01-16T09:26:46.954201Z  INFO get_files:scan_sources: tailwindcss_oxide::scanner: Discovering "C:\\xampp\\htdocs\\tutorial2\\components\\ui"
2026-01-16T09:26:46.954619Z  INFO get_files:scan_sources: tailwindcss_oxide::scanner: Discovering "C:\\xampp\\htdocs\\tutorial2\\components\\web"
2026-01-16T09:26:46.954950Z  INFO get_files:scan_sources: tailwindcss_oxide::scanner: Discovering "C:\\xampp\\htdocs\\tutorial2\\contexts"
2026-01-16T09:26:46.955109Z  INFO get_files:scan_sources: tailwindcss_oxide::scanner: Discovering "C:\\xampp\\htdocs\\tutorial2\\convex"
2026-01-16T09:26:46.955233Z  INFO get_files:scan_sources: tailwindcss_oxide::scanner: Discovering "C:\\xampp\\htdocs\\tutorial2\\convex\\_generated"
2026-01-16T09:26:46.955680Z  INFO get_files:scan_sources: tailwindcss_oxide::scanner: Discovering "C:\\xampp\\htdocs\\tutorial2\\database"
2026-01-16T09:26:46.957105Z  INFO get_files:scan_sources: tailwindcss_oxide::scanner: Discovering "C:\\xampp\\htdocs\\tutorial2\\deploy-minimal"
2026-01-16T09:26:46.957439Z  INFO get_files:scan_sources: tailwindcss_oxide::scanner: Discovering "C:\\xampp\\htdocs\\tutorial2\\deploy-simple"
2026-01-16T09:26:46.957679Z  INFO get_files:scan_sources: tailwindcss_oxide::scanner: Discovering "C:\\xampp\\htdocs\\tutorial2\\deploy-temp"
2026-01-16T09:26:46.958570Z  INFO get_files:scan_sources: tailwindcss_oxide::scanner: Discovering "C:\\xampp\\htdocs\\tutorial2\\lib"
2026-01-16T09:26:46.959377Z  INFO get_files:scan_sources: tailwindcss_oxide::scanner: Discovering "C:\\xampp\\htdocs\\tutorial2\\migrations"
2026-01-16T09:26:46.960242Z  INFO get_files:scan_sources: tailwindcss_oxide::scanner: Discovering "C:\\xampp\\htdocs\\tutorial2\\public"
2026-01-16T09:26:46.960490Z  INFO get_files:scan_sources: tailwindcss_oxide::scanner: Discovering "C:\\xampp\\htdocs\\tutorial2\\public\\uploads"
2026-01-16T09:26:46.960632Z  INFO get_files:scan_sources: tailwindcss_oxide::scanner: Discovering "C:\\xampp\\htdocs\\tutorial2\\public\\uploads\\documents"
2026-01-16T09:26:46.960813Z  INFO get_files:scan_sources: tailwindcss_oxide::scanner: Discovering "C:\\xampp\\htdocs\\tutorial2\\public\\uploads\\profile-pictures"
2026-01-16T09:26:46.962396Z  INFO get_files:scan_sources: tailwindcss_oxide::scanner: Discovering "C:\\xampp\\htdocs\\tutorial2\\types"
2026-01-16T09:26:46.962725Z  INFO get_files:scan_sources: tailwindcss_oxide::scanner: exit
2026-01-16T09:26:46.962948Z  INFO get_files: tailwindcss_oxide::scanner: exit
2026-01-16T09:26:46.963468Z  INFO get_globs: tailwindcss_oxide::scanner: enter
2026-01-16T09:26:46.963481Z  INFO get_globs: tailwindcss_oxide::scanner: exit
2026-01-16T09:29:41.592340Z  INFO scan_sources: tailwindcss_oxide::scanner: enter
2026-01-16T09:29:41.595554Z  INFO scan_sources: tailwindcss_oxide::scanner: Discovering "C:\\xampp\\htdocs\\tutorial2\\.windsurf"
2026-01-16T09:29:41.595813Z  INFO scan_sources: tailwindcss_oxide::scanner: Discovering "C:\\xampp\\htdocs\\tutorial2\\.windsurf\\workflows"
2026-01-16T09:29:41.596379Z  INFO scan_sources: tailwindcss_oxide::scanner: Discovering "C:\\xampp\\htdocs\\tutorial2\\api"
2026-01-16T09:29:41.596590Z  INFO scan_sources: tailwindcss_oxide::scanner: Discovering "C:\\xampp\\htdocs\\tutorial2\\api\\auth"
2026-01-16T09:29:41.596976Z  INFO scan_sources: tailwindcss_oxide::scanner: Discovering "C:\\xampp\\htdocs\\tutorial2\\app"
2026-01-16T09:29:41.597161Z  INFO scan_sources: tailwindcss_oxide::scanner: Discovering "C:\\xampp\\htdocs\\tutorial2\\app\\(layout)"
2026-01-16T09:29:41.597562Z  INFO scan_sources: tailwindcss_oxide::scanner: Discovering "C:\\xampp\\htdocs\\tutorial2\\app\\(shared-layout)"
2026-01-16T09:29:41.597926Z  INFO scan_sources: tailwindcss_oxide::scanner: Discovering "C:\\xampp\\htdocs\\tutorial2\\app\\about"
2026-01-16T09:29:41.598145Z  INFO scan_sources: tailwindcss_oxide::scanner: Discovering "C:\\xampp\\htdocs\\tutorial2\\app\\about-us"
2026-01-16T09:29:41.598384Z  INFO scan_sources: tailwindcss_oxide::scanner: Discovering "C:\\xampp\\htdocs\\tutorial2\\app\\admin"
2026-01-16T09:29:41.598564Z  INFO scan_sources: tailwindcss_oxide::scanner: Discovering "C:\\xampp\\htdocs\\tutorial2\\app\\admin\\cards"
2026-01-16T09:29:41.598805Z  INFO scan_sources: tailwindcss_oxide::scanner: Discovering "C:\\xampp\\htdocs\\tutorial2\\app\\admin\\content"
2026-01-16T09:29:41.599027Z  INFO scan_sources: tailwindcss_oxide::scanner: Discovering "C:\\xampp\\htdocs\\tutorial2\\app\\admin\\content\\about"
2026-01-16T09:29:41.599293Z  INFO scan_sources: tailwindcss_oxide::scanner: Discovering "C:\\xampp\\htdocs\\tutorial2\\app\\admin\\content\\contact"
2026-01-16T09:29:41.599732Z  INFO scan_sources: tailwindcss_oxide::scanner: Discovering "C:\\xampp\\htdocs\\tutorial2\\app\\admin\\content\\home"
2026-01-16T09:29:41.600126Z  INFO scan_sources: tailwindcss_oxide::scanner: Discovering "C:\\xampp\\htdocs\\tutorial2\\app\\admin\\dashboard"
2026-01-16T09:29:41.600480Z  INFO scan_sources: tailwindcss_oxide::scanner: Discovering "C:\\xampp\\htdocs\\tutorial2\\app\\admin\\events"
2026-01-16T09:29:41.600816Z  INFO scan_sources: tailwindcss_oxide::scanner: Discovering "C:\\xampp\\htdocs\\tutorial2\\app\\admin\\events\\[id]"
2026-01-16T09:29:41.601180Z  INFO scan_sources: tailwindcss_oxide::scanner: Discovering "C:\\xampp\\htdocs\\tutorial2\\app\\admin\\events\\[id]\\registrations"
2026-01-16T09:29:41.601596Z  INFO scan_sources: tailwindcss_oxide::scanner: Discovering "C:\\xampp\\htdocs\\tutorial2\\app\\admin\\membership"
2026-01-16T09:29:41.601885Z  INFO scan_sources: tailwindcss_oxide::scanner: Discovering "C:\\xampp\\htdocs\\tutorial2\\app\\admin\\news"
2026-01-16T09:29:41.602396Z  INFO scan_sources: tailwindcss_oxide::scanner: Discovering "C:\\xampp\\htdocs\\tutorial2\\app\\admin\\payment"
2026-01-16T09:29:41.602664Z  INFO scan_sources: tailwindcss_oxide::scanner: Discovering "C:\\xampp\\htdocs\\tutorial2\\app\\admin\\payments"
2026-01-16T09:29:41.602916Z  INFO scan_sources: tailwindcss_oxide::scanner: Discovering "C:\\xampp\\htdocs\\tutorial2\\app\\admin\\reports"
2026-01-16T09:29:41.603127Z  INFO scan_sources: tailwindcss_oxide::scanner: Discovering "C:\\xampp\\htdocs\\tutorial2\\app\\admin\\requests"
2026-01-16T09:29:41.603351Z  INFO scan_sources: tailwindcss_oxide::scanner: Discovering "C:\\xampp\\htdocs\\tutorial2\\app\\admin\\users"
2026-01-16T09:29:41.603573Z  INFO scan_sources: tailwindcss_oxide::scanner: Discovering "C:\\xampp\\htdocs\\tutorial2\\app\\admin\\users\\[id]"
2026-01-16T09:29:41.603877Z  INFO scan_sources: tailwindcss_oxide::scanner: Discovering "C:\\xampp\\htdocs\\tutorial2\\app\\api"
2026-01-16T09:29:41.604064Z  INFO scan_sources: tailwindcss_oxide::scanner: Discovering "C:\\xampp\\htdocs\\tutorial2\\app\\api\\about-content"
2026-01-16T09:29:41.604337Z  INFO scan_sources: tailwindcss_oxide::scanner: Discovering "C:\\xampp\\htdocs\\tutorial2\\app\\api\\admin"
2026-01-16T09:29:41.604528Z  INFO scan_sources: tailwindcss_oxide::scanner: Discovering "C:\\xampp\\htdocs\\tutorial2\\app\\api\\admin\\approve-member"
2026-01-16T09:29:41.604779Z  INFO scan_sources: tailwindcss_oxide::scanner: Discovering "C:\\xampp\\htdocs\\tutorial2\\app\\api\\admin\\cards"
2026-01-16T09:29:41.605041Z  INFO scan_sources: tailwindcss_oxide::scanner: Discovering "C:\\xampp\\htdocs\\tutorial2\\app\\api\\admin\\content"
2026-01-16T09:29:41.605206Z  INFO scan_sources: tailwindcss_oxide::scanner: Discovering "C:\\xampp\\htdocs\\tutorial2\\app\\api\\admin\\content\\about"
2026-01-16T09:29:41.605447Z  INFO scan_sources: tailwindcss_oxide::scanner: Discovering "C:\\xampp\\htdocs\\tutorial2\\app\\api\\admin\\content\\about\\[id]"
2026-01-16T09:29:41.605703Z  INFO scan_sources: tailwindcss_oxide::scanner: Discovering "C:\\xampp\\htdocs\\tutorial2\\app\\api\\admin\\content\\contact"
2026-01-16T09:29:41.605917Z  INFO scan_sources: tailwindcss_oxide::scanner: Discovering "C:\\xampp\\htdocs\\tutorial2\\app\\api\\admin\\content\\contact\\[id]"
2026-01-16T09:29:41.606160Z  INFO scan_sources: tailwindcss_oxide::scanner: Discovering "C:\\xampp\\htdocs\\tutorial2\\app\\api\\admin\\content\\footer"
2026-01-16T09:29:41.606355Z  INFO scan_sources: tailwindcss_oxide::scanner: Discovering "C:\\xampp\\htdocs\\tutorial2\\app\\api\\admin\\content\\home"
2026-01-16T09:29:41.606532Z  INFO scan_sources: tailwindcss_oxide::scanner: Discovering "C:\\xampp\\htdocs\\tutorial2\\app\\api\\admin\\content\\home\\[id]"
2026-01-16T09:29:41.606754Z  INFO scan_sources: tailwindcss_oxide::scanner: Discovering "C:\\xampp\\htdocs\\tutorial2\\app\\api\\admin\\content\\media"
2026-01-16T09:29:41.607128Z  INFO scan_sources: tailwindcss_oxide::scanner: Discovering "C:\\xampp\\htdocs\\tutorial2\\app\\api\\admin\\content\\navigation"
2026-01-16T09:29:41.607368Z  INFO scan_sources: tailwindcss_oxide::scanner: Discovering "C:\\xampp\\htdocs\\tutorial2\\app\\api\\admin\\content\\pages"
2026-01-16T09:29:41.607580Z  INFO scan_sources: tailwindcss_oxide::scanner: Discovering "C:\\xampp\\htdocs\\tutorial2\\app\\api\\admin\\content\\pages\\[id]"
2026-01-16T09:29:41.607841Z  INFO scan_sources: tailwindcss_oxide::scanner: Discovering "C:\\xampp\\htdocs\\tutorial2\\app\\api\\admin\\content\\settings"
2026-01-16T09:29:41.608109Z  INFO scan_sources: tailwindcss_oxide::scanner: Discovering "C:\\xampp\\htdocs\\tutorial2\\app\\api\\admin\\create-admin"
2026-01-16T09:29:41.608346Z  INFO scan_sources: tailwindcss_oxide::scanner: Discovering "C:\\xampp\\htdocs\\tutorial2\\app\\api\\admin\\deleted-users"
2026-01-16T09:29:41.608562Z  INFO scan_sources: tailwindcss_oxide::scanner: Discovering "C:\\xampp\\htdocs\\tutorial2\\app\\api\\admin\\events"
2026-01-16T09:29:41.608798Z  INFO scan_sources: tailwindcss_oxide::scanner: Discovering "C:\\xampp\\htdocs\\tutorial2\\app\\api\\admin\\events\\[id]"
2026-01-16T09:29:41.608976Z  INFO scan_sources: tailwindcss_oxide::scanner: Discovering "C:\\xampp\\htdocs\\tutorial2\\app\\api\\admin\\events\\[id]\\registrations"
2026-01-16T09:29:41.609371Z  INFO scan_sources: tailwindcss_oxide::scanner: Discovering "C:\\xampp\\htdocs\\tutorial2\\app\\api\\admin\\fix-admin"
2026-01-16T09:29:41.609690Z  INFO scan_sources: tailwindcss_oxide::scanner: Discovering "C:\\xampp\\htdocs\\tutorial2\\app\\api\\admin\\membership"
2026-01-16T09:29:41.610200Z  INFO scan_sources: tailwindcss_oxide::scanner: Discovering "C:\\xampp\\htdocs\\tutorial2\\app\\api\\admin\\membership\\cycles"
2026-01-16T09:29:41.610528Z  INFO scan_sources: tailwindcss_oxide::scanner: Discovering "C:\\xampp\\htdocs\\tutorial2\\app\\api\\admin\\membership\\settings"
2026-01-16T09:29:41.610847Z  INFO scan_sources: tailwindcss_oxide::scanner: Discovering "C:\\xampp\\htdocs\\tutorial2\\app\\api\\admin\\membership\\types"
2026-01-16T09:29:41.611227Z  INFO scan_sources: tailwindcss_oxide::scanner: Discovering "C:\\xampp\\htdocs\\tutorial2\\app\\api\\admin\\news"
2026-01-16T09:29:41.611515Z  INFO scan_sources: tailwindcss_oxide::scanner: Discovering "C:\\xampp\\htdocs\\tutorial2\\app\\api\\admin\\payment"
2026-01-16T09:29:41.611781Z  INFO scan_sources: tailwindcss_oxide::scanner: Discovering "C:\\xampp\\htdocs\\tutorial2\\app\\api\\admin\\payments"
2026-01-16T09:29:41.611972Z  INFO scan_sources: tailwindcss_oxide::scanner: Discovering "C:\\xampp\\htdocs\\tutorial2\\app\\api\\admin\\payments\\list"
2026-01-16T09:29:41.612150Z  INFO scan_sources: tailwindcss_oxide::scanner: Discovering "C:\\xampp\\htdocs\\tutorial2\\app\\api\\admin\\payments\\list\\export"
2026-01-16T09:29:41.612568Z  INFO scan_sources: tailwindcss_oxide::scanner: Discovering "C:\\xampp\\htdocs\\tutorial2\\app\\api\\admin\\payments\\[id]"
2026-01-16T09:29:41.612914Z  INFO scan_sources: tailwindcss_oxide::scanner: Discovering "C:\\xampp\\htdocs\\tutorial2\\app\\api\\admin\\payments\\[id]\\refund"
2026-01-16T09:29:41.613480Z  INFO scan_sources: tailwindcss_oxide::scanner: Discovering "C:\\xampp\\htdocs\\tutorial2\\app\\api\\admin\\reject-member"
2026-01-16T09:29:41.613861Z  INFO scan_sources: tailwindcss_oxide::scanner: Discovering "C:\\xampp\\htdocs\\tutorial2\\app\\api\\admin\\report"
2026-01-16T09:29:41.614339Z  INFO scan_sources: tailwindcss_oxide::scanner: Discovering "C:\\xampp\\htdocs\\tutorial2\\app\\api\\admin\\reports"
2026-01-16T09:29:41.614759Z  INFO scan_sources: tailwindcss_oxide::scanner: Discovering "C:\\xampp\\htdocs\\tutorial2\\app\\api\\admin\\reports\\generate"
2026-01-16T09:29:41.615356Z  INFO scan_sources: tailwindcss_oxide::scanner: Discovering "C:\\xampp\\htdocs\\tutorial2\\app\\api\\admin\\reset-admin"
2026-01-16T09:29:41.615651Z  INFO scan_sources: tailwindcss_oxide::scanner: Discovering "C:\\xampp\\htdocs\\tutorial2\\app\\api\\admin\\users"
2026-01-16T09:29:41.615874Z  INFO scan_sources: tailwindcss_oxide::scanner: Discovering "C:\\xampp\\htdocs\\tutorial2\\app\\api\\admin\\users\\restore"
2026-01-16T09:29:41.616130Z  INFO scan_sources: tailwindcss_oxide::scanner: Discovering "C:\\xampp\\htdocs\\tutorial2\\app\\api\\admin\\users\\[id]"
2026-01-16T09:29:41.616298Z  INFO scan_sources: tailwindcss_oxide::scanner: Discovering "C:\\xampp\\htdocs\\tutorial2\\app\\api\\admin\\users\\[id]\\approve"
2026-01-16T09:29:41.616567Z  INFO scan_sources: tailwindcss_oxide::scanner: Discovering "C:\\xampp\\htdocs\\tutorial2\\app\\api\\admin\\users\\[id]\\details"
2026-01-16T09:29:41.616818Z  INFO scan_sources: tailwindcss_oxide::scanner: Discovering "C:\\xampp\\htdocs\\tutorial2\\app\\api\\admin\\users\\[id]\\membership-status"
2026-01-16T09:29:41.617053Z  INFO scan_sources: tailwindcss_oxide::scanner: Discovering "C:\\xampp\\htdocs\\tutorial2\\app\\api\\admin\\users\\[id]\\password"
2026-01-16T09:29:41.617271Z  INFO scan_sources: tailwindcss_oxide::scanner: Discovering "C:\\xampp\\htdocs\\tutorial2\\app\\api\\admin\\users\\[id]\\reject"
2026-01-16T09:29:41.617606Z  INFO scan_sources: tailwindcss_oxide::scanner: Discovering "C:\\xampp\\htdocs\\tutorial2\\app\\api\\auth"
2026-01-16T09:29:41.617779Z  INFO scan_sources: tailwindcss_oxide::scanner: Discovering "C:\\xampp\\htdocs\\tutorial2\\app\\api\\auth\\forgot-password"
2026-01-16T09:29:41.618008Z  INFO scan_sources: tailwindcss_oxide::scanner: Discovering "C:\\xampp\\htdocs\\tutorial2\\app\\api\\auth\\login"
2026-01-16T09:29:41.618224Z  INFO scan_sources: tailwindcss_oxide::scanner: Discovering "C:\\xampp\\htdocs\\tutorial2\\app\\api\\auth\\logout"
2026-01-16T09:29:41.618449Z  INFO scan_sources: tailwindcss_oxide::scanner: Discovering "C:\\xampp\\htdocs\\tutorial2\\app\\api\\auth\\me"
2026-01-16T09:29:41.618674Z  INFO scan_sources: tailwindcss_oxide::scanner: Discovering "C:\\xampp\\htdocs\\tutorial2\\app\\api\\auth\\membership-status"
2026-01-16T09:29:41.618941Z  INFO scan_sources: tailwindcss_oxide::scanner: Discovering "C:\\xampp\\htdocs\\tutorial2\\app\\api\\auth\\profile"
2026-01-16T09:29:41.619257Z  INFO scan_sources: tailwindcss_oxide::scanner: Discovering "C:\\xampp\\htdocs\\tutorial2\\app\\api\\auth\\refresh"
2026-01-16T09:29:41.619540Z  INFO scan_sources: tailwindcss_oxide::scanner: Discovering "C:\\xampp\\htdocs\\tutorial2\\app\\api\\auth\\register"
2026-01-16T09:29:41.619794Z  INFO scan_sources: tailwindcss_oxide::scanner: Discovering "C:\\xampp\\htdocs\\tutorial2\\app\\api\\auth\\[...nextauth]"
2026-01-16T09:29:41.620061Z  INFO scan_sources: tailwindcss_oxide::scanner: Discovering "C:\\xampp\\htdocs\\tutorial2\\app\\api\\contact-content"
2026-01-16T09:29:41.620277Z  INFO scan_sources: tailwindcss_oxide::scanner: Discovering "C:\\xampp\\htdocs\\tutorial2\\app\\api\\debug"
2026-01-16T09:29:41.620508Z  INFO scan_sources: tailwindcss_oxide::scanner: Discovering "C:\\xampp\\htdocs\\tutorial2\\app\\api\\debug\\pricing"
2026-01-16T09:29:41.620710Z  INFO scan_sources: tailwindcss_oxide::scanner: Discovering "C:\\xampp\\htdocs\\tutorial2\\app\\api\\debug\\send-email"
2026-01-16T09:29:41.620887Z  INFO scan_sources: tailwindcss_oxide::scanner: Discovering "C:\\xampp\\htdocs\\tutorial2\\app\\api\\debug\\send-test-email"
2026-01-16T09:29:41.621097Z  INFO scan_sources: tailwindcss_oxide::scanner: Discovering "C:\\xampp\\htdocs\\tutorial2\\app\\api\\events"
2026-01-16T09:29:41.621263Z  INFO scan_sources: tailwindcss_oxide::scanner: Discovering "C:\\xampp\\htdocs\\tutorial2\\app\\api\\events\\[id]"
2026-01-16T09:29:41.621407Z  INFO scan_sources: tailwindcss_oxide::scanner: Discovering "C:\\xampp\\htdocs\\tutorial2\\app\\api\\events\\[id]\\register"
2026-01-16T09:29:41.621697Z  INFO scan_sources: tailwindcss_oxide::scanner: Discovering "C:\\xampp\\htdocs\\tutorial2\\app\\api\\fix-membership"
2026-01-16T09:29:41.621929Z  INFO scan_sources: tailwindcss_oxide::scanner: Discovering "C:\\xampp\\htdocs\\tutorial2\\app\\api\\home-content"
2026-01-16T09:29:41.622126Z  INFO scan_sources: tailwindcss_oxide::scanner: Discovering "C:\\xampp\\htdocs\\tutorial2\\app\\api\\membership"
2026-01-16T09:29:41.622279Z  INFO scan_sources: tailwindcss_oxide::scanner: Discovering "C:\\xampp\\htdocs\\tutorial2\\app\\api\\membership\\complete-payment"
2026-01-16T09:29:41.622505Z  INFO scan_sources: tailwindcss_oxide::scanner: Discovering "C:\\xampp\\htdocs\\tutorial2\\app\\api\\membership\\next-number"
2026-01-16T09:29:41.622700Z  INFO scan_sources: tailwindcss_oxide::scanner: Discovering "C:\\xampp\\htdocs\\tutorial2\\app\\api\\membership\\pay"
2026-01-16T09:29:41.622948Z  INFO scan_sources: tailwindcss_oxide::scanner: Discovering "C:\\xampp\\htdocs\\tutorial2\\app\\api\\membership\\pay-early"
2026-01-16T09:29:41.623166Z  INFO scan_sources: tailwindcss_oxide::scanner: Discovering "C:\\xampp\\htdocs\\tutorial2\\app\\api\\membership\\payment-status"
2026-01-16T09:29:41.623368Z  INFO scan_sources: tailwindcss_oxide::scanner: Discovering "C:\\xampp\\htdocs\\tutorial2\\app\\api\\membership\\payment-success"
2026-01-16T09:29:41.623640Z  INFO scan_sources: tailwindcss_oxide::scanner: Discovering "C:\\xampp\\htdocs\\tutorial2\\app\\api\\membership\\status"
2026-01-16T09:29:41.623934Z  INFO scan_sources: tailwindcss_oxide::scanner: Discovering "C:\\xampp\\htdocs\\tutorial2\\app\\api\\messages"
2026-01-16T09:29:41.624095Z  INFO scan_sources: tailwindcss_oxide::scanner: Discovering "C:\\xampp\\htdocs\\tutorial2\\app\\api\\messages\\reply"
2026-01-16T09:29:41.624430Z  INFO scan_sources: tailwindcss_oxide::scanner: Discovering "C:\\xampp\\htdocs\\tutorial2\\app\\api\\messages\\[id]"
2026-01-16T09:29:41.624614Z  INFO scan_sources: tailwindcss_oxide::scanner: Discovering "C:\\xampp\\htdocs\\tutorial2\\app\\api\\messages\\[id]\\read"
2026-01-16T09:29:41.624948Z  INFO scan_sources: tailwindcss_oxide::scanner: Discovering "C:\\xampp\\htdocs\\tutorial2\\app\\api\\news"
2026-01-16T09:29:41.625184Z  INFO scan_sources: tailwindcss_oxide::scanner: Discovering "C:\\xampp\\htdocs\\tutorial2\\app\\api\\payment"
2026-01-16T09:29:41.625354Z  INFO scan_sources: tailwindcss_oxide::scanner: Discovering "C:\\xampp\\htdocs\\tutorial2\\app\\api\\payment\\pesapal"
2026-01-16T09:29:41.625615Z  INFO scan_sources: tailwindcss_oxide::scanner: Discovering "C:\\xampp\\htdocs\\tutorial2\\app\\api\\payments"
2026-01-16T09:29:41.625758Z  INFO scan_sources: tailwindcss_oxide::scanner: Discovering "C:\\xampp\\htdocs\\tutorial2\\app\\api\\payments\\activate-test"
2026-01-16T09:29:41.626210Z  INFO scan_sources: tailwindcss_oxide::scanner: Discovering "C:\\xampp\\htdocs\\tutorial2\\app\\api\\payments\\azampay"
2026-01-16T09:29:41.626604Z  INFO scan_sources: tailwindcss_oxide::scanner: Discovering "C:\\xampp\\htdocs\\tutorial2\\app\\api\\payments\\azampay\\callback"
2026-01-16T09:29:41.627332Z  INFO scan_sources: tailwindcss_oxide::scanner: Discovering "C:\\xampp\\htdocs\\tutorial2\\app\\api\\payments\\azampay\\checkout"
2026-01-16T09:29:41.627860Z  INFO scan_sources: tailwindcss_oxide::scanner: Discovering "C:\\xampp\\htdocs\\tutorial2\\app\\api\\payments\\cleanup"
2026-01-16T09:29:41.628283Z  INFO scan_sources: tailwindcss_oxide::scanner: Discovering "C:\\xampp\\htdocs\\tutorial2\\app\\api\\payments\\complete"
2026-01-16T09:29:41.628707Z  INFO scan_sources: tailwindcss_oxide::scanner: Discovering "C:\\xampp\\htdocs\\tutorial2\\app\\api\\payments\\mobile-money"
2026-01-16T09:29:41.629100Z  INFO scan_sources: tailwindcss_oxide::scanner: Discovering "C:\\xampp\\htdocs\\tutorial2\\app\\api\\payments\\payment-status"
2026-01-16T09:29:41.629574Z  INFO scan_sources: tailwindcss_oxide::scanner: Discovering "C:\\xampp\\htdocs\\tutorial2\\app\\api\\payments\\process"
2026-01-16T09:29:41.630003Z  INFO scan_sources: tailwindcss_oxide::scanner: Discovering "C:\\xampp\\htdocs\\tutorial2\\app\\api\\reports"
2026-01-16T09:29:41.630267Z  INFO scan_sources: tailwindcss_oxide::scanner: Discovering "C:\\xampp\\htdocs\\tutorial2\\app\\api\\reports\\generate"
2026-01-16T09:29:41.630643Z  INFO scan_sources: tailwindcss_oxide::scanner: Discovering "C:\\xampp\\htdocs\\tutorial2\\app\\api\\reports\\send-email"
2026-01-16T09:29:41.631014Z  INFO scan_sources: tailwindcss_oxide::scanner: Discovering "C:\\xampp\\htdocs\\tutorial2\\app\\api\\send-approval-email"
2026-01-16T09:29:41.631394Z  INFO scan_sources: tailwindcss_oxide::scanner: Discovering "C:\\xampp\\htdocs\\tutorial2\\app\\api\\settings"
2026-01-16T09:29:41.631753Z  INFO scan_sources: tailwindcss_oxide::scanner: Discovering "C:\\xampp\\htdocs\\tutorial2\\app\\api\\setup"
2026-01-16T09:29:41.631997Z  INFO scan_sources: tailwindcss_oxide::scanner: Discovering "C:\\xampp\\htdocs\\tutorial2\\app\\api\\setup\\ensure-admin"
2026-01-16T09:29:41.632357Z  INFO scan_sources: tailwindcss_oxide::scanner: Discovering "C:\\xampp\\htdocs\\tutorial2\\app\\api\\test-events"
2026-01-16T09:29:41.632703Z  INFO scan_sources: tailwindcss_oxide::scanner: Discovering "C:\\xampp\\htdocs\\tutorial2\\app\\api\\user"
2026-01-16T09:29:41.632966Z  INFO scan_sources: tailwindcss_oxide::scanner: Discovering "C:\\xampp\\htdocs\\tutorial2\\app\\api\\user\\profile"
2026-01-16T09:29:41.633369Z  INFO scan_sources: tailwindcss_oxide::scanner: Discovering "C:\\xampp\\htdocs\\tutorial2\\app\\auth"
2026-01-16T09:29:41.633633Z  INFO scan_sources: tailwindcss_oxide::scanner: Discovering "C:\\xampp\\htdocs\\tutorial2\\app\\auth\\forgot-password"
2026-01-16T09:29:41.634057Z  INFO scan_sources: tailwindcss_oxide::scanner: Discovering "C:\\xampp\\htdocs\\tutorial2\\app\\auth\\login"
2026-01-16T09:29:41.634397Z  INFO scan_sources: tailwindcss_oxide::scanner: Discovering "C:\\xampp\\htdocs\\tutorial2\\app\\auth\\pending-approval"
2026-01-16T09:29:41.634748Z  INFO scan_sources: tailwindcss_oxide::scanner: Discovering "C:\\xampp\\htdocs\\tutorial2\\app\\auth\\register"
2026-01-16T09:29:41.635142Z  INFO scan_sources: tailwindcss_oxide::scanner: Discovering "C:\\xampp\\htdocs\\tutorial2\\app\\components"
2026-01-16T09:29:41.635514Z  INFO scan_sources: tailwindcss_oxide::scanner: Discovering "C:\\xampp\\htdocs\\tutorial2\\app\\contact"
2026-01-16T09:29:41.635862Z  INFO scan_sources: tailwindcss_oxide::scanner: Discovering "C:\\xampp\\htdocs\\tutorial2\\app\\dashboard"
2026-01-16T09:29:41.636113Z  INFO scan_sources: tailwindcss_oxide::scanner: Discovering "C:\\xampp\\htdocs\\tutorial2\\app\\dashboard\\complete-profile"
2026-01-16T09:29:41.636441Z  INFO scan_sources: tailwindcss_oxide::scanner: Discovering "C:\\xampp\\htdocs\\tutorial2\\app\\dashboard\\events"
2026-01-16T09:29:41.636801Z  INFO scan_sources: tailwindcss_oxide::scanner: Discovering "C:\\xampp\\htdocs\\tutorial2\\app\\dashboard\\membership-card"
2026-01-16T09:29:41.637203Z  INFO scan_sources: tailwindcss_oxide::scanner: Discovering "C:\\xampp\\htdocs\\tutorial2\\app\\dashboard\\messages"
2026-01-16T09:29:41.637512Z  INFO scan_sources: tailwindcss_oxide::scanner: Discovering "C:\\xampp\\htdocs\\tutorial2\\app\\dashboard\\news"
2026-01-16T09:29:41.637798Z  INFO scan_sources: tailwindcss_oxide::scanner: Discovering "C:\\xampp\\htdocs\\tutorial2\\app\\dashboard\\page.tsx"
2026-01-16T09:29:41.637951Z  INFO scan_sources: tailwindcss_oxide::scanner: Discovering "C:\\xampp\\htdocs\\tutorial2\\app\\dashboard\\payment"
2026-01-16T09:29:41.638183Z  INFO scan_sources: tailwindcss_oxide::scanner: Discovering "C:\\xampp\\htdocs\\tutorial2\\app\\dashboard\\payment\\callback"
2026-01-16T09:29:41.638542Z  INFO scan_sources: tailwindcss_oxide::scanner: Discovering "C:\\xampp\\htdocs\\tutorial2\\app\\dashboard\\payment\\success"
2026-01-16T09:29:41.638884Z  INFO scan_sources: tailwindcss_oxide::scanner: Discovering "C:\\xampp\\htdocs\\tutorial2\\app\\dashboard\\profile"
2026-01-16T09:29:41.639242Z  INFO scan_sources: tailwindcss_oxide::scanner: Discovering "C:\\xampp\\htdocs\\tutorial2\\app\\dashboard\\subscribe"
2026-01-16T09:29:41.639692Z  INFO scan_sources: tailwindcss_oxide::scanner: Discovering "C:\\xampp\\htdocs\\tutorial2\\app\\fix-auth"
2026-01-16T09:29:41.640268Z  INFO scan_sources: tailwindcss_oxide::scanner: Discovering "C:\\xampp\\htdocs\\tutorial2\\app\\schemas"
2026-01-16T09:29:41.640577Z  INFO scan_sources: tailwindcss_oxide::scanner: Discovering "C:\\xampp\\htdocs\\tutorial2\\app\\scripts"
2026-01-16T09:29:41.640879Z  INFO scan_sources: tailwindcss_oxide::scanner: Discovering "C:\\xampp\\htdocs\\tutorial2\\app\\unauthorized"
2026-01-16T09:29:41.641958Z  INFO scan_sources: tailwindcss_oxide::scanner: Discovering "C:\\xampp\\htdocs\\tutorial2\\components"
2026-01-16T09:29:41.642275Z  INFO scan_sources: tailwindcss_oxide::scanner: Discovering "C:\\xampp\\htdocs\\tutorial2\\components\\admin"
2026-01-16T09:29:41.642760Z  INFO scan_sources: tailwindcss_oxide::scanner: Discovering "C:\\xampp\\htdocs\\tutorial2\\components\\dashboard"
2026-01-16T09:29:41.643704Z  INFO scan_sources: tailwindcss_oxide::scanner: Discovering "C:\\xampp\\htdocs\\tutorial2\\components\\ui"
2026-01-16T09:29:41.644824Z  INFO scan_sources: tailwindcss_oxide::scanner: Discovering "C:\\xampp\\htdocs\\tutorial2\\components\\web"
2026-01-16T09:29:41.645577Z  INFO scan_sources: tailwindcss_oxide::scanner: Discovering "C:\\xampp\\htdocs\\tutorial2\\contexts"
2026-01-16T09:29:41.646032Z  INFO scan_sources: tailwindcss_oxide::scanner: Discovering "C:\\xampp\\htdocs\\tutorial2\\convex"
2026-01-16T09:29:41.646406Z  INFO scan_sources: tailwindcss_oxide::scanner: Discovering "C:\\xampp\\htdocs\\tutorial2\\convex\\_generated"
2026-01-16T09:29:41.647059Z  INFO scan_sources: tailwindcss_oxide::scanner: Discovering "C:\\xampp\\htdocs\\tutorial2\\database"
2026-01-16T09:29:41.648206Z  INFO scan_sources: tailwindcss_oxide::scanner: Discovering "C:\\xampp\\htdocs\\tutorial2\\deploy-minimal"
2026-01-16T09:29:41.648615Z  INFO scan_sources: tailwindcss_oxide::scanner: Discovering "C:\\xampp\\htdocs\\tutorial2\\deploy-simple"
2026-01-16T09:29:41.648934Z  INFO scan_sources: tailwindcss_oxide::scanner: Discovering "C:\\xampp\\htdocs\\tutorial2\\deploy-temp"
2026-01-16T09:29:41.649974Z  INFO scan_sources: tailwindcss_oxide::scanner: Discovering "C:\\xampp\\htdocs\\tutorial2\\lib"
2026-01-16T09:29:41.650930Z  INFO scan_sources: tailwindcss_oxide::scanner: Discovering "C:\\xampp\\htdocs\\tutorial2\\migrations"
2026-01-16T09:29:41.652211Z  INFO scan_sources: tailwindcss_oxide::scanner: Discovering "C:\\xampp\\htdocs\\tutorial2\\public"
2026-01-16T09:29:41.652545Z  INFO scan_sources: tailwindcss_oxide::scanner: Discovering "C:\\xampp\\htdocs\\tutorial2\\public\\uploads"
2026-01-16T09:29:41.652750Z  INFO scan_sources: tailwindcss_oxide::scanner: Discovering "C:\\xampp\\htdocs\\tutorial2\\public\\uploads\\documents"
2026-01-16T09:29:41.653013Z  INFO scan_sources: tailwindcss_oxide::scanner: Discovering "C:\\xampp\\htdocs\\tutorial2\\public\\uploads\\profile-pictures"
2026-01-16T09:29:41.653775Z  INFO scan_sources: tailwindcss_oxide::scanner: Discovering "C:\\xampp\\htdocs\\tutorial2\\scripts"
2026-01-16T09:29:41.653957Z  INFO scan_sources: tailwindcss_oxide::scanner: Discovering "C:\\xampp\\htdocs\\tutorial2\\scripts\\add-test-event.ts"
2026-01-16T09:29:41.655435Z  INFO scan_sources: tailwindcss_oxide::scanner: Discovering "C:\\xampp\\htdocs\\tutorial2\\types"
2026-01-16T09:29:41.655933Z  INFO scan_sources: tailwindcss_oxide::scanner: exit
2026-01-16T09:29:41.655968Z  INFO extract_candidates: tailwindcss_oxide::scanner: enter
2026-01-16T09:29:41.655977Z  INFO extract_candidates:read_all_files: tailwindcss_oxide::scanner: enter
2026-01-16T09:29:41.655981Z  INFO extract_candidates:read_all_files: tailwindcss_oxide::scanner: Reading 2 file(s)
2026-01-16T09:29:41.656357Z  INFO tailwindcss_oxide::scanner: Reading "C:\\xampp\\htdocs\\tutorial2\\scripts\\add-test-event.ts"
2026-01-16T09:29:41.656367Z  INFO tailwindcss_oxide::scanner: Reading "C:\\xampp\\htdocs\\tutorial2\\app\\dashboard\\page.tsx"
2026-01-16T09:29:41.656420Z  INFO extract_candidates:read_all_files: tailwindcss_oxide::scanner: exit
2026-01-16T09:29:41.656431Z  INFO extract_candidates:parse_all_blobs: tailwindcss_oxide::scanner: enter
2026-01-16T09:29:41.656437Z  INFO extract_candidates:parse_all_blobs:extract: tailwindcss_oxide::scanner: enter
2026-01-16T09:29:41.658135Z  INFO extract_candidates:parse_all_blobs:extract: tailwindcss_oxide::scanner: exit
2026-01-16T09:29:41.658177Z  INFO extract_candidates:parse_all_blobs: tailwindcss_oxide::scanner: exit
2026-01-16T09:29:41.658477Z  INFO extract_candidates: tailwindcss_oxide::scanner: exit
2026-01-16T09:29:41.661652Z  INFO get_files: tailwindcss_oxide::scanner: enter
2026-01-16T09:29:41.661693Z  INFO get_files:scan_sources: tailwindcss_oxide::scanner: enter
2026-01-16T09:29:41.663862Z  INFO get_files:scan_sources: tailwindcss_oxide::scanner: Discovering "C:\\xampp\\htdocs\\tutorial2\\.windsurf"
2026-01-16T09:29:41.664074Z  INFO get_files:scan_sources: tailwindcss_oxide::scanner: Discovering "C:\\xampp\\htdocs\\tutorial2\\.windsurf\\workflows"
2026-01-16T09:29:41.664593Z  INFO get_files:scan_sources: tailwindcss_oxide::scanner: Discovering "C:\\xampp\\htdocs\\tutorial2\\api"
2026-01-16T09:29:41.664799Z  INFO get_files:scan_sources: tailwindcss_oxide::scanner: Discovering "C:\\xampp\\htdocs\\tutorial2\\api\\auth"
2026-01-16T09:29:41.665160Z  INFO get_files:scan_sources: tailwindcss_oxide::scanner: Discovering "C:\\xampp\\htdocs\\tutorial2\\app"
2026-01-16T09:29:41.665353Z  INFO get_files:scan_sources: tailwindcss_oxide::scanner: Discovering "C:\\xampp\\htdocs\\tutorial2\\app\\(layout)"
2026-01-16T09:29:41.665589Z  INFO get_files:scan_sources: tailwindcss_oxide::scanner: Discovering "C:\\xampp\\htdocs\\tutorial2\\app\\(shared-layout)"
2026-01-16T09:29:41.665825Z  INFO get_files:scan_sources: tailwindcss_oxide::scanner: Discovering "C:\\xampp\\htdocs\\tutorial2\\app\\about"
2026-01-16T09:29:41.666034Z  INFO get_files:scan_sources: tailwindcss_oxide::scanner: Discovering "C:\\xampp\\htdocs\\tutorial2\\app\\about-us"
2026-01-16T09:29:41.666237Z  INFO get_files:scan_sources: tailwindcss_oxide::scanner: Discovering "C:\\xampp\\htdocs\\tutorial2\\app\\admin"
2026-01-16T09:29:41.666364Z  INFO get_files:scan_sources: tailwindcss_oxide::scanner: Discovering "C:\\xampp\\htdocs\\tutorial2\\app\\admin\\cards"
2026-01-16T09:29:41.666556Z  INFO get_files:scan_sources: tailwindcss_oxide::scanner: Discovering "C:\\xampp\\htdocs\\tutorial2\\app\\admin\\content"
2026-01-16T09:29:41.666721Z  INFO get_files:scan_sources: tailwindcss_oxide::scanner: Discovering "C:\\xampp\\htdocs\\tutorial2\\app\\admin\\content\\about"
2026-01-16T09:29:41.666935Z  INFO get_files:scan_sources: tailwindcss_oxide::scanner: Discovering "C:\\xampp\\htdocs\\tutorial2\\app\\admin\\content\\contact"
2026-01-16T09:29:41.667098Z  INFO get_files:scan_sources: tailwindcss_oxide::scanner: Discovering "C:\\xampp\\htdocs\\tutorial2\\app\\admin\\content\\home"
2026-01-16T09:29:41.667296Z  INFO get_files:scan_sources: tailwindcss_oxide::scanner: Discovering "C:\\xampp\\htdocs\\tutorial2\\app\\admin\\dashboard"
2026-01-16T09:29:41.667636Z  INFO get_files:scan_sources: tailwindcss_oxide::scanner: Discovering "C:\\xampp\\htdocs\\tutorial2\\app\\admin\\events"
2026-01-16T09:29:41.668033Z  INFO get_files:scan_sources: tailwindcss_oxide::scanner: Discovering "C:\\xampp\\htdocs\\tutorial2\\app\\admin\\events\\[id]"
2026-01-16T09:29:41.668400Z  INFO get_files:scan_sources: tailwindcss_oxide::scanner: Discovering "C:\\xampp\\htdocs\\tutorial2\\app\\admin\\events\\[id]\\registrations"
2026-01-16T09:29:41.668880Z  INFO get_files:scan_sources: tailwindcss_oxide::scanner: Discovering "C:\\xampp\\htdocs\\tutorial2\\app\\admin\\membership"
2026-01-16T09:29:41.669272Z  INFO get_files:scan_sources: tailwindcss_oxide::scanner: Discovering "C:\\xampp\\htdocs\\tutorial2\\app\\admin\\news"
2026-01-16T09:29:41.669852Z  INFO get_files:scan_sources: tailwindcss_oxide::scanner: Discovering "C:\\xampp\\htdocs\\tutorial2\\app\\admin\\payment"
2026-01-16T09:29:41.670193Z  INFO get_files:scan_sources: tailwindcss_oxide::scanner: Discovering "C:\\xampp\\htdocs\\tutorial2\\app\\admin\\payments"
2026-01-16T09:29:41.670365Z  INFO get_files:scan_sources: tailwindcss_oxide::scanner: Discovering "C:\\xampp\\htdocs\\tutorial2\\app\\admin\\reports"
2026-01-16T09:29:41.670508Z  INFO get_files:scan_sources: tailwindcss_oxide::scanner: Discovering "C:\\xampp\\htdocs\\tutorial2\\app\\admin\\requests"
2026-01-16T09:29:41.670659Z  INFO get_files:scan_sources: tailwindcss_oxide::scanner: Discovering "C:\\xampp\\htdocs\\tutorial2\\app\\admin\\users"
2026-01-16T09:29:41.670799Z  INFO get_files:scan_sources: tailwindcss_oxide::scanner: Discovering "C:\\xampp\\htdocs\\tutorial2\\app\\admin\\users\\[id]"
2026-01-16T09:29:41.670983Z  INFO get_files:scan_sources: tailwindcss_oxide::scanner: Discovering "C:\\xampp\\htdocs\\tutorial2\\app\\api"
2026-01-16T09:29:41.671092Z  INFO get_files:scan_sources: tailwindcss_oxide::scanner: Discovering "C:\\xampp\\htdocs\\tutorial2\\app\\api\\about-content"
2026-01-16T09:29:41.671228Z  INFO get_files:scan_sources: tailwindcss_oxide::scanner: Discovering "C:\\xampp\\htdocs\\tutorial2\\app\\api\\admin"
2026-01-16T09:29:41.671390Z  INFO get_files:scan_sources: tailwindcss_oxide::scanner: Discovering "C:\\xampp\\htdocs\\tutorial2\\app\\api\\admin\\approve-member"
2026-01-16T09:29:41.671530Z  INFO get_files:scan_sources: tailwindcss_oxide::scanner: Discovering "C:\\xampp\\htdocs\\tutorial2\\app\\api\\admin\\cards"
2026-01-16T09:29:41.671654Z  INFO get_files:scan_sources: tailwindcss_oxide::scanner: Discovering "C:\\xampp\\htdocs\\tutorial2\\app\\api\\admin\\content"
2026-01-16T09:29:41.671771Z  INFO get_files:scan_sources: tailwindcss_oxide::scanner: Discovering "C:\\xampp\\htdocs\\tutorial2\\app\\api\\admin\\content\\about"
2026-01-16T09:29:41.671914Z  INFO get_files:scan_sources: tailwindcss_oxide::scanner: Discovering "C:\\xampp\\htdocs\\tutorial2\\app\\api\\admin\\content\\about\\[id]"
2026-01-16T09:29:41.672067Z  INFO get_files:scan_sources: tailwindcss_oxide::scanner: Discovering "C:\\xampp\\htdocs\\tutorial2\\app\\api\\admin\\content\\contact"
2026-01-16T09:29:41.672181Z  INFO get_files:scan_sources: tailwindcss_oxide::scanner: Discovering "C:\\xampp\\htdocs\\tutorial2\\app\\api\\admin\\content\\contact\\[id]"
2026-01-16T09:29:41.672323Z  INFO get_files:scan_sources: tailwindcss_oxide::scanner: Discovering "C:\\xampp\\htdocs\\tutorial2\\app\\api\\admin\\content\\footer"
2026-01-16T09:29:41.672476Z  INFO get_files:scan_sources: tailwindcss_oxide::scanner: Discovering "C:\\xampp\\htdocs\\tutorial2\\app\\api\\admin\\content\\home"
2026-01-16T09:29:41.672616Z  INFO get_files:scan_sources: tailwindcss_oxide::scanner: Discovering "C:\\xampp\\htdocs\\tutorial2\\app\\api\\admin\\content\\home\\[id]"
2026-01-16T09:29:41.672766Z  INFO get_files:scan_sources: tailwindcss_oxide::scanner: Discovering "C:\\xampp\\htdocs\\tutorial2\\app\\api\\admin\\content\\media"
2026-01-16T09:29:41.672903Z  INFO get_files:scan_sources: tailwindcss_oxide::scanner: Discovering "C:\\xampp\\htdocs\\tutorial2\\app\\api\\admin\\content\\navigation"
2026-01-16T09:29:41.673059Z  INFO get_files:scan_sources: tailwindcss_oxide::scanner: Discovering "C:\\xampp\\htdocs\\tutorial2\\app\\api\\admin\\content\\pages"
2026-01-16T09:29:41.673170Z  INFO get_files:scan_sources: tailwindcss_oxide::scanner: Discovering "C:\\xampp\\htdocs\\tutorial2\\app\\api\\admin\\content\\pages\\[id]"
2026-01-16T09:29:41.673302Z  INFO get_files:scan_sources: tailwindcss_oxide::scanner: Discovering "C:\\xampp\\htdocs\\tutorial2\\app\\api\\admin\\content\\settings"
2026-01-16T09:29:41.673470Z  INFO get_files:scan_sources: tailwindcss_oxide::scanner: Discovering "C:\\xampp\\htdocs\\tutorial2\\app\\api\\admin\\create-admin"
2026-01-16T09:29:41.673591Z  INFO get_files:scan_sources: tailwindcss_oxide::scanner: Discovering "C:\\xampp\\htdocs\\tutorial2\\app\\api\\admin\\deleted-users"
2026-01-16T09:29:41.673730Z  INFO get_files:scan_sources: tailwindcss_oxide::scanner: Discovering "C:\\xampp\\htdocs\\tutorial2\\app\\api\\admin\\events"
2026-01-16T09:29:41.673860Z  INFO get_files:scan_sources: tailwindcss_oxide::scanner: Discovering "C:\\xampp\\htdocs\\tutorial2\\app\\api\\admin\\events\\[id]"
2026-01-16T09:29:41.673957Z  INFO get_files:scan_sources: tailwindcss_oxide::scanner: Discovering "C:\\xampp\\htdocs\\tutorial2\\app\\api\\admin\\events\\[id]\\registrations"
2026-01-16T09:29:41.674158Z  INFO get_files:scan_sources: tailwindcss_oxide::scanner: Discovering "C:\\xampp\\htdocs\\tutorial2\\app\\api\\admin\\fix-admin"
2026-01-16T09:29:41.674279Z  INFO get_files:scan_sources: tailwindcss_oxide::scanner: Discovering "C:\\xampp\\htdocs\\tutorial2\\app\\api\\admin\\membership"
2026-01-16T09:29:41.674384Z  INFO get_files:scan_sources: tailwindcss_oxide::scanner: Discovering "C:\\xampp\\htdocs\\tutorial2\\app\\api\\admin\\membership\\cycles"
2026-01-16T09:29:41.674502Z  INFO get_files:scan_sources: tailwindcss_oxide::scanner: Discovering "C:\\xampp\\htdocs\\tutorial2\\app\\api\\admin\\membership\\settings"
2026-01-16T09:29:41.674627Z  INFO get_files:scan_sources: tailwindcss_oxide::scanner: Discovering "C:\\xampp\\htdocs\\tutorial2\\app\\api\\admin\\membership\\types"
2026-01-16T09:29:41.674759Z  INFO get_files:scan_sources: tailwindcss_oxide::scanner: Discovering "C:\\xampp\\htdocs\\tutorial2\\app\\api\\admin\\news"
2026-01-16T09:29:41.674890Z  INFO get_files:scan_sources: tailwindcss_oxide::scanner: Discovering "C:\\xampp\\htdocs\\tutorial2\\app\\api\\admin\\payment"
2026-01-16T09:29:41.675006Z  INFO get_files:scan_sources: tailwindcss_oxide::scanner: Discovering "C:\\xampp\\htdocs\\tutorial2\\app\\api\\admin\\payments"
2026-01-16T09:29:41.675096Z  INFO get_files:scan_sources: tailwindcss_oxide::scanner: Discovering "C:\\xampp\\htdocs\\tutorial2\\app\\api\\admin\\payments\\list"
2026-01-16T09:29:41.675192Z  INFO get_files:scan_sources: tailwindcss_oxide::scanner: Discovering "C:\\xampp\\htdocs\\tutorial2\\app\\api\\admin\\payments\\list\\export"
2026-01-16T09:29:41.675390Z  INFO get_files:scan_sources: tailwindcss_oxide::scanner: Discovering "C:\\xampp\\htdocs\\tutorial2\\app\\api\\admin\\payments\\[id]"
2026-01-16T09:29:41.675643Z  INFO get_files:scan_sources: tailwindcss_oxide::scanner: Discovering "C:\\xampp\\htdocs\\tutorial2\\app\\api\\admin\\payments\\[id]\\refund"
2026-01-16T09:29:41.675871Z  INFO get_files:scan_sources: tailwindcss_oxide::scanner: Discovering "C:\\xampp\\htdocs\\tutorial2\\app\\api\\admin\\reject-member"
2026-01-16T09:29:41.676032Z  INFO get_files:scan_sources: tailwindcss_oxide::scanner: Discovering "C:\\xampp\\htdocs\\tutorial2\\app\\api\\admin\\report"
2026-01-16T09:29:41.676589Z  INFO get_files:scan_sources: tailwindcss_oxide::scanner: Discovering "C:\\xampp\\htdocs\\tutorial2\\app\\api\\admin\\reports"
2026-01-16T09:29:41.677026Z  INFO get_files:scan_sources: tailwindcss_oxide::scanner: Discovering "C:\\xampp\\htdocs\\tutorial2\\app\\api\\admin\\reports\\generate"
2026-01-16T09:29:41.677596Z  INFO get_files:scan_sources: tailwindcss_oxide::scanner: Discovering "C:\\xampp\\htdocs\\tutorial2\\app\\api\\admin\\reset-admin"
2026-01-16T09:29:41.677828Z  INFO get_files:scan_sources: tailwindcss_oxide::scanner: Discovering "C:\\xampp\\htdocs\\tutorial2\\app\\api\\admin\\users"
2026-01-16T09:29:41.677970Z  INFO get_files:scan_sources: tailwindcss_oxide::scanner: Discovering "C:\\xampp\\htdocs\\tutorial2\\app\\api\\admin\\users\\restore"
2026-01-16T09:29:41.678148Z  INFO get_files:scan_sources: tailwindcss_oxide::scanner: Discovering "C:\\xampp\\htdocs\\tutorial2\\app\\api\\admin\\users\\[id]"
2026-01-16T09:29:41.678269Z  INFO get_files:scan_sources: tailwindcss_oxide::scanner: Discovering "C:\\xampp\\htdocs\\tutorial2\\app\\api\\admin\\users\\[id]\\approve"
2026-01-16T09:29:41.678436Z  INFO get_files:scan_sources: tailwindcss_oxide::scanner: Discovering "C:\\xampp\\htdocs\\tutorial2\\app\\api\\admin\\users\\[id]\\details"
2026-01-16T09:29:41.678592Z  INFO get_files:scan_sources: tailwindcss_oxide::scanner: Discovering "C:\\xampp\\htdocs\\tutorial2\\app\\api\\admin\\users\\[id]\\membership-status"
2026-01-16T09:29:41.678756Z  INFO get_files:scan_sources: tailwindcss_oxide::scanner: Discovering "C:\\xampp\\htdocs\\tutorial2\\app\\api\\admin\\users\\[id]\\password"
2026-01-16T09:29:41.678898Z  INFO get_files:scan_sources: tailwindcss_oxide::scanner: Discovering "C:\\xampp\\htdocs\\tutorial2\\app\\api\\admin\\users\\[id]\\reject"
2026-01-16T09:29:41.679110Z  INFO get_files:scan_sources: tailwindcss_oxide::scanner: Discovering "C:\\xampp\\htdocs\\tutorial2\\app\\api\\auth"
2026-01-16T09:29:41.679240Z  INFO get_files:scan_sources: tailwindcss_oxide::scanner: Discovering "C:\\xampp\\htdocs\\tutorial2\\app\\api\\auth\\forgot-password"
2026-01-16T09:29:41.679428Z  INFO get_files:scan_sources: tailwindcss_oxide::scanner: Discovering "C:\\xampp\\htdocs\\tutorial2\\app\\api\\auth\\login"
2026-01-16T09:29:41.679609Z  INFO get_files:scan_sources: tailwindcss_oxide::scanner: Discovering "C:\\xampp\\htdocs\\tutorial2\\app\\api\\auth\\logout"
2026-01-16T09:29:41.679735Z  INFO get_files:scan_sources: tailwindcss_oxide::scanner: Discovering "C:\\xampp\\htdocs\\tutorial2\\app\\api\\auth\\me"
2026-01-16T09:29:41.679860Z  INFO get_files:scan_sources: tailwindcss_oxide::scanner: Discovering "C:\\xampp\\htdocs\\tutorial2\\app\\api\\auth\\membership-status"
2026-01-16T09:29:41.679985Z  INFO get_files:scan_sources: tailwindcss_oxide::scanner: Discovering "C:\\xampp\\htdocs\\tutorial2\\app\\api\\auth\\profile"
2026-01-16T09:29:41.680129Z  INFO get_files:scan_sources: tailwindcss_oxide::scanner: Discovering "C:\\xampp\\htdocs\\tutorial2\\app\\api\\auth\\refresh"
2026-01-16T09:29:41.680249Z  INFO get_files:scan_sources: tailwindcss_oxide::scanner: Discovering "C:\\xampp\\htdocs\\tutorial2\\app\\api\\auth\\register"
2026-01-16T09:29:41.680398Z  INFO get_files:scan_sources: tailwindcss_oxide::scanner: Discovering "C:\\xampp\\htdocs\\tutorial2\\app\\api\\auth\\[...nextauth]"
2026-01-16T09:29:41.680530Z  INFO get_files:scan_sources: tailwindcss_oxide::scanner: Discovering "C:\\xampp\\htdocs\\tutorial2\\app\\api\\contact-content"
2026-01-16T09:29:41.680646Z  INFO get_files:scan_sources: tailwindcss_oxide::scanner: Discovering "C:\\xampp\\htdocs\\tutorial2\\app\\api\\debug"
2026-01-16T09:29:41.680735Z  INFO get_files:scan_sources: tailwindcss_oxide::scanner: Discovering "C:\\xampp\\htdocs\\tutorial2\\app\\api\\debug\\pricing"
2026-01-16T09:29:41.680847Z  INFO get_files:scan_sources: tailwindcss_oxide::scanner: Discovering "C:\\xampp\\htdocs\\tutorial2\\app\\api\\debug\\send-email"
2026-01-16T09:29:41.680962Z  INFO get_files:scan_sources: tailwindcss_oxide::scanner: Discovering "C:\\xampp\\htdocs\\tutorial2\\app\\api\\debug\\send-test-email"
2026-01-16T09:29:41.681108Z  INFO get_files:scan_sources: tailwindcss_oxide::scanner: Discovering "C:\\xampp\\htdocs\\tutorial2\\app\\api\\events"
2026-01-16T09:29:41.681227Z  INFO get_files:scan_sources: tailwindcss_oxide::scanner: Discovering "C:\\xampp\\htdocs\\tutorial2\\app\\api\\events\\[id]"
2026-01-16T09:29:41.681351Z  INFO get_files:scan_sources: tailwindcss_oxide::scanner: Discovering "C:\\xampp\\htdocs\\tutorial2\\app\\api\\events\\[id]\\register"
2026-01-16T09:29:41.681511Z  INFO get_files:scan_sources: tailwindcss_oxide::scanner: Discovering "C:\\xampp\\htdocs\\tutorial2\\app\\api\\fix-membership"
2026-01-16T09:29:41.681629Z  INFO get_files:scan_sources: tailwindcss_oxide::scanner: Discovering "C:\\xampp\\htdocs\\tutorial2\\app\\api\\home-content"
2026-01-16T09:29:41.681757Z  INFO get_files:scan_sources: tailwindcss_oxide::scanner: Discovering "C:\\xampp\\htdocs\\tutorial2\\app\\api\\membership"
2026-01-16T09:29:41.681857Z  INFO get_files:scan_sources: tailwindcss_oxide::scanner: Discovering "C:\\xampp\\htdocs\\tutorial2\\app\\api\\membership\\complete-payment"
2026-01-16T09:29:41.681986Z  INFO get_files:scan_sources: tailwindcss_oxide::scanner: Discovering "C:\\xampp\\htdocs\\tutorial2\\app\\api\\membership\\next-number"
2026-01-16T09:29:41.682135Z  INFO get_files:scan_sources: tailwindcss_oxide::scanner: Discovering "C:\\xampp\\htdocs\\tutorial2\\app\\api\\membership\\pay"
2026-01-16T09:29:41.682270Z  INFO get_files:scan_sources: tailwindcss_oxide::scanner: Discovering "C:\\xampp\\htdocs\\tutorial2\\app\\api\\membership\\pay-early"
2026-01-16T09:29:41.682395Z  INFO get_files:scan_sources: tailwindcss_oxide::scanner: Discovering "C:\\xampp\\htdocs\\tutorial2\\app\\api\\membership\\payment-status"
2026-01-16T09:29:41.682515Z  INFO get_files:scan_sources: tailwindcss_oxide::scanner: Discovering "C:\\xampp\\htdocs\\tutorial2\\app\\api\\membership\\payment-success"
2026-01-16T09:29:41.682672Z  INFO get_files:scan_sources: tailwindcss_oxide::scanner: Discovering "C:\\xampp\\htdocs\\tutorial2\\app\\api\\membership\\status"
2026-01-16T09:29:41.682852Z  INFO get_files:scan_sources: tailwindcss_oxide::scanner: Discovering "C:\\xampp\\htdocs\\tutorial2\\app\\api\\messages"
2026-01-16T09:29:41.682956Z  INFO get_files:scan_sources: tailwindcss_oxide::scanner: Discovering "C:\\xampp\\htdocs\\tutorial2\\app\\api\\messages\\reply"
2026-01-16T09:29:41.683133Z  INFO get_files:scan_sources: tailwindcss_oxide::scanner: Discovering "C:\\xampp\\htdocs\\tutorial2\\app\\api\\messages\\[id]"
2026-01-16T09:29:41.683251Z  INFO get_files:scan_sources: tailwindcss_oxide::scanner: Discovering "C:\\xampp\\htdocs\\tutorial2\\app\\api\\messages\\[id]\\read"
2026-01-16T09:29:41.683468Z  INFO get_files:scan_sources: tailwindcss_oxide::scanner: Discovering "C:\\xampp\\htdocs\\tutorial2\\app\\api\\news"
2026-01-16T09:29:41.683590Z  INFO get_files:scan_sources: tailwindcss_oxide::scanner: Discovering "C:\\xampp\\htdocs\\tutorial2\\app\\api\\payment"
2026-01-16T09:29:41.683682Z  INFO get_files:scan_sources: tailwindcss_oxide::scanner: Discovering "C:\\xampp\\htdocs\\tutorial2\\app\\api\\payment\\pesapal"
2026-01-16T09:29:41.683816Z  INFO get_files:scan_sources: tailwindcss_oxide::scanner: Discovering "C:\\xampp\\htdocs\\tutorial2\\app\\api\\payments"
2026-01-16T09:29:41.683915Z  INFO get_files:scan_sources: tailwindcss_oxide::scanner: Discovering "C:\\xampp\\htdocs\\tutorial2\\app\\api\\payments\\activate-test"
2026-01-16T09:29:41.684047Z  INFO get_files:scan_sources: tailwindcss_oxide::scanner: Discovering "C:\\xampp\\htdocs\\tutorial2\\app\\api\\payments\\azampay"
2026-01-16T09:29:41.684150Z  INFO get_files:scan_sources: tailwindcss_oxide::scanner: Discovering "C:\\xampp\\htdocs\\tutorial2\\app\\api\\payments\\azampay\\callback"
2026-01-16T09:29:41.684316Z  INFO get_files:scan_sources: tailwindcss_oxide::scanner: Discovering "C:\\xampp\\htdocs\\tutorial2\\app\\api\\payments\\azampay\\checkout"
2026-01-16T09:29:41.684455Z  INFO get_files:scan_sources: tailwindcss_oxide::scanner: Discovering "C:\\xampp\\htdocs\\tutorial2\\app\\api\\payments\\cleanup"
2026-01-16T09:29:41.684582Z  INFO get_files:scan_sources: tailwindcss_oxide::scanner: Discovering "C:\\xampp\\htdocs\\tutorial2\\app\\api\\payments\\complete"
2026-01-16T09:29:41.684706Z  INFO get_files:scan_sources: tailwindcss_oxide::scanner: Discovering "C:\\xampp\\htdocs\\tutorial2\\app\\api\\payments\\mobile-money"
2026-01-16T09:29:41.684844Z  INFO get_files:scan_sources: tailwindcss_oxide::scanner: Discovering "C:\\xampp\\htdocs\\tutorial2\\app\\api\\payments\\payment-status"
2026-01-16T09:29:41.684991Z  INFO get_files:scan_sources: tailwindcss_oxide::scanner: Discovering "C:\\xampp\\htdocs\\tutorial2\\app\\api\\payments\\process"
2026-01-16T09:29:41.685152Z  INFO get_files:scan_sources: tailwindcss_oxide::scanner: Discovering "C:\\xampp\\htdocs\\tutorial2\\app\\api\\reports"
2026-01-16T09:29:41.685238Z  INFO get_files:scan_sources: tailwindcss_oxide::scanner: Discovering "C:\\xampp\\htdocs\\tutorial2\\app\\api\\reports\\generate"
2026-01-16T09:29:41.685368Z  INFO get_files:scan_sources: tailwindcss_oxide::scanner: Discovering "C:\\xampp\\htdocs\\tutorial2\\app\\api\\reports\\send-email"
2026-01-16T09:29:41.685501Z  INFO get_files:scan_sources: tailwindcss_oxide::scanner: Discovering "C:\\xampp\\htdocs\\tutorial2\\app\\api\\send-approval-email"
2026-01-16T09:29:41.685642Z  INFO get_files:scan_sources: tailwindcss_oxide::scanner: Discovering "C:\\xampp\\htdocs\\tutorial2\\app\\api\\settings"
2026-01-16T09:29:41.685762Z  INFO get_files:scan_sources: tailwindcss_oxide::scanner: Discovering "C:\\xampp\\htdocs\\tutorial2\\app\\api\\setup"
2026-01-16T09:29:41.685848Z  INFO get_files:scan_sources: tailwindcss_oxide::scanner: Discovering "C:\\xampp\\htdocs\\tutorial2\\app\\api\\setup\\ensure-admin"
2026-01-16T09:29:41.685976Z  INFO get_files:scan_sources: tailwindcss_oxide::scanner: Discovering "C:\\xampp\\htdocs\\tutorial2\\app\\api\\test-events"
2026-01-16T09:29:41.686088Z  INFO get_files:scan_sources: tailwindcss_oxide::scanner: Discovering "C:\\xampp\\htdocs\\tutorial2\\app\\api\\user"
2026-01-16T09:29:41.686171Z  INFO get_files:scan_sources: tailwindcss_oxide::scanner: Discovering "C:\\xampp\\htdocs\\tutorial2\\app\\api\\user\\profile"
2026-01-16T09:29:41.686319Z  INFO get_files:scan_sources: tailwindcss_oxide::scanner: Discovering "C:\\xampp\\htdocs\\tutorial2\\app\\auth"
2026-01-16T09:29:41.686422Z  INFO get_files:scan_sources: tailwindcss_oxide::scanner: Discovering "C:\\xampp\\htdocs\\tutorial2\\app\\auth\\forgot-password"
2026-01-16T09:29:41.686562Z  INFO get_files:scan_sources: tailwindcss_oxide::scanner: Discovering "C:\\xampp\\htdocs\\tutorial2\\app\\auth\\login"
2026-01-16T09:29:41.686684Z  INFO get_files:scan_sources: tailwindcss_oxide::scanner: Discovering "C:\\xampp\\htdocs\\tutorial2\\app\\auth\\pending-approval"
2026-01-16T09:29:41.686807Z  INFO get_files:scan_sources: tailwindcss_oxide::scanner: Discovering "C:\\xampp\\htdocs\\tutorial2\\app\\auth\\register"
2026-01-16T09:29:41.686945Z  INFO get_files:scan_sources: tailwindcss_oxide::scanner: Discovering "C:\\xampp\\htdocs\\tutorial2\\app\\components"
2026-01-16T09:29:41.687084Z  INFO get_files:scan_sources: tailwindcss_oxide::scanner: Discovering "C:\\xampp\\htdocs\\tutorial2\\app\\contact"
2026-01-16T09:29:41.687206Z  INFO get_files:scan_sources: tailwindcss_oxide::scanner: Discovering "C:\\xampp\\htdocs\\tutorial2\\app\\dashboard"
2026-01-16T09:29:41.687313Z  INFO get_files:scan_sources: tailwindcss_oxide::scanner: Discovering "C:\\xampp\\htdocs\\tutorial2\\app\\dashboard\\complete-profile"
2026-01-16T09:29:41.687463Z  INFO get_files:scan_sources: tailwindcss_oxide::scanner: Discovering "C:\\xampp\\htdocs\\tutorial2\\app\\dashboard\\events"
2026-01-16T09:29:41.687678Z  INFO get_files:scan_sources: tailwindcss_oxide::scanner: Discovering "C:\\xampp\\htdocs\\tutorial2\\app\\dashboard\\membership-card"
2026-01-16T09:29:41.687929Z  INFO get_files:scan_sources: tailwindcss_oxide::scanner: Discovering "C:\\xampp\\htdocs\\tutorial2\\app\\dashboard\\messages"
2026-01-16T09:29:41.688846Z  INFO get_files:scan_sources: tailwindcss_oxide::scanner: Discovering "C:\\xampp\\htdocs\\tutorial2\\app\\dashboard\\news"
2026-01-16T09:29:41.689532Z  INFO get_files:scan_sources: tailwindcss_oxide::scanner: Discovering "C:\\xampp\\htdocs\\tutorial2\\app\\dashboard\\payment"
2026-01-16T09:29:41.690049Z  INFO get_files:scan_sources: tailwindcss_oxide::scanner: Discovering "C:\\xampp\\htdocs\\tutorial2\\app\\dashboard\\payment\\callback"
2026-01-16T09:29:41.690583Z  INFO get_files:scan_sources: tailwindcss_oxide::scanner: Discovering "C:\\xampp\\htdocs\\tutorial2\\app\\dashboard\\payment\\success"
2026-01-16T09:29:41.691085Z  INFO get_files:scan_sources: tailwindcss_oxide::scanner: Discovering "C:\\xampp\\htdocs\\tutorial2\\app\\dashboard\\profile"
2026-01-16T09:29:41.691563Z  INFO get_files:scan_sources: tailwindcss_oxide::scanner: Discovering "C:\\xampp\\htdocs\\tutorial2\\app\\dashboard\\subscribe"
2026-01-16T09:29:41.691875Z  INFO get_files:scan_sources: tailwindcss_oxide::scanner: Discovering "C:\\xampp\\htdocs\\tutorial2\\app\\fix-auth"
2026-01-16T09:29:41.692255Z  INFO get_files:scan_sources: tailwindcss_oxide::scanner: Discovering "C:\\xampp\\htdocs\\tutorial2\\app\\schemas"
2026-01-16T09:29:41.692472Z  INFO get_files:scan_sources: tailwindcss_oxide::scanner: Discovering "C:\\xampp\\htdocs\\tutorial2\\app\\scripts"
2026-01-16T09:29:41.692676Z  INFO get_files:scan_sources: tailwindcss_oxide::scanner: Discovering "C:\\xampp\\htdocs\\tutorial2\\app\\unauthorized"
2026-01-16T09:29:41.693777Z  INFO get_files:scan_sources: tailwindcss_oxide::scanner: Discovering "C:\\xampp\\htdocs\\tutorial2\\components"
2026-01-16T09:29:41.693925Z  INFO get_files:scan_sources: tailwindcss_oxide::scanner: Discovering "C:\\xampp\\htdocs\\tutorial2\\components\\admin"
2026-01-16T09:29:41.694133Z  INFO get_files:scan_sources: tailwindcss_oxide::scanner: Discovering "C:\\xampp\\htdocs\\tutorial2\\components\\dashboard"
2026-01-16T09:29:41.694379Z  INFO get_files:scan_sources: tailwindcss_oxide::scanner: Discovering "C:\\xampp\\htdocs\\tutorial2\\components\\ui"
2026-01-16T09:29:41.694721Z  INFO get_files:scan_sources: tailwindcss_oxide::scanner: Discovering "C:\\xampp\\htdocs\\tutorial2\\components\\web"
2026-01-16T09:29:41.694965Z  INFO get_files:scan_sources: tailwindcss_oxide::scanner: Discovering "C:\\xampp\\htdocs\\tutorial2\\contexts"
2026-01-16T09:29:41.695097Z  INFO get_files:scan_sources: tailwindcss_oxide::scanner: Discovering "C:\\xampp\\htdocs\\tutorial2\\convex"
2026-01-16T09:29:41.695196Z  INFO get_files:scan_sources: tailwindcss_oxide::scanner: Discovering "C:\\xampp\\htdocs\\tutorial2\\convex\\_generated"
2026-01-16T09:29:41.695554Z  INFO get_files:scan_sources: tailwindcss_oxide::scanner: Discovering "C:\\xampp\\htdocs\\tutorial2\\database"
2026-01-16T09:29:41.696135Z  INFO get_files:scan_sources: tailwindcss_oxide::scanner: Discovering "C:\\xampp\\htdocs\\tutorial2\\deploy-minimal"
2026-01-16T09:29:41.696322Z  INFO get_files:scan_sources: tailwindcss_oxide::scanner: Discovering "C:\\xampp\\htdocs\\tutorial2\\deploy-simple"
2026-01-16T09:29:41.696505Z  INFO get_files:scan_sources: tailwindcss_oxide::scanner: Discovering "C:\\xampp\\htdocs\\tutorial2\\deploy-temp"
2026-01-16T09:29:41.697056Z  INFO get_files:scan_sources: tailwindcss_oxide::scanner: Discovering "C:\\xampp\\htdocs\\tutorial2\\lib"
2026-01-16T09:29:41.697566Z  INFO get_files:scan_sources: tailwindcss_oxide::scanner: Discovering "C:\\xampp\\htdocs\\tutorial2\\migrations"
2026-01-16T09:29:41.698214Z  INFO get_files:scan_sources: tailwindcss_oxide::scanner: Discovering "C:\\xampp\\htdocs\\tutorial2\\public"
2026-01-16T09:29:41.698439Z  INFO get_files:scan_sources: tailwindcss_oxide::scanner: Discovering "C:\\xampp\\htdocs\\tutorial2\\public\\uploads"
2026-01-16T09:29:41.698557Z  INFO get_files:scan_sources: tailwindcss_oxide::scanner: Discovering "C:\\xampp\\htdocs\\tutorial2\\public\\uploads\\documents"
2026-01-16T09:29:41.698720Z  INFO get_files:scan_sources: tailwindcss_oxide::scanner: Discovering "C:\\xampp\\htdocs\\tutorial2\\public\\uploads\\profile-pictures"
2026-01-16T09:29:41.699172Z  INFO get_files:scan_sources: tailwindcss_oxide::scanner: Discovering "C:\\xampp\\htdocs\\tutorial2\\scripts"
2026-01-16T09:29:41.701074Z  INFO get_files:scan_sources: tailwindcss_oxide::scanner: Discovering "C:\\xampp\\htdocs\\tutorial2\\types"
2026-01-16T09:29:41.701872Z  INFO get_files:scan_sources: tailwindcss_oxide::scanner: exit
2026-01-16T09:29:41.702699Z  INFO get_files: tailwindcss_oxide::scanner: exit
2026-01-16T09:29:41.703088Z  INFO get_globs: tailwindcss_oxide::scanner: enter
2026-01-16T09:29:41.703109Z  INFO get_globs: tailwindcss_oxide::scanner: exit
2026-01-16T09:32:07.707843Z  INFO scan_sources: tailwindcss_oxide::scanner: enter
2026-01-16T09:32:07.710210Z  INFO scan_sources: tailwindcss_oxide::scanner: Discovering "C:\\xampp\\htdocs\\tutorial2\\.windsurf"
2026-01-16T09:32:07.710439Z  INFO scan_sources: tailwindcss_oxide::scanner: Discovering "C:\\xampp\\htdocs\\tutorial2\\.windsurf\\workflows"
2026-01-16T09:32:07.711032Z  INFO scan_sources: tailwindcss_oxide::scanner: Discovering "C:\\xampp\\htdocs\\tutorial2\\api"
2026-01-16T09:32:07.711226Z  INFO scan_sources: tailwindcss_oxide::scanner: Discovering "C:\\xampp\\htdocs\\tutorial2\\api\\auth"
2026-01-16T09:32:07.711567Z  INFO scan_sources: tailwindcss_oxide::scanner: Discovering "C:\\xampp\\htdocs\\tutorial2\\app"
2026-01-16T09:32:07.711770Z  INFO scan_sources: tailwindcss_oxide::scanner: Discovering "C:\\xampp\\htdocs\\tutorial2\\app\\(layout)"
2026-01-16T09:32:07.711982Z  INFO scan_sources: tailwindcss_oxide::scanner: Discovering "C:\\xampp\\htdocs\\tutorial2\\app\\(shared-layout)"
2026-01-16T09:32:07.712207Z  INFO scan_sources: tailwindcss_oxide::scanner: Discovering "C:\\xampp\\htdocs\\tutorial2\\app\\about"
2026-01-16T09:32:07.712389Z  INFO scan_sources: tailwindcss_oxide::scanner: Discovering "C:\\xampp\\htdocs\\tutorial2\\app\\about-us"
2026-01-16T09:32:07.712630Z  INFO scan_sources: tailwindcss_oxide::scanner: Discovering "C:\\xampp\\htdocs\\tutorial2\\app\\admin"
2026-01-16T09:32:07.713200Z  INFO scan_sources: tailwindcss_oxide::scanner: Discovering "C:\\xampp\\htdocs\\tutorial2\\app\\admin\\cards"
2026-01-16T09:32:07.713552Z  INFO scan_sources: tailwindcss_oxide::scanner: Discovering "C:\\xampp\\htdocs\\tutorial2\\app\\admin\\content"
2026-01-16T09:32:07.713870Z  INFO scan_sources: tailwindcss_oxide::scanner: Discovering "C:\\xampp\\htdocs\\tutorial2\\app\\admin\\content\\about"
2026-01-16T09:32:07.714277Z  INFO scan_sources: tailwindcss_oxide::scanner: Discovering "C:\\xampp\\htdocs\\tutorial2\\app\\admin\\content\\contact"
2026-01-16T09:32:07.714553Z  INFO scan_sources: tailwindcss_oxide::scanner: Discovering "C:\\xampp\\htdocs\\tutorial2\\app\\admin\\content\\home"
2026-01-16T09:32:07.714853Z  INFO scan_sources: tailwindcss_oxide::scanner: Discovering "C:\\xampp\\htdocs\\tutorial2\\app\\admin\\dashboard"
2026-01-16T09:32:07.715137Z  INFO scan_sources: tailwindcss_oxide::scanner: Discovering "C:\\xampp\\htdocs\\tutorial2\\app\\admin\\events"
2026-01-16T09:32:07.715335Z  INFO scan_sources: tailwindcss_oxide::scanner: Discovering "C:\\xampp\\htdocs\\tutorial2\\app\\admin\\events\\[id]"
2026-01-16T09:32:07.715507Z  INFO scan_sources: tailwindcss_oxide::scanner: Discovering "C:\\xampp\\htdocs\\tutorial2\\app\\admin\\events\\[id]\\registrations"
2026-01-16T09:32:07.715848Z  INFO scan_sources: tailwindcss_oxide::scanner: Discovering "C:\\xampp\\htdocs\\tutorial2\\app\\admin\\membership"
2026-01-16T09:32:07.716067Z  INFO scan_sources: tailwindcss_oxide::scanner: Discovering "C:\\xampp\\htdocs\\tutorial2\\app\\admin\\news"
2026-01-16T09:32:07.716408Z  INFO scan_sources: tailwindcss_oxide::scanner: Discovering "C:\\xampp\\htdocs\\tutorial2\\app\\admin\\payment"
2026-01-16T09:32:07.716614Z  INFO scan_sources: tailwindcss_oxide::scanner: Discovering "C:\\xampp\\htdocs\\tutorial2\\app\\admin\\payments"
2026-01-16T09:32:07.716795Z  INFO scan_sources: tailwindcss_oxide::scanner: Discovering "C:\\xampp\\htdocs\\tutorial2\\app\\admin\\reports"
2026-01-16T09:32:07.716983Z  INFO scan_sources: tailwindcss_oxide::scanner: Discovering "C:\\xampp\\htdocs\\tutorial2\\app\\admin\\requests"
2026-01-16T09:32:07.717170Z  INFO scan_sources: tailwindcss_oxide::scanner: Discovering "C:\\xampp\\htdocs\\tutorial2\\app\\admin\\users"
2026-01-16T09:32:07.717339Z  INFO scan_sources: tailwindcss_oxide::scanner: Discovering "C:\\xampp\\htdocs\\tutorial2\\app\\admin\\users\\[id]"
2026-01-16T09:32:07.717597Z  INFO scan_sources: tailwindcss_oxide::scanner: Discovering "C:\\xampp\\htdocs\\tutorial2\\app\\api"
2026-01-16T09:32:07.717776Z  INFO scan_sources: tailwindcss_oxide::scanner: Discovering "C:\\xampp\\htdocs\\tutorial2\\app\\api\\about-content"
2026-01-16T09:32:07.717970Z  INFO scan_sources: tailwindcss_oxide::scanner: Discovering "C:\\xampp\\htdocs\\tutorial2\\app\\api\\admin"
2026-01-16T09:32:07.718134Z  INFO scan_sources: tailwindcss_oxide::scanner: Discovering "C:\\xampp\\htdocs\\tutorial2\\app\\api\\admin\\approve-member"
2026-01-16T09:32:07.718344Z  INFO scan_sources: tailwindcss_oxide::scanner: Discovering "C:\\xampp\\htdocs\\tutorial2\\app\\api\\admin\\cards"
2026-01-16T09:32:07.718550Z  INFO scan_sources: tailwindcss_oxide::scanner: Discovering "C:\\xampp\\htdocs\\tutorial2\\app\\api\\admin\\content"
2026-01-16T09:32:07.718725Z  INFO scan_sources: tailwindcss_oxide::scanner: Discovering "C:\\xampp\\htdocs\\tutorial2\\app\\api\\admin\\content\\about"
2026-01-16T09:32:07.718941Z  INFO scan_sources: tailwindcss_oxide::scanner: Discovering "C:\\xampp\\htdocs\\tutorial2\\app\\api\\admin\\content\\about\\[id]"
2026-01-16T09:32:07.719124Z  INFO scan_sources: tailwindcss_oxide::scanner: Discovering "C:\\xampp\\htdocs\\tutorial2\\app\\api\\admin\\content\\contact"
2026-01-16T09:32:07.719245Z  INFO scan_sources: tailwindcss_oxide::scanner: Discovering "C:\\xampp\\htdocs\\tutorial2\\app\\api\\admin\\content\\contact\\[id]"
2026-01-16T09:32:07.719456Z  INFO scan_sources: tailwindcss_oxide::scanner: Discovering "C:\\xampp\\htdocs\\tutorial2\\app\\api\\admin\\content\\footer"
2026-01-16T09:32:07.719678Z  INFO scan_sources: tailwindcss_oxide::scanner: Discovering "C:\\xampp\\htdocs\\tutorial2\\app\\api\\admin\\content\\home"
2026-01-16T09:32:07.719859Z  INFO scan_sources: tailwindcss_oxide::scanner: Discovering "C:\\xampp\\htdocs\\tutorial2\\app\\api\\admin\\content\\home\\[id]"
2026-01-16T09:32:07.720101Z  INFO scan_sources: tailwindcss_oxide::scanner: Discovering "C:\\xampp\\htdocs\\tutorial2\\app\\api\\admin\\content\\media"
2026-01-16T09:32:07.720353Z  INFO scan_sources: tailwindcss_oxide::scanner: Discovering "C:\\xampp\\htdocs\\tutorial2\\app\\api\\admin\\content\\navigation"
2026-01-16T09:32:07.720520Z  INFO scan_sources: tailwindcss_oxide::scanner: Discovering "C:\\xampp\\htdocs\\tutorial2\\app\\api\\admin\\content\\pages"
2026-01-16T09:32:07.720643Z  INFO scan_sources: tailwindcss_oxide::scanner: Discovering "C:\\xampp\\htdocs\\tutorial2\\app\\api\\admin\\content\\pages\\[id]"
2026-01-16T09:32:07.720896Z  INFO scan_sources: tailwindcss_oxide::scanner: Discovering "C:\\xampp\\htdocs\\tutorial2\\app\\api\\admin\\content\\settings"
2026-01-16T09:32:07.721123Z  INFO scan_sources: tailwindcss_oxide::scanner: Discovering "C:\\xampp\\htdocs\\tutorial2\\app\\api\\admin\\create-admin"
2026-01-16T09:32:07.721332Z  INFO scan_sources: tailwindcss_oxide::scanner: Discovering "C:\\xampp\\htdocs\\tutorial2\\app\\api\\admin\\deleted-users"
2026-01-16T09:32:07.721556Z  INFO scan_sources: tailwindcss_oxide::scanner: Discovering "C:\\xampp\\htdocs\\tutorial2\\app\\api\\admin\\events"
2026-01-16T09:32:07.721790Z  INFO scan_sources: tailwindcss_oxide::scanner: Discovering "C:\\xampp\\htdocs\\tutorial2\\app\\api\\admin\\events\\[id]"
2026-01-16T09:32:07.721948Z  INFO scan_sources: tailwindcss_oxide::scanner: Discovering "C:\\xampp\\htdocs\\tutorial2\\app\\api\\admin\\events\\[id]\\registrations"
2026-01-16T09:32:07.722547Z  INFO scan_sources: tailwindcss_oxide::scanner: Discovering "C:\\xampp\\htdocs\\tutorial2\\app\\api\\admin\\fix-admin"
2026-01-16T09:32:07.722833Z  INFO scan_sources: tailwindcss_oxide::scanner: Discovering "C:\\xampp\\htdocs\\tutorial2\\app\\api\\admin\\membership"
2026-01-16T09:32:07.722985Z  INFO scan_sources: tailwindcss_oxide::scanner: Discovering "C:\\xampp\\htdocs\\tutorial2\\app\\api\\admin\\membership\\cycles"
2026-01-16T09:32:07.723400Z  INFO scan_sources: tailwindcss_oxide::scanner: Discovering "C:\\xampp\\htdocs\\tutorial2\\app\\api\\admin\\membership\\settings"
2026-01-16T09:32:07.723663Z  INFO scan_sources: tailwindcss_oxide::scanner: Discovering "C:\\xampp\\htdocs\\tutorial2\\app\\api\\admin\\membership\\types"
2026-01-16T09:32:07.724068Z  INFO scan_sources: tailwindcss_oxide::scanner: Discovering "C:\\xampp\\htdocs\\tutorial2\\app\\api\\admin\\news"
2026-01-16T09:32:07.724513Z  INFO scan_sources: tailwindcss_oxide::scanner: Discovering "C:\\xampp\\htdocs\\tutorial2\\app\\api\\admin\\payment"
2026-01-16T09:32:07.724855Z  INFO scan_sources: tailwindcss_oxide::scanner: Discovering "C:\\xampp\\htdocs\\tutorial2\\app\\api\\admin\\payments"
2026-01-16T09:32:07.725124Z  INFO scan_sources: tailwindcss_oxide::scanner: Discovering "C:\\xampp\\htdocs\\tutorial2\\app\\api\\admin\\payments\\list"
2026-01-16T09:32:07.725253Z  INFO scan_sources: tailwindcss_oxide::scanner: Discovering "C:\\xampp\\htdocs\\tutorial2\\app\\api\\admin\\payments\\list\\export"
2026-01-16T09:32:07.725575Z  INFO scan_sources: tailwindcss_oxide::scanner: Discovering "C:\\xampp\\htdocs\\tutorial2\\app\\api\\admin\\payments\\[id]"
2026-01-16T09:32:07.725717Z  INFO scan_sources: tailwindcss_oxide::scanner: Discovering "C:\\xampp\\htdocs\\tutorial2\\app\\api\\admin\\payments\\[id]\\refund"
2026-01-16T09:32:07.726061Z  INFO scan_sources: tailwindcss_oxide::scanner: Discovering "C:\\xampp\\htdocs\\tutorial2\\app\\api\\admin\\reject-member"
2026-01-16T09:32:07.726281Z  INFO scan_sources: tailwindcss_oxide::scanner: Discovering "C:\\xampp\\htdocs\\tutorial2\\app\\api\\admin\\report"
2026-01-16T09:32:07.726430Z  INFO scan_sources: tailwindcss_oxide::scanner: Discovering "C:\\xampp\\htdocs\\tutorial2\\app\\api\\admin\\reports"
2026-01-16T09:32:07.726616Z  INFO scan_sources: tailwindcss_oxide::scanner: Discovering "C:\\xampp\\htdocs\\tutorial2\\app\\api\\admin\\reports\\generate"
2026-01-16T09:32:07.727016Z  INFO scan_sources: tailwindcss_oxide::scanner: Discovering "C:\\xampp\\htdocs\\tutorial2\\app\\api\\admin\\reset-admin"
2026-01-16T09:32:07.727335Z  INFO scan_sources: tailwindcss_oxide::scanner: Discovering "C:\\xampp\\htdocs\\tutorial2\\app\\api\\admin\\users"
2026-01-16T09:32:07.727586Z  INFO scan_sources: tailwindcss_oxide::scanner: Discovering "C:\\xampp\\htdocs\\tutorial2\\app\\api\\admin\\users\\restore"
2026-01-16T09:32:07.727788Z  INFO scan_sources: tailwindcss_oxide::scanner: Discovering "C:\\xampp\\htdocs\\tutorial2\\app\\api\\admin\\users\\[id]"
2026-01-16T09:32:07.727889Z  INFO scan_sources: tailwindcss_oxide::scanner: Discovering "C:\\xampp\\htdocs\\tutorial2\\app\\api\\admin\\users\\[id]\\approve"
2026-01-16T09:32:07.728019Z  INFO scan_sources: tailwindcss_oxide::scanner: Discovering "C:\\xampp\\htdocs\\tutorial2\\app\\api\\admin\\users\\[id]\\details"
2026-01-16T09:32:07.728185Z  INFO scan_sources: tailwindcss_oxide::scanner: Discovering "C:\\xampp\\htdocs\\tutorial2\\app\\api\\admin\\users\\[id]\\membership-status"
2026-01-16T09:32:07.728321Z  INFO scan_sources: tailwindcss_oxide::scanner: Discovering "C:\\xampp\\htdocs\\tutorial2\\app\\api\\admin\\users\\[id]\\password"
2026-01-16T09:32:07.728465Z  INFO scan_sources: tailwindcss_oxide::scanner: Discovering "C:\\xampp\\htdocs\\tutorial2\\app\\api\\admin\\users\\[id]\\reject"
2026-01-16T09:32:07.728705Z  INFO scan_sources: tailwindcss_oxide::scanner: Discovering "C:\\xampp\\htdocs\\tutorial2\\app\\api\\auth"
2026-01-16T09:32:07.728823Z  INFO scan_sources: tailwindcss_oxide::scanner: Discovering "C:\\xampp\\htdocs\\tutorial2\\app\\api\\auth\\forgot-password"
2026-01-16T09:32:07.728951Z  INFO scan_sources: tailwindcss_oxide::scanner: Discovering "C:\\xampp\\htdocs\\tutorial2\\app\\api\\auth\\login"
2026-01-16T09:32:07.729137Z  INFO scan_sources: tailwindcss_oxide::scanner: Discovering "C:\\xampp\\htdocs\\tutorial2\\app\\api\\auth\\logout"
2026-01-16T09:32:07.729283Z  INFO scan_sources: tailwindcss_oxide::scanner: Discovering "C:\\xampp\\htdocs\\tutorial2\\app\\api\\auth\\me"
2026-01-16T09:32:07.729643Z  INFO scan_sources: tailwindcss_oxide::scanner: Discovering "C:\\xampp\\htdocs\\tutorial2\\app\\api\\auth\\membership-status"
2026-01-16T09:32:07.730057Z  INFO scan_sources: tailwindcss_oxide::scanner: Discovering "C:\\xampp\\htdocs\\tutorial2\\app\\api\\auth\\profile"
2026-01-16T09:32:07.730465Z  INFO scan_sources: tailwindcss_oxide::scanner: Discovering "C:\\xampp\\htdocs\\tutorial2\\app\\api\\auth\\refresh"
2026-01-16T09:32:07.730783Z  INFO scan_sources: tailwindcss_oxide::scanner: Discovering "C:\\xampp\\htdocs\\tutorial2\\app\\api\\auth\\register"
2026-01-16T09:32:07.731115Z  INFO scan_sources: tailwindcss_oxide::scanner: Discovering "C:\\xampp\\htdocs\\tutorial2\\app\\api\\auth\\[...nextauth]"
2026-01-16T09:32:07.731449Z  INFO scan_sources: tailwindcss_oxide::scanner: Discovering "C:\\xampp\\htdocs\\tutorial2\\app\\api\\contact-content"
2026-01-16T09:32:07.731739Z  INFO scan_sources: tailwindcss_oxide::scanner: Discovering "C:\\xampp\\htdocs\\tutorial2\\app\\api\\debug"
2026-01-16T09:32:07.731966Z  INFO scan_sources: tailwindcss_oxide::scanner: Discovering "C:\\xampp\\htdocs\\tutorial2\\app\\api\\debug\\pricing"
2026-01-16T09:32:07.732346Z  INFO scan_sources: tailwindcss_oxide::scanner: Discovering "C:\\xampp\\htdocs\\tutorial2\\app\\api\\debug\\send-email"
2026-01-16T09:32:07.732681Z  INFO scan_sources: tailwindcss_oxide::scanner: Discovering "C:\\xampp\\htdocs\\tutorial2\\app\\api\\debug\\send-test-email"
2026-01-16T09:32:07.732848Z  INFO scan_sources: tailwindcss_oxide::scanner: Discovering "C:\\xampp\\htdocs\\tutorial2\\app\\api\\events"
2026-01-16T09:32:07.732968Z  INFO scan_sources: tailwindcss_oxide::scanner: Discovering "C:\\xampp\\htdocs\\tutorial2\\app\\api\\events\\[id]"
2026-01-16T09:32:07.733072Z  INFO scan_sources: tailwindcss_oxide::scanner: Discovering "C:\\xampp\\htdocs\\tutorial2\\app\\api\\events\\[id]\\register"
2026-01-16T09:32:07.733248Z  INFO scan_sources: tailwindcss_oxide::scanner: Discovering "C:\\xampp\\htdocs\\tutorial2\\app\\api\\fix-membership"
2026-01-16T09:32:07.733426Z  INFO scan_sources: tailwindcss_oxide::scanner: Discovering "C:\\xampp\\htdocs\\tutorial2\\app\\api\\home-content"
2026-01-16T09:32:07.733563Z  INFO scan_sources: tailwindcss_oxide::scanner: Discovering "C:\\xampp\\htdocs\\tutorial2\\app\\api\\membership"
2026-01-16T09:32:07.733670Z  INFO scan_sources: tailwindcss_oxide::scanner: Discovering "C:\\xampp\\htdocs\\tutorial2\\app\\api\\membership\\complete-payment"
2026-01-16T09:32:07.733814Z  INFO scan_sources: tailwindcss_oxide::scanner: Discovering "C:\\xampp\\htdocs\\tutorial2\\app\\api\\membership\\next-number"
2026-01-16T09:32:07.733983Z  INFO scan_sources: tailwindcss_oxide::scanner: Discovering "C:\\xampp\\htdocs\\tutorial2\\app\\api\\membership\\pay"
2026-01-16T09:32:07.734179Z  INFO scan_sources: tailwindcss_oxide::scanner: Discovering "C:\\xampp\\htdocs\\tutorial2\\app\\api\\membership\\pay-early"
2026-01-16T09:32:07.734333Z  INFO scan_sources: tailwindcss_oxide::scanner: Discovering "C:\\xampp\\htdocs\\tutorial2\\app\\api\\membership\\payment-status"
2026-01-16T09:32:07.734459Z  INFO scan_sources: tailwindcss_oxide::scanner: Discovering "C:\\xampp\\htdocs\\tutorial2\\app\\api\\membership\\payment-success"
2026-01-16T09:32:07.734711Z  INFO scan_sources: tailwindcss_oxide::scanner: Discovering "C:\\xampp\\htdocs\\tutorial2\\app\\api\\membership\\status"
2026-01-16T09:32:07.734999Z  INFO scan_sources: tailwindcss_oxide::scanner: Discovering "C:\\xampp\\htdocs\\tutorial2\\app\\api\\messages"
2026-01-16T09:32:07.735183Z  INFO scan_sources: tailwindcss_oxide::scanner: Discovering "C:\\xampp\\htdocs\\tutorial2\\app\\api\\messages\\reply"
2026-01-16T09:32:07.735396Z  INFO scan_sources: tailwindcss_oxide::scanner: Discovering "C:\\xampp\\htdocs\\tutorial2\\app\\api\\messages\\[id]"
2026-01-16T09:32:07.735533Z  INFO scan_sources: tailwindcss_oxide::scanner: Discovering "C:\\xampp\\htdocs\\tutorial2\\app\\api\\messages\\[id]\\read"
2026-01-16T09:32:07.735778Z  INFO scan_sources: tailwindcss_oxide::scanner: Discovering "C:\\xampp\\htdocs\\tutorial2\\app\\api\\news"
2026-01-16T09:32:07.735963Z  INFO scan_sources: tailwindcss_oxide::scanner: Discovering "C:\\xampp\\htdocs\\tutorial2\\app\\api\\payment"
2026-01-16T09:32:07.736104Z  INFO scan_sources: tailwindcss_oxide::scanner: Discovering "C:\\xampp\\htdocs\\tutorial2\\app\\api\\payment\\pesapal"
2026-01-16T09:32:07.736345Z  INFO scan_sources: tailwindcss_oxide::scanner: Discovering "C:\\xampp\\htdocs\\tutorial2\\app\\api\\payments"
2026-01-16T09:32:07.736489Z  INFO scan_sources: tailwindcss_oxide::scanner: Discovering "C:\\xampp\\htdocs\\tutorial2\\app\\api\\payments\\activate-test"
2026-01-16T09:32:07.736680Z  INFO scan_sources: tailwindcss_oxide::scanner: Discovering "C:\\xampp\\htdocs\\tutorial2\\app\\api\\payments\\azampay"
2026-01-16T09:32:07.736820Z  INFO scan_sources: tailwindcss_oxide::scanner: Discovering "C:\\xampp\\htdocs\\tutorial2\\app\\api\\payments\\azampay\\callback"
2026-01-16T09:32:07.737015Z  INFO scan_sources: tailwindcss_oxide::scanner: Discovering "C:\\xampp\\htdocs\\tutorial2\\app\\api\\payments\\azampay\\checkout"
2026-01-16T09:32:07.737310Z  INFO scan_sources: tailwindcss_oxide::scanner: Discovering "C:\\xampp\\htdocs\\tutorial2\\app\\api\\payments\\cleanup"
2026-01-16T09:32:07.737537Z  INFO scan_sources: tailwindcss_oxide::scanner: Discovering "C:\\xampp\\htdocs\\tutorial2\\app\\api\\payments\\complete"
2026-01-16T09:32:07.737687Z  INFO scan_sources: tailwindcss_oxide::scanner: Discovering "C:\\xampp\\htdocs\\tutorial2\\app\\api\\payments\\mobile-money"
2026-01-16T09:32:07.737808Z  INFO scan_sources: tailwindcss_oxide::scanner: Discovering "C:\\xampp\\htdocs\\tutorial2\\app\\api\\payments\\payment-status"
2026-01-16T09:32:07.737929Z  INFO scan_sources: tailwindcss_oxide::scanner: Discovering "C:\\xampp\\htdocs\\tutorial2\\app\\api\\payments\\process"
2026-01-16T09:32:07.738178Z  INFO scan_sources: tailwindcss_oxide::scanner: Discovering "C:\\xampp\\htdocs\\tutorial2\\app\\api\\reports"
2026-01-16T09:32:07.738301Z  INFO scan_sources: tailwindcss_oxide::scanner: Discovering "C:\\xampp\\htdocs\\tutorial2\\app\\api\\reports\\generate"
2026-01-16T09:32:07.738466Z  INFO scan_sources: tailwindcss_oxide::scanner: Discovering "C:\\xampp\\htdocs\\tutorial2\\app\\api\\reports\\send-email"
2026-01-16T09:32:07.738864Z  INFO scan_sources: tailwindcss_oxide::scanner: Discovering "C:\\xampp\\htdocs\\tutorial2\\app\\api\\send-approval-email"
2026-01-16T09:32:07.739288Z  INFO scan_sources: tailwindcss_oxide::scanner: Discovering "C:\\xampp\\htdocs\\tutorial2\\app\\api\\settings"
2026-01-16T09:32:07.739670Z  INFO scan_sources: tailwindcss_oxide::scanner: Discovering "C:\\xampp\\htdocs\\tutorial2\\app\\api\\setup"
2026-01-16T09:32:07.739967Z  INFO scan_sources: tailwindcss_oxide::scanner: Discovering "C:\\xampp\\htdocs\\tutorial2\\app\\api\\setup\\ensure-admin"
2026-01-16T09:32:07.740405Z  INFO scan_sources: tailwindcss_oxide::scanner: Discovering "C:\\xampp\\htdocs\\tutorial2\\app\\api\\test-events"
2026-01-16T09:32:07.740873Z  INFO scan_sources: tailwindcss_oxide::scanner: Discovering "C:\\xampp\\htdocs\\tutorial2\\app\\api\\user"
2026-01-16T09:32:07.741264Z  INFO scan_sources: tailwindcss_oxide::scanner: Discovering "C:\\xampp\\htdocs\\tutorial2\\app\\api\\user\\profile"
2026-01-16T09:32:07.741522Z  INFO scan_sources: tailwindcss_oxide::scanner: Discovering "C:\\xampp\\htdocs\\tutorial2\\app\\auth"
2026-01-16T09:32:07.741622Z  INFO scan_sources: tailwindcss_oxide::scanner: Discovering "C:\\xampp\\htdocs\\tutorial2\\app\\auth\\forgot-password"
2026-01-16T09:32:07.741780Z  INFO scan_sources: tailwindcss_oxide::scanner: Discovering "C:\\xampp\\htdocs\\tutorial2\\app\\auth\\login"
2026-01-16T09:32:07.741912Z  INFO scan_sources: tailwindcss_oxide::scanner: Discovering "C:\\xampp\\htdocs\\tutorial2\\app\\auth\\pending-approval"
2026-01-16T09:32:07.742061Z  INFO scan_sources: tailwindcss_oxide::scanner: Discovering "C:\\xampp\\htdocs\\tutorial2\\app\\auth\\register"
2026-01-16T09:32:07.742330Z  INFO scan_sources: tailwindcss_oxide::scanner: Discovering "C:\\xampp\\htdocs\\tutorial2\\app\\components"
2026-01-16T09:32:07.742580Z  INFO scan_sources: tailwindcss_oxide::scanner: Discovering "C:\\xampp\\htdocs\\tutorial2\\app\\contact"
2026-01-16T09:32:07.742768Z  INFO scan_sources: tailwindcss_oxide::scanner: Discovering "C:\\xampp\\htdocs\\tutorial2\\app\\dashboard"
2026-01-16T09:32:07.742912Z  INFO scan_sources: tailwindcss_oxide::scanner: Discovering "C:\\xampp\\htdocs\\tutorial2\\app\\dashboard\\complete-profile"
2026-01-16T09:32:07.743205Z  INFO scan_sources: tailwindcss_oxide::scanner: Discovering "C:\\xampp\\htdocs\\tutorial2\\app\\dashboard\\events"
2026-01-16T09:32:07.743318Z  INFO scan_sources: tailwindcss_oxide::scanner: Discovering "C:\\xampp\\htdocs\\tutorial2\\app\\dashboard\\events\\page.tsx"
2026-01-16T09:32:07.743458Z  INFO scan_sources: tailwindcss_oxide::scanner: Discovering "C:\\xampp\\htdocs\\tutorial2\\app\\dashboard\\membership-card"
2026-01-16T09:32:07.743665Z  INFO scan_sources: tailwindcss_oxide::scanner: Discovering "C:\\xampp\\htdocs\\tutorial2\\app\\dashboard\\messages"
2026-01-16T09:32:07.743797Z  INFO scan_sources: tailwindcss_oxide::scanner: Discovering "C:\\xampp\\htdocs\\tutorial2\\app\\dashboard\\news"
2026-01-16T09:32:07.743979Z  INFO scan_sources: tailwindcss_oxide::scanner: Discovering "C:\\xampp\\htdocs\\tutorial2\\app\\dashboard\\payment"
2026-01-16T09:32:07.744107Z  INFO scan_sources: tailwindcss_oxide::scanner: Discovering "C:\\xampp\\htdocs\\tutorial2\\app\\dashboard\\payment\\callback"
2026-01-16T09:32:07.744258Z  INFO scan_sources: tailwindcss_oxide::scanner: Discovering "C:\\xampp\\htdocs\\tutorial2\\app\\dashboard\\payment\\success"
2026-01-16T09:32:07.744398Z  INFO scan_sources: tailwindcss_oxide::scanner: Discovering "C:\\xampp\\htdocs\\tutorial2\\app\\dashboard\\profile"
2026-01-16T09:32:07.744520Z  INFO scan_sources: tailwindcss_oxide::scanner: Discovering "C:\\xampp\\htdocs\\tutorial2\\app\\dashboard\\subscribe"
2026-01-16T09:32:07.744676Z  INFO scan_sources: tailwindcss_oxide::scanner: Discovering "C:\\xampp\\htdocs\\tutorial2\\app\\fix-auth"
2026-01-16T09:32:07.745073Z  INFO scan_sources: tailwindcss_oxide::scanner: Discovering "C:\\xampp\\htdocs\\tutorial2\\app\\schemas"
2026-01-16T09:32:07.745267Z  INFO scan_sources: tailwindcss_oxide::scanner: Discovering "C:\\xampp\\htdocs\\tutorial2\\app\\scripts"
2026-01-16T09:32:07.745471Z  INFO scan_sources: tailwindcss_oxide::scanner: Discovering "C:\\xampp\\htdocs\\tutorial2\\app\\unauthorized"
2026-01-16T09:32:07.745980Z  INFO scan_sources: tailwindcss_oxide::scanner: Discovering "C:\\xampp\\htdocs\\tutorial2\\components"
2026-01-16T09:32:07.746204Z  INFO scan_sources: tailwindcss_oxide::scanner: Discovering "C:\\xampp\\htdocs\\tutorial2\\components\\admin"
2026-01-16T09:32:07.746531Z  INFO scan_sources: tailwindcss_oxide::scanner: Discovering "C:\\xampp\\htdocs\\tutorial2\\components\\dashboard"
2026-01-16T09:32:07.746892Z  INFO scan_sources: tailwindcss_oxide::scanner: Discovering "C:\\xampp\\htdocs\\tutorial2\\components\\ui"
2026-01-16T09:32:07.747243Z  INFO scan_sources: tailwindcss_oxide::scanner: Discovering "C:\\xampp\\htdocs\\tutorial2\\components\\web"
2026-01-16T09:32:07.747466Z  INFO scan_sources: tailwindcss_oxide::scanner: Discovering "C:\\xampp\\htdocs\\tutorial2\\contexts"
2026-01-16T09:32:07.747589Z  INFO scan_sources: tailwindcss_oxide::scanner: Discovering "C:\\xampp\\htdocs\\tutorial2\\convex"
2026-01-16T09:32:07.747685Z  INFO scan_sources: tailwindcss_oxide::scanner: Discovering "C:\\xampp\\htdocs\\tutorial2\\convex\\_generated"
2026-01-16T09:32:07.748007Z  INFO scan_sources: tailwindcss_oxide::scanner: Discovering "C:\\xampp\\htdocs\\tutorial2\\database"
2026-01-16T09:32:07.748672Z  INFO scan_sources: tailwindcss_oxide::scanner: Discovering "C:\\xampp\\htdocs\\tutorial2\\deploy-minimal"
2026-01-16T09:32:07.748911Z  INFO scan_sources: tailwindcss_oxide::scanner: Discovering "C:\\xampp\\htdocs\\tutorial2\\deploy-simple"
2026-01-16T09:32:07.749126Z  INFO scan_sources: tailwindcss_oxide::scanner: Discovering "C:\\xampp\\htdocs\\tutorial2\\deploy-temp"
2026-01-16T09:32:07.749742Z  INFO scan_sources: tailwindcss_oxide::scanner: Discovering "C:\\xampp\\htdocs\\tutorial2\\lib"
2026-01-16T09:32:07.750339Z  INFO scan_sources: tailwindcss_oxide::scanner: Discovering "C:\\xampp\\htdocs\\tutorial2\\migrations"
2026-01-16T09:32:07.751128Z  INFO scan_sources: tailwindcss_oxide::scanner: Discovering "C:\\xampp\\htdocs\\tutorial2\\public"
2026-01-16T09:32:07.751319Z  INFO scan_sources: tailwindcss_oxide::scanner: Discovering "C:\\xampp\\htdocs\\tutorial2\\public\\uploads"
2026-01-16T09:32:07.751427Z  INFO scan_sources: tailwindcss_oxide::scanner: Discovering "C:\\xampp\\htdocs\\tutorial2\\public\\uploads\\documents"
2026-01-16T09:32:07.751566Z  INFO scan_sources: tailwindcss_oxide::scanner: Discovering "C:\\xampp\\htdocs\\tutorial2\\public\\uploads\\profile-pictures"
2026-01-16T09:32:07.752048Z  INFO scan_sources: tailwindcss_oxide::scanner: Discovering "C:\\xampp\\htdocs\\tutorial2\\scripts"
2026-01-16T09:32:07.753019Z  INFO scan_sources: tailwindcss_oxide::scanner: Discovering "C:\\xampp\\htdocs\\tutorial2\\types"
2026-01-16T09:32:07.753300Z  INFO scan_sources: tailwindcss_oxide::scanner: exit
2026-01-16T09:32:07.753316Z  INFO extract_candidates: tailwindcss_oxide::scanner: enter
2026-01-16T09:32:07.753321Z  INFO extract_candidates:read_all_files: tailwindcss_oxide::scanner: enter
2026-01-16T09:32:07.753324Z  INFO extract_candidates:read_all_files: tailwindcss_oxide::scanner: Reading 1 file(s)
2026-01-16T09:32:07.753405Z  INFO extract_candidates:read_all_files: tailwindcss_oxide::scanner: Reading "C:\\xampp\\htdocs\\tutorial2\\app\\dashboard\\events\\page.tsx"
2026-01-16T09:32:07.753416Z  INFO extract_candidates:read_all_files: tailwindcss_oxide::scanner: exit
2026-01-16T09:32:07.753420Z  INFO extract_candidates:parse_all_blobs: tailwindcss_oxide::scanner: enter
2026-01-16T09:32:07.753423Z  INFO extract_candidates:parse_all_blobs:extract: tailwindcss_oxide::scanner: enter
2026-01-16T09:32:07.753732Z  INFO extract_candidates:parse_all_blobs:extract: tailwindcss_oxide::scanner: exit
2026-01-16T09:32:07.753763Z  INFO extract_candidates:parse_all_blobs: tailwindcss_oxide::scanner: exit
2026-01-16T09:32:07.753853Z  INFO extract_candidates: tailwindcss_oxide::scanner: exit
2026-01-16T09:32:07.755762Z  INFO get_files: tailwindcss_oxide::scanner: enter
2026-01-16T09:32:07.755792Z  INFO get_files:scan_sources: tailwindcss_oxide::scanner: enter
2026-01-16T09:32:07.757226Z  INFO get_files:scan_sources: tailwindcss_oxide::scanner: Discovering "C:\\xampp\\htdocs\\tutorial2\\.windsurf"
2026-01-16T09:32:07.757336Z  INFO get_files:scan_sources: tailwindcss_oxide::scanner: Discovering "C:\\xampp\\htdocs\\tutorial2\\.windsurf\\workflows"
2026-01-16T09:32:07.757636Z  INFO get_files:scan_sources: tailwindcss_oxide::scanner: Discovering "C:\\xampp\\htdocs\\tutorial2\\api"
2026-01-16T09:32:07.757731Z  INFO get_files:scan_sources: tailwindcss_oxide::scanner: Discovering "C:\\xampp\\htdocs\\tutorial2\\api\\auth"
2026-01-16T09:32:07.757918Z  INFO get_files:scan_sources: tailwindcss_oxide::scanner: Discovering "C:\\xampp\\htdocs\\tutorial2\\app"
2026-01-16T09:32:07.758014Z  INFO get_files:scan_sources: tailwindcss_oxide::scanner: Discovering "C:\\xampp\\htdocs\\tutorial2\\app\\(layout)"
2026-01-16T09:32:07.758137Z  INFO get_files:scan_sources: tailwindcss_oxide::scanner: Discovering "C:\\xampp\\htdocs\\tutorial2\\app\\(shared-layout)"
2026-01-16T09:32:07.758275Z  INFO get_files:scan_sources: tailwindcss_oxide::scanner: Discovering "C:\\xampp\\htdocs\\tutorial2\\app\\about"
2026-01-16T09:32:07.758390Z  INFO get_files:scan_sources: tailwindcss_oxide::scanner: Discovering "C:\\xampp\\htdocs\\tutorial2\\app\\about-us"
2026-01-16T09:32:07.758507Z  INFO get_files:scan_sources: tailwindcss_oxide::scanner: Discovering "C:\\xampp\\htdocs\\tutorial2\\app\\admin"
2026-01-16T09:32:07.758600Z  INFO get_files:scan_sources: tailwindcss_oxide::scanner: Discovering "C:\\xampp\\htdocs\\tutorial2\\app\\admin\\cards"
2026-01-16T09:32:07.758719Z  INFO get_files:scan_sources: tailwindcss_oxide::scanner: Discovering "C:\\xampp\\htdocs\\tutorial2\\app\\admin\\content"
2026-01-16T09:32:07.758838Z  INFO get_files:scan_sources: tailwindcss_oxide::scanner: Discovering "C:\\xampp\\htdocs\\tutorial2\\app\\admin\\content\\about"
2026-01-16T09:32:07.758976Z  INFO get_files:scan_sources: tailwindcss_oxide::scanner: Discovering "C:\\xampp\\htdocs\\tutorial2\\app\\admin\\content\\contact"
2026-01-16T09:32:07.759094Z  INFO get_files:scan_sources: tailwindcss_oxide::scanner: Discovering "C:\\xampp\\htdocs\\tutorial2\\app\\admin\\content\\home"
2026-01-16T09:32:07.759242Z  INFO get_files:scan_sources: tailwindcss_oxide::scanner: Discovering "C:\\xampp\\htdocs\\tutorial2\\app\\admin\\dashboard"
2026-01-16T09:32:07.759378Z  INFO get_files:scan_sources: tailwindcss_oxide::scanner: Discovering "C:\\xampp\\htdocs\\tutorial2\\app\\admin\\events"
2026-01-16T09:32:07.759502Z  INFO get_files:scan_sources: tailwindcss_oxide::scanner: Discovering "C:\\xampp\\htdocs\\tutorial2\\app\\admin\\events\\[id]"
2026-01-16T09:32:07.759610Z  INFO get_files:scan_sources: tailwindcss_oxide::scanner: Discovering "C:\\xampp\\htdocs\\tutorial2\\app\\admin\\events\\[id]\\registrations"
2026-01-16T09:32:07.759773Z  INFO get_files:scan_sources: tailwindcss_oxide::scanner: Discovering "C:\\xampp\\htdocs\\tutorial2\\app\\admin\\membership"
2026-01-16T09:32:07.759896Z  INFO get_files:scan_sources: tailwindcss_oxide::scanner: Discovering "C:\\xampp\\htdocs\\tutorial2\\app\\admin\\news"
2026-01-16T09:32:07.760100Z  INFO get_files:scan_sources: tailwindcss_oxide::scanner: Discovering "C:\\xampp\\htdocs\\tutorial2\\app\\admin\\payment"
2026-01-16T09:32:07.760220Z  INFO get_files:scan_sources: tailwindcss_oxide::scanner: Discovering "C:\\xampp\\htdocs\\tutorial2\\app\\admin\\payments"
2026-01-16T09:32:07.760343Z  INFO get_files:scan_sources: tailwindcss_oxide::scanner: Discovering "C:\\xampp\\htdocs\\tutorial2\\app\\admin\\reports"
2026-01-16T09:32:07.760462Z  INFO get_files:scan_sources: tailwindcss_oxide::scanner: Discovering "C:\\xampp\\htdocs\\tutorial2\\app\\admin\\requests"
2026-01-16T09:32:07.760585Z  INFO get_files:scan_sources: tailwindcss_oxide::scanner: Discovering "C:\\xampp\\htdocs\\tutorial2\\app\\admin\\users"
2026-01-16T09:32:07.760723Z  INFO get_files:scan_sources: tailwindcss_oxide::scanner: Discovering "C:\\xampp\\htdocs\\tutorial2\\app\\admin\\users\\[id]"
2026-01-16T09:32:07.760868Z  INFO get_files:scan_sources: tailwindcss_oxide::scanner: Discovering "C:\\xampp\\htdocs\\tutorial2\\app\\api"
2026-01-16T09:32:07.760962Z  INFO get_files:scan_sources: tailwindcss_oxide::scanner: Discovering "C:\\xampp\\htdocs\\tutorial2\\app\\api\\about-content"
2026-01-16T09:32:07.761076Z  INFO get_files:scan_sources: tailwindcss_oxide::scanner: Discovering "C:\\xampp\\htdocs\\tutorial2\\app\\api\\admin"
2026-01-16T09:32:07.761168Z  INFO get_files:scan_sources: tailwindcss_oxide::scanner: Discovering "C:\\xampp\\htdocs\\tutorial2\\app\\api\\admin\\approve-member"
2026-01-16T09:32:07.761285Z  INFO get_files:scan_sources: tailwindcss_oxide::scanner: Discovering "C:\\xampp\\htdocs\\tutorial2\\app\\api\\admin\\cards"
2026-01-16T09:32:07.761403Z  INFO get_files:scan_sources: tailwindcss_oxide::scanner: Discovering "C:\\xampp\\htdocs\\tutorial2\\app\\api\\admin\\content"
2026-01-16T09:32:07.761507Z  INFO get_files:scan_sources: tailwindcss_oxide::scanner: Discovering "C:\\xampp\\htdocs\\tutorial2\\app\\api\\admin\\content\\about"
2026-01-16T09:32:07.761618Z  INFO get_files:scan_sources: tailwindcss_oxide::scanner: Discovering "C:\\xampp\\htdocs\\tutorial2\\app\\api\\admin\\content\\about\\[id]"
2026-01-16T09:32:07.761784Z  INFO get_files:scan_sources: tailwindcss_oxide::scanner: Discovering "C:\\xampp\\htdocs\\tutorial2\\app\\api\\admin\\content\\contact"
2026-01-16T09:32:07.761893Z  INFO get_files:scan_sources: tailwindcss_oxide::scanner: Discovering "C:\\xampp\\htdocs\\tutorial2\\app\\api\\admin\\content\\contact\\[id]"
2026-01-16T09:32:07.762028Z  INFO get_files:scan_sources: tailwindcss_oxide::scanner: Discovering "C:\\xampp\\htdocs\\tutorial2\\app\\api\\admin\\content\\footer"
2026-01-16T09:32:07.762149Z  INFO get_files:scan_sources: tailwindcss_oxide::scanner: Discovering "C:\\xampp\\htdocs\\tutorial2\\app\\api\\admin\\content\\home"
2026-01-16T09:32:07.762258Z  INFO get_files:scan_sources: tailwindcss_oxide::scanner: Discovering "C:\\xampp\\htdocs\\tutorial2\\app\\api\\admin\\content\\home\\[id]"
2026-01-16T09:32:07.762387Z  INFO get_files:scan_sources: tailwindcss_oxide::scanner: Discovering "C:\\xampp\\htdocs\\tutorial2\\app\\api\\admin\\content\\media"
2026-01-16T09:32:07.762512Z  INFO get_files:scan_sources: tailwindcss_oxide::scanner: Discovering "C:\\xampp\\htdocs\\tutorial2\\app\\api\\admin\\content\\navigation"
2026-01-16T09:32:07.762642Z  INFO get_files:scan_sources: tailwindcss_oxide::scanner: Discovering "C:\\xampp\\htdocs\\tutorial2\\app\\api\\admin\\content\\pages"
2026-01-16T09:32:07.762770Z  INFO get_files:scan_sources: tailwindcss_oxide::scanner: Discovering "C:\\xampp\\htdocs\\tutorial2\\app\\api\\admin\\content\\pages\\[id]"
2026-01-16T09:32:07.763221Z  INFO get_files:scan_sources: tailwindcss_oxide::scanner: Discovering "C:\\xampp\\htdocs\\tutorial2\\app\\api\\admin\\content\\settings"
2026-01-16T09:32:07.763577Z  INFO get_files:scan_sources: tailwindcss_oxide::scanner: Discovering "C:\\xampp\\htdocs\\tutorial2\\app\\api\\admin\\create-admin"
2026-01-16T09:32:07.763848Z  INFO get_files:scan_sources: tailwindcss_oxide::scanner: Discovering "C:\\xampp\\htdocs\\tutorial2\\app\\api\\admin\\deleted-users"
2026-01-16T09:32:07.763982Z  INFO get_files:scan_sources: tailwindcss_oxide::scanner: Discovering "C:\\xampp\\htdocs\\tutorial2\\app\\api\\admin\\events"
2026-01-16T09:32:07.764111Z  INFO get_files:scan_sources: tailwindcss_oxide::scanner: Discovering "C:\\xampp\\htdocs\\tutorial2\\app\\api\\admin\\events\\[id]"
2026-01-16T09:32:07.764202Z  INFO get_files:scan_sources: tailwindcss_oxide::scanner: Discovering "C:\\xampp\\htdocs\\tutorial2\\app\\api\\admin\\events\\[id]\\registrations"
2026-01-16T09:32:07.764388Z  INFO get_files:scan_sources: tailwindcss_oxide::scanner: Discovering "C:\\xampp\\htdocs\\tutorial2\\app\\api\\admin\\fix-admin"
2026-01-16T09:32:07.764503Z  INFO get_files:scan_sources: tailwindcss_oxide::scanner: Discovering "C:\\xampp\\htdocs\\tutorial2\\app\\api\\admin\\membership"
2026-01-16T09:32:07.764588Z  INFO get_files:scan_sources: tailwindcss_oxide::scanner: Discovering "C:\\xampp\\htdocs\\tutorial2\\app\\api\\admin\\membership\\cycles"
2026-01-16T09:32:07.764702Z  INFO get_files:scan_sources: tailwindcss_oxide::scanner: Discovering "C:\\xampp\\htdocs\\tutorial2\\app\\api\\admin\\membership\\settings"
2026-01-16T09:32:07.764818Z  INFO get_files:scan_sources: tailwindcss_oxide::scanner: Discovering "C:\\xampp\\htdocs\\tutorial2\\app\\api\\admin\\membership\\types"
2026-01-16T09:32:07.764941Z  INFO get_files:scan_sources: tailwindcss_oxide::scanner: Discovering "C:\\xampp\\htdocs\\tutorial2\\app\\api\\admin\\news"
2026-01-16T09:32:07.765053Z  INFO get_files:scan_sources: tailwindcss_oxide::scanner: Discovering "C:\\xampp\\htdocs\\tutorial2\\app\\api\\admin\\payment"
2026-01-16T09:32:07.765163Z  INFO get_files:scan_sources: tailwindcss_oxide::scanner: Discovering "C:\\xampp\\htdocs\\tutorial2\\app\\api\\admin\\payments"
2026-01-16T09:32:07.765248Z  INFO get_files:scan_sources: tailwindcss_oxide::scanner: Discovering "C:\\xampp\\htdocs\\tutorial2\\app\\api\\admin\\payments\\list"
2026-01-16T09:32:07.765332Z  INFO get_files:scan_sources: tailwindcss_oxide::scanner: Discovering "C:\\xampp\\htdocs\\tutorial2\\app\\api\\admin\\payments\\list\\export"
2026-01-16T09:32:07.765502Z  INFO get_files:scan_sources: tailwindcss_oxide::scanner: Discovering "C:\\xampp\\htdocs\\tutorial2\\app\\api\\admin\\payments\\[id]"
2026-01-16T09:32:07.765590Z  INFO get_files:scan_sources: tailwindcss_oxide::scanner: Discovering "C:\\xampp\\htdocs\\tutorial2\\app\\api\\admin\\payments\\[id]\\refund"
2026-01-16T09:32:07.765748Z  INFO get_files:scan_sources: tailwindcss_oxide::scanner: Discovering "C:\\xampp\\htdocs\\tutorial2\\app\\api\\admin\\reject-member"
2026-01-16T09:32:07.765860Z  INFO get_files:scan_sources: tailwindcss_oxide::scanner: Discovering "C:\\xampp\\htdocs\\tutorial2\\app\\api\\admin\\report"
2026-01-16T09:32:07.765971Z  INFO get_files:scan_sources: tailwindcss_oxide::scanner: Discovering "C:\\xampp\\htdocs\\tutorial2\\app\\api\\admin\\reports"
2026-01-16T09:32:07.766056Z  INFO get_files:scan_sources: tailwindcss_oxide::scanner: Discovering "C:\\xampp\\htdocs\\tutorial2\\app\\api\\admin\\reports\\generate"
2026-01-16T09:32:07.766199Z  INFO get_files:scan_sources: tailwindcss_oxide::scanner: Discovering "C:\\xampp\\htdocs\\tutorial2\\app\\api\\admin\\reset-admin"
2026-01-16T09:32:07.766315Z  INFO get_files:scan_sources: tailwindcss_oxide::scanner: Discovering "C:\\xampp\\htdocs\\tutorial2\\app\\api\\admin\\users"
2026-01-16T09:32:07.766406Z  INFO get_files:scan_sources: tailwindcss_oxide::scanner: Discovering "C:\\xampp\\htdocs\\tutorial2\\app\\api\\admin\\users\\restore"
2026-01-16T09:32:07.766548Z  INFO get_files:scan_sources: tailwindcss_oxide::scanner: Discovering "C:\\xampp\\htdocs\\tutorial2\\app\\api\\admin\\users\\[id]"
2026-01-16T09:32:07.766668Z  INFO get_files:scan_sources: tailwindcss_oxide::scanner: Discovering "C:\\xampp\\htdocs\\tutorial2\\app\\api\\admin\\users\\[id]\\approve"
2026-01-16T09:32:07.766867Z  INFO get_files:scan_sources: tailwindcss_oxide::scanner: Discovering "C:\\xampp\\htdocs\\tutorial2\\app\\api\\admin\\users\\[id]\\details"
2026-01-16T09:32:07.767021Z  INFO get_files:scan_sources: tailwindcss_oxide::scanner: Discovering "C:\\xampp\\htdocs\\tutorial2\\app\\api\\admin\\users\\[id]\\membership-status"
2026-01-16T09:32:07.767173Z  INFO get_files:scan_sources: tailwindcss_oxide::scanner: Discovering "C:\\xampp\\htdocs\\tutorial2\\app\\api\\admin\\users\\[id]\\password"
2026-01-16T09:32:07.767315Z  INFO get_files:scan_sources: tailwindcss_oxide::scanner: Discovering "C:\\xampp\\htdocs\\tutorial2\\app\\api\\admin\\users\\[id]\\reject"
2026-01-16T09:32:07.767557Z  INFO get_files:scan_sources: tailwindcss_oxide::scanner: Discovering "C:\\xampp\\htdocs\\tutorial2\\app\\api\\auth"
2026-01-16T09:32:07.767722Z  INFO get_files:scan_sources: tailwindcss_oxide::scanner: Discovering "C:\\xampp\\htdocs\\tutorial2\\app\\api\\auth\\forgot-password"
2026-01-16T09:32:07.767862Z  INFO get_files:scan_sources: tailwindcss_oxide::scanner: Discovering "C:\\xampp\\htdocs\\tutorial2\\app\\api\\auth\\login"
2026-01-16T09:32:07.768007Z  INFO get_files:scan_sources: tailwindcss_oxide::scanner: Discovering "C:\\xampp\\htdocs\\tutorial2\\app\\api\\auth\\logout"
2026-01-16T09:32:07.768154Z  INFO get_files:scan_sources: tailwindcss_oxide::scanner: Discovering "C:\\xampp\\htdocs\\tutorial2\\app\\api\\auth\\me"
2026-01-16T09:32:07.768361Z  INFO get_files:scan_sources: tailwindcss_oxide::scanner: Discovering "C:\\xampp\\htdocs\\tutorial2\\app\\api\\auth\\membership-status"
2026-01-16T09:32:07.768532Z  INFO get_files:scan_sources: tailwindcss_oxide::scanner: Discovering "C:\\xampp\\htdocs\\tutorial2\\app\\api\\auth\\profile"
2026-01-16T09:32:07.768720Z  INFO get_files:scan_sources: tailwindcss_oxide::scanner: Discovering "C:\\xampp\\htdocs\\tutorial2\\app\\api\\auth\\refresh"
2026-01-16T09:32:07.768848Z  INFO get_files:scan_sources: tailwindcss_oxide::scanner: Discovering "C:\\xampp\\htdocs\\tutorial2\\app\\api\\auth\\register"
2026-01-16T09:32:07.768976Z  INFO get_files:scan_sources: tailwindcss_oxide::scanner: Discovering "C:\\xampp\\htdocs\\tutorial2\\app\\api\\auth\\[...nextauth]"
2026-01-16T09:32:07.769145Z  INFO get_files:scan_sources: tailwindcss_oxide::scanner: Discovering "C:\\xampp\\htdocs\\tutorial2\\app\\api\\contact-content"
2026-01-16T09:32:07.769270Z  INFO get_files:scan_sources: tailwindcss_oxide::scanner: Discovering "C:\\xampp\\htdocs\\tutorial2\\app\\api\\debug"
2026-01-16T09:32:07.769361Z  INFO get_files:scan_sources: tailwindcss_oxide::scanner: Discovering "C:\\xampp\\htdocs\\tutorial2\\app\\api\\debug\\pricing"
2026-01-16T09:32:07.769494Z  INFO get_files:scan_sources: tailwindcss_oxide::scanner: Discovering "C:\\xampp\\htdocs\\tutorial2\\app\\api\\debug\\send-email"
2026-01-16T09:32:07.769617Z  INFO get_files:scan_sources: tailwindcss_oxide::scanner: Discovering "C:\\xampp\\htdocs\\tutorial2\\app\\api\\debug\\send-test-email"
2026-01-16T09:32:07.769743Z  INFO get_files:scan_sources: tailwindcss_oxide::scanner: Discovering "C:\\xampp\\htdocs\\tutorial2\\app\\api\\events"
2026-01-16T09:32:07.770016Z  INFO get_files:scan_sources: tailwindcss_oxide::scanner: Discovering "C:\\xampp\\htdocs\\tutorial2\\app\\api\\events\\[id]"
2026-01-16T09:32:07.770135Z  INFO get_files:scan_sources: tailwindcss_oxide::scanner: Discovering "C:\\xampp\\htdocs\\tutorial2\\app\\api\\events\\[id]\\register"
2026-01-16T09:32:07.770278Z  INFO get_files:scan_sources: tailwindcss_oxide::scanner: Discovering "C:\\xampp\\htdocs\\tutorial2\\app\\api\\fix-membership"
2026-01-16T09:32:07.770390Z  INFO get_files:scan_sources: tailwindcss_oxide::scanner: Discovering "C:\\xampp\\htdocs\\tutorial2\\app\\api\\home-content"
2026-01-16T09:32:07.770503Z  INFO get_files:scan_sources: tailwindcss_oxide::scanner: Discovering "C:\\xampp\\htdocs\\tutorial2\\app\\api\\membership"
2026-01-16T09:32:07.770594Z  INFO get_files:scan_sources: tailwindcss_oxide::scanner: Discovering "C:\\xampp\\htdocs\\tutorial2\\app\\api\\membership\\complete-payment"
2026-01-16T09:32:07.770716Z  INFO get_files:scan_sources: tailwindcss_oxide::scanner: Discovering "C:\\xampp\\htdocs\\tutorial2\\app\\api\\membership\\next-number"
2026-01-16T09:32:07.770833Z  INFO get_files:scan_sources: tailwindcss_oxide::scanner: Discovering "C:\\xampp\\htdocs\\tutorial2\\app\\api\\membership\\pay"
2026-01-16T09:32:07.770946Z  INFO get_files:scan_sources: tailwindcss_oxide::scanner: Discovering "C:\\xampp\\htdocs\\tutorial2\\app\\api\\membership\\pay-early"
2026-01-16T09:32:07.771060Z  INFO get_files:scan_sources: tailwindcss_oxide::scanner: Discovering "C:\\xampp\\htdocs\\tutorial2\\app\\api\\membership\\payment-status"
2026-01-16T09:32:07.771177Z  INFO get_files:scan_sources: tailwindcss_oxide::scanner: Discovering "C:\\xampp\\htdocs\\tutorial2\\app\\api\\membership\\payment-success"
2026-01-16T09:32:07.771330Z  INFO get_files:scan_sources: tailwindcss_oxide::scanner: Discovering "C:\\xampp\\htdocs\\tutorial2\\app\\api\\membership\\status"
2026-01-16T09:32:07.771504Z  INFO get_files:scan_sources: tailwindcss_oxide::scanner: Discovering "C:\\xampp\\htdocs\\tutorial2\\app\\api\\messages"
2026-01-16T09:32:07.771599Z  INFO get_files:scan_sources: tailwindcss_oxide::scanner: Discovering "C:\\xampp\\htdocs\\tutorial2\\app\\api\\messages\\reply"
2026-01-16T09:32:07.771945Z  INFO get_files:scan_sources: tailwindcss_oxide::scanner: Discovering "C:\\xampp\\htdocs\\tutorial2\\app\\api\\messages\\[id]"
2026-01-16T09:32:07.772114Z  INFO get_files:scan_sources: tailwindcss_oxide::scanner: Discovering "C:\\xampp\\htdocs\\tutorial2\\app\\api\\messages\\[id]\\read"
2026-01-16T09:32:07.772304Z  INFO get_files:scan_sources: tailwindcss_oxide::scanner: Discovering "C:\\xampp\\htdocs\\tutorial2\\app\\api\\news"
2026-01-16T09:32:07.772422Z  INFO get_files:scan_sources: tailwindcss_oxide::scanner: Discovering "C:\\xampp\\htdocs\\tutorial2\\app\\api\\payment"
2026-01-16T09:32:07.772513Z  INFO get_files:scan_sources: tailwindcss_oxide::scanner: Discovering "C:\\xampp\\htdocs\\tutorial2\\app\\api\\payment\\pesapal"
2026-01-16T09:32:07.772645Z  INFO get_files:scan_sources: tailwindcss_oxide::scanner: Discovering "C:\\xampp\\htdocs\\tutorial2\\app\\api\\payments"
2026-01-16T09:32:07.772758Z  INFO get_files:scan_sources: tailwindcss_oxide::scanner: Discovering "C:\\xampp\\htdocs\\tutorial2\\app\\api\\payments\\activate-test"
2026-01-16T09:32:07.772889Z  INFO get_files:scan_sources: tailwindcss_oxide::scanner: Discovering "C:\\xampp\\htdocs\\tutorial2\\app\\api\\payments\\azampay"
2026-01-16T09:32:07.772980Z  INFO get_files:scan_sources: tailwindcss_oxide::scanner: Discovering "C:\\xampp\\htdocs\\tutorial2\\app\\api\\payments\\azampay\\callback"
2026-01-16T09:32:07.773104Z  INFO get_files:scan_sources: tailwindcss_oxide::scanner: Discovering "C:\\xampp\\htdocs\\tutorial2\\app\\api\\payments\\azampay\\checkout"
2026-01-16T09:32:07.773233Z  INFO get_files:scan_sources: tailwindcss_oxide::scanner: Discovering "C:\\xampp\\htdocs\\tutorial2\\app\\api\\payments\\cleanup"
2026-01-16T09:32:07.773363Z  INFO get_files:scan_sources: tailwindcss_oxide::scanner: Discovering "C:\\xampp\\htdocs\\tutorial2\\app\\api\\payments\\complete"
2026-01-16T09:32:07.773490Z  INFO get_files:scan_sources: tailwindcss_oxide::scanner: Discovering "C:\\xampp\\htdocs\\tutorial2\\app\\api\\payments\\mobile-money"
2026-01-16T09:32:07.773611Z  INFO get_files:scan_sources: tailwindcss_oxide::scanner: Discovering "C:\\xampp\\htdocs\\tutorial2\\app\\api\\payments\\payment-status"
2026-01-16T09:32:07.773730Z  INFO get_files:scan_sources: tailwindcss_oxide::scanner: Discovering "C:\\xampp\\htdocs\\tutorial2\\app\\api\\payments\\process"
2026-01-16T09:32:07.773863Z  INFO get_files:scan_sources: tailwindcss_oxide::scanner: Discovering "C:\\xampp\\htdocs\\tutorial2\\app\\api\\reports"
2026-01-16T09:32:07.773959Z  INFO get_files:scan_sources: tailwindcss_oxide::scanner: Discovering "C:\\xampp\\htdocs\\tutorial2\\app\\api\\reports\\generate"
2026-01-16T09:32:07.774081Z  INFO get_files:scan_sources: tailwindcss_oxide::scanner: Discovering "C:\\xampp\\htdocs\\tutorial2\\app\\api\\reports\\send-email"
2026-01-16T09:32:07.774224Z  INFO get_files:scan_sources: tailwindcss_oxide::scanner: Discovering "C:\\xampp\\htdocs\\tutorial2\\app\\api\\send-approval-email"
2026-01-16T09:32:07.774349Z  INFO get_files:scan_sources: tailwindcss_oxide::scanner: Discovering "C:\\xampp\\htdocs\\tutorial2\\app\\api\\settings"
2026-01-16T09:32:07.774472Z  INFO get_files:scan_sources: tailwindcss_oxide::scanner: Discovering "C:\\xampp\\htdocs\\tutorial2\\app\\api\\setup"
2026-01-16T09:32:07.774589Z  INFO get_files:scan_sources: tailwindcss_oxide::scanner: Discovering "C:\\xampp\\htdocs\\tutorial2\\app\\api\\setup\\ensure-admin"
2026-01-16T09:32:07.774735Z  INFO get_files:scan_sources: tailwindcss_oxide::scanner: Discovering "C:\\xampp\\htdocs\\tutorial2\\app\\api\\test-events"
2026-01-16T09:32:07.774855Z  INFO get_files:scan_sources: tailwindcss_oxide::scanner: Discovering "C:\\xampp\\htdocs\\tutorial2\\app\\api\\user"
2026-01-16T09:32:07.774970Z  INFO get_files:scan_sources: tailwindcss_oxide::scanner: Discovering "C:\\xampp\\htdocs\\tutorial2\\app\\api\\user\\profile"
2026-01-16T09:32:07.775129Z  INFO get_files:scan_sources: tailwindcss_oxide::scanner: Discovering "C:\\xampp\\htdocs\\tutorial2\\app\\auth"
2026-01-16T09:32:07.775247Z  INFO get_files:scan_sources: tailwindcss_oxide::scanner: Discovering "C:\\xampp\\htdocs\\tutorial2\\app\\auth\\forgot-password"
2026-01-16T09:32:07.775403Z  INFO get_files:scan_sources: tailwindcss_oxide::scanner: Discovering "C:\\xampp\\htdocs\\tutorial2\\app\\auth\\login"
2026-01-16T09:32:07.775524Z  INFO get_files:scan_sources: tailwindcss_oxide::scanner: Discovering "C:\\xampp\\htdocs\\tutorial2\\app\\auth\\pending-approval"
2026-01-16T09:32:07.775641Z  INFO get_files:scan_sources: tailwindcss_oxide::scanner: Discovering "C:\\xampp\\htdocs\\tutorial2\\app\\auth\\register"
2026-01-16T09:32:07.775767Z  INFO get_files:scan_sources: tailwindcss_oxide::scanner: Discovering "C:\\xampp\\htdocs\\tutorial2\\app\\components"
2026-01-16T09:32:07.775906Z  INFO get_files:scan_sources: tailwindcss_oxide::scanner: Discovering "C:\\xampp\\htdocs\\tutorial2\\app\\contact"
2026-01-16T09:32:07.776024Z  INFO get_files:scan_sources: tailwindcss_oxide::scanner: Discovering "C:\\xampp\\htdocs\\tutorial2\\app\\dashboard"
2026-01-16T09:32:07.776116Z  INFO get_files:scan_sources: tailwindcss_oxide::scanner: Discovering "C:\\xampp\\htdocs\\tutorial2\\app\\dashboard\\complete-profile"
2026-01-16T09:32:07.776240Z  INFO get_files:scan_sources: tailwindcss_oxide::scanner: Discovering "C:\\xampp\\htdocs\\tutorial2\\app\\dashboard\\events"
2026-01-16T09:32:07.776381Z  INFO get_files:scan_sources: tailwindcss_oxide::scanner: Discovering "C:\\xampp\\htdocs\\tutorial2\\app\\dashboard\\membership-card"
2026-01-16T09:32:07.776530Z  INFO get_files:scan_sources: tailwindcss_oxide::scanner: Discovering "C:\\xampp\\htdocs\\tutorial2\\app\\dashboard\\messages"
2026-01-16T09:32:07.776649Z  INFO get_files:scan_sources: tailwindcss_oxide::scanner: Discovering "C:\\xampp\\htdocs\\tutorial2\\app\\dashboard\\news"
2026-01-16T09:32:07.776778Z  INFO get_files:scan_sources: tailwindcss_oxide::scanner: Discovering "C:\\xampp\\htdocs\\tutorial2\\app\\dashboard\\payment"
2026-01-16T09:32:07.776894Z  INFO get_files:scan_sources: tailwindcss_oxide::scanner: Discovering "C:\\xampp\\htdocs\\tutorial2\\app\\dashboard\\payment\\callback"
2026-01-16T09:32:07.777029Z  INFO get_files:scan_sources: tailwindcss_oxide::scanner: Discovering "C:\\xampp\\htdocs\\tutorial2\\app\\dashboard\\payment\\success"
2026-01-16T09:32:07.777160Z  INFO get_files:scan_sources: tailwindcss_oxide::scanner: Discovering "C:\\xampp\\htdocs\\tutorial2\\app\\dashboard\\profile"
2026-01-16T09:32:07.777276Z  INFO get_files:scan_sources: tailwindcss_oxide::scanner: Discovering "C:\\xampp\\htdocs\\tutorial2\\app\\dashboard\\subscribe"
2026-01-16T09:32:07.777425Z  INFO get_files:scan_sources: tailwindcss_oxide::scanner: Discovering "C:\\xampp\\htdocs\\tutorial2\\app\\fix-auth"
2026-01-16T09:32:07.777653Z  INFO get_files:scan_sources: tailwindcss_oxide::scanner: Discovering "C:\\xampp\\htdocs\\tutorial2\\app\\schemas"
2026-01-16T09:32:07.777798Z  INFO get_files:scan_sources: tailwindcss_oxide::scanner: Discovering "C:\\xampp\\htdocs\\tutorial2\\app\\scripts"
2026-01-16T09:32:07.777917Z  INFO get_files:scan_sources: tailwindcss_oxide::scanner: Discovering "C:\\xampp\\htdocs\\tutorial2\\app\\unauthorized"
2026-01-16T09:32:07.778324Z  INFO get_files:scan_sources: tailwindcss_oxide::scanner: Discovering "C:\\xampp\\htdocs\\tutorial2\\components"
2026-01-16T09:32:07.778420Z  INFO get_files:scan_sources: tailwindcss_oxide::scanner: Discovering "C:\\xampp\\htdocs\\tutorial2\\components\\admin"
2026-01-16T09:32:07.778593Z  INFO get_files:scan_sources: tailwindcss_oxide::scanner: Discovering "C:\\xampp\\htdocs\\tutorial2\\components\\dashboard"
2026-01-16T09:32:07.778815Z  INFO get_files:scan_sources: tailwindcss_oxide::scanner: Discovering "C:\\xampp\\htdocs\\tutorial2\\components\\ui"
2026-01-16T09:32:07.779111Z  INFO get_files:scan_sources: tailwindcss_oxide::scanner: Discovering "C:\\xampp\\htdocs\\tutorial2\\components\\web"
2026-01-16T09:32:07.779658Z  INFO get_files:scan_sources: tailwindcss_oxide::scanner: Discovering "C:\\xampp\\htdocs\\tutorial2\\contexts"
2026-01-16T09:32:07.780073Z  INFO get_files:scan_sources: tailwindcss_oxide::scanner: Discovering "C:\\xampp\\htdocs\\tutorial2\\convex"
2026-01-16T09:32:07.780332Z  INFO get_files:scan_sources: tailwindcss_oxide::scanner: Discovering "C:\\xampp\\htdocs\\tutorial2\\convex\\_generated"
2026-01-16T09:32:07.781135Z  INFO get_files:scan_sources: tailwindcss_oxide::scanner: Discovering "C:\\xampp\\htdocs\\tutorial2\\database"
2026-01-16T09:32:07.782387Z  INFO get_files:scan_sources: tailwindcss_oxide::scanner: Discovering "C:\\xampp\\htdocs\\tutorial2\\deploy-minimal"
2026-01-16T09:32:07.782850Z  INFO get_files:scan_sources: tailwindcss_oxide::scanner: Discovering "C:\\xampp\\htdocs\\tutorial2\\deploy-simple"
2026-01-16T09:32:07.783312Z  INFO get_files:scan_sources: tailwindcss_oxide::scanner: Discovering "C:\\xampp\\htdocs\\tutorial2\\deploy-temp"
2026-01-16T09:32:07.784491Z  INFO get_files:scan_sources: tailwindcss_oxide::scanner: Discovering "C:\\xampp\\htdocs\\tutorial2\\lib"
2026-01-16T09:32:07.785610Z  INFO get_files:scan_sources: tailwindcss_oxide::scanner: Discovering "C:\\xampp\\htdocs\\tutorial2\\migrations"
2026-01-16T09:32:07.787009Z  INFO get_files:scan_sources: tailwindcss_oxide::scanner: Discovering "C:\\xampp\\htdocs\\tutorial2\\public"
2026-01-16T09:32:07.787227Z  INFO get_files:scan_sources: tailwindcss_oxide::scanner: Discovering "C:\\xampp\\htdocs\\tutorial2\\public\\uploads"
2026-01-16T09:32:07.787330Z  INFO get_files:scan_sources: tailwindcss_oxide::scanner: Discovering "C:\\xampp\\htdocs\\tutorial2\\public\\uploads\\documents"
2026-01-16T09:32:07.787462Z  INFO get_files:scan_sources: tailwindcss_oxide::scanner: Discovering "C:\\xampp\\htdocs\\tutorial2\\public\\uploads\\profile-pictures"
2026-01-16T09:32:07.787873Z  INFO get_files:scan_sources: tailwindcss_oxide::scanner: Discovering "C:\\xampp\\htdocs\\tutorial2\\scripts"
2026-01-16T09:32:07.788908Z  INFO get_files:scan_sources: tailwindcss_oxide::scanner: Discovering "C:\\xampp\\htdocs\\tutorial2\\types"
2026-01-16T09:32:07.789207Z  INFO get_files:scan_sources: tailwindcss_oxide::scanner: exit
2026-01-16T09:32:07.789375Z  INFO get_files: tailwindcss_oxide::scanner: exit
2026-01-16T09:32:07.789688Z  INFO get_globs: tailwindcss_oxide::scanner: enter
2026-01-16T09:32:07.789697Z  INFO get_globs: tailwindcss_oxide::scanner: exit
2026-01-16T09:32:23.235755Z  INFO scan_sources: tailwindcss_oxide::scanner: enter
2026-01-16T09:32:23.254451Z  INFO scan_sources: tailwindcss_oxide::scanner: Discovering "C:\\xampp\\htdocs\\tutorial2\\.windsurf"
2026-01-16T09:32:23.254771Z  INFO scan_sources: tailwindcss_oxide::scanner: Discovering "C:\\xampp\\htdocs\\tutorial2\\.windsurf\\workflows"
2026-01-16T09:32:23.263658Z  INFO scan_sources: tailwindcss_oxide::scanner: Discovering "C:\\xampp\\htdocs\\tutorial2\\api"
2026-01-16T09:32:23.264043Z  INFO scan_sources: tailwindcss_oxide::scanner: Discovering "C:\\xampp\\htdocs\\tutorial2\\api\\auth"
2026-01-16T09:32:23.264658Z  INFO scan_sources: tailwindcss_oxide::scanner: Discovering "C:\\xampp\\htdocs\\tutorial2\\app"
2026-01-16T09:32:23.267172Z  INFO scan_sources: tailwindcss_oxide::scanner: Discovering "C:\\xampp\\htdocs\\tutorial2\\app\\(layout)"
2026-01-16T09:32:23.267593Z  INFO scan_sources: tailwindcss_oxide::scanner: Discovering "C:\\xampp\\htdocs\\tutorial2\\app\\(shared-layout)"
2026-01-16T09:32:23.268114Z  INFO scan_sources: tailwindcss_oxide::scanner: Discovering "C:\\xampp\\htdocs\\tutorial2\\app\\about"
2026-01-16T09:32:23.268469Z  INFO scan_sources: tailwindcss_oxide::scanner: Discovering "C:\\xampp\\htdocs\\tutorial2\\app\\about-us"
2026-01-16T09:32:23.268799Z  INFO scan_sources: tailwindcss_oxide::scanner: Discovering "C:\\xampp\\htdocs\\tutorial2\\app\\admin"
2026-01-16T09:32:23.272635Z  INFO scan_sources: tailwindcss_oxide::scanner: Discovering "C:\\xampp\\htdocs\\tutorial2\\app\\admin\\cards"
2026-01-16T09:32:23.273657Z  INFO scan_sources: tailwindcss_oxide::scanner: Discovering "C:\\xampp\\htdocs\\tutorial2\\app\\admin\\content"
2026-01-16T09:32:23.277446Z  INFO scan_sources: tailwindcss_oxide::scanner: Discovering "C:\\xampp\\htdocs\\tutorial2\\app\\admin\\content\\about"
2026-01-16T09:32:23.278050Z  INFO scan_sources: tailwindcss_oxide::scanner: Discovering "C:\\xampp\\htdocs\\tutorial2\\app\\admin\\content\\contact"
2026-01-16T09:32:23.278501Z  INFO scan_sources: tailwindcss_oxide::scanner: Discovering "C:\\xampp\\htdocs\\tutorial2\\app\\admin\\content\\home"
2026-01-16T09:32:23.278984Z  INFO scan_sources: tailwindcss_oxide::scanner: Discovering "C:\\xampp\\htdocs\\tutorial2\\app\\admin\\dashboard"
2026-01-16T09:32:23.279419Z  INFO scan_sources: tailwindcss_oxide::scanner: Discovering "C:\\xampp\\htdocs\\tutorial2\\app\\admin\\events"
2026-01-16T09:32:23.280709Z  INFO scan_sources: tailwindcss_oxide::scanner: Discovering "C:\\xampp\\htdocs\\tutorial2\\app\\admin\\events\\[id]"
2026-01-16T09:32:23.281077Z  INFO scan_sources: tailwindcss_oxide::scanner: Discovering "C:\\xampp\\htdocs\\tutorial2\\app\\admin\\events\\[id]\\registrations"
2026-01-16T09:32:23.281576Z  INFO scan_sources: tailwindcss_oxide::scanner: Discovering "C:\\xampp\\htdocs\\tutorial2\\app\\admin\\membership"
2026-01-16T09:32:23.281934Z  INFO scan_sources: tailwindcss_oxide::scanner: Discovering "C:\\xampp\\htdocs\\tutorial2\\app\\admin\\news"
2026-01-16T09:32:23.282866Z  INFO scan_sources: tailwindcss_oxide::scanner: Discovering "C:\\xampp\\htdocs\\tutorial2\\app\\admin\\payment"
2026-01-16T09:32:23.283393Z  INFO scan_sources: tailwindcss_oxide::scanner: Discovering "C:\\xampp\\htdocs\\tutorial2\\app\\admin\\payments"
2026-01-16T09:32:23.283777Z  INFO scan_sources: tailwindcss_oxide::scanner: Discovering "C:\\xampp\\htdocs\\tutorial2\\app\\admin\\reports"
2026-01-16T09:32:23.284152Z  INFO scan_sources: tailwindcss_oxide::scanner: Discovering "C:\\xampp\\htdocs\\tutorial2\\app\\admin\\requests"
2026-01-16T09:32:23.285138Z  INFO scan_sources: tailwindcss_oxide::scanner: Discovering "C:\\xampp\\htdocs\\tutorial2\\app\\admin\\users"
2026-01-16T09:32:23.285537Z  INFO scan_sources: tailwindcss_oxide::scanner: Discovering "C:\\xampp\\htdocs\\tutorial2\\app\\admin\\users\\[id]"
2026-01-16T09:32:23.289175Z  INFO scan_sources: tailwindcss_oxide::scanner: Discovering "C:\\xampp\\htdocs\\tutorial2\\app\\api"
2026-01-16T09:32:23.289774Z  INFO scan_sources: tailwindcss_oxide::scanner: Discovering "C:\\xampp\\htdocs\\tutorial2\\app\\api\\about-content"
2026-01-16T09:32:23.290270Z  INFO scan_sources: tailwindcss_oxide::scanner: Discovering "C:\\xampp\\htdocs\\tutorial2\\app\\api\\admin"
2026-01-16T09:32:23.290630Z  INFO scan_sources: tailwindcss_oxide::scanner: Discovering "C:\\xampp\\htdocs\\tutorial2\\app\\api\\admin\\approve-member"
2026-01-16T09:32:23.291003Z  INFO scan_sources: tailwindcss_oxide::scanner: Discovering "C:\\xampp\\htdocs\\tutorial2\\app\\api\\admin\\cards"
2026-01-16T09:32:23.291362Z  INFO scan_sources: tailwindcss_oxide::scanner: Discovering "C:\\xampp\\htdocs\\tutorial2\\app\\api\\admin\\content"
2026-01-16T09:32:23.292894Z  INFO scan_sources: tailwindcss_oxide::scanner: Discovering "C:\\xampp\\htdocs\\tutorial2\\app\\api\\admin\\content\\about"
2026-01-16T09:32:23.293835Z  INFO scan_sources: tailwindcss_oxide::scanner: Discovering "C:\\xampp\\htdocs\\tutorial2\\app\\api\\admin\\content\\about\\[id]"
2026-01-16T09:32:23.294317Z  INFO scan_sources: tailwindcss_oxide::scanner: Discovering "C:\\xampp\\htdocs\\tutorial2\\app\\api\\admin\\content\\contact"
2026-01-16T09:32:23.294733Z  INFO scan_sources: tailwindcss_oxide::scanner: Discovering "C:\\xampp\\htdocs\\tutorial2\\app\\api\\admin\\content\\contact\\[id]"
2026-01-16T09:32:23.295173Z  INFO scan_sources: tailwindcss_oxide::scanner: Discovering "C:\\xampp\\htdocs\\tutorial2\\app\\api\\admin\\content\\footer"
2026-01-16T09:32:23.295560Z  INFO scan_sources: tailwindcss_oxide::scanner: Discovering "C:\\xampp\\htdocs\\tutorial2\\app\\api\\admin\\content\\home"
2026-01-16T09:32:23.297699Z  INFO scan_sources: tailwindcss_oxide::scanner: Discovering "C:\\xampp\\htdocs\\tutorial2\\app\\api\\admin\\content\\home\\[id]"
2026-01-16T09:32:23.298113Z  INFO scan_sources: tailwindcss_oxide::scanner: Discovering "C:\\xampp\\htdocs\\tutorial2\\app\\api\\admin\\content\\media"
2026-01-16T09:32:23.298466Z  INFO scan_sources: tailwindcss_oxide::scanner: Discovering "C:\\xampp\\htdocs\\tutorial2\\app\\api\\admin\\content\\navigation"
2026-01-16T09:32:23.298857Z  INFO scan_sources: tailwindcss_oxide::scanner: Discovering "C:\\xampp\\htdocs\\tutorial2\\app\\api\\admin\\content\\pages"
2026-01-16T09:32:23.299231Z  INFO scan_sources: tailwindcss_oxide::scanner: Discovering "C:\\xampp\\htdocs\\tutorial2\\app\\api\\admin\\content\\pages\\[id]"
2026-01-16T09:32:23.299629Z  INFO scan_sources: tailwindcss_oxide::scanner: Discovering "C:\\xampp\\htdocs\\tutorial2\\app\\api\\admin\\content\\settings"
2026-01-16T09:32:23.300034Z  INFO scan_sources: tailwindcss_oxide::scanner: Discovering "C:\\xampp\\htdocs\\tutorial2\\app\\api\\admin\\create-admin"
2026-01-16T09:32:23.300397Z  INFO scan_sources: tailwindcss_oxide::scanner: Discovering "C:\\xampp\\htdocs\\tutorial2\\app\\api\\admin\\deleted-users"
2026-01-16T09:32:23.300985Z  INFO scan_sources: tailwindcss_oxide::scanner: Discovering "C:\\xampp\\htdocs\\tutorial2\\app\\api\\admin\\events"
2026-01-16T09:32:23.301521Z  INFO scan_sources: tailwindcss_oxide::scanner: Discovering "C:\\xampp\\htdocs\\tutorial2\\app\\api\\admin\\events\\[id]"
2026-01-16T09:32:23.303146Z  INFO scan_sources: tailwindcss_oxide::scanner: Discovering "C:\\xampp\\htdocs\\tutorial2\\app\\api\\admin\\events\\[id]\\registrations"
2026-01-16T09:32:23.306744Z  INFO scan_sources: tailwindcss_oxide::scanner: Discovering "C:\\xampp\\htdocs\\tutorial2\\app\\api\\admin\\fix-admin"
2026-01-16T09:32:23.308255Z  INFO scan_sources: tailwindcss_oxide::scanner: Discovering "C:\\xampp\\htdocs\\tutorial2\\app\\api\\admin\\membership"
2026-01-16T09:32:23.308700Z  INFO scan_sources: tailwindcss_oxide::scanner: Discovering "C:\\xampp\\htdocs\\tutorial2\\app\\api\\admin\\membership\\cycles"
2026-01-16T09:32:23.310850Z  INFO scan_sources: tailwindcss_oxide::scanner: Discovering "C:\\xampp\\htdocs\\tutorial2\\app\\api\\admin\\membership\\settings"
2026-01-16T09:32:23.311299Z  INFO scan_sources: tailwindcss_oxide::scanner: Discovering "C:\\xampp\\htdocs\\tutorial2\\app\\api\\admin\\membership\\types"
2026-01-16T09:32:23.311767Z  INFO scan_sources: tailwindcss_oxide::scanner: Discovering "C:\\xampp\\htdocs\\tutorial2\\app\\api\\admin\\news"
2026-01-16T09:32:23.312131Z  INFO scan_sources: tailwindcss_oxide::scanner: Discovering "C:\\xampp\\htdocs\\tutorial2\\app\\api\\admin\\payment"
2026-01-16T09:32:23.312483Z  INFO scan_sources: tailwindcss_oxide::scanner: Discovering "C:\\xampp\\htdocs\\tutorial2\\app\\api\\admin\\payments"
2026-01-16T09:32:23.313742Z  INFO scan_sources: tailwindcss_oxide::scanner: Discovering "C:\\xampp\\htdocs\\tutorial2\\app\\api\\admin\\payments\\list"
2026-01-16T09:32:23.314194Z  INFO scan_sources: tailwindcss_oxide::scanner: Discovering "C:\\xampp\\htdocs\\tutorial2\\app\\api\\admin\\payments\\list\\export"
2026-01-16T09:32:23.316163Z  INFO scan_sources: tailwindcss_oxide::scanner: Discovering "C:\\xampp\\htdocs\\tutorial2\\app\\api\\admin\\payments\\[id]"
2026-01-16T09:32:23.320298Z  INFO scan_sources: tailwindcss_oxide::scanner: Discovering "C:\\xampp\\htdocs\\tutorial2\\app\\api\\admin\\payments\\[id]\\refund"
2026-01-16T09:32:23.320906Z  INFO scan_sources: tailwindcss_oxide::scanner: Discovering "C:\\xampp\\htdocs\\tutorial2\\app\\api\\admin\\reject-member"
2026-01-16T09:32:23.321323Z  INFO scan_sources: tailwindcss_oxide::scanner: Discovering "C:\\xampp\\htdocs\\tutorial2\\app\\api\\admin\\report"
2026-01-16T09:32:23.321697Z  INFO scan_sources: tailwindcss_oxide::scanner: Discovering "C:\\xampp\\htdocs\\tutorial2\\app\\api\\admin\\reports"
2026-01-16T09:32:23.323700Z  INFO scan_sources: tailwindcss_oxide::scanner: Discovering "C:\\xampp\\htdocs\\tutorial2\\app\\api\\admin\\reports\\generate"
2026-01-16T09:32:23.324312Z  INFO scan_sources: tailwindcss_oxide::scanner: Discovering "C:\\xampp\\htdocs\\tutorial2\\app\\api\\admin\\reset-admin"
2026-01-16T09:32:23.324904Z  INFO scan_sources: tailwindcss_oxide::scanner: Discovering "C:\\xampp\\htdocs\\tutorial2\\app\\api\\admin\\users"
2026-01-16T09:32:23.325198Z  INFO scan_sources: tailwindcss_oxide::scanner: Discovering "C:\\xampp\\htdocs\\tutorial2\\app\\api\\admin\\users\\restore"
2026-01-16T09:32:23.325644Z  INFO scan_sources: tailwindcss_oxide::scanner: Discovering "C:\\xampp\\htdocs\\tutorial2\\app\\api\\admin\\users\\[id]"
2026-01-16T09:32:23.325932Z  INFO scan_sources: tailwindcss_oxide::scanner: Discovering "C:\\xampp\\htdocs\\tutorial2\\app\\api\\admin\\users\\[id]\\approve"
2026-01-16T09:32:23.326305Z  INFO scan_sources: tailwindcss_oxide::scanner: Discovering "C:\\xampp\\htdocs\\tutorial2\\app\\api\\admin\\users\\[id]\\details"
2026-01-16T09:32:23.328008Z  INFO scan_sources: tailwindcss_oxide::scanner: Discovering "C:\\xampp\\htdocs\\tutorial2\\app\\api\\admin\\users\\[id]\\membership-status"
2026-01-16T09:32:23.328491Z  INFO scan_sources: tailwindcss_oxide::scanner: Discovering "C:\\xampp\\htdocs\\tutorial2\\app\\api\\admin\\users\\[id]\\password"
2026-01-16T09:32:23.328868Z  INFO scan_sources: tailwindcss_oxide::scanner: Discovering "C:\\xampp\\htdocs\\tutorial2\\app\\api\\admin\\users\\[id]\\reject"
2026-01-16T09:32:23.329388Z  INFO scan_sources: tailwindcss_oxide::scanner: Discovering "C:\\xampp\\htdocs\\tutorial2\\app\\api\\auth"
2026-01-16T09:32:23.330298Z  INFO scan_sources: tailwindcss_oxide::scanner: Discovering "C:\\xampp\\htdocs\\tutorial2\\app\\api\\auth\\forgot-password"
2026-01-16T09:32:23.333976Z  INFO scan_sources: tailwindcss_oxide::scanner: Discovering "C:\\xampp\\htdocs\\tutorial2\\app\\api\\auth\\login"
2026-01-16T09:32:23.334501Z  INFO scan_sources: tailwindcss_oxide::scanner: Discovering "C:\\xampp\\htdocs\\tutorial2\\app\\api\\auth\\logout"
2026-01-16T09:32:23.334990Z  INFO scan_sources: tailwindcss_oxide::scanner: Discovering "C:\\xampp\\htdocs\\tutorial2\\app\\api\\auth\\me"
2026-01-16T09:32:23.337459Z  INFO scan_sources: tailwindcss_oxide::scanner: Discovering "C:\\xampp\\htdocs\\tutorial2\\app\\api\\auth\\membership-status"
2026-01-16T09:32:23.337864Z  INFO scan_sources: tailwindcss_oxide::scanner: Discovering "C:\\xampp\\htdocs\\tutorial2\\app\\api\\auth\\profile"
2026-01-16T09:32:23.338243Z  INFO scan_sources: tailwindcss_oxide::scanner: Discovering "C:\\xampp\\htdocs\\tutorial2\\app\\api\\auth\\refresh"
2026-01-16T09:32:23.338601Z  INFO scan_sources: tailwindcss_oxide::scanner: Discovering "C:\\xampp\\htdocs\\tutorial2\\app\\api\\auth\\register"
2026-01-16T09:32:23.338970Z  INFO scan_sources: tailwindcss_oxide::scanner: Discovering "C:\\xampp\\htdocs\\tutorial2\\app\\api\\auth\\[...nextauth]"
2026-01-16T09:32:23.339466Z  INFO scan_sources: tailwindcss_oxide::scanner: Discovering "C:\\xampp\\htdocs\\tutorial2\\app\\api\\contact-content"
2026-01-16T09:32:23.339814Z  INFO scan_sources: tailwindcss_oxide::scanner: Discovering "C:\\xampp\\htdocs\\tutorial2\\app\\api\\debug"
2026-01-16T09:32:23.340069Z  INFO scan_sources: tailwindcss_oxide::scanner: Discovering "C:\\xampp\\htdocs\\tutorial2\\app\\api\\debug\\pricing"
2026-01-16T09:32:23.340405Z  INFO scan_sources: tailwindcss_oxide::scanner: Discovering "C:\\xampp\\htdocs\\tutorial2\\app\\api\\debug\\send-email"
2026-01-16T09:32:23.340716Z  INFO scan_sources: tailwindcss_oxide::scanner: Discovering "C:\\xampp\\htdocs\\tutorial2\\app\\api\\debug\\send-test-email"
2026-01-16T09:32:23.341063Z  INFO scan_sources: tailwindcss_oxide::scanner: Discovering "C:\\xampp\\htdocs\\tutorial2\\app\\api\\events"
2026-01-16T09:32:23.341344Z  INFO scan_sources: tailwindcss_oxide::scanner: Discovering "C:\\xampp\\htdocs\\tutorial2\\app\\api\\events\\[id]"
2026-01-16T09:32:23.341588Z  INFO scan_sources: tailwindcss_oxide::scanner: Discovering "C:\\xampp\\htdocs\\tutorial2\\app\\api\\events\\[id]\\register"
2026-01-16T09:32:23.341964Z  INFO scan_sources: tailwindcss_oxide::scanner: Discovering "C:\\xampp\\htdocs\\tutorial2\\app\\api\\fix-membership"
2026-01-16T09:32:23.342324Z  INFO scan_sources: tailwindcss_oxide::scanner: Discovering "C:\\xampp\\htdocs\\tutorial2\\app\\api\\home-content"
2026-01-16T09:32:23.342833Z  INFO scan_sources: tailwindcss_oxide::scanner: Discovering "C:\\xampp\\htdocs\\tutorial2\\app\\api\\membership"
2026-01-16T09:32:23.343084Z  INFO scan_sources: tailwindcss_oxide::scanner: Discovering "C:\\xampp\\htdocs\\tutorial2\\app\\api\\membership\\complete-payment"
2026-01-16T09:32:23.343494Z  INFO scan_sources: tailwindcss_oxide::scanner: Discovering "C:\\xampp\\htdocs\\tutorial2\\app\\api\\membership\\next-number"
2026-01-16T09:32:23.344119Z  INFO scan_sources: tailwindcss_oxide::scanner: Discovering "C:\\xampp\\htdocs\\tutorial2\\app\\api\\membership\\pay"
2026-01-16T09:32:23.344482Z  INFO scan_sources: tailwindcss_oxide::scanner: Discovering "C:\\xampp\\htdocs\\tutorial2\\app\\api\\membership\\pay-early"
2026-01-16T09:32:23.345106Z  INFO scan_sources: tailwindcss_oxide::scanner: Discovering "C:\\xampp\\htdocs\\tutorial2\\app\\api\\membership\\payment-status"
2026-01-16T09:32:23.345459Z  INFO scan_sources: tailwindcss_oxide::scanner: Discovering "C:\\xampp\\htdocs\\tutorial2\\app\\api\\membership\\payment-success"
2026-01-16T09:32:23.346238Z  INFO scan_sources: tailwindcss_oxide::scanner: Discovering "C:\\xampp\\htdocs\\tutorial2\\app\\api\\membership\\status"
2026-01-16T09:32:23.347463Z  INFO scan_sources: tailwindcss_oxide::scanner: Discovering "C:\\xampp\\htdocs\\tutorial2\\app\\api\\messages"
2026-01-16T09:32:23.348049Z  INFO scan_sources: tailwindcss_oxide::scanner: Discovering "C:\\xampp\\htdocs\\tutorial2\\app\\api\\messages\\reply"
2026-01-16T09:32:23.349168Z  INFO scan_sources: tailwindcss_oxide::scanner: Discovering "C:\\xampp\\htdocs\\tutorial2\\app\\api\\messages\\[id]"
2026-01-16T09:32:23.349460Z  INFO scan_sources: tailwindcss_oxide::scanner: Discovering "C:\\xampp\\htdocs\\tutorial2\\app\\api\\messages\\[id]\\read"
2026-01-16T09:32:23.350233Z  INFO scan_sources: tailwindcss_oxide::scanner: Discovering "C:\\xampp\\htdocs\\tutorial2\\app\\api\\news"
2026-01-16T09:32:23.350951Z  INFO scan_sources: tailwindcss_oxide::scanner: Discovering "C:\\xampp\\htdocs\\tutorial2\\app\\api\\payment"
2026-01-16T09:32:23.351295Z  INFO scan_sources: tailwindcss_oxide::scanner: Discovering "C:\\xampp\\htdocs\\tutorial2\\app\\api\\payment\\pesapal"
2026-01-16T09:32:23.351847Z  INFO scan_sources: tailwindcss_oxide::scanner: Discovering "C:\\xampp\\htdocs\\tutorial2\\app\\api\\payments"
2026-01-16T09:32:23.352197Z  INFO scan_sources: tailwindcss_oxide::scanner: Discovering "C:\\xampp\\htdocs\\tutorial2\\app\\api\\payments\\activate-test"
2026-01-16T09:32:23.352665Z  INFO scan_sources: tailwindcss_oxide::scanner: Discovering "C:\\xampp\\htdocs\\tutorial2\\app\\api\\payments\\azampay"
2026-01-16T09:32:23.352965Z  INFO scan_sources: tailwindcss_oxide::scanner: Discovering "C:\\xampp\\htdocs\\tutorial2\\app\\api\\payments\\azampay\\callback"
2026-01-16T09:32:23.353372Z  INFO scan_sources: tailwindcss_oxide::scanner: Discovering "C:\\xampp\\htdocs\\tutorial2\\app\\api\\payments\\azampay\\checkout"
2026-01-16T09:32:23.353801Z  INFO scan_sources: tailwindcss_oxide::scanner: Discovering "C:\\xampp\\htdocs\\tutorial2\\app\\api\\payments\\cleanup"
2026-01-16T09:32:23.354201Z  INFO scan_sources: tailwindcss_oxide::scanner: Discovering "C:\\xampp\\htdocs\\tutorial2\\app\\api\\payments\\complete"
2026-01-16T09:32:23.354644Z  INFO scan_sources: tailwindcss_oxide::scanner: Discovering "C:\\xampp\\htdocs\\tutorial2\\app\\api\\payments\\mobile-money"
2026-01-16T09:32:23.354996Z  INFO scan_sources: tailwindcss_oxide::scanner: Discovering "C:\\xampp\\htdocs\\tutorial2\\app\\api\\payments\\payment-status"
2026-01-16T09:32:23.355329Z  INFO scan_sources: tailwindcss_oxide::scanner: Discovering "C:\\xampp\\htdocs\\tutorial2\\app\\api\\payments\\process"
2026-01-16T09:32:23.355705Z  INFO scan_sources: tailwindcss_oxide::scanner: Discovering "C:\\xampp\\htdocs\\tutorial2\\app\\api\\reports"
2026-01-16T09:32:23.355948Z  INFO scan_sources: tailwindcss_oxide::scanner: Discovering "C:\\xampp\\htdocs\\tutorial2\\app\\api\\reports\\generate"
2026-01-16T09:32:23.356274Z  INFO scan_sources: tailwindcss_oxide::scanner: Discovering "C:\\xampp\\htdocs\\tutorial2\\app\\api\\reports\\send-email"
2026-01-16T09:32:23.356734Z  INFO scan_sources: tailwindcss_oxide::scanner: Discovering "C:\\xampp\\htdocs\\tutorial2\\app\\api\\send-approval-email"
2026-01-16T09:32:23.357103Z  INFO scan_sources: tailwindcss_oxide::scanner: Discovering "C:\\xampp\\htdocs\\tutorial2\\app\\api\\settings"
2026-01-16T09:32:23.357462Z  INFO scan_sources: tailwindcss_oxide::scanner: Discovering "C:\\xampp\\htdocs\\tutorial2\\app\\api\\setup"
2026-01-16T09:32:23.357735Z  INFO scan_sources: tailwindcss_oxide::scanner: Discovering "C:\\xampp\\htdocs\\tutorial2\\app\\api\\setup\\ensure-admin"
2026-01-16T09:32:23.358097Z  INFO scan_sources: tailwindcss_oxide::scanner: Discovering "C:\\xampp\\htdocs\\tutorial2\\app\\api\\test-events"
2026-01-16T09:32:23.358419Z  INFO scan_sources: tailwindcss_oxide::scanner: Discovering "C:\\xampp\\htdocs\\tutorial2\\app\\api\\user"
2026-01-16T09:32:23.358644Z  INFO scan_sources: tailwindcss_oxide::scanner: Discovering "C:\\xampp\\htdocs\\tutorial2\\app\\api\\user\\profile"
2026-01-16T09:32:23.358997Z  INFO scan_sources: tailwindcss_oxide::scanner: Discovering "C:\\xampp\\htdocs\\tutorial2\\app\\auth"
2026-01-16T09:32:23.359241Z  INFO scan_sources: tailwindcss_oxide::scanner: Discovering "C:\\xampp\\htdocs\\tutorial2\\app\\auth\\forgot-password"
2026-01-16T09:32:23.359571Z  INFO scan_sources: tailwindcss_oxide::scanner: Discovering "C:\\xampp\\htdocs\\tutorial2\\app\\auth\\login"
2026-01-16T09:32:23.359867Z  INFO scan_sources: tailwindcss_oxide::scanner: Discovering "C:\\xampp\\htdocs\\tutorial2\\app\\auth\\pending-approval"
2026-01-16T09:32:23.360150Z  INFO scan_sources: tailwindcss_oxide::scanner: Discovering "C:\\xampp\\htdocs\\tutorial2\\app\\auth\\register"
2026-01-16T09:32:23.360492Z  INFO scan_sources: tailwindcss_oxide::scanner: Discovering "C:\\xampp\\htdocs\\tutorial2\\app\\components"
2026-01-16T09:32:23.360820Z  INFO scan_sources: tailwindcss_oxide::scanner: Discovering "C:\\xampp\\htdocs\\tutorial2\\app\\contact"
2026-01-16T09:32:23.361102Z  INFO scan_sources: tailwindcss_oxide::scanner: Discovering "C:\\xampp\\htdocs\\tutorial2\\app\\dashboard"
2026-01-16T09:32:23.361322Z  INFO scan_sources: tailwindcss_oxide::scanner: Discovering "C:\\xampp\\htdocs\\tutorial2\\app\\dashboard\\complete-profile"
2026-01-16T09:32:23.361603Z  INFO scan_sources: tailwindcss_oxide::scanner: Discovering "C:\\xampp\\htdocs\\tutorial2\\app\\dashboard\\events"
2026-01-16T09:32:23.361768Z  INFO scan_sources: tailwindcss_oxide::scanner: Discovering "C:\\xampp\\htdocs\\tutorial2\\app\\dashboard\\events\\page.tsx"
2026-01-16T09:32:23.361970Z  INFO scan_sources: tailwindcss_oxide::scanner: Discovering "C:\\xampp\\htdocs\\tutorial2\\app\\dashboard\\membership-card"
2026-01-16T09:32:23.362317Z  INFO scan_sources: tailwindcss_oxide::scanner: Discovering "C:\\xampp\\htdocs\\tutorial2\\app\\dashboard\\messages"
2026-01-16T09:32:23.362646Z  INFO scan_sources: tailwindcss_oxide::scanner: Discovering "C:\\xampp\\htdocs\\tutorial2\\app\\dashboard\\news"
2026-01-16T09:32:23.363297Z  INFO scan_sources: tailwindcss_oxide::scanner: Discovering "C:\\xampp\\htdocs\\tutorial2\\app\\dashboard\\payment"
2026-01-16T09:32:23.364205Z  INFO scan_sources: tailwindcss_oxide::scanner: Discovering "C:\\xampp\\htdocs\\tutorial2\\app\\dashboard\\payment\\callback"
2026-01-16T09:32:23.368671Z  INFO scan_sources: tailwindcss_oxide::scanner: Discovering "C:\\xampp\\htdocs\\tutorial2\\app\\dashboard\\payment\\success"
2026-01-16T09:32:23.369088Z  INFO scan_sources: tailwindcss_oxide::scanner: Discovering "C:\\xampp\\htdocs\\tutorial2\\app\\dashboard\\profile"
2026-01-16T09:32:23.369418Z  INFO scan_sources: tailwindcss_oxide::scanner: Discovering "C:\\xampp\\htdocs\\tutorial2\\app\\dashboard\\subscribe"
2026-01-16T09:32:23.369807Z  INFO scan_sources: tailwindcss_oxide::scanner: Discovering "C:\\xampp\\htdocs\\tutorial2\\app\\fix-auth"
2026-01-16T09:32:23.370377Z  INFO scan_sources: tailwindcss_oxide::scanner: Discovering "C:\\xampp\\htdocs\\tutorial2\\app\\schemas"
2026-01-16T09:32:23.370732Z  INFO scan_sources: tailwindcss_oxide::scanner: Discovering "C:\\xampp\\htdocs\\tutorial2\\app\\scripts"
2026-01-16T09:32:23.371112Z  INFO scan_sources: tailwindcss_oxide::scanner: Discovering "C:\\xampp\\htdocs\\tutorial2\\app\\unauthorized"
2026-01-16T09:32:23.372287Z  INFO scan_sources: tailwindcss_oxide::scanner: Discovering "C:\\xampp\\htdocs\\tutorial2\\components"
2026-01-16T09:32:23.372559Z  INFO scan_sources: tailwindcss_oxide::scanner: Discovering "C:\\xampp\\htdocs\\tutorial2\\components\\admin"
2026-01-16T09:32:23.373083Z  INFO scan_sources: tailwindcss_oxide::scanner: Discovering "C:\\xampp\\htdocs\\tutorial2\\components\\dashboard"
2026-01-16T09:32:23.373673Z  INFO scan_sources: tailwindcss_oxide::scanner: Discovering "C:\\xampp\\htdocs\\tutorial2\\components\\ui"
2026-01-16T09:32:23.374506Z  INFO scan_sources: tailwindcss_oxide::scanner: Discovering "C:\\xampp\\htdocs\\tutorial2\\components\\web"
2026-01-16T09:32:23.375021Z  INFO scan_sources: tailwindcss_oxide::scanner: Discovering "C:\\xampp\\htdocs\\tutorial2\\contexts"
2026-01-16T09:32:23.375319Z  INFO scan_sources: tailwindcss_oxide::scanner: Discovering "C:\\xampp\\htdocs\\tutorial2\\convex"
2026-01-16T09:32:23.375651Z  INFO scan_sources: tailwindcss_oxide::scanner: Discovering "C:\\xampp\\htdocs\\tutorial2\\convex\\_generated"
2026-01-16T09:32:23.376493Z  INFO scan_sources: tailwindcss_oxide::scanner: Discovering "C:\\xampp\\htdocs\\tutorial2\\database"
2026-01-16T09:32:23.377780Z  INFO scan_sources: tailwindcss_oxide::scanner: Discovering "C:\\xampp\\htdocs\\tutorial2\\deploy-minimal"
2026-01-16T09:32:23.378222Z  INFO scan_sources: tailwindcss_oxide::scanner: Discovering "C:\\xampp\\htdocs\\tutorial2\\deploy-simple"
2026-01-16T09:32:23.378641Z  INFO scan_sources: tailwindcss_oxide::scanner: Discovering "C:\\xampp\\htdocs\\tutorial2\\deploy-temp"
2026-01-16T09:32:23.381463Z  INFO scan_sources: tailwindcss_oxide::scanner: Discovering "C:\\xampp\\htdocs\\tutorial2\\lib"
2026-01-16T09:32:23.384487Z  INFO scan_sources: tailwindcss_oxide::scanner: Discovering "C:\\xampp\\htdocs\\tutorial2\\migrations"
2026-01-16T09:32:23.386175Z  INFO scan_sources: tailwindcss_oxide::scanner: Discovering "C:\\xampp\\htdocs\\tutorial2\\public"
2026-01-16T09:32:23.386620Z  INFO scan_sources: tailwindcss_oxide::scanner: Discovering "C:\\xampp\\htdocs\\tutorial2\\public\\uploads"
2026-01-16T09:32:23.386882Z  INFO scan_sources: tailwindcss_oxide::scanner: Discovering "C:\\xampp\\htdocs\\tutorial2\\public\\uploads\\documents"
2026-01-16T09:32:23.387216Z  INFO scan_sources: tailwindcss_oxide::scanner: Discovering "C:\\xampp\\htdocs\\tutorial2\\public\\uploads\\profile-pictures"
2026-01-16T09:32:23.388259Z  INFO scan_sources: tailwindcss_oxide::scanner: Discovering "C:\\xampp\\htdocs\\tutorial2\\scripts"
2026-01-16T09:32:23.390466Z  INFO scan_sources: tailwindcss_oxide::scanner: Discovering "C:\\xampp\\htdocs\\tutorial2\\types"
2026-01-16T09:32:23.391181Z  INFO scan_sources: tailwindcss_oxide::scanner: exit
2026-01-16T09:32:23.391213Z  INFO extract_candidates: tailwindcss_oxide::scanner: enter
2026-01-16T09:32:23.391222Z  INFO extract_candidates:read_all_files: tailwindcss_oxide::scanner: enter
2026-01-16T09:32:23.391229Z  INFO extract_candidates:read_all_files: tailwindcss_oxide::scanner: Reading 1 file(s)
2026-01-16T09:32:23.391388Z  INFO extract_candidates:read_all_files: tailwindcss_oxide::scanner: Reading "C:\\xampp\\htdocs\\tutorial2\\app\\dashboard\\events\\page.tsx"
2026-01-16T09:32:23.391414Z  INFO extract_candidates:read_all_files: tailwindcss_oxide::scanner: exit
2026-01-16T09:32:23.391424Z  INFO extract_candidates:parse_all_blobs: tailwindcss_oxide::scanner: enter
2026-01-16T09:32:23.391432Z  INFO extract_candidates:parse_all_blobs:extract: tailwindcss_oxide::scanner: enter
2026-01-16T09:32:23.391903Z  INFO extract_candidates:parse_all_blobs:extract: tailwindcss_oxide::scanner: exit
2026-01-16T09:32:23.391928Z  INFO extract_candidates:parse_all_blobs: tailwindcss_oxide::scanner: exit
2026-01-16T09:32:23.392017Z  INFO extract_candidates: tailwindcss_oxide::scanner: exit
2026-01-16T09:32:23.394574Z  INFO get_files: tailwindcss_oxide::scanner: enter
2026-01-16T09:32:23.394618Z  INFO get_files:scan_sources: tailwindcss_oxide::scanner: enter
2026-01-16T09:32:23.397334Z  INFO get_files:scan_sources: tailwindcss_oxide::scanner: Discovering "C:\\xampp\\htdocs\\tutorial2\\.windsurf"
2026-01-16T09:32:23.397561Z  INFO get_files:scan_sources: tailwindcss_oxide::scanner: Discovering "C:\\xampp\\htdocs\\tutorial2\\.windsurf\\workflows"
2026-01-16T09:32:23.398227Z  INFO get_files:scan_sources: tailwindcss_oxide::scanner: Discovering "C:\\xampp\\htdocs\\tutorial2\\api"
2026-01-16T09:32:23.398492Z  INFO get_files:scan_sources: tailwindcss_oxide::scanner: Discovering "C:\\xampp\\htdocs\\tutorial2\\api\\auth"
2026-01-16T09:32:23.399021Z  INFO get_files:scan_sources: tailwindcss_oxide::scanner: Discovering "C:\\xampp\\htdocs\\tutorial2\\app"
2026-01-16T09:32:23.399350Z  INFO get_files:scan_sources: tailwindcss_oxide::scanner: Discovering "C:\\xampp\\htdocs\\tutorial2\\app\\(layout)"
2026-01-16T09:32:23.399700Z  INFO get_files:scan_sources: tailwindcss_oxide::scanner: Discovering "C:\\xampp\\htdocs\\tutorial2\\app\\(shared-layout)"
2026-01-16T09:32:23.400065Z  INFO get_files:scan_sources: tailwindcss_oxide::scanner: Discovering "C:\\xampp\\htdocs\\tutorial2\\app\\about"
2026-01-16T09:32:23.400386Z  INFO get_files:scan_sources: tailwindcss_oxide::scanner: Discovering "C:\\xampp\\htdocs\\tutorial2\\app\\about-us"
2026-01-16T09:32:23.400834Z  INFO get_files:scan_sources: tailwindcss_oxide::scanner: Discovering "C:\\xampp\\htdocs\\tutorial2\\app\\admin"
2026-01-16T09:32:23.401175Z  INFO get_files:scan_sources: tailwindcss_oxide::scanner: Discovering "C:\\xampp\\htdocs\\tutorial2\\app\\admin\\cards"
2026-01-16T09:32:23.401790Z  INFO get_files:scan_sources: tailwindcss_oxide::scanner: Discovering "C:\\xampp\\htdocs\\tutorial2\\app\\admin\\content"
2026-01-16T09:32:23.402206Z  INFO get_files:scan_sources: tailwindcss_oxide::scanner: Discovering "C:\\xampp\\htdocs\\tutorial2\\app\\admin\\content\\about"
2026-01-16T09:32:23.402594Z  INFO get_files:scan_sources: tailwindcss_oxide::scanner: Discovering "C:\\xampp\\htdocs\\tutorial2\\app\\admin\\content\\contact"
2026-01-16T09:32:23.402957Z  INFO get_files:scan_sources: tailwindcss_oxide::scanner: Discovering "C:\\xampp\\htdocs\\tutorial2\\app\\admin\\content\\home"
2026-01-16T09:32:23.403478Z  INFO get_files:scan_sources: tailwindcss_oxide::scanner: Discovering "C:\\xampp\\htdocs\\tutorial2\\app\\admin\\dashboard"
2026-01-16T09:32:23.403885Z  INFO get_files:scan_sources: tailwindcss_oxide::scanner: Discovering "C:\\xampp\\htdocs\\tutorial2\\app\\admin\\events"
2026-01-16T09:32:23.404201Z  INFO get_files:scan_sources: tailwindcss_oxide::scanner: Discovering "C:\\xampp\\htdocs\\tutorial2\\app\\admin\\events\\[id]"
2026-01-16T09:32:23.404513Z  INFO get_files:scan_sources: tailwindcss_oxide::scanner: Discovering "C:\\xampp\\htdocs\\tutorial2\\app\\admin\\events\\[id]\\registrations"
2026-01-16T09:32:23.404953Z  INFO get_files:scan_sources: tailwindcss_oxide::scanner: Discovering "C:\\xampp\\htdocs\\tutorial2\\app\\admin\\membership"
2026-01-16T09:32:23.405324Z  INFO get_files:scan_sources: tailwindcss_oxide::scanner: Discovering "C:\\xampp\\htdocs\\tutorial2\\app\\admin\\news"
2026-01-16T09:32:23.405906Z  INFO get_files:scan_sources: tailwindcss_oxide::scanner: Discovering "C:\\xampp\\htdocs\\tutorial2\\app\\admin\\payment"
2026-01-16T09:32:23.406214Z  INFO get_files:scan_sources: tailwindcss_oxide::scanner: Discovering "C:\\xampp\\htdocs\\tutorial2\\app\\admin\\payments"
2026-01-16T09:32:23.406503Z  INFO get_files:scan_sources: tailwindcss_oxide::scanner: Discovering "C:\\xampp\\htdocs\\tutorial2\\app\\admin\\reports"
2026-01-16T09:32:23.406800Z  INFO get_files:scan_sources: tailwindcss_oxide::scanner: Discovering "C:\\xampp\\htdocs\\tutorial2\\app\\admin\\requests"
2026-01-16T09:32:23.407124Z  INFO get_files:scan_sources: tailwindcss_oxide::scanner: Discovering "C:\\xampp\\htdocs\\tutorial2\\app\\admin\\users"
2026-01-16T09:32:23.407425Z  INFO get_files:scan_sources: tailwindcss_oxide::scanner: Discovering "C:\\xampp\\htdocs\\tutorial2\\app\\admin\\users\\[id]"
2026-01-16T09:32:23.407770Z  INFO get_files:scan_sources: tailwindcss_oxide::scanner: Discovering "C:\\xampp\\htdocs\\tutorial2\\app\\api"
2026-01-16T09:32:23.407992Z  INFO get_files:scan_sources: tailwindcss_oxide::scanner: Discovering "C:\\xampp\\htdocs\\tutorial2\\app\\api\\about-content"
2026-01-16T09:32:23.408266Z  INFO get_files:scan_sources: tailwindcss_oxide::scanner: Discovering "C:\\xampp\\htdocs\\tutorial2\\app\\api\\admin"
2026-01-16T09:32:23.408483Z  INFO get_files:scan_sources: tailwindcss_oxide::scanner: Discovering "C:\\xampp\\htdocs\\tutorial2\\app\\api\\admin\\approve-member"
2026-01-16T09:32:23.408759Z  INFO get_files:scan_sources: tailwindcss_oxide::scanner: Discovering "C:\\xampp\\htdocs\\tutorial2\\app\\api\\admin\\cards"
2026-01-16T09:32:23.409033Z  INFO get_files:scan_sources: tailwindcss_oxide::scanner: Discovering "C:\\xampp\\htdocs\\tutorial2\\app\\api\\admin\\content"
2026-01-16T09:32:23.409251Z  INFO get_files:scan_sources: tailwindcss_oxide::scanner: Discovering "C:\\xampp\\htdocs\\tutorial2\\app\\api\\admin\\content\\about"
2026-01-16T09:32:23.409521Z  INFO get_files:scan_sources: tailwindcss_oxide::scanner: Discovering "C:\\xampp\\htdocs\\tutorial2\\app\\api\\admin\\content\\about\\[id]"
2026-01-16T09:32:23.409890Z  INFO get_files:scan_sources: tailwindcss_oxide::scanner: Discovering "C:\\xampp\\htdocs\\tutorial2\\app\\api\\admin\\content\\contact"
2026-01-16T09:32:23.410152Z  INFO get_files:scan_sources: tailwindcss_oxide::scanner: Discovering "C:\\xampp\\htdocs\\tutorial2\\app\\api\\admin\\content\\contact\\[id]"
2026-01-16T09:32:23.410644Z  INFO get_files:scan_sources: tailwindcss_oxide::scanner: Discovering "C:\\xampp\\htdocs\\tutorial2\\app\\api\\admin\\content\\footer"
2026-01-16T09:32:23.410959Z  INFO get_files:scan_sources: tailwindcss_oxide::scanner: Discovering "C:\\xampp\\htdocs\\tutorial2\\app\\api\\admin\\content\\home"
2026-01-16T09:32:23.411193Z  INFO get_files:scan_sources: tailwindcss_oxide::scanner: Discovering "C:\\xampp\\htdocs\\tutorial2\\app\\api\\admin\\content\\home\\[id]"
2026-01-16T09:32:23.411490Z  INFO get_files:scan_sources: tailwindcss_oxide::scanner: Discovering "C:\\xampp\\htdocs\\tutorial2\\app\\api\\admin\\content\\media"
2026-01-16T09:32:23.411778Z  INFO get_files:scan_sources: tailwindcss_oxide::scanner: Discovering "C:\\xampp\\htdocs\\tutorial2\\app\\api\\admin\\content\\navigation"
2026-01-16T09:32:23.412065Z  INFO get_files:scan_sources: tailwindcss_oxide::scanner: Discovering "C:\\xampp\\htdocs\\tutorial2\\app\\api\\admin\\content\\pages"
2026-01-16T09:32:23.412335Z  INFO get_files:scan_sources: tailwindcss_oxide::scanner: Discovering "C:\\xampp\\htdocs\\tutorial2\\app\\api\\admin\\content\\pages\\[id]"
2026-01-16T09:32:23.412683Z  INFO get_files:scan_sources: tailwindcss_oxide::scanner: Discovering "C:\\xampp\\htdocs\\tutorial2\\app\\api\\admin\\content\\settings"
2026-01-16T09:32:23.413487Z  INFO get_files:scan_sources: tailwindcss_oxide::scanner: Discovering "C:\\xampp\\htdocs\\tutorial2\\app\\api\\admin\\create-admin"
2026-01-16T09:32:23.414045Z  INFO get_files:scan_sources: tailwindcss_oxide::scanner: Discovering "C:\\xampp\\htdocs\\tutorial2\\app\\api\\admin\\deleted-users"
2026-01-16T09:32:23.414664Z  INFO get_files:scan_sources: tailwindcss_oxide::scanner: Discovering "C:\\xampp\\htdocs\\tutorial2\\app\\api\\admin\\events"
2026-01-16T09:32:23.415711Z  INFO get_files:scan_sources: tailwindcss_oxide::scanner: Discovering "C:\\xampp\\htdocs\\tutorial2\\app\\api\\admin\\events\\[id]"
2026-01-16T09:32:23.416132Z  INFO get_files:scan_sources: tailwindcss_oxide::scanner: Discovering "C:\\xampp\\htdocs\\tutorial2\\app\\api\\admin\\events\\[id]\\registrations"
2026-01-16T09:32:23.416752Z  INFO get_files:scan_sources: tailwindcss_oxide::scanner: Discovering "C:\\xampp\\htdocs\\tutorial2\\app\\api\\admin\\fix-admin"
2026-01-16T09:32:23.417115Z  INFO get_files:scan_sources: tailwindcss_oxide::scanner: Discovering "C:\\xampp\\htdocs\\tutorial2\\app\\api\\admin\\membership"
2026-01-16T09:32:23.417376Z  INFO get_files:scan_sources: tailwindcss_oxide::scanner: Discovering "C:\\xampp\\htdocs\\tutorial2\\app\\api\\admin\\membership\\cycles"
2026-01-16T09:32:23.417709Z  INFO get_files:scan_sources: tailwindcss_oxide::scanner: Discovering "C:\\xampp\\htdocs\\tutorial2\\app\\api\\admin\\membership\\settings"
2026-01-16T09:32:23.418046Z  INFO get_files:scan_sources: tailwindcss_oxide::scanner: Discovering "C:\\xampp\\htdocs\\tutorial2\\app\\api\\admin\\membership\\types"
2026-01-16T09:32:23.418395Z  INFO get_files:scan_sources: tailwindcss_oxide::scanner: Discovering "C:\\xampp\\htdocs\\tutorial2\\app\\api\\admin\\news"
2026-01-16T09:32:23.418719Z  INFO get_files:scan_sources: tailwindcss_oxide::scanner: Discovering "C:\\xampp\\htdocs\\tutorial2\\app\\api\\admin\\payment"
2026-01-16T09:32:23.419036Z  INFO get_files:scan_sources: tailwindcss_oxide::scanner: Discovering "C:\\xampp\\htdocs\\tutorial2\\app\\api\\admin\\payments"
2026-01-16T09:32:23.419280Z  INFO get_files:scan_sources: tailwindcss_oxide::scanner: Discovering "C:\\xampp\\htdocs\\tutorial2\\app\\api\\admin\\payments\\list"
2026-01-16T09:32:23.419513Z  INFO get_files:scan_sources: tailwindcss_oxide::scanner: Discovering "C:\\xampp\\htdocs\\tutorial2\\app\\api\\admin\\payments\\list\\export"
2026-01-16T09:32:23.419939Z  INFO get_files:scan_sources: tailwindcss_oxide::scanner: Discovering "C:\\xampp\\htdocs\\tutorial2\\app\\api\\admin\\payments\\[id]"
2026-01-16T09:32:23.420199Z  INFO get_files:scan_sources: tailwindcss_oxide::scanner: Discovering "C:\\xampp\\htdocs\\tutorial2\\app\\api\\admin\\payments\\[id]\\refund"
2026-01-16T09:32:23.420605Z  INFO get_files:scan_sources: tailwindcss_oxide::scanner: Discovering "C:\\xampp\\htdocs\\tutorial2\\app\\api\\admin\\reject-member"
2026-01-16T09:32:23.420906Z  INFO get_files:scan_sources: tailwindcss_oxide::scanner: Discovering "C:\\xampp\\htdocs\\tutorial2\\app\\api\\admin\\report"
2026-01-16T09:32:23.421204Z  INFO get_files:scan_sources: tailwindcss_oxide::scanner: Discovering "C:\\xampp\\htdocs\\tutorial2\\app\\api\\admin\\reports"
2026-01-16T09:32:23.421428Z  INFO get_files:scan_sources: tailwindcss_oxide::scanner: Discovering "C:\\xampp\\htdocs\\tutorial2\\app\\api\\admin\\reports\\generate"
2026-01-16T09:32:23.421796Z  INFO get_files:scan_sources: tailwindcss_oxide::scanner: Discovering "C:\\xampp\\htdocs\\tutorial2\\app\\api\\admin\\reset-admin"
2026-01-16T09:32:23.422115Z  INFO get_files:scan_sources: tailwindcss_oxide::scanner: Discovering "C:\\xampp\\htdocs\\tutorial2\\app\\api\\admin\\users"
2026-01-16T09:32:23.422346Z  INFO get_files:scan_sources: tailwindcss_oxide::scanner: Discovering "C:\\xampp\\htdocs\\tutorial2\\app\\api\\admin\\users\\restore"
2026-01-16T09:32:23.422679Z  INFO get_files:scan_sources: tailwindcss_oxide::scanner: Discovering "C:\\xampp\\htdocs\\tutorial2\\app\\api\\admin\\users\\[id]"
2026-01-16T09:32:23.422916Z  INFO get_files:scan_sources: tailwindcss_oxide::scanner: Discovering "C:\\xampp\\htdocs\\tutorial2\\app\\api\\admin\\users\\[id]\\approve"
2026-01-16T09:32:23.423239Z  INFO get_files:scan_sources: tailwindcss_oxide::scanner: Discovering "C:\\xampp\\htdocs\\tutorial2\\app\\api\\admin\\users\\[id]\\details"
2026-01-16T09:32:23.423548Z  INFO get_files:scan_sources: tailwindcss_oxide::scanner: Discovering "C:\\xampp\\htdocs\\tutorial2\\app\\api\\admin\\users\\[id]\\membership-status"
2026-01-16T09:32:23.423958Z  INFO get_files:scan_sources: tailwindcss_oxide::scanner: Discovering "C:\\xampp\\htdocs\\tutorial2\\app\\api\\admin\\users\\[id]\\password"
2026-01-16T09:32:23.424329Z  INFO get_files:scan_sources: tailwindcss_oxide::scanner: Discovering "C:\\xampp\\htdocs\\tutorial2\\app\\api\\admin\\users\\[id]\\reject"
2026-01-16T09:32:23.424773Z  INFO get_files:scan_sources: tailwindcss_oxide::scanner: Discovering "C:\\xampp\\htdocs\\tutorial2\\app\\api\\auth"
2026-01-16T09:32:23.425026Z  INFO get_files:scan_sources: tailwindcss_oxide::scanner: Discovering "C:\\xampp\\htdocs\\tutorial2\\app\\api\\auth\\forgot-password"
2026-01-16T09:32:23.425333Z  INFO get_files:scan_sources: tailwindcss_oxide::scanner: Discovering "C:\\xampp\\htdocs\\tutorial2\\app\\api\\auth\\login"
2026-01-16T09:32:23.425635Z  INFO get_files:scan_sources: tailwindcss_oxide::scanner: Discovering "C:\\xampp\\htdocs\\tutorial2\\app\\api\\auth\\logout"
2026-01-16T09:32:23.425975Z  INFO get_files:scan_sources: tailwindcss_oxide::scanner: Discovering "C:\\xampp\\htdocs\\tutorial2\\app\\api\\auth\\me"
2026-01-16T09:32:23.426308Z  INFO get_files:scan_sources: tailwindcss_oxide::scanner: Discovering "C:\\xampp\\htdocs\\tutorial2\\app\\api\\auth\\membership-status"
2026-01-16T09:32:23.426621Z  INFO get_files:scan_sources: tailwindcss_oxide::scanner: Discovering "C:\\xampp\\htdocs\\tutorial2\\app\\api\\auth\\profile"
2026-01-16T09:32:23.426967Z  INFO get_files:scan_sources: tailwindcss_oxide::scanner: Discovering "C:\\xampp\\htdocs\\tutorial2\\app\\api\\auth\\refresh"
2026-01-16T09:32:23.427258Z  INFO get_files:scan_sources: tailwindcss_oxide::scanner: Discovering "C:\\xampp\\htdocs\\tutorial2\\app\\api\\auth\\register"
2026-01-16T09:32:23.427573Z  INFO get_files:scan_sources: tailwindcss_oxide::scanner: Discovering "C:\\xampp\\htdocs\\tutorial2\\app\\api\\auth\\[...nextauth]"
2026-01-16T09:32:23.427898Z  INFO get_files:scan_sources: tailwindcss_oxide::scanner: Discovering "C:\\xampp\\htdocs\\tutorial2\\app\\api\\contact-content"
2026-01-16T09:32:23.428216Z  INFO get_files:scan_sources: tailwindcss_oxide::scanner: Discovering "C:\\xampp\\htdocs\\tutorial2\\app\\api\\debug"
2026-01-16T09:32:23.428450Z  INFO get_files:scan_sources: tailwindcss_oxide::scanner: Discovering "C:\\xampp\\htdocs\\tutorial2\\app\\api\\debug\\pricing"
2026-01-16T09:32:23.428743Z  INFO get_files:scan_sources: tailwindcss_oxide::scanner: Discovering "C:\\xampp\\htdocs\\tutorial2\\app\\api\\debug\\send-email"
2026-01-16T09:32:23.429029Z  INFO get_files:scan_sources: tailwindcss_oxide::scanner: Discovering "C:\\xampp\\htdocs\\tutorial2\\app\\api\\debug\\send-test-email"
2026-01-16T09:32:23.429342Z  INFO get_files:scan_sources: tailwindcss_oxide::scanner: Discovering "C:\\xampp\\htdocs\\tutorial2\\app\\api\\events"
2026-01-16T09:32:23.429612Z  INFO get_files:scan_sources: tailwindcss_oxide::scanner: Discovering "C:\\xampp\\htdocs\\tutorial2\\app\\api\\events\\[id]"
2026-01-16T09:32:23.430210Z  INFO get_files:scan_sources: tailwindcss_oxide::scanner: Discovering "C:\\xampp\\htdocs\\tutorial2\\app\\api\\events\\[id]\\register"
2026-01-16T09:32:23.430686Z  INFO get_files:scan_sources: tailwindcss_oxide::scanner: Discovering "C:\\xampp\\htdocs\\tutorial2\\app\\api\\fix-membership"
2026-01-16T09:32:23.431047Z  INFO get_files:scan_sources: tailwindcss_oxide::scanner: Discovering "C:\\xampp\\htdocs\\tutorial2\\app\\api\\home-content"
2026-01-16T09:32:23.431352Z  INFO get_files:scan_sources: tailwindcss_oxide::scanner: Discovering "C:\\xampp\\htdocs\\tutorial2\\app\\api\\membership"
2026-01-16T09:32:23.431600Z  INFO get_files:scan_sources: tailwindcss_oxide::scanner: Discovering "C:\\xampp\\htdocs\\tutorial2\\app\\api\\membership\\complete-payment"
2026-01-16T09:32:23.431882Z  INFO get_files:scan_sources: tailwindcss_oxide::scanner: Discovering "C:\\xampp\\htdocs\\tutorial2\\app\\api\\membership\\next-number"
2026-01-16T09:32:23.432154Z  INFO get_files:scan_sources: tailwindcss_oxide::scanner: Discovering "C:\\xampp\\htdocs\\tutorial2\\app\\api\\membership\\pay"
2026-01-16T09:32:23.432444Z  INFO get_files:scan_sources: tailwindcss_oxide::scanner: Discovering "C:\\xampp\\htdocs\\tutorial2\\app\\api\\membership\\pay-early"
2026-01-16T09:32:23.432735Z  INFO get_files:scan_sources: tailwindcss_oxide::scanner: Discovering "C:\\xampp\\htdocs\\tutorial2\\app\\api\\membership\\payment-status"
2026-01-16T09:32:23.433058Z  INFO get_files:scan_sources: tailwindcss_oxide::scanner: Discovering "C:\\xampp\\htdocs\\tutorial2\\app\\api\\membership\\payment-success"
2026-01-16T09:32:23.433453Z  INFO get_files:scan_sources: tailwindcss_oxide::scanner: Discovering "C:\\xampp\\htdocs\\tutorial2\\app\\api\\membership\\status"
2026-01-16T09:32:23.433856Z  INFO get_files:scan_sources: tailwindcss_oxide::scanner: Discovering "C:\\xampp\\htdocs\\tutorial2\\app\\api\\messages"
2026-01-16T09:32:23.434127Z  INFO get_files:scan_sources: tailwindcss_oxide::scanner: Discovering "C:\\xampp\\htdocs\\tutorial2\\app\\api\\messages\\reply"
2026-01-16T09:32:23.434461Z  INFO get_files:scan_sources: tailwindcss_oxide::scanner: Discovering "C:\\xampp\\htdocs\\tutorial2\\app\\api\\messages\\[id]"
2026-01-16T09:32:23.434689Z  INFO get_files:scan_sources: tailwindcss_oxide::scanner: Discovering "C:\\xampp\\htdocs\\tutorial2\\app\\api\\messages\\[id]\\read"
2026-01-16T09:32:23.435093Z  INFO get_files:scan_sources: tailwindcss_oxide::scanner: Discovering "C:\\xampp\\htdocs\\tutorial2\\app\\api\\news"
2026-01-16T09:32:23.435435Z  INFO get_files:scan_sources: tailwindcss_oxide::scanner: Discovering "C:\\xampp\\htdocs\\tutorial2\\app\\api\\payment"
2026-01-16T09:32:23.435679Z  INFO get_files:scan_sources: tailwindcss_oxide::scanner: Discovering "C:\\xampp\\htdocs\\tutorial2\\app\\api\\payment\\pesapal"
2026-01-16T09:32:23.436001Z  INFO get_files:scan_sources: tailwindcss_oxide::scanner: Discovering "C:\\xampp\\htdocs\\tutorial2\\app\\api\\payments"
2026-01-16T09:32:23.436233Z  INFO get_files:scan_sources: tailwindcss_oxide::scanner: Discovering "C:\\xampp\\htdocs\\tutorial2\\app\\api\\payments\\activate-test"
2026-01-16T09:32:23.436528Z  INFO get_files:scan_sources: tailwindcss_oxide::scanner: Discovering "C:\\xampp\\htdocs\\tutorial2\\app\\api\\payments\\azampay"
2026-01-16T09:32:23.436749Z  INFO get_files:scan_sources: tailwindcss_oxide::scanner: Discovering "C:\\xampp\\htdocs\\tutorial2\\app\\api\\payments\\azampay\\callback"
2026-01-16T09:32:23.437039Z  INFO get_files:scan_sources: tailwindcss_oxide::scanner: Discovering "C:\\xampp\\htdocs\\tutorial2\\app\\api\\payments\\azampay\\checkout"
2026-01-16T09:32:23.437374Z  INFO get_files:scan_sources: tailwindcss_oxide::scanner: Discovering "C:\\xampp\\htdocs\\tutorial2\\app\\api\\payments\\cleanup"
2026-01-16T09:32:23.437673Z  INFO get_files:scan_sources: tailwindcss_oxide::scanner: Discovering "C:\\xampp\\htdocs\\tutorial2\\app\\api\\payments\\complete"
2026-01-16T09:32:23.437966Z  INFO get_files:scan_sources: tailwindcss_oxide::scanner: Discovering "C:\\xampp\\htdocs\\tutorial2\\app\\api\\payments\\mobile-money"
2026-01-16T09:32:23.438292Z  INFO get_files:scan_sources: tailwindcss_oxide::scanner: Discovering "C:\\xampp\\htdocs\\tutorial2\\app\\api\\payments\\payment-status"
2026-01-16T09:32:23.438591Z  INFO get_files:scan_sources: tailwindcss_oxide::scanner: Discovering "C:\\xampp\\htdocs\\tutorial2\\app\\api\\payments\\process"
2026-01-16T09:32:23.438933Z  INFO get_files:scan_sources: tailwindcss_oxide::scanner: Discovering "C:\\xampp\\htdocs\\tutorial2\\app\\api\\reports"
2026-01-16T09:32:23.439453Z  INFO get_files:scan_sources: tailwindcss_oxide::scanner: Discovering "C:\\xampp\\htdocs\\tutorial2\\app\\api\\reports\\generate"
2026-01-16T09:32:23.439902Z  INFO get_files:scan_sources: tailwindcss_oxide::scanner: Discovering "C:\\xampp\\htdocs\\tutorial2\\app\\api\\reports\\send-email"
2026-01-16T09:32:23.440281Z  INFO get_files:scan_sources: tailwindcss_oxide::scanner: Discovering "C:\\xampp\\htdocs\\tutorial2\\app\\api\\send-approval-email"
2026-01-16T09:32:23.440582Z  INFO get_files:scan_sources: tailwindcss_oxide::scanner: Discovering "C:\\xampp\\htdocs\\tutorial2\\app\\api\\settings"
2026-01-16T09:32:23.440890Z  INFO get_files:scan_sources: tailwindcss_oxide::scanner: Discovering "C:\\xampp\\htdocs\\tutorial2\\app\\api\\setup"
2026-01-16T09:32:23.441167Z  INFO get_files:scan_sources: tailwindcss_oxide::scanner: Discovering "C:\\xampp\\htdocs\\tutorial2\\app\\api\\setup\\ensure-admin"
2026-01-16T09:32:23.441588Z  INFO get_files:scan_sources: tailwindcss_oxide::scanner: Discovering "C:\\xampp\\htdocs\\tutorial2\\app\\api\\test-events"
2026-01-16T09:32:23.441967Z  INFO get_files:scan_sources: tailwindcss_oxide::scanner: Discovering "C:\\xampp\\htdocs\\tutorial2\\app\\api\\user"
2026-01-16T09:32:23.442226Z  INFO get_files:scan_sources: tailwindcss_oxide::scanner: Discovering "C:\\xampp\\htdocs\\tutorial2\\app\\api\\user\\profile"
2026-01-16T09:32:23.442612Z  INFO get_files:scan_sources: tailwindcss_oxide::scanner: Discovering "C:\\xampp\\htdocs\\tutorial2\\app\\auth"
2026-01-16T09:32:23.442874Z  INFO get_files:scan_sources: tailwindcss_oxide::scanner: Discovering "C:\\xampp\\htdocs\\tutorial2\\app\\auth\\forgot-password"
2026-01-16T09:32:23.443267Z  INFO get_files:scan_sources: tailwindcss_oxide::scanner: Discovering "C:\\xampp\\htdocs\\tutorial2\\app\\auth\\login"
2026-01-16T09:32:23.443595Z  INFO get_files:scan_sources: tailwindcss_oxide::scanner: Discovering "C:\\xampp\\htdocs\\tutorial2\\app\\auth\\pending-approval"
2026-01-16T09:32:23.443906Z  INFO get_files:scan_sources: tailwindcss_oxide::scanner: Discovering "C:\\xampp\\htdocs\\tutorial2\\app\\auth\\register"
2026-01-16T09:32:23.444259Z  INFO get_files:scan_sources: tailwindcss_oxide::scanner: Discovering "C:\\xampp\\htdocs\\tutorial2\\app\\components"
2026-01-16T09:32:23.444591Z  INFO get_files:scan_sources: tailwindcss_oxide::scanner: Discovering "C:\\xampp\\htdocs\\tutorial2\\app\\contact"
2026-01-16T09:32:23.444873Z  INFO get_files:scan_sources: tailwindcss_oxide::scanner: Discovering "C:\\xampp\\htdocs\\tutorial2\\app\\dashboard"
2026-01-16T09:32:23.445095Z  INFO get_files:scan_sources: tailwindcss_oxide::scanner: Discovering "C:\\xampp\\htdocs\\tutorial2\\app\\dashboard\\complete-profile"
2026-01-16T09:32:23.445619Z  INFO get_files:scan_sources: tailwindcss_oxide::scanner: Discovering "C:\\xampp\\htdocs\\tutorial2\\app\\dashboard\\events"
2026-01-16T09:32:23.445974Z  INFO get_files:scan_sources: tailwindcss_oxide::scanner: Discovering "C:\\xampp\\htdocs\\tutorial2\\app\\dashboard\\membership-card"
2026-01-16T09:32:23.446724Z  INFO get_files:scan_sources: tailwindcss_oxide::scanner: Discovering "C:\\xampp\\htdocs\\tutorial2\\app\\dashboard\\messages"
2026-01-16T09:32:23.447110Z  INFO get_files:scan_sources: tailwindcss_oxide::scanner: Discovering "C:\\xampp\\htdocs\\tutorial2\\app\\dashboard\\news"
2026-01-16T09:32:23.447469Z  INFO get_files:scan_sources: tailwindcss_oxide::scanner: Discovering "C:\\xampp\\htdocs\\tutorial2\\app\\dashboard\\payment"
2026-01-16T09:32:23.447689Z  INFO get_files:scan_sources: tailwindcss_oxide::scanner: Discovering "C:\\xampp\\htdocs\\tutorial2\\app\\dashboard\\payment\\callback"
2026-01-16T09:32:23.448045Z  INFO get_files:scan_sources: tailwindcss_oxide::scanner: Discovering "C:\\xampp\\htdocs\\tutorial2\\app\\dashboard\\payment\\success"
2026-01-16T09:32:23.448362Z  INFO get_files:scan_sources: tailwindcss_oxide::scanner: Discovering "C:\\xampp\\htdocs\\tutorial2\\app\\dashboard\\profile"
2026-01-16T09:32:23.448655Z  INFO get_files:scan_sources: tailwindcss_oxide::scanner: Discovering "C:\\xampp\\htdocs\\tutorial2\\app\\dashboard\\subscribe"
2026-01-16T09:32:23.449069Z  INFO get_files:scan_sources: tailwindcss_oxide::scanner: Discovering "C:\\xampp\\htdocs\\tutorial2\\app\\fix-auth"
2026-01-16T09:32:23.449708Z  INFO get_files:scan_sources: tailwindcss_oxide::scanner: Discovering "C:\\xampp\\htdocs\\tutorial2\\app\\schemas"
2026-01-16T09:32:23.450048Z  INFO get_files:scan_sources: tailwindcss_oxide::scanner: Discovering "C:\\xampp\\htdocs\\tutorial2\\app\\scripts"
2026-01-16T09:32:23.450390Z  INFO get_files:scan_sources: tailwindcss_oxide::scanner: Discovering "C:\\xampp\\htdocs\\tutorial2\\app\\unauthorized"
2026-01-16T09:32:23.451412Z  INFO get_files:scan_sources: tailwindcss_oxide::scanner: Discovering "C:\\xampp\\htdocs\\tutorial2\\components"
2026-01-16T09:32:23.451702Z  INFO get_files:scan_sources: tailwindcss_oxide::scanner: Discovering "C:\\xampp\\htdocs\\tutorial2\\components\\admin"
2026-01-16T09:32:23.452306Z  INFO get_files:scan_sources: tailwindcss_oxide::scanner: Discovering "C:\\xampp\\htdocs\\tutorial2\\components\\dashboard"
2026-01-16T09:32:23.453658Z  INFO get_files:scan_sources: tailwindcss_oxide::scanner: Discovering "C:\\xampp\\htdocs\\tutorial2\\components\\ui"
2026-01-16T09:32:23.454605Z  INFO get_files:scan_sources: tailwindcss_oxide::scanner: Discovering "C:\\xampp\\htdocs\\tutorial2\\components\\web"
2026-01-16T09:32:23.455398Z  INFO get_files:scan_sources: tailwindcss_oxide::scanner: Discovering "C:\\xampp\\htdocs\\tutorial2\\contexts"
2026-01-16T09:32:23.456544Z  INFO get_files:scan_sources: tailwindcss_oxide::scanner: Discovering "C:\\xampp\\htdocs\\tutorial2\\convex"
2026-01-16T09:32:23.456884Z  INFO get_files:scan_sources: tailwindcss_oxide::scanner: Discovering "C:\\xampp\\htdocs\\tutorial2\\convex\\_generated"
2026-01-16T09:32:23.457797Z  INFO get_files:scan_sources: tailwindcss_oxide::scanner: Discovering "C:\\xampp\\htdocs\\tutorial2\\database"
2026-01-16T09:32:23.459285Z  INFO get_files:scan_sources: tailwindcss_oxide::scanner: Discovering "C:\\xampp\\htdocs\\tutorial2\\deploy-minimal"
2026-01-16T09:32:23.459820Z  INFO get_files:scan_sources: tailwindcss_oxide::scanner: Discovering "C:\\xampp\\htdocs\\tutorial2\\deploy-simple"
2026-01-16T09:32:23.460340Z  INFO get_files:scan_sources: tailwindcss_oxide::scanner: Discovering "C:\\xampp\\htdocs\\tutorial2\\deploy-temp"
2026-01-16T09:32:23.461767Z  INFO get_files:scan_sources: tailwindcss_oxide::scanner: Discovering "C:\\xampp\\htdocs\\tutorial2\\lib"
2026-01-16T09:32:23.463610Z  INFO get_files:scan_sources: tailwindcss_oxide::scanner: Discovering "C:\\xampp\\htdocs\\tutorial2\\migrations"
2026-01-16T09:32:23.465143Z  INFO get_files:scan_sources: tailwindcss_oxide::scanner: Discovering "C:\\xampp\\htdocs\\tutorial2\\public"
2026-01-16T09:32:23.465595Z  INFO get_files:scan_sources: tailwindcss_oxide::scanner: Discovering "C:\\xampp\\htdocs\\tutorial2\\public\\uploads"
2026-01-16T09:32:23.465829Z  INFO get_files:scan_sources: tailwindcss_oxide::scanner: Discovering "C:\\xampp\\htdocs\\tutorial2\\public\\uploads\\documents"
2026-01-16T09:32:23.466247Z  INFO get_files:scan_sources: tailwindcss_oxide::scanner: Discovering "C:\\xampp\\htdocs\\tutorial2\\public\\uploads\\profile-pictures"
2026-01-16T09:32:23.468222Z  INFO get_files:scan_sources: tailwindcss_oxide::scanner: Discovering "C:\\xampp\\htdocs\\tutorial2\\scripts"
2026-01-16T09:32:23.470329Z  INFO get_files:scan_sources: tailwindcss_oxide::scanner: Discovering "C:\\xampp\\htdocs\\tutorial2\\types"
2026-01-16T09:32:23.470922Z  INFO get_files:scan_sources: tailwindcss_oxide::scanner: exit
2026-01-16T09:32:23.471271Z  INFO get_files: tailwindcss_oxide::scanner: exit
2026-01-16T09:32:23.472022Z  INFO get_globs: tailwindcss_oxide::scanner: enter
2026-01-16T09:32:23.472055Z  INFO get_globs: tailwindcss_oxide::scanner: exit
2026-01-16T09:34:10.280463Z  INFO scan_sources: tailwindcss_oxide::scanner: enter
2026-01-16T09:34:10.283001Z  INFO scan_sources: tailwindcss_oxide::scanner: Discovering "C:\\xampp\\htdocs\\tutorial2\\.windsurf"
2026-01-16T09:34:10.283239Z  INFO scan_sources: tailwindcss_oxide::scanner: Discovering "C:\\xampp\\htdocs\\tutorial2\\.windsurf\\workflows"
2026-01-16T09:34:10.283862Z  INFO scan_sources: tailwindcss_oxide::scanner: Discovering "C:\\xampp\\htdocs\\tutorial2\\api"
2026-01-16T09:34:10.284303Z  INFO scan_sources: tailwindcss_oxide::scanner: Discovering "C:\\xampp\\htdocs\\tutorial2\\api\\auth"
2026-01-16T09:34:10.285178Z  INFO scan_sources: tailwindcss_oxide::scanner: Discovering "C:\\xampp\\htdocs\\tutorial2\\app"
2026-01-16T09:34:10.285625Z  INFO scan_sources: tailwindcss_oxide::scanner: Discovering "C:\\xampp\\htdocs\\tutorial2\\app\\(layout)"
2026-01-16T09:34:10.286138Z  INFO scan_sources: tailwindcss_oxide::scanner: Discovering "C:\\xampp\\htdocs\\tutorial2\\app\\(shared-layout)"
2026-01-16T09:34:10.286697Z  INFO scan_sources: tailwindcss_oxide::scanner: Discovering "C:\\xampp\\htdocs\\tutorial2\\app\\about"
2026-01-16T09:34:10.287185Z  INFO scan_sources: tailwindcss_oxide::scanner: Discovering "C:\\xampp\\htdocs\\tutorial2\\app\\about-us"
2026-01-16T09:34:10.287655Z  INFO scan_sources: tailwindcss_oxide::scanner: Discovering "C:\\xampp\\htdocs\\tutorial2\\app\\admin"
2026-01-16T09:34:10.288063Z  INFO scan_sources: tailwindcss_oxide::scanner: Discovering "C:\\xampp\\htdocs\\tutorial2\\app\\admin\\cards"
2026-01-16T09:34:10.288575Z  INFO scan_sources: tailwindcss_oxide::scanner: Discovering "C:\\xampp\\htdocs\\tutorial2\\app\\admin\\content"
2026-01-16T09:34:10.288944Z  INFO scan_sources: tailwindcss_oxide::scanner: Discovering "C:\\xampp\\htdocs\\tutorial2\\app\\admin\\content\\about"
2026-01-16T09:34:10.289411Z  INFO scan_sources: tailwindcss_oxide::scanner: Discovering "C:\\xampp\\htdocs\\tutorial2\\app\\admin\\content\\contact"
2026-01-16T09:34:10.289873Z  INFO scan_sources: tailwindcss_oxide::scanner: Discovering "C:\\xampp\\htdocs\\tutorial2\\app\\admin\\content\\home"
2026-01-16T09:34:10.290472Z  INFO scan_sources: tailwindcss_oxide::scanner: Discovering "C:\\xampp\\htdocs\\tutorial2\\app\\admin\\dashboard"
2026-01-16T09:34:10.290999Z  INFO scan_sources: tailwindcss_oxide::scanner: Discovering "C:\\xampp\\htdocs\\tutorial2\\app\\admin\\events"
2026-01-16T09:34:10.291448Z  INFO scan_sources: tailwindcss_oxide::scanner: Discovering "C:\\xampp\\htdocs\\tutorial2\\app\\admin\\events\\[id]"
2026-01-16T09:34:10.291843Z  INFO scan_sources: tailwindcss_oxide::scanner: Discovering "C:\\xampp\\htdocs\\tutorial2\\app\\admin\\events\\[id]\\registrations"
2026-01-16T09:34:10.292430Z  INFO scan_sources: tailwindcss_oxide::scanner: Discovering "C:\\xampp\\htdocs\\tutorial2\\app\\admin\\membership"
2026-01-16T09:34:10.292920Z  INFO scan_sources: tailwindcss_oxide::scanner: Discovering "C:\\xampp\\htdocs\\tutorial2\\app\\admin\\news"
2026-01-16T09:34:10.293683Z  INFO scan_sources: tailwindcss_oxide::scanner: Discovering "C:\\xampp\\htdocs\\tutorial2\\app\\admin\\payment"
2026-01-16T09:34:10.294112Z  INFO scan_sources: tailwindcss_oxide::scanner: Discovering "C:\\xampp\\htdocs\\tutorial2\\app\\admin\\payments"
2026-01-16T09:34:10.294533Z  INFO scan_sources: tailwindcss_oxide::scanner: Discovering "C:\\xampp\\htdocs\\tutorial2\\app\\admin\\reports"
2026-01-16T09:34:10.294807Z  INFO scan_sources: tailwindcss_oxide::scanner: Discovering "C:\\xampp\\htdocs\\tutorial2\\app\\admin\\requests"
2026-01-16T09:34:10.295005Z  INFO scan_sources: tailwindcss_oxide::scanner: Discovering "C:\\xampp\\htdocs\\tutorial2\\app\\admin\\users"
2026-01-16T09:34:10.295149Z  INFO scan_sources: tailwindcss_oxide::scanner: Discovering "C:\\xampp\\htdocs\\tutorial2\\app\\admin\\users\\[id]"
2026-01-16T09:34:10.295338Z  INFO scan_sources: tailwindcss_oxide::scanner: Discovering "C:\\xampp\\htdocs\\tutorial2\\app\\api"
2026-01-16T09:34:10.295460Z  INFO scan_sources: tailwindcss_oxide::scanner: Discovering "C:\\xampp\\htdocs\\tutorial2\\app\\api\\about-content"
2026-01-16T09:34:10.295623Z  INFO scan_sources: tailwindcss_oxide::scanner: Discovering "C:\\xampp\\htdocs\\tutorial2\\app\\api\\admin"
2026-01-16T09:34:10.295746Z  INFO scan_sources: tailwindcss_oxide::scanner: Discovering "C:\\xampp\\htdocs\\tutorial2\\app\\api\\admin\\approve-member"
2026-01-16T09:34:10.295910Z  INFO scan_sources: tailwindcss_oxide::scanner: Discovering "C:\\xampp\\htdocs\\tutorial2\\app\\api\\admin\\cards"
2026-01-16T09:34:10.296082Z  INFO scan_sources: tailwindcss_oxide::scanner: Discovering "C:\\xampp\\htdocs\\tutorial2\\app\\api\\admin\\content"
2026-01-16T09:34:10.296208Z  INFO scan_sources: tailwindcss_oxide::scanner: Discovering "C:\\xampp\\htdocs\\tutorial2\\app\\api\\admin\\content\\about"
2026-01-16T09:34:10.296375Z  INFO scan_sources: tailwindcss_oxide::scanner: Discovering "C:\\xampp\\htdocs\\tutorial2\\app\\api\\admin\\content\\about\\[id]"
2026-01-16T09:34:10.296548Z  INFO scan_sources: tailwindcss_oxide::scanner: Discovering "C:\\xampp\\htdocs\\tutorial2\\app\\api\\admin\\content\\contact"
2026-01-16T09:34:10.296712Z  INFO scan_sources: tailwindcss_oxide::scanner: Discovering "C:\\xampp\\htdocs\\tutorial2\\app\\api\\admin\\content\\contact\\[id]"
2026-01-16T09:34:10.296890Z  INFO scan_sources: tailwindcss_oxide::scanner: Discovering "C:\\xampp\\htdocs\\tutorial2\\app\\api\\admin\\content\\footer"
2026-01-16T09:34:10.297079Z  INFO scan_sources: tailwindcss_oxide::scanner: Discovering "C:\\xampp\\htdocs\\tutorial2\\app\\api\\admin\\content\\home"
2026-01-16T09:34:10.297408Z  INFO scan_sources: tailwindcss_oxide::scanner: Discovering "C:\\xampp\\htdocs\\tutorial2\\app\\api\\admin\\content\\home\\[id]"
2026-01-16T09:34:10.297786Z  INFO scan_sources: tailwindcss_oxide::scanner: Discovering "C:\\xampp\\htdocs\\tutorial2\\app\\api\\admin\\content\\media"
2026-01-16T09:34:10.298078Z  INFO scan_sources: tailwindcss_oxide::scanner: Discovering "C:\\xampp\\htdocs\\tutorial2\\app\\api\\admin\\content\\navigation"
2026-01-16T09:34:10.298698Z  INFO scan_sources: tailwindcss_oxide::scanner: Discovering "C:\\xampp\\htdocs\\tutorial2\\app\\api\\admin\\content\\pages"
2026-01-16T09:34:10.299071Z  INFO scan_sources: tailwindcss_oxide::scanner: Discovering "C:\\xampp\\htdocs\\tutorial2\\app\\api\\admin\\content\\pages\\[id]"
2026-01-16T09:34:10.299405Z  INFO scan_sources: tailwindcss_oxide::scanner: Discovering "C:\\xampp\\htdocs\\tutorial2\\app\\api\\admin\\content\\settings"
2026-01-16T09:34:10.299633Z  INFO scan_sources: tailwindcss_oxide::scanner: Discovering "C:\\xampp\\htdocs\\tutorial2\\app\\api\\admin\\create-admin"
2026-01-16T09:34:10.299828Z  INFO scan_sources: tailwindcss_oxide::scanner: Discovering "C:\\xampp\\htdocs\\tutorial2\\app\\api\\admin\\deleted-users"
2026-01-16T09:34:10.300022Z  INFO scan_sources: tailwindcss_oxide::scanner: Discovering "C:\\xampp\\htdocs\\tutorial2\\app\\api\\admin\\events"
2026-01-16T09:34:10.300311Z  INFO scan_sources: tailwindcss_oxide::scanner: Discovering "C:\\xampp\\htdocs\\tutorial2\\app\\api\\admin\\events\\[id]"
2026-01-16T09:34:10.300515Z  INFO scan_sources: tailwindcss_oxide::scanner: Discovering "C:\\xampp\\htdocs\\tutorial2\\app\\api\\admin\\events\\[id]\\registrations"
2026-01-16T09:34:10.300922Z  INFO scan_sources: tailwindcss_oxide::scanner: Discovering "C:\\xampp\\htdocs\\tutorial2\\app\\api\\admin\\fix-admin"
2026-01-16T09:34:10.301096Z  INFO scan_sources: tailwindcss_oxide::scanner: Discovering "C:\\xampp\\htdocs\\tutorial2\\app\\api\\admin\\membership"
2026-01-16T09:34:10.301231Z  INFO scan_sources: tailwindcss_oxide::scanner: Discovering "C:\\xampp\\htdocs\\tutorial2\\app\\api\\admin\\membership\\cycles"
2026-01-16T09:34:10.301385Z  INFO scan_sources: tailwindcss_oxide::scanner: Discovering "C:\\xampp\\htdocs\\tutorial2\\app\\api\\admin\\membership\\settings"
2026-01-16T09:34:10.301550Z  INFO scan_sources: tailwindcss_oxide::scanner: Discovering "C:\\xampp\\htdocs\\tutorial2\\app\\api\\admin\\membership\\types"
2026-01-16T09:34:10.302637Z  INFO scan_sources: tailwindcss_oxide::scanner: Discovering "C:\\xampp\\htdocs\\tutorial2\\app\\api\\admin\\news"
2026-01-16T09:34:10.303074Z  INFO scan_sources: tailwindcss_oxide::scanner: Discovering "C:\\xampp\\htdocs\\tutorial2\\app\\api\\admin\\payment"
2026-01-16T09:34:10.303268Z  INFO scan_sources: tailwindcss_oxide::scanner: Discovering "C:\\xampp\\htdocs\\tutorial2\\app\\api\\admin\\payments"
2026-01-16T09:34:10.303471Z  INFO scan_sources: tailwindcss_oxide::scanner: Discovering "C:\\xampp\\htdocs\\tutorial2\\app\\api\\admin\\payments\\list"
2026-01-16T09:34:10.303694Z  INFO scan_sources: tailwindcss_oxide::scanner: Discovering "C:\\xampp\\htdocs\\tutorial2\\app\\api\\admin\\payments\\list\\export"
2026-01-16T09:34:10.304886Z  INFO scan_sources: tailwindcss_oxide::scanner: Discovering "C:\\xampp\\htdocs\\tutorial2\\app\\api\\admin\\payments\\[id]"
2026-01-16T09:34:10.305322Z  INFO scan_sources: tailwindcss_oxide::scanner: Discovering "C:\\xampp\\htdocs\\tutorial2\\app\\api\\admin\\payments\\[id]\\refund"
2026-01-16T09:34:10.306076Z  INFO scan_sources: tailwindcss_oxide::scanner: Discovering "C:\\xampp\\htdocs\\tutorial2\\app\\api\\admin\\reject-member"
2026-01-16T09:34:10.306585Z  INFO scan_sources: tailwindcss_oxide::scanner: Discovering "C:\\xampp\\htdocs\\tutorial2\\app\\api\\admin\\report"
2026-01-16T09:34:10.307030Z  INFO scan_sources: tailwindcss_oxide::scanner: Discovering "C:\\xampp\\htdocs\\tutorial2\\app\\api\\admin\\reports"
2026-01-16T09:34:10.307424Z  INFO scan_sources: tailwindcss_oxide::scanner: Discovering "C:\\xampp\\htdocs\\tutorial2\\app\\api\\admin\\reports\\generate"
2026-01-16T09:34:10.308057Z  INFO scan_sources: tailwindcss_oxide::scanner: Discovering "C:\\xampp\\htdocs\\tutorial2\\app\\api\\admin\\reset-admin"
2026-01-16T09:34:10.308549Z  INFO scan_sources: tailwindcss_oxide::scanner: Discovering "C:\\xampp\\htdocs\\tutorial2\\app\\api\\admin\\users"
2026-01-16T09:34:10.308942Z  INFO scan_sources: tailwindcss_oxide::scanner: Discovering "C:\\xampp\\htdocs\\tutorial2\\app\\api\\admin\\users\\restore"
2026-01-16T09:34:10.309508Z  INFO scan_sources: tailwindcss_oxide::scanner: Discovering "C:\\xampp\\htdocs\\tutorial2\\app\\api\\admin\\users\\[id]"
2026-01-16T09:34:10.309903Z  INFO scan_sources: tailwindcss_oxide::scanner: Discovering "C:\\xampp\\htdocs\\tutorial2\\app\\api\\admin\\users\\[id]\\approve"
2026-01-16T09:34:10.310526Z  INFO scan_sources: tailwindcss_oxide::scanner: Discovering "C:\\xampp\\htdocs\\tutorial2\\app\\api\\admin\\users\\[id]\\details"
2026-01-16T09:34:10.311062Z  INFO scan_sources: tailwindcss_oxide::scanner: Discovering "C:\\xampp\\htdocs\\tutorial2\\app\\api\\admin\\users\\[id]\\membership-status"
2026-01-16T09:34:10.311562Z  INFO scan_sources: tailwindcss_oxide::scanner: Discovering "C:\\xampp\\htdocs\\tutorial2\\app\\api\\admin\\users\\[id]\\password"
2026-01-16T09:34:10.312057Z  INFO scan_sources: tailwindcss_oxide::scanner: Discovering "C:\\xampp\\htdocs\\tutorial2\\app\\api\\admin\\users\\[id]\\reject"
2026-01-16T09:34:10.312523Z  INFO scan_sources: tailwindcss_oxide::scanner: Discovering "C:\\xampp\\htdocs\\tutorial2\\app\\api\\auth"
2026-01-16T09:34:10.312909Z  INFO scan_sources: tailwindcss_oxide::scanner: Discovering "C:\\xampp\\htdocs\\tutorial2\\app\\api\\auth\\forgot-password"
2026-01-16T09:34:10.313858Z  INFO scan_sources: tailwindcss_oxide::scanner: Discovering "C:\\xampp\\htdocs\\tutorial2\\app\\api\\auth\\login"
2026-01-16T09:34:10.314157Z  INFO scan_sources: tailwindcss_oxide::scanner: Discovering "C:\\xampp\\htdocs\\tutorial2\\app\\api\\auth\\logout"
2026-01-16T09:34:10.314417Z  INFO scan_sources: tailwindcss_oxide::scanner: Discovering "C:\\xampp\\htdocs\\tutorial2\\app\\api\\auth\\me"
2026-01-16T09:34:10.314632Z  INFO scan_sources: tailwindcss_oxide::scanner: Discovering "C:\\xampp\\htdocs\\tutorial2\\app\\api\\auth\\membership-status"
2026-01-16T09:34:10.314803Z  INFO scan_sources: tailwindcss_oxide::scanner: Discovering "C:\\xampp\\htdocs\\tutorial2\\app\\api\\auth\\profile"
2026-01-16T09:34:10.315026Z  INFO scan_sources: tailwindcss_oxide::scanner: Discovering "C:\\xampp\\htdocs\\tutorial2\\app\\api\\auth\\refresh"
2026-01-16T09:34:10.315717Z  INFO scan_sources: tailwindcss_oxide::scanner: Discovering "C:\\xampp\\htdocs\\tutorial2\\app\\api\\auth\\register"
2026-01-16T09:34:10.316208Z  INFO scan_sources: tailwindcss_oxide::scanner: Discovering "C:\\xampp\\htdocs\\tutorial2\\app\\api\\auth\\[...nextauth]"
2026-01-16T09:34:10.316761Z  INFO scan_sources: tailwindcss_oxide::scanner: Discovering "C:\\xampp\\htdocs\\tutorial2\\app\\api\\contact-content"
2026-01-16T09:34:10.317277Z  INFO scan_sources: tailwindcss_oxide::scanner: Discovering "C:\\xampp\\htdocs\\tutorial2\\app\\api\\debug"
2026-01-16T09:34:10.317672Z  INFO scan_sources: tailwindcss_oxide::scanner: Discovering "C:\\xampp\\htdocs\\tutorial2\\app\\api\\debug\\pricing"
2026-01-16T09:34:10.318185Z  INFO scan_sources: tailwindcss_oxide::scanner: Discovering "C:\\xampp\\htdocs\\tutorial2\\app\\api\\debug\\send-email"
2026-01-16T09:34:10.318654Z  INFO scan_sources: tailwindcss_oxide::scanner: Discovering "C:\\xampp\\htdocs\\tutorial2\\app\\api\\debug\\send-test-email"
2026-01-16T09:34:10.319253Z  INFO scan_sources: tailwindcss_oxide::scanner: Discovering "C:\\xampp\\htdocs\\tutorial2\\app\\api\\events"
2026-01-16T09:34:10.319694Z  INFO scan_sources: tailwindcss_oxide::scanner: Discovering "C:\\xampp\\htdocs\\tutorial2\\app\\api\\events\\[id]"
2026-01-16T09:34:10.320047Z  INFO scan_sources: tailwindcss_oxide::scanner: Discovering "C:\\xampp\\htdocs\\tutorial2\\app\\api\\events\\[id]\\register"
2026-01-16T09:34:10.320597Z  INFO scan_sources: tailwindcss_oxide::scanner: Discovering "C:\\xampp\\htdocs\\tutorial2\\app\\api\\fix-membership"
2026-01-16T09:34:10.321062Z  INFO scan_sources: tailwindcss_oxide::scanner: Discovering "C:\\xampp\\htdocs\\tutorial2\\app\\api\\home-content"
2026-01-16T09:34:10.321710Z  INFO scan_sources: tailwindcss_oxide::scanner: Discovering "C:\\xampp\\htdocs\\tutorial2\\app\\api\\membership"
2026-01-16T09:34:10.322072Z  INFO scan_sources: tailwindcss_oxide::scanner: Discovering "C:\\xampp\\htdocs\\tutorial2\\app\\api\\membership\\complete-payment"
2026-01-16T09:34:10.322412Z  INFO scan_sources: tailwindcss_oxide::scanner: Discovering "C:\\xampp\\htdocs\\tutorial2\\app\\api\\membership\\next-number"
2026-01-16T09:34:10.322719Z  INFO scan_sources: tailwindcss_oxide::scanner: Discovering "C:\\xampp\\htdocs\\tutorial2\\app\\api\\membership\\pay"
2026-01-16T09:34:10.322993Z  INFO scan_sources: tailwindcss_oxide::scanner: Discovering "C:\\xampp\\htdocs\\tutorial2\\app\\api\\membership\\pay-early"
2026-01-16T09:34:10.323442Z  INFO scan_sources: tailwindcss_oxide::scanner: Discovering "C:\\xampp\\htdocs\\tutorial2\\app\\api\\membership\\payment-status"
2026-01-16T09:34:10.323972Z  INFO scan_sources: tailwindcss_oxide::scanner: Discovering "C:\\xampp\\htdocs\\tutorial2\\app\\api\\membership\\payment-success"
2026-01-16T09:34:10.324503Z  INFO scan_sources: tailwindcss_oxide::scanner: Discovering "C:\\xampp\\htdocs\\tutorial2\\app\\api\\membership\\status"
2026-01-16T09:34:10.325077Z  INFO scan_sources: tailwindcss_oxide::scanner: Discovering "C:\\xampp\\htdocs\\tutorial2\\app\\api\\messages"
2026-01-16T09:34:10.325329Z  INFO scan_sources: tailwindcss_oxide::scanner: Discovering "C:\\xampp\\htdocs\\tutorial2\\app\\api\\messages\\reply"
2026-01-16T09:34:10.325713Z  INFO scan_sources: tailwindcss_oxide::scanner: Discovering "C:\\xampp\\htdocs\\tutorial2\\app\\api\\messages\\[id]"
2026-01-16T09:34:10.325965Z  INFO scan_sources: tailwindcss_oxide::scanner: Discovering "C:\\xampp\\htdocs\\tutorial2\\app\\api\\messages\\[id]\\read"
2026-01-16T09:34:10.326343Z  INFO scan_sources: tailwindcss_oxide::scanner: Discovering "C:\\xampp\\htdocs\\tutorial2\\app\\api\\news"
2026-01-16T09:34:10.326617Z  INFO scan_sources: tailwindcss_oxide::scanner: Discovering "C:\\xampp\\htdocs\\tutorial2\\app\\api\\payment"
2026-01-16T09:34:10.326854Z  INFO scan_sources: tailwindcss_oxide::scanner: Discovering "C:\\xampp\\htdocs\\tutorial2\\app\\api\\payment\\pesapal"
2026-01-16T09:34:10.327143Z  INFO scan_sources: tailwindcss_oxide::scanner: Discovering "C:\\xampp\\htdocs\\tutorial2\\app\\api\\payments"
2026-01-16T09:34:10.327347Z  INFO scan_sources: tailwindcss_oxide::scanner: Discovering "C:\\xampp\\htdocs\\tutorial2\\app\\api\\payments\\activate-test"
2026-01-16T09:34:10.327629Z  INFO scan_sources: tailwindcss_oxide::scanner: Discovering "C:\\xampp\\htdocs\\tutorial2\\app\\api\\payments\\azampay"
2026-01-16T09:34:10.327836Z  INFO scan_sources: tailwindcss_oxide::scanner: Discovering "C:\\xampp\\htdocs\\tutorial2\\app\\api\\payments\\azampay\\callback"
2026-01-16T09:34:10.328671Z  INFO scan_sources: tailwindcss_oxide::scanner: Discovering "C:\\xampp\\htdocs\\tutorial2\\app\\api\\payments\\azampay\\checkout"
2026-01-16T09:34:10.328980Z  INFO scan_sources: tailwindcss_oxide::scanner: Discovering "C:\\xampp\\htdocs\\tutorial2\\app\\api\\payments\\cleanup"
2026-01-16T09:34:10.329258Z  INFO scan_sources: tailwindcss_oxide::scanner: Discovering "C:\\xampp\\htdocs\\tutorial2\\app\\api\\payments\\complete"
2026-01-16T09:34:10.329514Z  INFO scan_sources: tailwindcss_oxide::scanner: Discovering "C:\\xampp\\htdocs\\tutorial2\\app\\api\\payments\\mobile-money"
2026-01-16T09:34:10.329792Z  INFO scan_sources: tailwindcss_oxide::scanner: Discovering "C:\\xampp\\htdocs\\tutorial2\\app\\api\\payments\\payment-status"
2026-01-16T09:34:10.330053Z  INFO scan_sources: tailwindcss_oxide::scanner: Discovering "C:\\xampp\\htdocs\\tutorial2\\app\\api\\payments\\process"
2026-01-16T09:34:10.330328Z  INFO scan_sources: tailwindcss_oxide::scanner: Discovering "C:\\xampp\\htdocs\\tutorial2\\app\\api\\reports"
2026-01-16T09:34:10.330529Z  INFO scan_sources: tailwindcss_oxide::scanner: Discovering "C:\\xampp\\htdocs\\tutorial2\\app\\api\\reports\\generate"
2026-01-16T09:34:10.330826Z  INFO scan_sources: tailwindcss_oxide::scanner: Discovering "C:\\xampp\\htdocs\\tutorial2\\app\\api\\reports\\send-email"
2026-01-16T09:34:10.331126Z  INFO scan_sources: tailwindcss_oxide::scanner: Discovering "C:\\xampp\\htdocs\\tutorial2\\app\\api\\send-approval-email"
2026-01-16T09:34:10.331414Z  INFO scan_sources: tailwindcss_oxide::scanner: Discovering "C:\\xampp\\htdocs\\tutorial2\\app\\api\\settings"
2026-01-16T09:34:10.332183Z  INFO scan_sources: tailwindcss_oxide::scanner: Discovering "C:\\xampp\\htdocs\\tutorial2\\app\\api\\setup"
2026-01-16T09:34:10.332724Z  INFO scan_sources: tailwindcss_oxide::scanner: Discovering "C:\\xampp\\htdocs\\tutorial2\\app\\api\\setup\\ensure-admin"
2026-01-16T09:34:10.333287Z  INFO scan_sources: tailwindcss_oxide::scanner: Discovering "C:\\xampp\\htdocs\\tutorial2\\app\\api\\test-events"
2026-01-16T09:34:10.333767Z  INFO scan_sources: tailwindcss_oxide::scanner: Discovering "C:\\xampp\\htdocs\\tutorial2\\app\\api\\user"
2026-01-16T09:34:10.334121Z  INFO scan_sources: tailwindcss_oxide::scanner: Discovering "C:\\xampp\\htdocs\\tutorial2\\app\\api\\user\\profile"
2026-01-16T09:34:10.334683Z  INFO scan_sources: tailwindcss_oxide::scanner: Discovering "C:\\xampp\\htdocs\\tutorial2\\app\\auth"
2026-01-16T09:34:10.335057Z  INFO scan_sources: tailwindcss_oxide::scanner: Discovering "C:\\xampp\\htdocs\\tutorial2\\app\\auth\\forgot-password"
2026-01-16T09:34:10.335627Z  INFO scan_sources: tailwindcss_oxide::scanner: Discovering "C:\\xampp\\htdocs\\tutorial2\\app\\auth\\login"
2026-01-16T09:34:10.336070Z  INFO scan_sources: tailwindcss_oxide::scanner: Discovering "C:\\xampp\\htdocs\\tutorial2\\app\\auth\\pending-approval"
2026-01-16T09:34:10.336558Z  INFO scan_sources: tailwindcss_oxide::scanner: Discovering "C:\\xampp\\htdocs\\tutorial2\\app\\auth\\register"
2026-01-16T09:34:10.337112Z  INFO scan_sources: tailwindcss_oxide::scanner: Discovering "C:\\xampp\\htdocs\\tutorial2\\app\\components"
2026-01-16T09:34:10.337651Z  INFO scan_sources: tailwindcss_oxide::scanner: Discovering "C:\\xampp\\htdocs\\tutorial2\\app\\contact"
2026-01-16T09:34:10.338141Z  INFO scan_sources: tailwindcss_oxide::scanner: Discovering "C:\\xampp\\htdocs\\tutorial2\\app\\dashboard"
2026-01-16T09:34:10.338722Z  INFO scan_sources: tailwindcss_oxide::scanner: Discovering "C:\\xampp\\htdocs\\tutorial2\\app\\dashboard\\complete-profile"
2026-01-16T09:34:10.339924Z  INFO scan_sources: tailwindcss_oxide::scanner: Discovering "C:\\xampp\\htdocs\\tutorial2\\app\\dashboard\\events"
2026-01-16T09:34:10.340481Z  INFO scan_sources: tailwindcss_oxide::scanner: Discovering "C:\\xampp\\htdocs\\tutorial2\\app\\dashboard\\events\\create"
2026-01-16T09:34:10.340831Z  INFO scan_sources: tailwindcss_oxide::scanner: Discovering "C:\\xampp\\htdocs\\tutorial2\\app\\dashboard\\events\\create\\page.tsx"
2026-01-16T09:34:10.341336Z  INFO scan_sources: tailwindcss_oxide::scanner: Discovering "C:\\xampp\\htdocs\\tutorial2\\app\\dashboard\\membership-card"
2026-01-16T09:34:10.341966Z  INFO scan_sources: tailwindcss_oxide::scanner: Discovering "C:\\xampp\\htdocs\\tutorial2\\app\\dashboard\\messages"
2026-01-16T09:34:10.342433Z  INFO scan_sources: tailwindcss_oxide::scanner: Discovering "C:\\xampp\\htdocs\\tutorial2\\app\\dashboard\\news"
2026-01-16T09:34:10.342962Z  INFO scan_sources: tailwindcss_oxide::scanner: Discovering "C:\\xampp\\htdocs\\tutorial2\\app\\dashboard\\payment"
2026-01-16T09:34:10.343324Z  INFO scan_sources: tailwindcss_oxide::scanner: Discovering "C:\\xampp\\htdocs\\tutorial2\\app\\dashboard\\payment\\callback"
2026-01-16T09:34:10.343859Z  INFO scan_sources: tailwindcss_oxide::scanner: Discovering "C:\\xampp\\htdocs\\tutorial2\\app\\dashboard\\payment\\success"
2026-01-16T09:34:10.344360Z  INFO scan_sources: tailwindcss_oxide::scanner: Discovering "C:\\xampp\\htdocs\\tutorial2\\app\\dashboard\\profile"
2026-01-16T09:34:10.344820Z  INFO scan_sources: tailwindcss_oxide::scanner: Discovering "C:\\xampp\\htdocs\\tutorial2\\app\\dashboard\\subscribe"
2026-01-16T09:34:10.345358Z  INFO scan_sources: tailwindcss_oxide::scanner: Discovering "C:\\xampp\\htdocs\\tutorial2\\app\\fix-auth"
2026-01-16T09:34:10.351329Z  INFO scan_sources: tailwindcss_oxide::scanner: Discovering "C:\\xampp\\htdocs\\tutorial2\\app\\schemas"
2026-01-16T09:34:10.353044Z  INFO scan_sources: tailwindcss_oxide::scanner: Discovering "C:\\xampp\\htdocs\\tutorial2\\app\\scripts"
2026-01-16T09:34:10.353693Z  INFO scan_sources: tailwindcss_oxide::scanner: Discovering "C:\\xampp\\htdocs\\tutorial2\\app\\unauthorized"
2026-01-16T09:34:10.355313Z  INFO scan_sources: tailwindcss_oxide::scanner: Discovering "C:\\xampp\\htdocs\\tutorial2\\components"
2026-01-16T09:34:10.355707Z  INFO scan_sources: tailwindcss_oxide::scanner: Discovering "C:\\xampp\\htdocs\\tutorial2\\components\\admin"
2026-01-16T09:34:10.356527Z  INFO scan_sources: tailwindcss_oxide::scanner: Discovering "C:\\xampp\\htdocs\\tutorial2\\components\\dashboard"
2026-01-16T09:34:10.357392Z  INFO scan_sources: tailwindcss_oxide::scanner: Discovering "C:\\xampp\\htdocs\\tutorial2\\components\\ui"
2026-01-16T09:34:10.358551Z  INFO scan_sources: tailwindcss_oxide::scanner: Discovering "C:\\xampp\\htdocs\\tutorial2\\components\\web"
2026-01-16T09:34:10.359352Z  INFO scan_sources: tailwindcss_oxide::scanner: Discovering "C:\\xampp\\htdocs\\tutorial2\\contexts"
2026-01-16T09:34:10.359892Z  INFO scan_sources: tailwindcss_oxide::scanner: Discovering "C:\\xampp\\htdocs\\tutorial2\\convex"
2026-01-16T09:34:10.360258Z  INFO scan_sources: tailwindcss_oxide::scanner: Discovering "C:\\xampp\\htdocs\\tutorial2\\convex\\_generated"
2026-01-16T09:34:10.363552Z  INFO scan_sources: tailwindcss_oxide::scanner: Discovering "C:\\xampp\\htdocs\\tutorial2\\database"
2026-01-16T09:34:10.368412Z  INFO scan_sources: tailwindcss_oxide::scanner: Discovering "C:\\xampp\\htdocs\\tutorial2\\deploy-minimal"
2026-01-16T09:34:10.369172Z  INFO scan_sources: tailwindcss_oxide::scanner: Discovering "C:\\xampp\\htdocs\\tutorial2\\deploy-simple"
2026-01-16T09:34:10.371193Z  INFO scan_sources: tailwindcss_oxide::scanner: Discovering "C:\\xampp\\htdocs\\tutorial2\\deploy-temp"
2026-01-16T09:34:10.374031Z  INFO scan_sources: tailwindcss_oxide::scanner: Discovering "C:\\xampp\\htdocs\\tutorial2\\lib"
2026-01-16T09:34:10.376026Z  INFO scan_sources: tailwindcss_oxide::scanner: Discovering "C:\\xampp\\htdocs\\tutorial2\\migrations"
2026-01-16T09:34:10.386312Z  INFO scan_sources: tailwindcss_oxide::scanner: Discovering "C:\\xampp\\htdocs\\tutorial2\\public"
2026-01-16T09:34:10.387063Z  INFO scan_sources: tailwindcss_oxide::scanner: Discovering "C:\\xampp\\htdocs\\tutorial2\\public\\uploads"
2026-01-16T09:34:10.387466Z  INFO scan_sources: tailwindcss_oxide::scanner: Discovering "C:\\xampp\\htdocs\\tutorial2\\public\\uploads\\documents"
2026-01-16T09:34:10.389744Z  INFO scan_sources: tailwindcss_oxide::scanner: Discovering "C:\\xampp\\htdocs\\tutorial2\\public\\uploads\\profile-pictures"
2026-01-16T09:34:10.399180Z  INFO scan_sources: tailwindcss_oxide::scanner: Discovering "C:\\xampp\\htdocs\\tutorial2\\scripts"
2026-01-16T09:34:10.425175Z  INFO scan_sources: tailwindcss_oxide::scanner: Discovering "C:\\xampp\\htdocs\\tutorial2\\types"
2026-01-16T09:34:10.427226Z  INFO scan_sources: tailwindcss_oxide::scanner: exit
2026-01-16T09:34:10.427272Z  INFO extract_candidates: tailwindcss_oxide::scanner: enter
2026-01-16T09:34:10.427281Z  INFO extract_candidates:read_all_files: tailwindcss_oxide::scanner: enter
2026-01-16T09:34:10.427288Z  INFO extract_candidates:read_all_files: tailwindcss_oxide::scanner: Reading 1 file(s)
2026-01-16T09:34:10.429654Z  INFO extract_candidates:read_all_files: tailwindcss_oxide::scanner: Reading "C:\\xampp\\htdocs\\tutorial2\\app\\dashboard\\events\\create\\page.tsx"
2026-01-16T09:34:10.429846Z  INFO extract_candidates:read_all_files: tailwindcss_oxide::scanner: exit
2026-01-16T09:34:10.429877Z  INFO extract_candidates:parse_all_blobs: tailwindcss_oxide::scanner: enter
2026-01-16T09:34:10.429885Z  INFO extract_candidates:parse_all_blobs:extract: tailwindcss_oxide::scanner: enter
2026-01-16T09:34:10.453047Z  INFO extract_candidates:parse_all_blobs:extract: tailwindcss_oxide::scanner: exit
2026-01-16T09:34:10.453100Z  INFO extract_candidates:parse_all_blobs: tailwindcss_oxide::scanner: exit
2026-01-16T09:34:10.455542Z  INFO extract_candidates: tailwindcss_oxide::scanner: exit
2026-01-16T09:34:10.462080Z  INFO get_files: tailwindcss_oxide::scanner: enter
2026-01-16T09:34:10.462135Z  INFO get_files:scan_sources: tailwindcss_oxide::scanner: enter
2026-01-16T09:34:10.465470Z  INFO get_files:scan_sources: tailwindcss_oxide::scanner: Discovering "C:\\xampp\\htdocs\\tutorial2\\.windsurf"
2026-01-16T09:34:10.465863Z  INFO get_files:scan_sources: tailwindcss_oxide::scanner: Discovering "C:\\xampp\\htdocs\\tutorial2\\.windsurf\\workflows"
2026-01-16T09:34:10.466582Z  INFO get_files:scan_sources: tailwindcss_oxide::scanner: Discovering "C:\\xampp\\htdocs\\tutorial2\\api"
2026-01-16T09:34:10.466837Z  INFO get_files:scan_sources: tailwindcss_oxide::scanner: Discovering "C:\\xampp\\htdocs\\tutorial2\\api\\auth"
2026-01-16T09:34:10.467300Z  INFO get_files:scan_sources: tailwindcss_oxide::scanner: Discovering "C:\\xampp\\htdocs\\tutorial2\\app"
2026-01-16T09:34:10.467588Z  INFO get_files:scan_sources: tailwindcss_oxide::scanner: Discovering "C:\\xampp\\htdocs\\tutorial2\\app\\(layout)"
2026-01-16T09:34:10.467936Z  INFO get_files:scan_sources: tailwindcss_oxide::scanner: Discovering "C:\\xampp\\htdocs\\tutorial2\\app\\(shared-layout)"
2026-01-16T09:34:10.468314Z  INFO get_files:scan_sources: tailwindcss_oxide::scanner: Discovering "C:\\xampp\\htdocs\\tutorial2\\app\\about"
2026-01-16T09:34:10.468624Z  INFO get_files:scan_sources: tailwindcss_oxide::scanner: Discovering "C:\\xampp\\htdocs\\tutorial2\\app\\about-us"
2026-01-16T09:34:10.469119Z  INFO get_files:scan_sources: tailwindcss_oxide::scanner: Discovering "C:\\xampp\\htdocs\\tutorial2\\app\\admin"
2026-01-16T09:34:10.469402Z  INFO get_files:scan_sources: tailwindcss_oxide::scanner: Discovering "C:\\xampp\\htdocs\\tutorial2\\app\\admin\\cards"
2026-01-16T09:34:10.469797Z  INFO get_files:scan_sources: tailwindcss_oxide::scanner: Discovering "C:\\xampp\\htdocs\\tutorial2\\app\\admin\\content"
2026-01-16T09:34:10.470048Z  INFO get_files:scan_sources: tailwindcss_oxide::scanner: Discovering "C:\\xampp\\htdocs\\tutorial2\\app\\admin\\content\\about"
2026-01-16T09:34:10.470366Z  INFO get_files:scan_sources: tailwindcss_oxide::scanner: Discovering "C:\\xampp\\htdocs\\tutorial2\\app\\admin\\content\\contact"
2026-01-16T09:34:10.470708Z  INFO get_files:scan_sources: tailwindcss_oxide::scanner: Discovering "C:\\xampp\\htdocs\\tutorial2\\app\\admin\\content\\home"
2026-01-16T09:34:10.471095Z  INFO get_files:scan_sources: tailwindcss_oxide::scanner: Discovering "C:\\xampp\\htdocs\\tutorial2\\app\\admin\\dashboard"
2026-01-16T09:34:10.471428Z  INFO get_files:scan_sources: tailwindcss_oxide::scanner: Discovering "C:\\xampp\\htdocs\\tutorial2\\app\\admin\\events"
2026-01-16T09:34:10.471750Z  INFO get_files:scan_sources: tailwindcss_oxide::scanner: Discovering "C:\\xampp\\htdocs\\tutorial2\\app\\admin\\events\\[id]"
2026-01-16T09:34:10.472061Z  INFO get_files:scan_sources: tailwindcss_oxide::scanner: Discovering "C:\\xampp\\htdocs\\tutorial2\\app\\admin\\events\\[id]\\registrations"
2026-01-16T09:34:10.472534Z  INFO get_files:scan_sources: tailwindcss_oxide::scanner: Discovering "C:\\xampp\\htdocs\\tutorial2\\app\\admin\\membership"
2026-01-16T09:34:10.472948Z  INFO get_files:scan_sources: tailwindcss_oxide::scanner: Discovering "C:\\xampp\\htdocs\\tutorial2\\app\\admin\\news"
2026-01-16T09:34:10.473484Z  INFO get_files:scan_sources: tailwindcss_oxide::scanner: Discovering "C:\\xampp\\htdocs\\tutorial2\\app\\admin\\payment"
2026-01-16T09:34:10.473928Z  INFO get_files:scan_sources: tailwindcss_oxide::scanner: Discovering "C:\\xampp\\htdocs\\tutorial2\\app\\admin\\payments"
2026-01-16T09:34:10.474252Z  INFO get_files:scan_sources: tailwindcss_oxide::scanner: Discovering "C:\\xampp\\htdocs\\tutorial2\\app\\admin\\reports"
2026-01-16T09:34:10.474567Z  INFO get_files:scan_sources: tailwindcss_oxide::scanner: Discovering "C:\\xampp\\htdocs\\tutorial2\\app\\admin\\requests"
2026-01-16T09:34:10.474888Z  INFO get_files:scan_sources: tailwindcss_oxide::scanner: Discovering "C:\\xampp\\htdocs\\tutorial2\\app\\admin\\users"
2026-01-16T09:34:10.475222Z  INFO get_files:scan_sources: tailwindcss_oxide::scanner: Discovering "C:\\xampp\\htdocs\\tutorial2\\app\\admin\\users\\[id]"
2026-01-16T09:34:10.475607Z  INFO get_files:scan_sources: tailwindcss_oxide::scanner: Discovering "C:\\xampp\\htdocs\\tutorial2\\app\\api"
2026-01-16T09:34:10.476354Z  INFO get_files:scan_sources: tailwindcss_oxide::scanner: Discovering "C:\\xampp\\htdocs\\tutorial2\\app\\api\\about-content"
2026-01-16T09:34:10.477066Z  INFO get_files:scan_sources: tailwindcss_oxide::scanner: Discovering "C:\\xampp\\htdocs\\tutorial2\\app\\api\\admin"
2026-01-16T09:34:10.477650Z  INFO get_files:scan_sources: tailwindcss_oxide::scanner: Discovering "C:\\xampp\\htdocs\\tutorial2\\app\\api\\admin\\approve-member"
2026-01-16T09:34:10.478327Z  INFO get_files:scan_sources: tailwindcss_oxide::scanner: Discovering "C:\\xampp\\htdocs\\tutorial2\\app\\api\\admin\\cards"
2026-01-16T09:34:10.478915Z  INFO get_files:scan_sources: tailwindcss_oxide::scanner: Discovering "C:\\xampp\\htdocs\\tutorial2\\app\\api\\admin\\content"
2026-01-16T09:34:10.479777Z  INFO get_files:scan_sources: tailwindcss_oxide::scanner: Discovering "C:\\xampp\\htdocs\\tutorial2\\app\\api\\admin\\content\\about"
2026-01-16T09:34:10.480140Z  INFO get_files:scan_sources: tailwindcss_oxide::scanner: Discovering "C:\\xampp\\htdocs\\tutorial2\\app\\api\\admin\\content\\about\\[id]"
2026-01-16T09:34:10.480728Z  INFO get_files:scan_sources: tailwindcss_oxide::scanner: Discovering "C:\\xampp\\htdocs\\tutorial2\\app\\api\\admin\\content\\contact"
2026-01-16T09:34:10.481126Z  INFO get_files:scan_sources: tailwindcss_oxide::scanner: Discovering "C:\\xampp\\htdocs\\tutorial2\\app\\api\\admin\\content\\contact\\[id]"
2026-01-16T09:34:10.481540Z  INFO get_files:scan_sources: tailwindcss_oxide::scanner: Discovering "C:\\xampp\\htdocs\\tutorial2\\app\\api\\admin\\content\\footer"
2026-01-16T09:34:10.482799Z  INFO get_files:scan_sources: tailwindcss_oxide::scanner: Discovering "C:\\xampp\\htdocs\\tutorial2\\app\\api\\admin\\content\\home"
2026-01-16T09:34:10.483426Z  INFO get_files:scan_sources: tailwindcss_oxide::scanner: Discovering "C:\\xampp\\htdocs\\tutorial2\\app\\api\\admin\\content\\home\\[id]"
2026-01-16T09:34:10.484100Z  INFO get_files:scan_sources: tailwindcss_oxide::scanner: Discovering "C:\\xampp\\htdocs\\tutorial2\\app\\api\\admin\\content\\media"
2026-01-16T09:34:10.484718Z  INFO get_files:scan_sources: tailwindcss_oxide::scanner: Discovering "C:\\xampp\\htdocs\\tutorial2\\app\\api\\admin\\content\\navigation"
2026-01-16T09:34:10.485312Z  INFO get_files:scan_sources: tailwindcss_oxide::scanner: Discovering "C:\\xampp\\htdocs\\tutorial2\\app\\api\\admin\\content\\pages"
2026-01-16T09:34:10.485839Z  INFO get_files:scan_sources: tailwindcss_oxide::scanner: Discovering "C:\\xampp\\htdocs\\tutorial2\\app\\api\\admin\\content\\pages\\[id]"
2026-01-16T09:34:10.486520Z  INFO get_files:scan_sources: tailwindcss_oxide::scanner: Discovering "C:\\xampp\\htdocs\\tutorial2\\app\\api\\admin\\content\\settings"
2026-01-16T09:34:10.487160Z  INFO get_files:scan_sources: tailwindcss_oxide::scanner: Discovering "C:\\xampp\\htdocs\\tutorial2\\app\\api\\admin\\create-admin"
2026-01-16T09:34:10.487698Z  INFO get_files:scan_sources: tailwindcss_oxide::scanner: Discovering "C:\\xampp\\htdocs\\tutorial2\\app\\api\\admin\\deleted-users"
2026-01-16T09:34:10.488216Z  INFO get_files:scan_sources: tailwindcss_oxide::scanner: Discovering "C:\\xampp\\htdocs\\tutorial2\\app\\api\\admin\\events"
2026-01-16T09:34:10.488800Z  INFO get_files:scan_sources: tailwindcss_oxide::scanner: Discovering "C:\\xampp\\htdocs\\tutorial2\\app\\api\\admin\\events\\[id]"
2026-01-16T09:34:10.489189Z  INFO get_files:scan_sources: tailwindcss_oxide::scanner: Discovering "C:\\xampp\\htdocs\\tutorial2\\app\\api\\admin\\events\\[id]\\registrations"
2026-01-16T09:34:10.489972Z  INFO get_files:scan_sources: tailwindcss_oxide::scanner: Discovering "C:\\xampp\\htdocs\\tutorial2\\app\\api\\admin\\fix-admin"
2026-01-16T09:34:10.490531Z  INFO get_files:scan_sources: tailwindcss_oxide::scanner: Discovering "C:\\xampp\\htdocs\\tutorial2\\app\\api\\admin\\membership"
2026-01-16T09:34:10.490926Z  INFO get_files:scan_sources: tailwindcss_oxide::scanner: Discovering "C:\\xampp\\htdocs\\tutorial2\\app\\api\\admin\\membership\\cycles"
2026-01-16T09:34:10.491438Z  INFO get_files:scan_sources: tailwindcss_oxide::scanner: Discovering "C:\\xampp\\htdocs\\tutorial2\\app\\api\\admin\\membership\\settings"
2026-01-16T09:34:10.491940Z  INFO get_files:scan_sources: tailwindcss_oxide::scanner: Discovering "C:\\xampp\\htdocs\\tutorial2\\app\\api\\admin\\membership\\types"
2026-01-16T09:34:10.507158Z  INFO get_files:scan_sources: tailwindcss_oxide::scanner: Discovering "C:\\xampp\\htdocs\\tutorial2\\app\\api\\admin\\news"
2026-01-16T09:34:10.508422Z  INFO get_files:scan_sources: tailwindcss_oxide::scanner: Discovering "C:\\xampp\\htdocs\\tutorial2\\app\\api\\admin\\payment"
2026-01-16T09:34:10.508973Z  INFO get_files:scan_sources: tailwindcss_oxide::scanner: Discovering "C:\\xampp\\htdocs\\tutorial2\\app\\api\\admin\\payments"
2026-01-16T09:34:10.509407Z  INFO get_files:scan_sources: tailwindcss_oxide::scanner: Discovering "C:\\xampp\\htdocs\\tutorial2\\app\\api\\admin\\payments\\list"
2026-01-16T09:34:10.509661Z  INFO get_files:scan_sources: tailwindcss_oxide::scanner: Discovering "C:\\xampp\\htdocs\\tutorial2\\app\\api\\admin\\payments\\list\\export"
2026-01-16T09:34:10.510276Z  INFO get_files:scan_sources: tailwindcss_oxide::scanner: Discovering "C:\\xampp\\htdocs\\tutorial2\\app\\api\\admin\\payments\\[id]"
2026-01-16T09:34:10.510528Z  INFO get_files:scan_sources: tailwindcss_oxide::scanner: Discovering "C:\\xampp\\htdocs\\tutorial2\\app\\api\\admin\\payments\\[id]\\refund"
2026-01-16T09:34:10.510932Z  INFO get_files:scan_sources: tailwindcss_oxide::scanner: Discovering "C:\\xampp\\htdocs\\tutorial2\\app\\api\\admin\\reject-member"
2026-01-16T09:34:10.511391Z  INFO get_files:scan_sources: tailwindcss_oxide::scanner: Discovering "C:\\xampp\\htdocs\\tutorial2\\app\\api\\admin\\report"
2026-01-16T09:34:10.511771Z  INFO get_files:scan_sources: tailwindcss_oxide::scanner: Discovering "C:\\xampp\\htdocs\\tutorial2\\app\\api\\admin\\reports"
2026-01-16T09:34:10.512074Z  INFO get_files:scan_sources: tailwindcss_oxide::scanner: Discovering "C:\\xampp\\htdocs\\tutorial2\\app\\api\\admin\\reports\\generate"
2026-01-16T09:34:10.512572Z  INFO get_files:scan_sources: tailwindcss_oxide::scanner: Discovering "C:\\xampp\\htdocs\\tutorial2\\app\\api\\admin\\reset-admin"
2026-01-16T09:34:10.512961Z  INFO get_files:scan_sources: tailwindcss_oxide::scanner: Discovering "C:\\xampp\\htdocs\\tutorial2\\app\\api\\admin\\users"
2026-01-16T09:34:10.513221Z  INFO get_files:scan_sources: tailwindcss_oxide::scanner: Discovering "C:\\xampp\\htdocs\\tutorial2\\app\\api\\admin\\users\\restore"
2026-01-16T09:34:10.513631Z  INFO get_files:scan_sources: tailwindcss_oxide::scanner: Discovering "C:\\xampp\\htdocs\\tutorial2\\app\\api\\admin\\users\\[id]"
2026-01-16T09:34:10.513972Z  INFO get_files:scan_sources: tailwindcss_oxide::scanner: Discovering "C:\\xampp\\htdocs\\tutorial2\\app\\api\\admin\\users\\[id]\\approve"
2026-01-16T09:34:10.514364Z  INFO get_files:scan_sources: tailwindcss_oxide::scanner: Discovering "C:\\xampp\\htdocs\\tutorial2\\app\\api\\admin\\users\\[id]\\details"
2026-01-16T09:34:10.514778Z  INFO get_files:scan_sources: tailwindcss_oxide::scanner: Discovering "C:\\xampp\\htdocs\\tutorial2\\app\\api\\admin\\users\\[id]\\membership-status"
2026-01-16T09:34:10.515521Z  INFO get_files:scan_sources: tailwindcss_oxide::scanner: Discovering "C:\\xampp\\htdocs\\tutorial2\\app\\api\\admin\\users\\[id]\\password"
2026-01-16T09:34:10.516380Z  INFO get_files:scan_sources: tailwindcss_oxide::scanner: Discovering "C:\\xampp\\htdocs\\tutorial2\\app\\api\\admin\\users\\[id]\\reject"
2026-01-16T09:34:10.517510Z  INFO get_files:scan_sources: tailwindcss_oxide::scanner: Discovering "C:\\xampp\\htdocs\\tutorial2\\app\\api\\auth"
2026-01-16T09:34:10.518002Z  INFO get_files:scan_sources: tailwindcss_oxide::scanner: Discovering "C:\\xampp\\htdocs\\tutorial2\\app\\api\\auth\\forgot-password"
2026-01-16T09:34:10.518585Z  INFO get_files:scan_sources: tailwindcss_oxide::scanner: Discovering "C:\\xampp\\htdocs\\tutorial2\\app\\api\\auth\\login"
2026-01-16T09:34:10.519317Z  INFO get_files:scan_sources: tailwindcss_oxide::scanner: Discovering "C:\\xampp\\htdocs\\tutorial2\\app\\api\\auth\\logout"
2026-01-16T09:34:10.519915Z  INFO get_files:scan_sources: tailwindcss_oxide::scanner: Discovering "C:\\xampp\\htdocs\\tutorial2\\app\\api\\auth\\me"
2026-01-16T09:34:10.520457Z  INFO get_files:scan_sources: tailwindcss_oxide::scanner: Discovering "C:\\xampp\\htdocs\\tutorial2\\app\\api\\auth\\membership-status"
2026-01-16T09:34:10.521048Z  INFO get_files:scan_sources: tailwindcss_oxide::scanner: Discovering "C:\\xampp\\htdocs\\tutorial2\\app\\api\\auth\\profile"
2026-01-16T09:34:10.521762Z  INFO get_files:scan_sources: tailwindcss_oxide::scanner: Discovering "C:\\xampp\\htdocs\\tutorial2\\app\\api\\auth\\refresh"
2026-01-16T09:34:10.522123Z  INFO get_files:scan_sources: tailwindcss_oxide::scanner: Discovering "C:\\xampp\\htdocs\\tutorial2\\app\\api\\auth\\register"
2026-01-16T09:34:10.522435Z  INFO get_files:scan_sources: tailwindcss_oxide::scanner: Discovering "C:\\xampp\\htdocs\\tutorial2\\app\\api\\auth\\[...nextauth]"
2026-01-16T09:34:10.522700Z  INFO get_files:scan_sources: tailwindcss_oxide::scanner: Discovering "C:\\xampp\\htdocs\\tutorial2\\app\\api\\contact-content"
2026-01-16T09:34:10.522906Z  INFO get_files:scan_sources: tailwindcss_oxide::scanner: Discovering "C:\\xampp\\htdocs\\tutorial2\\app\\api\\debug"
2026-01-16T09:34:10.523074Z  INFO get_files:scan_sources: tailwindcss_oxide::scanner: Discovering "C:\\xampp\\htdocs\\tutorial2\\app\\api\\debug\\pricing"
2026-01-16T09:34:10.523276Z  INFO get_files:scan_sources: tailwindcss_oxide::scanner: Discovering "C:\\xampp\\htdocs\\tutorial2\\app\\api\\debug\\send-email"
2026-01-16T09:34:10.523464Z  INFO get_files:scan_sources: tailwindcss_oxide::scanner: Discovering "C:\\xampp\\htdocs\\tutorial2\\app\\api\\debug\\send-test-email"
2026-01-16T09:34:10.523664Z  INFO get_files:scan_sources: tailwindcss_oxide::scanner: Discovering "C:\\xampp\\htdocs\\tutorial2\\app\\api\\events"
2026-01-16T09:34:10.523863Z  INFO get_files:scan_sources: tailwindcss_oxide::scanner: Discovering "C:\\xampp\\htdocs\\tutorial2\\app\\api\\events\\[id]"
2026-01-16T09:34:10.524207Z  INFO get_files:scan_sources: tailwindcss_oxide::scanner: Discovering "C:\\xampp\\htdocs\\tutorial2\\app\\api\\events\\[id]\\register"
2026-01-16T09:34:10.524995Z  INFO get_files:scan_sources: tailwindcss_oxide::scanner: Discovering "C:\\xampp\\htdocs\\tutorial2\\app\\api\\fix-membership"
2026-01-16T09:34:10.525665Z  INFO get_files:scan_sources: tailwindcss_oxide::scanner: Discovering "C:\\xampp\\htdocs\\tutorial2\\app\\api\\home-content"
2026-01-16T09:34:10.526318Z  INFO get_files:scan_sources: tailwindcss_oxide::scanner: Discovering "C:\\xampp\\htdocs\\tutorial2\\app\\api\\membership"
2026-01-16T09:34:10.526788Z  INFO get_files:scan_sources: tailwindcss_oxide::scanner: Discovering "C:\\xampp\\htdocs\\tutorial2\\app\\api\\membership\\complete-payment"
2026-01-16T09:34:10.527374Z  INFO get_files:scan_sources: tailwindcss_oxide::scanner: Discovering "C:\\xampp\\htdocs\\tutorial2\\app\\api\\membership\\next-number"
2026-01-16T09:34:10.527942Z  INFO get_files:scan_sources: tailwindcss_oxide::scanner: Discovering "C:\\xampp\\htdocs\\tutorial2\\app\\api\\membership\\pay"
2026-01-16T09:34:10.528540Z  INFO get_files:scan_sources: tailwindcss_oxide::scanner: Discovering "C:\\xampp\\htdocs\\tutorial2\\app\\api\\membership\\pay-early"
2026-01-16T09:34:10.529138Z  INFO get_files:scan_sources: tailwindcss_oxide::scanner: Discovering "C:\\xampp\\htdocs\\tutorial2\\app\\api\\membership\\payment-status"
2026-01-16T09:34:10.529653Z  INFO get_files:scan_sources: tailwindcss_oxide::scanner: Discovering "C:\\xampp\\htdocs\\tutorial2\\app\\api\\membership\\payment-success"
2026-01-16T09:34:10.530384Z  INFO get_files:scan_sources: tailwindcss_oxide::scanner: Discovering "C:\\xampp\\htdocs\\tutorial2\\app\\api\\membership\\status"
2026-01-16T09:34:10.531109Z  INFO get_files:scan_sources: tailwindcss_oxide::scanner: Discovering "C:\\xampp\\htdocs\\tutorial2\\app\\api\\messages"
2026-01-16T09:34:10.531511Z  INFO get_files:scan_sources: tailwindcss_oxide::scanner: Discovering "C:\\xampp\\htdocs\\tutorial2\\app\\api\\messages\\reply"
2026-01-16T09:34:10.532500Z  INFO get_files:scan_sources: tailwindcss_oxide::scanner: Discovering "C:\\xampp\\htdocs\\tutorial2\\app\\api\\messages\\[id]"
2026-01-16T09:34:10.532851Z  INFO get_files:scan_sources: tailwindcss_oxide::scanner: Discovering "C:\\xampp\\htdocs\\tutorial2\\app\\api\\messages\\[id]\\read"
2026-01-16T09:34:10.533479Z  INFO get_files:scan_sources: tailwindcss_oxide::scanner: Discovering "C:\\xampp\\htdocs\\tutorial2\\app\\api\\news"
2026-01-16T09:34:10.533939Z  INFO get_files:scan_sources: tailwindcss_oxide::scanner: Discovering "C:\\xampp\\htdocs\\tutorial2\\app\\api\\payment"
2026-01-16T09:34:10.534215Z  INFO get_files:scan_sources: tailwindcss_oxide::scanner: Discovering "C:\\xampp\\htdocs\\tutorial2\\app\\api\\payment\\pesapal"
2026-01-16T09:34:10.534613Z  INFO get_files:scan_sources: tailwindcss_oxide::scanner: Discovering "C:\\xampp\\htdocs\\tutorial2\\app\\api\\payments"
2026-01-16T09:34:10.534870Z  INFO get_files:scan_sources: tailwindcss_oxide::scanner: Discovering "C:\\xampp\\htdocs\\tutorial2\\app\\api\\payments\\activate-test"
2026-01-16T09:34:10.535298Z  INFO get_files:scan_sources: tailwindcss_oxide::scanner: Discovering "C:\\xampp\\htdocs\\tutorial2\\app\\api\\payments\\azampay"
2026-01-16T09:34:10.535547Z  INFO get_files:scan_sources: tailwindcss_oxide::scanner: Discovering "C:\\xampp\\htdocs\\tutorial2\\app\\api\\payments\\azampay\\callback"
2026-01-16T09:34:10.535909Z  INFO get_files:scan_sources: tailwindcss_oxide::scanner: Discovering "C:\\xampp\\htdocs\\tutorial2\\app\\api\\payments\\azampay\\checkout"
2026-01-16T09:34:10.536294Z  INFO get_files:scan_sources: tailwindcss_oxide::scanner: Discovering "C:\\xampp\\htdocs\\tutorial2\\app\\api\\payments\\cleanup"
2026-01-16T09:34:10.536647Z  INFO get_files:scan_sources: tailwindcss_oxide::scanner: Discovering "C:\\xampp\\htdocs\\tutorial2\\app\\api\\payments\\complete"
2026-01-16T09:34:10.537130Z  INFO get_files:scan_sources: tailwindcss_oxide::scanner: Discovering "C:\\xampp\\htdocs\\tutorial2\\app\\api\\payments\\mobile-money"
2026-01-16T09:34:10.537467Z  INFO get_files:scan_sources: tailwindcss_oxide::scanner: Discovering "C:\\xampp\\htdocs\\tutorial2\\app\\api\\payments\\payment-status"
2026-01-16T09:34:10.537784Z  INFO get_files:scan_sources: tailwindcss_oxide::scanner: Discovering "C:\\xampp\\htdocs\\tutorial2\\app\\api\\payments\\process"
2026-01-16T09:34:10.538160Z  INFO get_files:scan_sources: tailwindcss_oxide::scanner: Discovering "C:\\xampp\\htdocs\\tutorial2\\app\\api\\reports"
2026-01-16T09:34:10.538413Z  INFO get_files:scan_sources: tailwindcss_oxide::scanner: Discovering "C:\\xampp\\htdocs\\tutorial2\\app\\api\\reports\\generate"
2026-01-16T09:34:10.538730Z  INFO get_files:scan_sources: tailwindcss_oxide::scanner: Discovering "C:\\xampp\\htdocs\\tutorial2\\app\\api\\reports\\send-email"
2026-01-16T09:34:10.539089Z  INFO get_files:scan_sources: tailwindcss_oxide::scanner: Discovering "C:\\xampp\\htdocs\\tutorial2\\app\\api\\send-approval-email"
2026-01-16T09:34:10.539407Z  INFO get_files:scan_sources: tailwindcss_oxide::scanner: Discovering "C:\\xampp\\htdocs\\tutorial2\\app\\api\\settings"
2026-01-16T09:34:10.539709Z  INFO get_files:scan_sources: tailwindcss_oxide::scanner: Discovering "C:\\xampp\\htdocs\\tutorial2\\app\\api\\setup"
2026-01-16T09:34:10.540005Z  INFO get_files:scan_sources: tailwindcss_oxide::scanner: Discovering "C:\\xampp\\htdocs\\tutorial2\\app\\api\\setup\\ensure-admin"
2026-01-16T09:34:10.540380Z  INFO get_files:scan_sources: tailwindcss_oxide::scanner: Discovering "C:\\xampp\\htdocs\\tutorial2\\app\\api\\test-events"
2026-01-16T09:34:10.540718Z  INFO get_files:scan_sources: tailwindcss_oxide::scanner: Discovering "C:\\xampp\\htdocs\\tutorial2\\app\\api\\user"
2026-01-16T09:34:10.540982Z  INFO get_files:scan_sources: tailwindcss_oxide::scanner: Discovering "C:\\xampp\\htdocs\\tutorial2\\app\\api\\user\\profile"
2026-01-16T09:34:10.541368Z  INFO get_files:scan_sources: tailwindcss_oxide::scanner: Discovering "C:\\xampp\\htdocs\\tutorial2\\app\\auth"
2026-01-16T09:34:10.541617Z  INFO get_files:scan_sources: tailwindcss_oxide::scanner: Discovering "C:\\xampp\\htdocs\\tutorial2\\app\\auth\\forgot-password"
2026-01-16T09:34:10.541998Z  INFO get_files:scan_sources: tailwindcss_oxide::scanner: Discovering "C:\\xampp\\htdocs\\tutorial2\\app\\auth\\login"
2026-01-16T09:34:10.542314Z  INFO get_files:scan_sources: tailwindcss_oxide::scanner: Discovering "C:\\xampp\\htdocs\\tutorial2\\app\\auth\\pending-approval"
2026-01-16T09:34:10.542605Z  INFO get_files:scan_sources: tailwindcss_oxide::scanner: Discovering "C:\\xampp\\htdocs\\tutorial2\\app\\auth\\register"
2026-01-16T09:34:10.544103Z  INFO get_files:scan_sources: tailwindcss_oxide::scanner: Discovering "C:\\xampp\\htdocs\\tutorial2\\app\\components"
2026-01-16T09:34:10.544643Z  INFO get_files:scan_sources: tailwindcss_oxide::scanner: Discovering "C:\\xampp\\htdocs\\tutorial2\\app\\contact"
2026-01-16T09:34:10.545016Z  INFO get_files:scan_sources: tailwindcss_oxide::scanner: Discovering "C:\\xampp\\htdocs\\tutorial2\\app\\dashboard"
2026-01-16T09:34:10.545436Z  INFO get_files:scan_sources: tailwindcss_oxide::scanner: Discovering "C:\\xampp\\htdocs\\tutorial2\\app\\dashboard\\complete-profile"
2026-01-16T09:34:10.545820Z  INFO get_files:scan_sources: tailwindcss_oxide::scanner: Discovering "C:\\xampp\\htdocs\\tutorial2\\app\\dashboard\\events"
2026-01-16T09:34:10.546080Z  INFO get_files:scan_sources: tailwindcss_oxide::scanner: Discovering "C:\\xampp\\htdocs\\tutorial2\\app\\dashboard\\events\\create"
2026-01-16T09:34:10.546275Z  INFO get_files:scan_sources: tailwindcss_oxide::scanner: Discovering "C:\\xampp\\htdocs\\tutorial2\\app\\dashboard\\events\\create\\page.tsx"
2026-01-16T09:34:10.546625Z  INFO get_files:scan_sources: tailwindcss_oxide::scanner: Discovering "C:\\xampp\\htdocs\\tutorial2\\app\\dashboard\\membership-card"
2026-01-16T09:34:10.547046Z  INFO get_files:scan_sources: tailwindcss_oxide::scanner: Discovering "C:\\xampp\\htdocs\\tutorial2\\app\\dashboard\\messages"
2026-01-16T09:34:10.547373Z  INFO get_files:scan_sources: tailwindcss_oxide::scanner: Discovering "C:\\xampp\\htdocs\\tutorial2\\app\\dashboard\\news"
2026-01-16T09:34:10.547820Z  INFO get_files:scan_sources: tailwindcss_oxide::scanner: Discovering "C:\\xampp\\htdocs\\tutorial2\\app\\dashboard\\payment"
2026-01-16T09:34:10.548063Z  INFO get_files:scan_sources: tailwindcss_oxide::scanner: Discovering "C:\\xampp\\htdocs\\tutorial2\\app\\dashboard\\payment\\callback"
2026-01-16T09:34:10.548958Z  INFO get_files:scan_sources: tailwindcss_oxide::scanner: Discovering "C:\\xampp\\htdocs\\tutorial2\\app\\dashboard\\payment\\success"
2026-01-16T09:34:10.549710Z  INFO get_files:scan_sources: tailwindcss_oxide::scanner: Discovering "C:\\xampp\\htdocs\\tutorial2\\app\\dashboard\\profile"
2026-01-16T09:34:10.550342Z  INFO get_files:scan_sources: tailwindcss_oxide::scanner: Discovering "C:\\xampp\\htdocs\\tutorial2\\app\\dashboard\\subscribe"
2026-01-16T09:34:10.550984Z  INFO get_files:scan_sources: tailwindcss_oxide::scanner: Discovering "C:\\xampp\\htdocs\\tutorial2\\app\\fix-auth"
2026-01-16T09:34:10.551938Z  INFO get_files:scan_sources: tailwindcss_oxide::scanner: Discovering "C:\\xampp\\htdocs\\tutorial2\\app\\schemas"
2026-01-16T09:34:10.552534Z  INFO get_files:scan_sources: tailwindcss_oxide::scanner: Discovering "C:\\xampp\\htdocs\\tutorial2\\app\\scripts"
2026-01-16T09:34:10.553096Z  INFO get_files:scan_sources: tailwindcss_oxide::scanner: Discovering "C:\\xampp\\htdocs\\tutorial2\\app\\unauthorized"
2026-01-16T09:34:10.554875Z  INFO get_files:scan_sources: tailwindcss_oxide::scanner: Discovering "C:\\xampp\\htdocs\\tutorial2\\components"
2026-01-16T09:34:10.555333Z  INFO get_files:scan_sources: tailwindcss_oxide::scanner: Discovering "C:\\xampp\\htdocs\\tutorial2\\components\\admin"
2026-01-16T09:34:10.556089Z  INFO get_files:scan_sources: tailwindcss_oxide::scanner: Discovering "C:\\xampp\\htdocs\\tutorial2\\components\\dashboard"
2026-01-16T09:34:10.557102Z  INFO get_files:scan_sources: tailwindcss_oxide::scanner: Discovering "C:\\xampp\\htdocs\\tutorial2\\components\\ui"
2026-01-16T09:34:10.558528Z  INFO get_files:scan_sources: tailwindcss_oxide::scanner: Discovering "C:\\xampp\\htdocs\\tutorial2\\components\\web"
2026-01-16T09:34:10.559492Z  INFO get_files:scan_sources: tailwindcss_oxide::scanner: Discovering "C:\\xampp\\htdocs\\tutorial2\\contexts"
2026-01-16T09:34:10.560060Z  INFO get_files:scan_sources: tailwindcss_oxide::scanner: Discovering "C:\\xampp\\htdocs\\tutorial2\\convex"
2026-01-16T09:34:10.560526Z  INFO get_files:scan_sources: tailwindcss_oxide::scanner: Discovering "C:\\xampp\\htdocs\\tutorial2\\convex\\_generated"
2026-01-16T09:34:10.561264Z  INFO get_files:scan_sources: tailwindcss_oxide::scanner: Discovering "C:\\xampp\\htdocs\\tutorial2\\database"
2026-01-16T09:34:10.562551Z  INFO get_files:scan_sources: tailwindcss_oxide::scanner: Discovering "C:\\xampp\\htdocs\\tutorial2\\deploy-minimal"
2026-01-16T09:34:10.563002Z  INFO get_files:scan_sources: tailwindcss_oxide::scanner: Discovering "C:\\xampp\\htdocs\\tutorial2\\deploy-simple"
2026-01-16T09:34:10.563428Z  INFO get_files:scan_sources: tailwindcss_oxide::scanner: Discovering "C:\\xampp\\htdocs\\tutorial2\\deploy-temp"
2026-01-16T09:34:10.564704Z  INFO get_files:scan_sources: tailwindcss_oxide::scanner: Discovering "C:\\xampp\\htdocs\\tutorial2\\lib"
2026-01-16T09:34:10.567103Z  INFO get_files:scan_sources: tailwindcss_oxide::scanner: Discovering "C:\\xampp\\htdocs\\tutorial2\\migrations"
2026-01-16T09:34:10.570077Z  INFO get_files:scan_sources: tailwindcss_oxide::scanner: Discovering "C:\\xampp\\htdocs\\tutorial2\\public"
2026-01-16T09:34:10.570935Z  INFO get_files:scan_sources: tailwindcss_oxide::scanner: Discovering "C:\\xampp\\htdocs\\tutorial2\\public\\uploads"
2026-01-16T09:34:10.571431Z  INFO get_files:scan_sources: tailwindcss_oxide::scanner: Discovering "C:\\xampp\\htdocs\\tutorial2\\public\\uploads\\documents"
2026-01-16T09:34:10.571990Z  INFO get_files:scan_sources: tailwindcss_oxide::scanner: Discovering "C:\\xampp\\htdocs\\tutorial2\\public\\uploads\\profile-pictures"
2026-01-16T09:34:10.573783Z  INFO get_files:scan_sources: tailwindcss_oxide::scanner: Discovering "C:\\xampp\\htdocs\\tutorial2\\scripts"
2026-01-16T09:34:10.576757Z  INFO get_files:scan_sources: tailwindcss_oxide::scanner: Discovering "C:\\xampp\\htdocs\\tutorial2\\types"
2026-01-16T09:34:10.577410Z  INFO get_files:scan_sources: tailwindcss_oxide::scanner: exit
2026-01-16T09:34:10.577640Z  INFO get_files: tailwindcss_oxide::scanner: exit
2026-01-16T09:34:10.578360Z  INFO get_globs: tailwindcss_oxide::scanner: enter
2026-01-16T09:34:10.578379Z  INFO get_globs: tailwindcss_oxide::scanner: exit
2026-01-16T09:34:29.321103Z  INFO scan_sources: tailwindcss_oxide::scanner: enter
2026-01-16T09:34:29.325410Z  INFO scan_sources: tailwindcss_oxide::scanner: Discovering "C:\\xampp\\htdocs\\tutorial2\\.windsurf"
2026-01-16T09:34:29.325933Z  INFO scan_sources: tailwindcss_oxide::scanner: Discovering "C:\\xampp\\htdocs\\tutorial2\\.windsurf\\workflows"
2026-01-16T09:34:29.327267Z  INFO scan_sources: tailwindcss_oxide::scanner: Discovering "C:\\xampp\\htdocs\\tutorial2\\api"
2026-01-16T09:34:29.327813Z  INFO scan_sources: tailwindcss_oxide::scanner: Discovering "C:\\xampp\\htdocs\\tutorial2\\api\\auth"
2026-01-16T09:34:29.328697Z  INFO scan_sources: tailwindcss_oxide::scanner: Discovering "C:\\xampp\\htdocs\\tutorial2\\app"
2026-01-16T09:34:29.329135Z  INFO scan_sources: tailwindcss_oxide::scanner: Discovering "C:\\xampp\\htdocs\\tutorial2\\app\\(layout)"
2026-01-16T09:34:29.329656Z  INFO scan_sources: tailwindcss_oxide::scanner: Discovering "C:\\xampp\\htdocs\\tutorial2\\app\\(shared-layout)"
2026-01-16T09:34:29.330261Z  INFO scan_sources: tailwindcss_oxide::scanner: Discovering "C:\\xampp\\htdocs\\tutorial2\\app\\about"
2026-01-16T09:34:29.330791Z  INFO scan_sources: tailwindcss_oxide::scanner: Discovering "C:\\xampp\\htdocs\\tutorial2\\app\\about-us"
2026-01-16T09:34:29.331291Z  INFO scan_sources: tailwindcss_oxide::scanner: Discovering "C:\\xampp\\htdocs\\tutorial2\\app\\admin"
2026-01-16T09:34:29.331676Z  INFO scan_sources: tailwindcss_oxide::scanner: Discovering "C:\\xampp\\htdocs\\tutorial2\\app\\admin\\cards"
2026-01-16T09:34:29.332297Z  INFO scan_sources: tailwindcss_oxide::scanner: Discovering "C:\\xampp\\htdocs\\tutorial2\\app\\admin\\content"
2026-01-16T09:34:29.332831Z  INFO scan_sources: tailwindcss_oxide::scanner: Discovering "C:\\xampp\\htdocs\\tutorial2\\app\\admin\\content\\about"
2026-01-16T09:34:29.333414Z  INFO scan_sources: tailwindcss_oxide::scanner: Discovering "C:\\xampp\\htdocs\\tutorial2\\app\\admin\\content\\contact"
2026-01-16T09:34:29.333997Z  INFO scan_sources: tailwindcss_oxide::scanner: Discovering "C:\\xampp\\htdocs\\tutorial2\\app\\admin\\content\\home"
2026-01-16T09:34:29.334714Z  INFO scan_sources: tailwindcss_oxide::scanner: Discovering "C:\\xampp\\htdocs\\tutorial2\\app\\admin\\dashboard"
2026-01-16T09:34:29.335330Z  INFO scan_sources: tailwindcss_oxide::scanner: Discovering "C:\\xampp\\htdocs\\tutorial2\\app\\admin\\events"
2026-01-16T09:34:29.335825Z  INFO scan_sources: tailwindcss_oxide::scanner: Discovering "C:\\xampp\\htdocs\\tutorial2\\app\\admin\\events\\[id]"
2026-01-16T09:34:29.336382Z  INFO scan_sources: tailwindcss_oxide::scanner: Discovering "C:\\xampp\\htdocs\\tutorial2\\app\\admin\\events\\[id]\\registrations"
2026-01-16T09:34:29.337130Z  INFO scan_sources: tailwindcss_oxide::scanner: Discovering "C:\\xampp\\htdocs\\tutorial2\\app\\admin\\membership"
2026-01-16T09:34:29.337661Z  INFO scan_sources: tailwindcss_oxide::scanner: Discovering "C:\\xampp\\htdocs\\tutorial2\\app\\admin\\news"
2026-01-16T09:34:29.338818Z  INFO scan_sources: tailwindcss_oxide::scanner: Discovering "C:\\xampp\\htdocs\\tutorial2\\app\\admin\\payment"
2026-01-16T09:34:29.339483Z  INFO scan_sources: tailwindcss_oxide::scanner: Discovering "C:\\xampp\\htdocs\\tutorial2\\app\\admin\\payments"
2026-01-16T09:34:29.340012Z  INFO scan_sources: tailwindcss_oxide::scanner: Discovering "C:\\xampp\\htdocs\\tutorial2\\app\\admin\\reports"
2026-01-16T09:34:29.340711Z  INFO scan_sources: tailwindcss_oxide::scanner: Discovering "C:\\xampp\\htdocs\\tutorial2\\app\\admin\\requests"
2026-01-16T09:34:29.341181Z  INFO scan_sources: tailwindcss_oxide::scanner: Discovering "C:\\xampp\\htdocs\\tutorial2\\app\\admin\\users"
2026-01-16T09:34:29.341423Z  INFO scan_sources: tailwindcss_oxide::scanner: Discovering "C:\\xampp\\htdocs\\tutorial2\\app\\admin\\users\\page.tsx"
2026-01-16T09:34:29.341594Z  INFO scan_sources: tailwindcss_oxide::scanner: Discovering "C:\\xampp\\htdocs\\tutorial2\\app\\admin\\users\\[id]"
2026-01-16T09:34:29.342008Z  INFO scan_sources: tailwindcss_oxide::scanner: Discovering "C:\\xampp\\htdocs\\tutorial2\\app\\api"
2026-01-16T09:34:29.342280Z  INFO scan_sources: tailwindcss_oxide::scanner: Discovering "C:\\xampp\\htdocs\\tutorial2\\app\\api\\about-content"
2026-01-16T09:34:29.342587Z  INFO scan_sources: tailwindcss_oxide::scanner: Discovering "C:\\xampp\\htdocs\\tutorial2\\app\\api\\admin"
2026-01-16T09:34:29.342796Z  INFO scan_sources: tailwindcss_oxide::scanner: Discovering "C:\\xampp\\htdocs\\tutorial2\\app\\api\\admin\\approve-member"
2026-01-16T09:34:29.343102Z  INFO scan_sources: tailwindcss_oxide::scanner: Discovering "C:\\xampp\\htdocs\\tutorial2\\app\\api\\admin\\cards"
2026-01-16T09:34:29.343432Z  INFO scan_sources: tailwindcss_oxide::scanner: Discovering "C:\\xampp\\htdocs\\tutorial2\\app\\api\\admin\\content"
2026-01-16T09:34:29.343658Z  INFO scan_sources: tailwindcss_oxide::scanner: Discovering "C:\\xampp\\htdocs\\tutorial2\\app\\api\\admin\\content\\about"
2026-01-16T09:34:29.343946Z  INFO scan_sources: tailwindcss_oxide::scanner: Discovering "C:\\xampp\\htdocs\\tutorial2\\app\\api\\admin\\content\\about\\[id]"
2026-01-16T09:34:29.344314Z  INFO scan_sources: tailwindcss_oxide::scanner: Discovering "C:\\xampp\\htdocs\\tutorial2\\app\\api\\admin\\content\\contact"
2026-01-16T09:34:29.344674Z  INFO scan_sources: tailwindcss_oxide::scanner: Discovering "C:\\xampp\\htdocs\\tutorial2\\app\\api\\admin\\content\\contact\\[id]"
2026-01-16T09:34:29.345054Z  INFO scan_sources: tailwindcss_oxide::scanner: Discovering "C:\\xampp\\htdocs\\tutorial2\\app\\api\\admin\\content\\footer"
2026-01-16T09:34:29.345374Z  INFO scan_sources: tailwindcss_oxide::scanner: Discovering "C:\\xampp\\htdocs\\tutorial2\\app\\api\\admin\\content\\home"
2026-01-16T09:34:29.345637Z  INFO scan_sources: tailwindcss_oxide::scanner: Discovering "C:\\xampp\\htdocs\\tutorial2\\app\\api\\admin\\content\\home\\[id]"
2026-01-16T09:34:29.346006Z  INFO scan_sources: tailwindcss_oxide::scanner: Discovering "C:\\xampp\\htdocs\\tutorial2\\app\\api\\admin\\content\\media"
2026-01-16T09:34:29.346347Z  INFO scan_sources: tailwindcss_oxide::scanner: Discovering "C:\\xampp\\htdocs\\tutorial2\\app\\api\\admin\\content\\navigation"
2026-01-16T09:34:29.346649Z  INFO scan_sources: tailwindcss_oxide::scanner: Discovering "C:\\xampp\\htdocs\\tutorial2\\app\\api\\admin\\content\\pages"
2026-01-16T09:34:29.346931Z  INFO scan_sources: tailwindcss_oxide::scanner: Discovering "C:\\xampp\\htdocs\\tutorial2\\app\\api\\admin\\content\\pages\\[id]"
2026-01-16T09:34:29.347281Z  INFO scan_sources: tailwindcss_oxide::scanner: Discovering "C:\\xampp\\htdocs\\tutorial2\\app\\api\\admin\\content\\settings"
2026-01-16T09:34:29.347577Z  INFO scan_sources: tailwindcss_oxide::scanner: Discovering "C:\\xampp\\htdocs\\tutorial2\\app\\api\\admin\\create-admin"
2026-01-16T09:34:29.347873Z  INFO scan_sources: tailwindcss_oxide::scanner: Discovering "C:\\xampp\\htdocs\\tutorial2\\app\\api\\admin\\deleted-users"
2026-01-16T09:34:29.348149Z  INFO scan_sources: tailwindcss_oxide::scanner: Discovering "C:\\xampp\\htdocs\\tutorial2\\app\\api\\admin\\events"
2026-01-16T09:34:29.349280Z  INFO scan_sources: tailwindcss_oxide::scanner: Discovering "C:\\xampp\\htdocs\\tutorial2\\app\\api\\admin\\events\\[id]"
2026-01-16T09:34:29.349724Z  INFO scan_sources: tailwindcss_oxide::scanner: Discovering "C:\\xampp\\htdocs\\tutorial2\\app\\api\\admin\\events\\[id]\\registrations"
2026-01-16T09:34:29.350358Z  INFO scan_sources: tailwindcss_oxide::scanner: Discovering "C:\\xampp\\htdocs\\tutorial2\\app\\api\\admin\\fix-admin"
2026-01-16T09:34:29.350730Z  INFO scan_sources: tailwindcss_oxide::scanner: Discovering "C:\\xampp\\htdocs\\tutorial2\\app\\api\\admin\\membership"
2026-01-16T09:34:29.350999Z  INFO scan_sources: tailwindcss_oxide::scanner: Discovering "C:\\xampp\\htdocs\\tutorial2\\app\\api\\admin\\membership\\cycles"
2026-01-16T09:34:29.351580Z  INFO scan_sources: tailwindcss_oxide::scanner: Discovering "C:\\xampp\\htdocs\\tutorial2\\app\\api\\admin\\membership\\settings"
2026-01-16T09:34:29.351932Z  INFO scan_sources: tailwindcss_oxide::scanner: Discovering "C:\\xampp\\htdocs\\tutorial2\\app\\api\\admin\\membership\\types"
2026-01-16T09:34:29.352317Z  INFO scan_sources: tailwindcss_oxide::scanner: Discovering "C:\\xampp\\htdocs\\tutorial2\\app\\api\\admin\\news"
2026-01-16T09:34:29.353361Z  INFO scan_sources: tailwindcss_oxide::scanner: Discovering "C:\\xampp\\htdocs\\tutorial2\\app\\api\\admin\\payment"
2026-01-16T09:34:29.354790Z  INFO scan_sources: tailwindcss_oxide::scanner: Discovering "C:\\xampp\\htdocs\\tutorial2\\app\\api\\admin\\payments"
2026-01-16T09:34:29.355401Z  INFO scan_sources: tailwindcss_oxide::scanner: Discovering "C:\\xampp\\htdocs\\tutorial2\\app\\api\\admin\\payments\\list"
2026-01-16T09:34:29.355972Z  INFO scan_sources: tailwindcss_oxide::scanner: Discovering "C:\\xampp\\htdocs\\tutorial2\\app\\api\\admin\\payments\\list\\export"
2026-01-16T09:34:29.357202Z  INFO scan_sources: tailwindcss_oxide::scanner: Discovering "C:\\xampp\\htdocs\\tutorial2\\app\\api\\admin\\payments\\[id]"
2026-01-16T09:34:29.357963Z  INFO scan_sources: tailwindcss_oxide::scanner: Discovering "C:\\xampp\\htdocs\\tutorial2\\app\\api\\admin\\payments\\[id]\\refund"
2026-01-16T09:34:29.358939Z  INFO scan_sources: tailwindcss_oxide::scanner: Discovering "C:\\xampp\\htdocs\\tutorial2\\app\\api\\admin\\reject-member"
2026-01-16T09:34:29.359556Z  INFO scan_sources: tailwindcss_oxide::scanner: Discovering "C:\\xampp\\htdocs\\tutorial2\\app\\api\\admin\\report"
2026-01-16T09:34:29.360168Z  INFO scan_sources: tailwindcss_oxide::scanner: Discovering "C:\\xampp\\htdocs\\tutorial2\\app\\api\\admin\\reports"
2026-01-16T09:34:29.360646Z  INFO scan_sources: tailwindcss_oxide::scanner: Discovering "C:\\xampp\\htdocs\\tutorial2\\app\\api\\admin\\reports\\generate"
2026-01-16T09:34:29.361439Z  INFO scan_sources: tailwindcss_oxide::scanner: Discovering "C:\\xampp\\htdocs\\tutorial2\\app\\api\\admin\\reset-admin"
2026-01-16T09:34:29.362023Z  INFO scan_sources: tailwindcss_oxide::scanner: Discovering "C:\\xampp\\htdocs\\tutorial2\\app\\api\\admin\\users"
2026-01-16T09:34:29.362461Z  INFO scan_sources: tailwindcss_oxide::scanner: Discovering "C:\\xampp\\htdocs\\tutorial2\\app\\api\\admin\\users\\restore"
2026-01-16T09:34:29.363159Z  INFO scan_sources: tailwindcss_oxide::scanner: Discovering "C:\\xampp\\htdocs\\tutorial2\\app\\api\\admin\\users\\[id]"
2026-01-16T09:34:29.363641Z  INFO scan_sources: tailwindcss_oxide::scanner: Discovering "C:\\xampp\\htdocs\\tutorial2\\app\\api\\admin\\users\\[id]\\approve"
2026-01-16T09:34:29.364214Z  INFO scan_sources: tailwindcss_oxide::scanner: Discovering "C:\\xampp\\htdocs\\tutorial2\\app\\api\\admin\\users\\[id]\\details"
2026-01-16T09:34:29.364809Z  INFO scan_sources: tailwindcss_oxide::scanner: Discovering "C:\\xampp\\htdocs\\tutorial2\\app\\api\\admin\\users\\[id]\\membership-status"
2026-01-16T09:34:29.365495Z  INFO scan_sources: tailwindcss_oxide::scanner: Discovering "C:\\xampp\\htdocs\\tutorial2\\app\\api\\admin\\users\\[id]\\password"
2026-01-16T09:34:29.366599Z  INFO scan_sources: tailwindcss_oxide::scanner: Discovering "C:\\xampp\\htdocs\\tutorial2\\app\\api\\admin\\users\\[id]\\reject"
2026-01-16T09:34:29.367559Z  INFO scan_sources: tailwindcss_oxide::scanner: Discovering "C:\\xampp\\htdocs\\tutorial2\\app\\api\\auth"
2026-01-16T09:34:29.368070Z  INFO scan_sources: tailwindcss_oxide::scanner: Discovering "C:\\xampp\\htdocs\\tutorial2\\app\\api\\auth\\forgot-password"
2026-01-16T09:34:29.368632Z  INFO scan_sources: tailwindcss_oxide::scanner: Discovering "C:\\xampp\\htdocs\\tutorial2\\app\\api\\auth\\login"
2026-01-16T09:34:29.369197Z  INFO scan_sources: tailwindcss_oxide::scanner: Discovering "C:\\xampp\\htdocs\\tutorial2\\app\\api\\auth\\logout"
2026-01-16T09:34:29.369749Z  INFO scan_sources: tailwindcss_oxide::scanner: Discovering "C:\\xampp\\htdocs\\tutorial2\\app\\api\\auth\\me"
2026-01-16T09:34:29.370274Z  INFO scan_sources: tailwindcss_oxide::scanner: Discovering "C:\\xampp\\htdocs\\tutorial2\\app\\api\\auth\\membership-status"
2026-01-16T09:34:29.370854Z  INFO scan_sources: tailwindcss_oxide::scanner: Discovering "C:\\xampp\\htdocs\\tutorial2\\app\\api\\auth\\profile"
2026-01-16T09:34:29.371524Z  INFO scan_sources: tailwindcss_oxide::scanner: Discovering "C:\\xampp\\htdocs\\tutorial2\\app\\api\\auth\\refresh"
2026-01-16T09:34:29.372129Z  INFO scan_sources: tailwindcss_oxide::scanner: Discovering "C:\\xampp\\htdocs\\tutorial2\\app\\api\\auth\\register"
2026-01-16T09:34:29.372704Z  INFO scan_sources: tailwindcss_oxide::scanner: Discovering "C:\\xampp\\htdocs\\tutorial2\\app\\api\\auth\\[...nextauth]"
2026-01-16T09:34:29.373392Z  INFO scan_sources: tailwindcss_oxide::scanner: Discovering "C:\\xampp\\htdocs\\tutorial2\\app\\api\\contact-content"
2026-01-16T09:34:29.373952Z  INFO scan_sources: tailwindcss_oxide::scanner: Discovering "C:\\xampp\\htdocs\\tutorial2\\app\\api\\debug"
2026-01-16T09:34:29.374363Z  INFO scan_sources: tailwindcss_oxide::scanner: Discovering "C:\\xampp\\htdocs\\tutorial2\\app\\api\\debug\\pricing"
2026-01-16T09:34:29.374900Z  INFO scan_sources: tailwindcss_oxide::scanner: Discovering "C:\\xampp\\htdocs\\tutorial2\\app\\api\\debug\\send-email"
2026-01-16T09:34:29.375498Z  INFO scan_sources: tailwindcss_oxide::scanner: Discovering "C:\\xampp\\htdocs\\tutorial2\\app\\api\\debug\\send-test-email"
2026-01-16T09:34:29.376088Z  INFO scan_sources: tailwindcss_oxide::scanner: Discovering "C:\\xampp\\htdocs\\tutorial2\\app\\api\\events"
2026-01-16T09:34:29.376535Z  INFO scan_sources: tailwindcss_oxide::scanner: Discovering "C:\\xampp\\htdocs\\tutorial2\\app\\api\\events\\[id]"
2026-01-16T09:34:29.376918Z  INFO scan_sources: tailwindcss_oxide::scanner: Discovering "C:\\xampp\\htdocs\\tutorial2\\app\\api\\events\\[id]\\register"
2026-01-16T09:34:29.377592Z  INFO scan_sources: tailwindcss_oxide::scanner: Discovering "C:\\xampp\\htdocs\\tutorial2\\app\\api\\fix-membership"
2026-01-16T09:34:29.378185Z  INFO scan_sources: tailwindcss_oxide::scanner: Discovering "C:\\xampp\\htdocs\\tutorial2\\app\\api\\home-content"
2026-01-16T09:34:29.378756Z  INFO scan_sources: tailwindcss_oxide::scanner: Discovering "C:\\xampp\\htdocs\\tutorial2\\app\\api\\membership"
2026-01-16T09:34:29.379209Z  INFO scan_sources: tailwindcss_oxide::scanner: Discovering "C:\\xampp\\htdocs\\tutorial2\\app\\api\\membership\\complete-payment"
2026-01-16T09:34:29.379810Z  INFO scan_sources: tailwindcss_oxide::scanner: Discovering "C:\\xampp\\htdocs\\tutorial2\\app\\api\\membership\\next-number"
2026-01-16T09:34:29.380392Z  INFO scan_sources: tailwindcss_oxide::scanner: Discovering "C:\\xampp\\htdocs\\tutorial2\\app\\api\\membership\\pay"
2026-01-16T09:34:29.380948Z  INFO scan_sources: tailwindcss_oxide::scanner: Discovering "C:\\xampp\\htdocs\\tutorial2\\app\\api\\membership\\pay-early"
2026-01-16T09:34:29.381542Z  INFO scan_sources: tailwindcss_oxide::scanner: Discovering "C:\\xampp\\htdocs\\tutorial2\\app\\api\\membership\\payment-status"
2026-01-16T09:34:29.393114Z  INFO scan_sources: tailwindcss_oxide::scanner: Discovering "C:\\xampp\\htdocs\\tutorial2\\app\\api\\membership\\payment-success"
2026-01-16T09:34:29.394276Z  INFO scan_sources: tailwindcss_oxide::scanner: Discovering "C:\\xampp\\htdocs\\tutorial2\\app\\api\\membership\\status"
2026-01-16T09:34:29.395215Z  INFO scan_sources: tailwindcss_oxide::scanner: Discovering "C:\\xampp\\htdocs\\tutorial2\\app\\api\\messages"
2026-01-16T09:34:29.396105Z  INFO scan_sources: tailwindcss_oxide::scanner: Discovering "C:\\xampp\\htdocs\\tutorial2\\app\\api\\messages\\reply"
2026-01-16T09:34:29.397010Z  INFO scan_sources: tailwindcss_oxide::scanner: Discovering "C:\\xampp\\htdocs\\tutorial2\\app\\api\\messages\\[id]"
2026-01-16T09:34:29.397531Z  INFO scan_sources: tailwindcss_oxide::scanner: Discovering "C:\\xampp\\htdocs\\tutorial2\\app\\api\\messages\\[id]\\read"
2026-01-16T09:34:29.398589Z  INFO scan_sources: tailwindcss_oxide::scanner: Discovering "C:\\xampp\\htdocs\\tutorial2\\app\\api\\news"
2026-01-16T09:34:29.400501Z  INFO scan_sources: tailwindcss_oxide::scanner: Discovering "C:\\xampp\\htdocs\\tutorial2\\app\\api\\payment"
2026-01-16T09:34:29.401205Z  INFO scan_sources: tailwindcss_oxide::scanner: Discovering "C:\\xampp\\htdocs\\tutorial2\\app\\api\\payment\\pesapal"
2026-01-16T09:34:29.402023Z  INFO scan_sources: tailwindcss_oxide::scanner: Discovering "C:\\xampp\\htdocs\\tutorial2\\app\\api\\payments"
2026-01-16T09:34:29.403343Z  INFO scan_sources: tailwindcss_oxide::scanner: Discovering "C:\\xampp\\htdocs\\tutorial2\\app\\api\\payments\\activate-test"
2026-01-16T09:34:29.404138Z  INFO scan_sources: tailwindcss_oxide::scanner: Discovering "C:\\xampp\\htdocs\\tutorial2\\app\\api\\payments\\azampay"
2026-01-16T09:34:29.405542Z  INFO scan_sources: tailwindcss_oxide::scanner: Discovering "C:\\xampp\\htdocs\\tutorial2\\app\\api\\payments\\azampay\\callback"
2026-01-16T09:34:29.406687Z  INFO scan_sources: tailwindcss_oxide::scanner: Discovering "C:\\xampp\\htdocs\\tutorial2\\app\\api\\payments\\azampay\\checkout"
2026-01-16T09:34:29.408015Z  INFO scan_sources: tailwindcss_oxide::scanner: Discovering "C:\\xampp\\htdocs\\tutorial2\\app\\api\\payments\\cleanup"
2026-01-16T09:34:29.408975Z  INFO scan_sources: tailwindcss_oxide::scanner: Discovering "C:\\xampp\\htdocs\\tutorial2\\app\\api\\payments\\complete"
2026-01-16T09:34:29.410313Z  INFO scan_sources: tailwindcss_oxide::scanner: Discovering "C:\\xampp\\htdocs\\tutorial2\\app\\api\\payments\\mobile-money"
2026-01-16T09:34:29.410808Z  INFO scan_sources: tailwindcss_oxide::scanner: Discovering "C:\\xampp\\htdocs\\tutorial2\\app\\api\\payments\\payment-status"
2026-01-16T09:34:29.411270Z  INFO scan_sources: tailwindcss_oxide::scanner: Discovering "C:\\xampp\\htdocs\\tutorial2\\app\\api\\payments\\process"
2026-01-16T09:34:29.411632Z  INFO scan_sources: tailwindcss_oxide::scanner: Discovering "C:\\xampp\\htdocs\\tutorial2\\app\\api\\reports"
2026-01-16T09:34:29.411878Z  INFO scan_sources: tailwindcss_oxide::scanner: Discovering "C:\\xampp\\htdocs\\tutorial2\\app\\api\\reports\\generate"
2026-01-16T09:34:29.412728Z  INFO scan_sources: tailwindcss_oxide::scanner: Discovering "C:\\xampp\\htdocs\\tutorial2\\app\\api\\reports\\send-email"
2026-01-16T09:34:29.413469Z  INFO scan_sources: tailwindcss_oxide::scanner: Discovering "C:\\xampp\\htdocs\\tutorial2\\app\\api\\send-approval-email"
2026-01-16T09:34:29.414147Z  INFO scan_sources: tailwindcss_oxide::scanner: Discovering "C:\\xampp\\htdocs\\tutorial2\\app\\api\\settings"
2026-01-16T09:34:29.414768Z  INFO scan_sources: tailwindcss_oxide::scanner: Discovering "C:\\xampp\\htdocs\\tutorial2\\app\\api\\setup"
2026-01-16T09:34:29.415192Z  INFO scan_sources: tailwindcss_oxide::scanner: Discovering "C:\\xampp\\htdocs\\tutorial2\\app\\api\\setup\\ensure-admin"
2026-01-16T09:34:29.416203Z  INFO scan_sources: tailwindcss_oxide::scanner: Discovering "C:\\xampp\\htdocs\\tutorial2\\app\\api\\test-events"
2026-01-16T09:34:29.416908Z  INFO scan_sources: tailwindcss_oxide::scanner: Discovering "C:\\xampp\\htdocs\\tutorial2\\app\\api\\user"
2026-01-16T09:34:29.417470Z  INFO scan_sources: tailwindcss_oxide::scanner: Discovering "C:\\xampp\\htdocs\\tutorial2\\app\\api\\user\\profile"
2026-01-16T09:34:29.418264Z  INFO scan_sources: tailwindcss_oxide::scanner: Discovering "C:\\xampp\\htdocs\\tutorial2\\app\\auth"
2026-01-16T09:34:29.418850Z  INFO scan_sources: tailwindcss_oxide::scanner: Discovering "C:\\xampp\\htdocs\\tutorial2\\app\\auth\\forgot-password"
2026-01-16T09:34:29.419455Z  INFO scan_sources: tailwindcss_oxide::scanner: Discovering "C:\\xampp\\htdocs\\tutorial2\\app\\auth\\login"
2026-01-16T09:34:29.420185Z  INFO scan_sources: tailwindcss_oxide::scanner: Discovering "C:\\xampp\\htdocs\\tutorial2\\app\\auth\\pending-approval"
2026-01-16T09:34:29.421004Z  INFO scan_sources: tailwindcss_oxide::scanner: Discovering "C:\\xampp\\htdocs\\tutorial2\\app\\auth\\register"
2026-01-16T09:34:29.421666Z  INFO scan_sources: tailwindcss_oxide::scanner: Discovering "C:\\xampp\\htdocs\\tutorial2\\app\\components"
2026-01-16T09:34:29.422313Z  INFO scan_sources: tailwindcss_oxide::scanner: Discovering "C:\\xampp\\htdocs\\tutorial2\\app\\contact"
2026-01-16T09:34:29.423093Z  INFO scan_sources: tailwindcss_oxide::scanner: Discovering "C:\\xampp\\htdocs\\tutorial2\\app\\dashboard"
2026-01-16T09:34:29.423640Z  INFO scan_sources: tailwindcss_oxide::scanner: Discovering "C:\\xampp\\htdocs\\tutorial2\\app\\dashboard\\complete-profile"
2026-01-16T09:34:29.424217Z  INFO scan_sources: tailwindcss_oxide::scanner: Discovering "C:\\xampp\\htdocs\\tutorial2\\app\\dashboard\\events"
2026-01-16T09:34:29.424878Z  INFO scan_sources: tailwindcss_oxide::scanner: Discovering "C:\\xampp\\htdocs\\tutorial2\\app\\dashboard\\events\\create"
2026-01-16T09:34:29.427781Z  INFO scan_sources: tailwindcss_oxide::scanner: Discovering "C:\\xampp\\htdocs\\tutorial2\\app\\dashboard\\membership-card"
2026-01-16T09:34:29.430878Z  INFO scan_sources: tailwindcss_oxide::scanner: Discovering "C:\\xampp\\htdocs\\tutorial2\\app\\dashboard\\messages"
2026-01-16T09:34:29.433488Z  INFO scan_sources: tailwindcss_oxide::scanner: Discovering "C:\\xampp\\htdocs\\tutorial2\\app\\dashboard\\news"
2026-01-16T09:34:29.434279Z  INFO scan_sources: tailwindcss_oxide::scanner: Discovering "C:\\xampp\\htdocs\\tutorial2\\app\\dashboard\\payment"
2026-01-16T09:34:29.434556Z  INFO scan_sources: tailwindcss_oxide::scanner: Discovering "C:\\xampp\\htdocs\\tutorial2\\app\\dashboard\\payment\\callback"
2026-01-16T09:34:29.434928Z  INFO scan_sources: tailwindcss_oxide::scanner: Discovering "C:\\xampp\\htdocs\\tutorial2\\app\\dashboard\\payment\\success"
2026-01-16T09:34:29.435299Z  INFO scan_sources: tailwindcss_oxide::scanner: Discovering "C:\\xampp\\htdocs\\tutorial2\\app\\dashboard\\profile"
2026-01-16T09:34:29.436355Z  INFO scan_sources: tailwindcss_oxide::scanner: Discovering "C:\\xampp\\htdocs\\tutorial2\\app\\dashboard\\subscribe"
2026-01-16T09:34:29.436758Z  INFO scan_sources: tailwindcss_oxide::scanner: Discovering "C:\\xampp\\htdocs\\tutorial2\\app\\fix-auth"
2026-01-16T09:34:29.437321Z  INFO scan_sources: tailwindcss_oxide::scanner: Discovering "C:\\xampp\\htdocs\\tutorial2\\app\\schemas"
2026-01-16T09:34:29.437635Z  INFO scan_sources: tailwindcss_oxide::scanner: Discovering "C:\\xampp\\htdocs\\tutorial2\\app\\scripts"
2026-01-16T09:34:29.438014Z  INFO scan_sources: tailwindcss_oxide::scanner: Discovering "C:\\xampp\\htdocs\\tutorial2\\app\\unauthorized"
2026-01-16T09:34:29.439241Z  INFO scan_sources: tailwindcss_oxide::scanner: Discovering "C:\\xampp\\htdocs\\tutorial2\\components"
2026-01-16T09:34:29.439518Z  INFO scan_sources: tailwindcss_oxide::scanner: Discovering "C:\\xampp\\htdocs\\tutorial2\\components\\admin"
2026-01-16T09:34:29.440488Z  INFO scan_sources: tailwindcss_oxide::scanner: Discovering "C:\\xampp\\htdocs\\tutorial2\\components\\dashboard"
2026-01-16T09:34:29.441461Z  INFO scan_sources: tailwindcss_oxide::scanner: Discovering "C:\\xampp\\htdocs\\tutorial2\\components\\ui"
2026-01-16T09:34:29.442636Z  INFO scan_sources: tailwindcss_oxide::scanner: Discovering "C:\\xampp\\htdocs\\tutorial2\\components\\web"
2026-01-16T09:34:29.443685Z  INFO scan_sources: tailwindcss_oxide::scanner: Discovering "C:\\xampp\\htdocs\\tutorial2\\contexts"
2026-01-16T09:34:29.444895Z  INFO scan_sources: tailwindcss_oxide::scanner: Discovering "C:\\xampp\\htdocs\\tutorial2\\convex"
2026-01-16T09:34:29.445443Z  INFO scan_sources: tailwindcss_oxide::scanner: Discovering "C:\\xampp\\htdocs\\tutorial2\\convex\\_generated"
2026-01-16T09:34:29.446664Z  INFO scan_sources: tailwindcss_oxide::scanner: Discovering "C:\\xampp\\htdocs\\tutorial2\\database"
2026-01-16T09:34:29.455153Z  INFO scan_sources: tailwindcss_oxide::scanner: Discovering "C:\\xampp\\htdocs\\tutorial2\\deploy-minimal"
2026-01-16T09:34:29.455936Z  INFO scan_sources: tailwindcss_oxide::scanner: Discovering "C:\\xampp\\htdocs\\tutorial2\\deploy-simple"
2026-01-16T09:34:29.456443Z  INFO scan_sources: tailwindcss_oxide::scanner: Discovering "C:\\xampp\\htdocs\\tutorial2\\deploy-temp"
2026-01-16T09:34:29.459411Z  INFO scan_sources: tailwindcss_oxide::scanner: Discovering "C:\\xampp\\htdocs\\tutorial2\\lib"
2026-01-16T09:34:29.477822Z  INFO scan_sources: tailwindcss_oxide::scanner: Discovering "C:\\xampp\\htdocs\\tutorial2\\migrations"
2026-01-16T09:34:29.489593Z  INFO scan_sources: tailwindcss_oxide::scanner: Discovering "C:\\xampp\\htdocs\\tutorial2\\public"
2026-01-16T09:34:29.490697Z  INFO scan_sources: tailwindcss_oxide::scanner: Discovering "C:\\xampp\\htdocs\\tutorial2\\public\\uploads"
2026-01-16T09:34:29.492145Z  INFO scan_sources: tailwindcss_oxide::scanner: Discovering "C:\\xampp\\htdocs\\tutorial2\\public\\uploads\\documents"
2026-01-16T09:34:29.492716Z  INFO scan_sources: tailwindcss_oxide::scanner: Discovering "C:\\xampp\\htdocs\\tutorial2\\public\\uploads\\profile-pictures"
2026-01-16T09:34:29.496700Z  INFO scan_sources: tailwindcss_oxide::scanner: Discovering "C:\\xampp\\htdocs\\tutorial2\\scripts"
2026-01-16T09:34:29.510453Z  INFO scan_sources: tailwindcss_oxide::scanner: Discovering "C:\\xampp\\htdocs\\tutorial2\\types"
2026-01-16T09:34:29.512927Z  INFO scan_sources: tailwindcss_oxide::scanner: exit
2026-01-16T09:34:29.512970Z  INFO extract_candidates: tailwindcss_oxide::scanner: enter
2026-01-16T09:34:29.512981Z  INFO extract_candidates:read_all_files: tailwindcss_oxide::scanner: enter
2026-01-16T09:34:29.512988Z  INFO extract_candidates:read_all_files: tailwindcss_oxide::scanner: Reading 2 file(s)
2026-01-16T09:34:29.513215Z  INFO tailwindcss_oxide::scanner: Reading "C:\\xampp\\htdocs\\tutorial2\\app\\dashboard\\events\\create\\page.tsx"
2026-01-16T09:34:29.513287Z  INFO tailwindcss_oxide::scanner: Reading "C:\\xampp\\htdocs\\tutorial2\\app\\admin\\users\\page.tsx"
2026-01-16T09:34:29.513364Z  INFO extract_candidates:read_all_files: tailwindcss_oxide::scanner: exit
2026-01-16T09:34:29.513378Z  INFO extract_candidates:parse_all_blobs: tailwindcss_oxide::scanner: enter
2026-01-16T09:34:29.513385Z  INFO extract_candidates:parse_all_blobs:extract: tailwindcss_oxide::scanner: enter
2026-01-16T09:34:29.514242Z  INFO extract_candidates:parse_all_blobs:extract: tailwindcss_oxide::scanner: exit
2026-01-16T09:34:29.514268Z  INFO extract_candidates:parse_all_blobs: tailwindcss_oxide::scanner: exit
2026-01-16T09:34:29.514411Z  INFO extract_candidates: tailwindcss_oxide::scanner: exit
2026-01-16T09:34:29.518716Z  INFO get_files: tailwindcss_oxide::scanner: enter
2026-01-16T09:34:29.518776Z  INFO get_files:scan_sources: tailwindcss_oxide::scanner: enter
2026-01-16T09:34:29.523508Z  INFO get_files:scan_sources: tailwindcss_oxide::scanner: Discovering "C:\\xampp\\htdocs\\tutorial2\\.windsurf"
2026-01-16T09:34:29.524089Z  INFO get_files:scan_sources: tailwindcss_oxide::scanner: Discovering "C:\\xampp\\htdocs\\tutorial2\\.windsurf\\workflows"
2026-01-16T09:34:29.525622Z  INFO get_files:scan_sources: tailwindcss_oxide::scanner: Discovering "C:\\xampp\\htdocs\\tutorial2\\api"
2026-01-16T09:34:29.526158Z  INFO get_files:scan_sources: tailwindcss_oxide::scanner: Discovering "C:\\xampp\\htdocs\\tutorial2\\api\\auth"
2026-01-16T09:34:29.527123Z  INFO get_files:scan_sources: tailwindcss_oxide::scanner: Discovering "C:\\xampp\\htdocs\\tutorial2\\app"
2026-01-16T09:34:29.527609Z  INFO get_files:scan_sources: tailwindcss_oxide::scanner: Discovering "C:\\xampp\\htdocs\\tutorial2\\app\\(layout)"
2026-01-16T09:34:29.528165Z  INFO get_files:scan_sources: tailwindcss_oxide::scanner: Discovering "C:\\xampp\\htdocs\\tutorial2\\app\\(shared-layout)"
2026-01-16T09:34:29.528868Z  INFO get_files:scan_sources: tailwindcss_oxide::scanner: Discovering "C:\\xampp\\htdocs\\tutorial2\\app\\about"
2026-01-16T09:34:29.529228Z  INFO get_files:scan_sources: tailwindcss_oxide::scanner: Discovering "C:\\xampp\\htdocs\\tutorial2\\app\\about-us"
2026-01-16T09:34:29.529507Z  INFO get_files:scan_sources: tailwindcss_oxide::scanner: Discovering "C:\\xampp\\htdocs\\tutorial2\\app\\admin"
2026-01-16T09:34:29.529764Z  INFO get_files:scan_sources: tailwindcss_oxide::scanner: Discovering "C:\\xampp\\htdocs\\tutorial2\\app\\admin\\cards"
2026-01-16T09:34:29.530069Z  INFO get_files:scan_sources: tailwindcss_oxide::scanner: Discovering "C:\\xampp\\htdocs\\tutorial2\\app\\admin\\content"
2026-01-16T09:34:29.530342Z  INFO get_files:scan_sources: tailwindcss_oxide::scanner: Discovering "C:\\xampp\\htdocs\\tutorial2\\app\\admin\\content\\about"
2026-01-16T09:34:29.530587Z  INFO get_files:scan_sources: tailwindcss_oxide::scanner: Discovering "C:\\xampp\\htdocs\\tutorial2\\app\\admin\\content\\contact"
2026-01-16T09:34:29.530890Z  INFO get_files:scan_sources: tailwindcss_oxide::scanner: Discovering "C:\\xampp\\htdocs\\tutorial2\\app\\admin\\content\\home"
2026-01-16T09:34:29.531769Z  INFO get_files:scan_sources: tailwindcss_oxide::scanner: Discovering "C:\\xampp\\htdocs\\tutorial2\\app\\admin\\dashboard"
2026-01-16T09:34:29.532376Z  INFO get_files:scan_sources: tailwindcss_oxide::scanner: Discovering "C:\\xampp\\htdocs\\tutorial2\\app\\admin\\events"
2026-01-16T09:34:29.533042Z  INFO get_files:scan_sources: tailwindcss_oxide::scanner: Discovering "C:\\xampp\\htdocs\\tutorial2\\app\\admin\\events\\[id]"
2026-01-16T09:34:29.533578Z  INFO get_files:scan_sources: tailwindcss_oxide::scanner: Discovering "C:\\xampp\\htdocs\\tutorial2\\app\\admin\\events\\[id]\\registrations"
2026-01-16T09:34:29.534388Z  INFO get_files:scan_sources: tailwindcss_oxide::scanner: Discovering "C:\\xampp\\htdocs\\tutorial2\\app\\admin\\membership"
2026-01-16T09:34:29.534810Z  INFO get_files:scan_sources: tailwindcss_oxide::scanner: Discovering "C:\\xampp\\htdocs\\tutorial2\\app\\admin\\news"
2026-01-16T09:34:29.535441Z  INFO get_files:scan_sources: tailwindcss_oxide::scanner: Discovering "C:\\xampp\\htdocs\\tutorial2\\app\\admin\\payment"
2026-01-16T09:34:29.535813Z  INFO get_files:scan_sources: tailwindcss_oxide::scanner: Discovering "C:\\xampp\\htdocs\\tutorial2\\app\\admin\\payments"
2026-01-16T09:34:29.536143Z  INFO get_files:scan_sources: tailwindcss_oxide::scanner: Discovering "C:\\xampp\\htdocs\\tutorial2\\app\\admin\\reports"
2026-01-16T09:34:29.536458Z  INFO get_files:scan_sources: tailwindcss_oxide::scanner: Discovering "C:\\xampp\\htdocs\\tutorial2\\app\\admin\\requests"
2026-01-16T09:34:29.536711Z  INFO get_files:scan_sources: tailwindcss_oxide::scanner: Discovering "C:\\xampp\\htdocs\\tutorial2\\app\\admin\\users"
2026-01-16T09:34:29.536969Z  INFO get_files:scan_sources: tailwindcss_oxide::scanner: Discovering "C:\\xampp\\htdocs\\tutorial2\\app\\admin\\users\\[id]"
2026-01-16T09:34:29.537301Z  INFO get_files:scan_sources: tailwindcss_oxide::scanner: Discovering "C:\\xampp\\htdocs\\tutorial2\\app\\api"
2026-01-16T09:34:29.537711Z  INFO get_files:scan_sources: tailwindcss_oxide::scanner: Discovering "C:\\xampp\\htdocs\\tutorial2\\app\\api\\about-content"
2026-01-16T09:34:29.538373Z  INFO get_files:scan_sources: tailwindcss_oxide::scanner: Discovering "C:\\xampp\\htdocs\\tutorial2\\app\\api\\admin"
2026-01-16T09:34:29.538639Z  INFO get_files:scan_sources: tailwindcss_oxide::scanner: Discovering "C:\\xampp\\htdocs\\tutorial2\\app\\api\\admin\\approve-member"
2026-01-16T09:34:29.539430Z  INFO get_files:scan_sources: tailwindcss_oxide::scanner: Discovering "C:\\xampp\\htdocs\\tutorial2\\app\\api\\admin\\cards"
2026-01-16T09:34:29.540159Z  INFO get_files:scan_sources: tailwindcss_oxide::scanner: Discovering "C:\\xampp\\htdocs\\tutorial2\\app\\api\\admin\\content"
2026-01-16T09:34:29.540578Z  INFO get_files:scan_sources: tailwindcss_oxide::scanner: Discovering "C:\\xampp\\htdocs\\tutorial2\\app\\api\\admin\\content\\about"
2026-01-16T09:34:29.541223Z  INFO get_files:scan_sources: tailwindcss_oxide::scanner: Discovering "C:\\xampp\\htdocs\\tutorial2\\app\\api\\admin\\content\\about\\[id]"
2026-01-16T09:34:29.541807Z  INFO get_files:scan_sources: tailwindcss_oxide::scanner: Discovering "C:\\xampp\\htdocs\\tutorial2\\app\\api\\admin\\content\\contact"
2026-01-16T09:34:29.542075Z  INFO get_files:scan_sources: tailwindcss_oxide::scanner: Discovering "C:\\xampp\\htdocs\\tutorial2\\app\\api\\admin\\content\\contact\\[id]"
2026-01-16T09:34:29.542552Z  INFO get_files:scan_sources: tailwindcss_oxide::scanner: Discovering "C:\\xampp\\htdocs\\tutorial2\\app\\api\\admin\\content\\footer"
2026-01-16T09:34:29.542818Z  INFO get_files:scan_sources: tailwindcss_oxide::scanner: Discovering "C:\\xampp\\htdocs\\tutorial2\\app\\api\\admin\\content\\home"
2026-01-16T09:34:29.543029Z  INFO get_files:scan_sources: tailwindcss_oxide::scanner: Discovering "C:\\xampp\\htdocs\\tutorial2\\app\\api\\admin\\content\\home\\[id]"
2026-01-16T09:34:29.543289Z  INFO get_files:scan_sources: tailwindcss_oxide::scanner: Discovering "C:\\xampp\\htdocs\\tutorial2\\app\\api\\admin\\content\\media"
2026-01-16T09:34:29.543529Z  INFO get_files:scan_sources: tailwindcss_oxide::scanner: Discovering "C:\\xampp\\htdocs\\tutorial2\\app\\api\\admin\\content\\navigation"
2026-01-16T09:34:29.543762Z  INFO get_files:scan_sources: tailwindcss_oxide::scanner: Discovering "C:\\xampp\\htdocs\\tutorial2\\app\\api\\admin\\content\\pages"
2026-01-16T09:34:29.543984Z  INFO get_files:scan_sources: tailwindcss_oxide::scanner: Discovering "C:\\xampp\\htdocs\\tutorial2\\app\\api\\admin\\content\\pages\\[id]"
2026-01-16T09:34:29.544278Z  INFO get_files:scan_sources: tailwindcss_oxide::scanner: Discovering "C:\\xampp\\htdocs\\tutorial2\\app\\api\\admin\\content\\settings"
2026-01-16T09:34:29.544532Z  INFO get_files:scan_sources: tailwindcss_oxide::scanner: Discovering "C:\\xampp\\htdocs\\tutorial2\\app\\api\\admin\\create-admin"
2026-01-16T09:34:29.544733Z  INFO get_files:scan_sources: tailwindcss_oxide::scanner: Discovering "C:\\xampp\\htdocs\\tutorial2\\app\\api\\admin\\deleted-users"
2026-01-16T09:34:29.544939Z  INFO get_files:scan_sources: tailwindcss_oxide::scanner: Discovering "C:\\xampp\\htdocs\\tutorial2\\app\\api\\admin\\events"
2026-01-16T09:34:29.545166Z  INFO get_files:scan_sources: tailwindcss_oxide::scanner: Discovering "C:\\xampp\\htdocs\\tutorial2\\app\\api\\admin\\events\\[id]"
2026-01-16T09:34:29.545336Z  INFO get_files:scan_sources: tailwindcss_oxide::scanner: Discovering "C:\\xampp\\htdocs\\tutorial2\\app\\api\\admin\\events\\[id]\\registrations"
2026-01-16T09:34:29.545697Z  INFO get_files:scan_sources: tailwindcss_oxide::scanner: Discovering "C:\\xampp\\htdocs\\tutorial2\\app\\api\\admin\\fix-admin"
2026-01-16T09:34:29.545922Z  INFO get_files:scan_sources: tailwindcss_oxide::scanner: Discovering "C:\\xampp\\htdocs\\tutorial2\\app\\api\\admin\\membership"
2026-01-16T09:34:29.546134Z  INFO get_files:scan_sources: tailwindcss_oxide::scanner: Discovering "C:\\xampp\\htdocs\\tutorial2\\app\\api\\admin\\membership\\cycles"
2026-01-16T09:34:29.546328Z  INFO get_files:scan_sources: tailwindcss_oxide::scanner: Discovering "C:\\xampp\\htdocs\\tutorial2\\app\\api\\admin\\membership\\settings"
2026-01-16T09:34:29.546522Z  INFO get_files:scan_sources: tailwindcss_oxide::scanner: Discovering "C:\\xampp\\htdocs\\tutorial2\\app\\api\\admin\\membership\\types"
2026-01-16T09:34:29.546769Z  INFO get_files:scan_sources: tailwindcss_oxide::scanner: Discovering "C:\\xampp\\htdocs\\tutorial2\\app\\api\\admin\\news"
2026-01-16T09:34:29.546975Z  INFO get_files:scan_sources: tailwindcss_oxide::scanner: Discovering "C:\\xampp\\htdocs\\tutorial2\\app\\api\\admin\\payment"
2026-01-16T09:34:29.547163Z  INFO get_files:scan_sources: tailwindcss_oxide::scanner: Discovering "C:\\xampp\\htdocs\\tutorial2\\app\\api\\admin\\payments"
2026-01-16T09:34:29.547296Z  INFO get_files:scan_sources: tailwindcss_oxide::scanner: Discovering "C:\\xampp\\htdocs\\tutorial2\\app\\api\\admin\\payments\\list"
2026-01-16T09:34:29.547437Z  INFO get_files:scan_sources: tailwindcss_oxide::scanner: Discovering "C:\\xampp\\htdocs\\tutorial2\\app\\api\\admin\\payments\\list\\export"
2026-01-16T09:34:29.547692Z  INFO get_files:scan_sources: tailwindcss_oxide::scanner: Discovering "C:\\xampp\\htdocs\\tutorial2\\app\\api\\admin\\payments\\[id]"
2026-01-16T09:34:29.554023Z  INFO get_files:scan_sources: tailwindcss_oxide::scanner: Discovering "C:\\xampp\\htdocs\\tutorial2\\app\\api\\admin\\payments\\[id]\\refund"
2026-01-16T09:34:29.556195Z  INFO get_files:scan_sources: tailwindcss_oxide::scanner: Discovering "C:\\xampp\\htdocs\\tutorial2\\app\\api\\admin\\reject-member"
2026-01-16T09:34:29.556596Z  INFO get_files:scan_sources: tailwindcss_oxide::scanner: Discovering "C:\\xampp\\htdocs\\tutorial2\\app\\api\\admin\\report"
2026-01-16T09:34:29.556977Z  INFO get_files:scan_sources: tailwindcss_oxide::scanner: Discovering "C:\\xampp\\htdocs\\tutorial2\\app\\api\\admin\\reports"
2026-01-16T09:34:29.557320Z  INFO get_files:scan_sources: tailwindcss_oxide::scanner: Discovering "C:\\xampp\\htdocs\\tutorial2\\app\\api\\admin\\reports\\generate"
2026-01-16T09:34:29.557681Z  INFO get_files:scan_sources: tailwindcss_oxide::scanner: Discovering "C:\\xampp\\htdocs\\tutorial2\\app\\api\\admin\\reset-admin"
2026-01-16T09:34:29.557952Z  INFO get_files:scan_sources: tailwindcss_oxide::scanner: Discovering "C:\\xampp\\htdocs\\tutorial2\\app\\api\\admin\\users"
2026-01-16T09:34:29.558185Z  INFO get_files:scan_sources: tailwindcss_oxide::scanner: Discovering "C:\\xampp\\htdocs\\tutorial2\\app\\api\\admin\\users\\restore"
2026-01-16T09:34:29.558502Z  INFO get_files:scan_sources: tailwindcss_oxide::scanner: Discovering "C:\\xampp\\htdocs\\tutorial2\\app\\api\\admin\\users\\[id]"
2026-01-16T09:34:29.558727Z  INFO get_files:scan_sources: tailwindcss_oxide::scanner: Discovering "C:\\xampp\\htdocs\\tutorial2\\app\\api\\admin\\users\\[id]\\approve"
2026-01-16T09:34:29.559030Z  INFO get_files:scan_sources: tailwindcss_oxide::scanner: Discovering "C:\\xampp\\htdocs\\tutorial2\\app\\api\\admin\\users\\[id]\\details"
2026-01-16T09:34:29.559350Z  INFO get_files:scan_sources: tailwindcss_oxide::scanner: Discovering "C:\\xampp\\htdocs\\tutorial2\\app\\api\\admin\\users\\[id]\\membership-status"
2026-01-16T09:34:29.559730Z  INFO get_files:scan_sources: tailwindcss_oxide::scanner: Discovering "C:\\xampp\\htdocs\\tutorial2\\app\\api\\admin\\users\\[id]\\password"
2026-01-16T09:34:29.560051Z  INFO get_files:scan_sources: tailwindcss_oxide::scanner: Discovering "C:\\xampp\\htdocs\\tutorial2\\app\\api\\admin\\users\\[id]\\reject"
2026-01-16T09:34:29.560506Z  INFO get_files:scan_sources: tailwindcss_oxide::scanner: Discovering "C:\\xampp\\htdocs\\tutorial2\\app\\api\\auth"
2026-01-16T09:34:29.560789Z  INFO get_files:scan_sources: tailwindcss_oxide::scanner: Discovering "C:\\xampp\\htdocs\\tutorial2\\app\\api\\auth\\forgot-password"
2026-01-16T09:34:29.561093Z  INFO get_files:scan_sources: tailwindcss_oxide::scanner: Discovering "C:\\xampp\\htdocs\\tutorial2\\app\\api\\auth\\login"
2026-01-16T09:34:29.564979Z  INFO get_files:scan_sources: tailwindcss_oxide::scanner: Discovering "C:\\xampp\\htdocs\\tutorial2\\app\\api\\auth\\logout"
2026-01-16T09:34:29.573217Z  INFO get_files:scan_sources: tailwindcss_oxide::scanner: Discovering "C:\\xampp\\htdocs\\tutorial2\\app\\api\\auth\\me"
2026-01-16T09:34:29.577156Z  INFO get_files:scan_sources: tailwindcss_oxide::scanner: Discovering "C:\\xampp\\htdocs\\tutorial2\\app\\api\\auth\\membership-status"
2026-01-16T09:34:29.586101Z  INFO get_files:scan_sources: tailwindcss_oxide::scanner: Discovering "C:\\xampp\\htdocs\\tutorial2\\app\\api\\auth\\profile"
2026-01-16T09:34:29.586550Z  INFO get_files:scan_sources: tailwindcss_oxide::scanner: Discovering "C:\\xampp\\htdocs\\tutorial2\\app\\api\\auth\\refresh"
2026-01-16T09:34:29.586883Z  INFO get_files:scan_sources: tailwindcss_oxide::scanner: Discovering "C:\\xampp\\htdocs\\tutorial2\\app\\api\\auth\\register"
2026-01-16T09:34:29.589175Z  INFO get_files:scan_sources: tailwindcss_oxide::scanner: Discovering "C:\\xampp\\htdocs\\tutorial2\\app\\api\\auth\\[...nextauth]"
2026-01-16T09:34:29.590965Z  INFO get_files:scan_sources: tailwindcss_oxide::scanner: Discovering "C:\\xampp\\htdocs\\tutorial2\\app\\api\\contact-content"
2026-01-16T09:34:29.597673Z  INFO get_files:scan_sources: tailwindcss_oxide::scanner: Discovering "C:\\xampp\\htdocs\\tutorial2\\app\\api\\debug"
2026-01-16T09:34:29.598252Z  INFO get_files:scan_sources: tailwindcss_oxide::scanner: Discovering "C:\\xampp\\htdocs\\tutorial2\\app\\api\\debug\\pricing"
2026-01-16T09:34:29.598716Z  INFO get_files:scan_sources: tailwindcss_oxide::scanner: Discovering "C:\\xampp\\htdocs\\tutorial2\\app\\api\\debug\\send-email"
2026-01-16T09:34:29.601383Z  INFO get_files:scan_sources: tailwindcss_oxide::scanner: Discovering "C:\\xampp\\htdocs\\tutorial2\\app\\api\\debug\\send-test-email"
2026-01-16T09:34:29.603434Z  INFO get_files:scan_sources: tailwindcss_oxide::scanner: Discovering "C:\\xampp\\htdocs\\tutorial2\\app\\api\\events"
2026-01-16T09:34:29.604597Z  INFO get_files:scan_sources: tailwindcss_oxide::scanner: Discovering "C:\\xampp\\htdocs\\tutorial2\\app\\api\\events\\[id]"
2026-01-16T09:34:29.606265Z  INFO get_files:scan_sources: tailwindcss_oxide::scanner: Discovering "C:\\xampp\\htdocs\\tutorial2\\app\\api\\events\\[id]\\register"
2026-01-16T09:34:29.607427Z  INFO get_files:scan_sources: tailwindcss_oxide::scanner: Discovering "C:\\xampp\\htdocs\\tutorial2\\app\\api\\fix-membership"
2026-01-16T09:34:29.607831Z  INFO get_files:scan_sources: tailwindcss_oxide::scanner: Discovering "C:\\xampp\\htdocs\\tutorial2\\app\\api\\home-content"
2026-01-16T09:34:29.608376Z  INFO get_files:scan_sources: tailwindcss_oxide::scanner: Discovering "C:\\xampp\\htdocs\\tutorial2\\app\\api\\membership"
2026-01-16T09:34:29.608660Z  INFO get_files:scan_sources: tailwindcss_oxide::scanner: Discovering "C:\\xampp\\htdocs\\tutorial2\\app\\api\\membership\\complete-payment"
2026-01-16T09:34:29.608989Z  INFO get_files:scan_sources: tailwindcss_oxide::scanner: Discovering "C:\\xampp\\htdocs\\tutorial2\\app\\api\\membership\\next-number"
2026-01-16T09:34:29.609359Z  INFO get_files:scan_sources: tailwindcss_oxide::scanner: Discovering "C:\\xampp\\htdocs\\tutorial2\\app\\api\\membership\\pay"
2026-01-16T09:34:29.611769Z  INFO get_files:scan_sources: tailwindcss_oxide::scanner: Discovering "C:\\xampp\\htdocs\\tutorial2\\app\\api\\membership\\pay-early"
2026-01-16T09:34:29.617764Z  INFO get_files:scan_sources: tailwindcss_oxide::scanner: Discovering "C:\\xampp\\htdocs\\tutorial2\\app\\api\\membership\\payment-status"
2026-01-16T09:34:29.618187Z  INFO get_files:scan_sources: tailwindcss_oxide::scanner: Discovering "C:\\xampp\\htdocs\\tutorial2\\app\\api\\membership\\payment-success"
2026-01-16T09:34:29.618660Z  INFO get_files:scan_sources: tailwindcss_oxide::scanner: Discovering "C:\\xampp\\htdocs\\tutorial2\\app\\api\\membership\\status"
2026-01-16T09:34:29.619146Z  INFO get_files:scan_sources: tailwindcss_oxide::scanner: Discovering "C:\\xampp\\htdocs\\tutorial2\\app\\api\\messages"
2026-01-16T09:34:29.619393Z  INFO get_files:scan_sources: tailwindcss_oxide::scanner: Discovering "C:\\xampp\\htdocs\\tutorial2\\app\\api\\messages\\reply"
2026-01-16T09:34:29.619751Z  INFO get_files:scan_sources: tailwindcss_oxide::scanner: Discovering "C:\\xampp\\htdocs\\tutorial2\\app\\api\\messages\\[id]"
2026-01-16T09:34:29.619996Z  INFO get_files:scan_sources: tailwindcss_oxide::scanner: Discovering "C:\\xampp\\htdocs\\tutorial2\\app\\api\\messages\\[id]\\read"
2026-01-16T09:34:29.620412Z  INFO get_files:scan_sources: tailwindcss_oxide::scanner: Discovering "C:\\xampp\\htdocs\\tutorial2\\app\\api\\news"
2026-01-16T09:34:29.620713Z  INFO get_files:scan_sources: tailwindcss_oxide::scanner: Discovering "C:\\xampp\\htdocs\\tutorial2\\app\\api\\payment"
2026-01-16T09:34:29.647507Z  INFO get_files:scan_sources: tailwindcss_oxide::scanner: Discovering "C:\\xampp\\htdocs\\tutorial2\\app\\api\\payment\\pesapal"
2026-01-16T09:34:29.647974Z  INFO get_files:scan_sources: tailwindcss_oxide::scanner: Discovering "C:\\xampp\\htdocs\\tutorial2\\app\\api\\payments"
2026-01-16T09:34:29.648232Z  INFO get_files:scan_sources: tailwindcss_oxide::scanner: Discovering "C:\\xampp\\htdocs\\tutorial2\\app\\api\\payments\\activate-test"
2026-01-16T09:34:29.648554Z  INFO get_files:scan_sources: tailwindcss_oxide::scanner: Discovering "C:\\xampp\\htdocs\\tutorial2\\app\\api\\payments\\azampay"
2026-01-16T09:34:29.649524Z  INFO get_files:scan_sources: tailwindcss_oxide::scanner: Discovering "C:\\xampp\\htdocs\\tutorial2\\app\\api\\payments\\azampay\\callback"
2026-01-16T09:34:29.650117Z  INFO get_files:scan_sources: tailwindcss_oxide::scanner: Discovering "C:\\xampp\\htdocs\\tutorial2\\app\\api\\payments\\azampay\\checkout"
2026-01-16T09:34:29.650668Z  INFO get_files:scan_sources: tailwindcss_oxide::scanner: Discovering "C:\\xampp\\htdocs\\tutorial2\\app\\api\\payments\\cleanup"
2026-01-16T09:34:29.651017Z  INFO get_files:scan_sources: tailwindcss_oxide::scanner: Discovering "C:\\xampp\\htdocs\\tutorial2\\app\\api\\payments\\complete"
2026-01-16T09:34:29.651744Z  INFO get_files:scan_sources: tailwindcss_oxide::scanner: Discovering "C:\\xampp\\htdocs\\tutorial2\\app\\api\\payments\\mobile-money"
2026-01-16T09:34:29.652126Z  INFO get_files:scan_sources: tailwindcss_oxide::scanner: Discovering "C:\\xampp\\htdocs\\tutorial2\\app\\api\\payments\\payment-status"
2026-01-16T09:34:29.652457Z  INFO get_files:scan_sources: tailwindcss_oxide::scanner: Discovering "C:\\xampp\\htdocs\\tutorial2\\app\\api\\payments\\process"
2026-01-16T09:34:29.654314Z  INFO get_files:scan_sources: tailwindcss_oxide::scanner: Discovering "C:\\xampp\\htdocs\\tutorial2\\app\\api\\reports"
2026-01-16T09:34:29.654638Z  INFO get_files:scan_sources: tailwindcss_oxide::scanner: Discovering "C:\\xampp\\htdocs\\tutorial2\\app\\api\\reports\\generate"
2026-01-16T09:34:29.655838Z  INFO get_files:scan_sources: tailwindcss_oxide::scanner: Discovering "C:\\xampp\\htdocs\\tutorial2\\app\\api\\reports\\send-email"
2026-01-16T09:34:29.656283Z  INFO get_files:scan_sources: tailwindcss_oxide::scanner: Discovering "C:\\xampp\\htdocs\\tutorial2\\app\\api\\send-approval-email"
2026-01-16T09:34:29.656691Z  INFO get_files:scan_sources: tailwindcss_oxide::scanner: Discovering "C:\\xampp\\htdocs\\tutorial2\\app\\api\\settings"
2026-01-16T09:34:29.657051Z  INFO get_files:scan_sources: tailwindcss_oxide::scanner: Discovering "C:\\xampp\\htdocs\\tutorial2\\app\\api\\setup"
2026-01-16T09:34:29.657753Z  INFO get_files:scan_sources: tailwindcss_oxide::scanner: Discovering "C:\\xampp\\htdocs\\tutorial2\\app\\api\\setup\\ensure-admin"
2026-01-16T09:34:29.660933Z  INFO get_files:scan_sources: tailwindcss_oxide::scanner: Discovering "C:\\xampp\\htdocs\\tutorial2\\app\\api\\test-events"
2026-01-16T09:34:29.661375Z  INFO get_files:scan_sources: tailwindcss_oxide::scanner: Discovering "C:\\xampp\\htdocs\\tutorial2\\app\\api\\user"
2026-01-16T09:34:29.661887Z  INFO get_files:scan_sources: tailwindcss_oxide::scanner: Discovering "C:\\xampp\\htdocs\\tutorial2\\app\\api\\user\\profile"
2026-01-16T09:34:29.663228Z  INFO get_files:scan_sources: tailwindcss_oxide::scanner: Discovering "C:\\xampp\\htdocs\\tutorial2\\app\\auth"
2026-01-16T09:34:29.663672Z  INFO get_files:scan_sources: tailwindcss_oxide::scanner: Discovering "C:\\xampp\\htdocs\\tutorial2\\app\\auth\\forgot-password"
2026-01-16T09:34:29.664184Z  INFO get_files:scan_sources: tailwindcss_oxide::scanner: Discovering "C:\\xampp\\htdocs\\tutorial2\\app\\auth\\login"
2026-01-16T09:34:29.664801Z  INFO get_files:scan_sources: tailwindcss_oxide::scanner: Discovering "C:\\xampp\\htdocs\\tutorial2\\app\\auth\\pending-approval"
2026-01-16T09:34:29.667540Z  INFO get_files:scan_sources: tailwindcss_oxide::scanner: Discovering "C:\\xampp\\htdocs\\tutorial2\\app\\auth\\register"
2026-01-16T09:34:29.670191Z  INFO get_files:scan_sources: tailwindcss_oxide::scanner: Discovering "C:\\xampp\\htdocs\\tutorial2\\app\\components"
2026-01-16T09:34:29.671063Z  INFO get_files:scan_sources: tailwindcss_oxide::scanner: Discovering "C:\\xampp\\htdocs\\tutorial2\\app\\contact"
2026-01-16T09:34:29.671506Z  INFO get_files:scan_sources: tailwindcss_oxide::scanner: Discovering "C:\\xampp\\htdocs\\tutorial2\\app\\dashboard"
2026-01-16T09:34:29.671896Z  INFO get_files:scan_sources: tailwindcss_oxide::scanner: Discovering "C:\\xampp\\htdocs\\tutorial2\\app\\dashboard\\complete-profile"
2026-01-16T09:34:29.672446Z  INFO get_files:scan_sources: tailwindcss_oxide::scanner: Discovering "C:\\xampp\\htdocs\\tutorial2\\app\\dashboard\\events"
2026-01-16T09:34:29.673145Z  INFO get_files:scan_sources: tailwindcss_oxide::scanner: Discovering "C:\\xampp\\htdocs\\tutorial2\\app\\dashboard\\events\\create"
2026-01-16T09:34:29.674136Z  INFO get_files:scan_sources: tailwindcss_oxide::scanner: Discovering "C:\\xampp\\htdocs\\tutorial2\\app\\dashboard\\membership-card"
2026-01-16T09:34:29.674767Z  INFO get_files:scan_sources: tailwindcss_oxide::scanner: Discovering "C:\\xampp\\htdocs\\tutorial2\\app\\dashboard\\messages"
2026-01-16T09:34:29.680017Z  INFO get_files:scan_sources: tailwindcss_oxide::scanner: Discovering "C:\\xampp\\htdocs\\tutorial2\\app\\dashboard\\news"
2026-01-16T09:34:29.692760Z  INFO get_files:scan_sources: tailwindcss_oxide::scanner: Discovering "C:\\xampp\\htdocs\\tutorial2\\app\\dashboard\\payment"
2026-01-16T09:34:29.693282Z  INFO get_files:scan_sources: tailwindcss_oxide::scanner: Discovering "C:\\xampp\\htdocs\\tutorial2\\app\\dashboard\\payment\\callback"
2026-01-16T09:34:29.693992Z  INFO get_files:scan_sources: tailwindcss_oxide::scanner: Discovering "C:\\xampp\\htdocs\\tutorial2\\app\\dashboard\\payment\\success"
2026-01-16T09:34:29.695195Z  INFO get_files:scan_sources: tailwindcss_oxide::scanner: Discovering "C:\\xampp\\htdocs\\tutorial2\\app\\dashboard\\profile"
2026-01-16T09:34:29.695820Z  INFO get_files:scan_sources: tailwindcss_oxide::scanner: Discovering "C:\\xampp\\htdocs\\tutorial2\\app\\dashboard\\subscribe"
2026-01-16T09:34:29.696644Z  INFO get_files:scan_sources: tailwindcss_oxide::scanner: Discovering "C:\\xampp\\htdocs\\tutorial2\\app\\fix-auth"
2026-01-16T09:34:29.700085Z  INFO get_files:scan_sources: tailwindcss_oxide::scanner: Discovering "C:\\xampp\\htdocs\\tutorial2\\app\\schemas"
2026-01-16T09:34:29.702737Z  INFO get_files:scan_sources: tailwindcss_oxide::scanner: Discovering "C:\\xampp\\htdocs\\tutorial2\\app\\scripts"
2026-01-16T09:34:29.703250Z  INFO get_files:scan_sources: tailwindcss_oxide::scanner: Discovering "C:\\xampp\\htdocs\\tutorial2\\app\\unauthorized"
2026-01-16T09:34:29.706443Z  INFO get_files:scan_sources: tailwindcss_oxide::scanner: Discovering "C:\\xampp\\htdocs\\tutorial2\\components"
2026-01-16T09:34:29.707143Z  INFO get_files:scan_sources: tailwindcss_oxide::scanner: Discovering "C:\\xampp\\htdocs\\tutorial2\\components\\admin"
2026-01-16T09:34:29.708497Z  INFO get_files:scan_sources: tailwindcss_oxide::scanner: Discovering "C:\\xampp\\htdocs\\tutorial2\\components\\dashboard"
2026-01-16T09:34:29.709184Z  INFO get_files:scan_sources: tailwindcss_oxide::scanner: Discovering "C:\\xampp\\htdocs\\tutorial2\\components\\ui"
2026-01-16T09:34:29.710095Z  INFO get_files:scan_sources: tailwindcss_oxide::scanner: Discovering "C:\\xampp\\htdocs\\tutorial2\\components\\web"
2026-01-16T09:34:29.711550Z  INFO get_files:scan_sources: tailwindcss_oxide::scanner: Discovering "C:\\xampp\\htdocs\\tutorial2\\contexts"
2026-01-16T09:34:29.721137Z  INFO get_files:scan_sources: tailwindcss_oxide::scanner: Discovering "C:\\xampp\\htdocs\\tutorial2\\convex"
2026-01-16T09:34:29.721460Z  INFO get_files:scan_sources: tailwindcss_oxide::scanner: Discovering "C:\\xampp\\htdocs\\tutorial2\\convex\\_generated"
2026-01-16T09:34:29.722293Z  INFO get_files:scan_sources: tailwindcss_oxide::scanner: Discovering "C:\\xampp\\htdocs\\tutorial2\\database"
2026-01-16T09:34:29.723793Z  INFO get_files:scan_sources: tailwindcss_oxide::scanner: Discovering "C:\\xampp\\htdocs\\tutorial2\\deploy-minimal"
2026-01-16T09:34:29.724571Z  INFO get_files:scan_sources: tailwindcss_oxide::scanner: Discovering "C:\\xampp\\htdocs\\tutorial2\\deploy-simple"
2026-01-16T09:34:29.726160Z  INFO get_files:scan_sources: tailwindcss_oxide::scanner: Discovering "C:\\xampp\\htdocs\\tutorial2\\deploy-temp"
2026-01-16T09:34:29.727728Z  INFO get_files:scan_sources: tailwindcss_oxide::scanner: Discovering "C:\\xampp\\htdocs\\tutorial2\\lib"
2026-01-16T09:34:29.738744Z  INFO get_files:scan_sources: tailwindcss_oxide::scanner: Discovering "C:\\xampp\\htdocs\\tutorial2\\migrations"
2026-01-16T09:34:29.740875Z  INFO get_files:scan_sources: tailwindcss_oxide::scanner: Discovering "C:\\xampp\\htdocs\\tutorial2\\public"
2026-01-16T09:34:29.741881Z  INFO get_files:scan_sources: tailwindcss_oxide::scanner: Discovering "C:\\xampp\\htdocs\\tutorial2\\public\\uploads"
2026-01-16T09:34:29.742234Z  INFO get_files:scan_sources: tailwindcss_oxide::scanner: Discovering "C:\\xampp\\htdocs\\tutorial2\\public\\uploads\\documents"
2026-01-16T09:34:29.742673Z  INFO get_files:scan_sources: tailwindcss_oxide::scanner: Discovering "C:\\xampp\\htdocs\\tutorial2\\public\\uploads\\profile-pictures"
2026-01-16T09:34:29.743851Z  INFO get_files:scan_sources: tailwindcss_oxide::scanner: Discovering "C:\\xampp\\htdocs\\tutorial2\\scripts"
2026-01-16T09:34:29.749393Z  INFO get_files:scan_sources: tailwindcss_oxide::scanner: Discovering "C:\\xampp\\htdocs\\tutorial2\\types"
2026-01-16T09:34:29.750309Z  INFO get_files:scan_sources: tailwindcss_oxide::scanner: exit
2026-01-16T09:34:29.767434Z  INFO get_files: tailwindcss_oxide::scanner: exit
2026-01-16T09:34:29.768308Z  INFO get_globs: tailwindcss_oxide::scanner: enter
2026-01-16T09:34:29.768363Z  INFO get_globs: tailwindcss_oxide::scanner: exit
2026-01-16T09:35:56.764903Z  INFO scan_sources: tailwindcss_oxide::scanner: enter
2026-01-16T09:35:56.769306Z  INFO scan_sources: tailwindcss_oxide::scanner: Discovering "C:\\xampp\\htdocs\\tutorial2\\.windsurf"
2026-01-16T09:35:56.769637Z  INFO scan_sources: tailwindcss_oxide::scanner: Discovering "C:\\xampp\\htdocs\\tutorial2\\.windsurf\\workflows"
2026-01-16T09:35:56.770549Z  INFO scan_sources: tailwindcss_oxide::scanner: Discovering "C:\\xampp\\htdocs\\tutorial2\\api"
2026-01-16T09:35:56.770894Z  INFO scan_sources: tailwindcss_oxide::scanner: Discovering "C:\\xampp\\htdocs\\tutorial2\\api\\auth"
2026-01-16T09:35:56.771334Z  INFO scan_sources: tailwindcss_oxide::scanner: Discovering "C:\\xampp\\htdocs\\tutorial2\\app"
2026-01-16T09:35:56.771532Z  INFO scan_sources: tailwindcss_oxide::scanner: Discovering "C:\\xampp\\htdocs\\tutorial2\\app\\(layout)"
2026-01-16T09:35:56.771723Z  INFO scan_sources: tailwindcss_oxide::scanner: Discovering "C:\\xampp\\htdocs\\tutorial2\\app\\(shared-layout)"
2026-01-16T09:35:56.771949Z  INFO scan_sources: tailwindcss_oxide::scanner: Discovering "C:\\xampp\\htdocs\\tutorial2\\app\\about"
2026-01-16T09:35:56.772115Z  INFO scan_sources: tailwindcss_oxide::scanner: Discovering "C:\\xampp\\htdocs\\tutorial2\\app\\about-us"
2026-01-16T09:35:56.772289Z  INFO scan_sources: tailwindcss_oxide::scanner: Discovering "C:\\xampp\\htdocs\\tutorial2\\app\\admin"
2026-01-16T09:35:56.772418Z  INFO scan_sources: tailwindcss_oxide::scanner: Discovering "C:\\xampp\\htdocs\\tutorial2\\app\\admin\\cards"
2026-01-16T09:35:56.772637Z  INFO scan_sources: tailwindcss_oxide::scanner: Discovering "C:\\xampp\\htdocs\\tutorial2\\app\\admin\\content"
2026-01-16T09:35:56.773212Z  INFO scan_sources: tailwindcss_oxide::scanner: Discovering "C:\\xampp\\htdocs\\tutorial2\\app\\admin\\content\\about"
2026-01-16T09:35:56.773423Z  INFO scan_sources: tailwindcss_oxide::scanner: Discovering "C:\\xampp\\htdocs\\tutorial2\\app\\admin\\content\\contact"
2026-01-16T09:35:56.773587Z  INFO scan_sources: tailwindcss_oxide::scanner: Discovering "C:\\xampp\\htdocs\\tutorial2\\app\\admin\\content\\home"
2026-01-16T09:35:56.773787Z  INFO scan_sources: tailwindcss_oxide::scanner: Discovering "C:\\xampp\\htdocs\\tutorial2\\app\\admin\\dashboard"
2026-01-16T09:35:56.773965Z  INFO scan_sources: tailwindcss_oxide::scanner: Discovering "C:\\xampp\\htdocs\\tutorial2\\app\\admin\\events"
2026-01-16T09:35:56.774099Z  INFO scan_sources: tailwindcss_oxide::scanner: Discovering "C:\\xampp\\htdocs\\tutorial2\\app\\admin\\events\\[id]"
2026-01-16T09:35:56.774236Z  INFO scan_sources: tailwindcss_oxide::scanner: Discovering "C:\\xampp\\htdocs\\tutorial2\\app\\admin\\events\\[id]\\registrations"
2026-01-16T09:35:56.774460Z  INFO scan_sources: tailwindcss_oxide::scanner: Discovering "C:\\xampp\\htdocs\\tutorial2\\app\\admin\\membership"
2026-01-16T09:35:56.774611Z  INFO scan_sources: tailwindcss_oxide::scanner: Discovering "C:\\xampp\\htdocs\\tutorial2\\app\\admin\\news"
2026-01-16T09:35:56.774874Z  INFO scan_sources: tailwindcss_oxide::scanner: Discovering "C:\\xampp\\htdocs\\tutorial2\\app\\admin\\payment"
2026-01-16T09:35:56.775029Z  INFO scan_sources: tailwindcss_oxide::scanner: Discovering "C:\\xampp\\htdocs\\tutorial2\\app\\admin\\payments"
2026-01-16T09:35:56.775228Z  INFO scan_sources: tailwindcss_oxide::scanner: Discovering "C:\\xampp\\htdocs\\tutorial2\\app\\admin\\reports"
2026-01-16T09:35:56.775381Z  INFO scan_sources: tailwindcss_oxide::scanner: Discovering "C:\\xampp\\htdocs\\tutorial2\\app\\admin\\requests"
2026-01-16T09:35:56.775562Z  INFO scan_sources: tailwindcss_oxide::scanner: Discovering "C:\\xampp\\htdocs\\tutorial2\\app\\admin\\users"
2026-01-16T09:35:56.775697Z  INFO scan_sources: tailwindcss_oxide::scanner: Discovering "C:\\xampp\\htdocs\\tutorial2\\app\\admin\\users\\[id]"
2026-01-16T09:35:56.775893Z  INFO scan_sources: tailwindcss_oxide::scanner: Discovering "C:\\xampp\\htdocs\\tutorial2\\app\\api"
2026-01-16T09:35:56.776051Z  INFO scan_sources: tailwindcss_oxide::scanner: Discovering "C:\\xampp\\htdocs\\tutorial2\\app\\api\\about-content"
2026-01-16T09:35:56.776249Z  INFO scan_sources: tailwindcss_oxide::scanner: Discovering "C:\\xampp\\htdocs\\tutorial2\\app\\api\\admin"
2026-01-16T09:35:56.776440Z  INFO scan_sources: tailwindcss_oxide::scanner: Discovering "C:\\xampp\\htdocs\\tutorial2\\app\\api\\admin\\approve-member"
2026-01-16T09:35:56.776597Z  INFO scan_sources: tailwindcss_oxide::scanner: Discovering "C:\\xampp\\htdocs\\tutorial2\\app\\api\\admin\\cards"
2026-01-16T09:35:56.776744Z  INFO scan_sources: tailwindcss_oxide::scanner: Discovering "C:\\xampp\\htdocs\\tutorial2\\app\\api\\admin\\content"
2026-01-16T09:35:56.776859Z  INFO scan_sources: tailwindcss_oxide::scanner: Discovering "C:\\xampp\\htdocs\\tutorial2\\app\\api\\admin\\content\\about"
2026-01-16T09:35:56.777011Z  INFO scan_sources: tailwindcss_oxide::scanner: Discovering "C:\\xampp\\htdocs\\tutorial2\\app\\api\\admin\\content\\about\\[id]"
2026-01-16T09:35:56.777177Z  INFO scan_sources: tailwindcss_oxide::scanner: Discovering "C:\\xampp\\htdocs\\tutorial2\\app\\api\\admin\\content\\contact"
2026-01-16T09:35:56.777312Z  INFO scan_sources: tailwindcss_oxide::scanner: Discovering "C:\\xampp\\htdocs\\tutorial2\\app\\api\\admin\\content\\contact\\[id]"
2026-01-16T09:35:56.777614Z  INFO scan_sources: tailwindcss_oxide::scanner: Discovering "C:\\xampp\\htdocs\\tutorial2\\app\\api\\admin\\content\\footer"
2026-01-16T09:35:56.777884Z  INFO scan_sources: tailwindcss_oxide::scanner: Discovering "C:\\xampp\\htdocs\\tutorial2\\app\\api\\admin\\content\\home"
2026-01-16T09:35:56.778070Z  INFO scan_sources: tailwindcss_oxide::scanner: Discovering "C:\\xampp\\htdocs\\tutorial2\\app\\api\\admin\\content\\home\\[id]"
2026-01-16T09:35:56.778294Z  INFO scan_sources: tailwindcss_oxide::scanner: Discovering "C:\\xampp\\htdocs\\tutorial2\\app\\api\\admin\\content\\media"
2026-01-16T09:35:56.778500Z  INFO scan_sources: tailwindcss_oxide::scanner: Discovering "C:\\xampp\\htdocs\\tutorial2\\app\\api\\admin\\content\\navigation"
2026-01-16T09:35:56.778705Z  INFO scan_sources: tailwindcss_oxide::scanner: Discovering "C:\\xampp\\htdocs\\tutorial2\\app\\api\\admin\\content\\pages"
2026-01-16T09:35:56.778880Z  INFO scan_sources: tailwindcss_oxide::scanner: Discovering "C:\\xampp\\htdocs\\tutorial2\\app\\api\\admin\\content\\pages\\[id]"
2026-01-16T09:35:56.779099Z  INFO scan_sources: tailwindcss_oxide::scanner: Discovering "C:\\xampp\\htdocs\\tutorial2\\app\\api\\admin\\content\\settings"
2026-01-16T09:35:56.779369Z  INFO scan_sources: tailwindcss_oxide::scanner: Discovering "C:\\xampp\\htdocs\\tutorial2\\app\\api\\admin\\create-admin"
2026-01-16T09:35:56.779596Z  INFO scan_sources: tailwindcss_oxide::scanner: Discovering "C:\\xampp\\htdocs\\tutorial2\\app\\api\\admin\\deleted-users"
2026-01-16T09:35:56.779799Z  INFO scan_sources: tailwindcss_oxide::scanner: Discovering "C:\\xampp\\htdocs\\tutorial2\\app\\api\\admin\\events"
2026-01-16T09:35:56.780022Z  INFO scan_sources: tailwindcss_oxide::scanner: Discovering "C:\\xampp\\htdocs\\tutorial2\\app\\api\\admin\\events\\[id]"
2026-01-16T09:35:56.780180Z  INFO scan_sources: tailwindcss_oxide::scanner: Discovering "C:\\xampp\\htdocs\\tutorial2\\app\\api\\admin\\events\\[id]\\registrations"
2026-01-16T09:35:56.780508Z  INFO scan_sources: tailwindcss_oxide::scanner: Discovering "C:\\xampp\\htdocs\\tutorial2\\app\\api\\admin\\fix-admin"
2026-01-16T09:35:56.780759Z  INFO scan_sources: tailwindcss_oxide::scanner: Discovering "C:\\xampp\\htdocs\\tutorial2\\app\\api\\admin\\membership"
2026-01-16T09:35:56.780920Z  INFO scan_sources: tailwindcss_oxide::scanner: Discovering "C:\\xampp\\htdocs\\tutorial2\\app\\api\\admin\\membership\\cycles"
2026-01-16T09:35:56.781117Z  INFO scan_sources: tailwindcss_oxide::scanner: Discovering "C:\\xampp\\htdocs\\tutorial2\\app\\api\\admin\\membership\\settings"
2026-01-16T09:35:56.781315Z  INFO scan_sources: tailwindcss_oxide::scanner: Discovering "C:\\xampp\\htdocs\\tutorial2\\app\\api\\admin\\membership\\types"
2026-01-16T09:35:56.781573Z  INFO scan_sources: tailwindcss_oxide::scanner: Discovering "C:\\xampp\\htdocs\\tutorial2\\app\\api\\admin\\news"
2026-01-16T09:35:56.781726Z  INFO scan_sources: tailwindcss_oxide::scanner: Discovering "C:\\xampp\\htdocs\\tutorial2\\app\\api\\admin\\payment"
2026-01-16T09:35:56.781899Z  INFO scan_sources: tailwindcss_oxide::scanner: Discovering "C:\\xampp\\htdocs\\tutorial2\\app\\api\\admin\\payments"
2026-01-16T09:35:56.782006Z  INFO scan_sources: tailwindcss_oxide::scanner: Discovering "C:\\xampp\\htdocs\\tutorial2\\app\\api\\admin\\payments\\list"
2026-01-16T09:35:56.782134Z  INFO scan_sources: tailwindcss_oxide::scanner: Discovering "C:\\xampp\\htdocs\\tutorial2\\app\\api\\admin\\payments\\list\\export"
2026-01-16T09:35:56.782430Z  INFO scan_sources: tailwindcss_oxide::scanner: Discovering "C:\\xampp\\htdocs\\tutorial2\\app\\api\\admin\\payments\\[id]"
2026-01-16T09:35:56.782551Z  INFO scan_sources: tailwindcss_oxide::scanner: Discovering "C:\\xampp\\htdocs\\tutorial2\\app\\api\\admin\\payments\\[id]\\refund"
2026-01-16T09:35:56.782842Z  INFO scan_sources: tailwindcss_oxide::scanner: Discovering "C:\\xampp\\htdocs\\tutorial2\\app\\api\\admin\\reject-member"
2026-01-16T09:35:56.783099Z  INFO scan_sources: tailwindcss_oxide::scanner: Discovering "C:\\xampp\\htdocs\\tutorial2\\app\\api\\admin\\report"
2026-01-16T09:35:56.783347Z  INFO scan_sources: tailwindcss_oxide::scanner: Discovering "C:\\xampp\\htdocs\\tutorial2\\app\\api\\admin\\reports"
2026-01-16T09:35:56.783556Z  INFO scan_sources: tailwindcss_oxide::scanner: Discovering "C:\\xampp\\htdocs\\tutorial2\\app\\api\\admin\\reports\\generate"
2026-01-16T09:35:56.783917Z  INFO scan_sources: tailwindcss_oxide::scanner: Discovering "C:\\xampp\\htdocs\\tutorial2\\app\\api\\admin\\reset-admin"
2026-01-16T09:35:56.784959Z  INFO scan_sources: tailwindcss_oxide::scanner: Discovering "C:\\xampp\\htdocs\\tutorial2\\app\\api\\admin\\users"
2026-01-16T09:35:56.785437Z  INFO scan_sources: tailwindcss_oxide::scanner: Discovering "C:\\xampp\\htdocs\\tutorial2\\app\\api\\admin\\users\\restore"
2026-01-16T09:35:56.786103Z  INFO scan_sources: tailwindcss_oxide::scanner: Discovering "C:\\xampp\\htdocs\\tutorial2\\app\\api\\admin\\users\\[id]"
2026-01-16T09:35:56.786541Z  INFO scan_sources: tailwindcss_oxide::scanner: Discovering "C:\\xampp\\htdocs\\tutorial2\\app\\api\\admin\\users\\[id]\\approve"
2026-01-16T09:35:56.787105Z  INFO scan_sources: tailwindcss_oxide::scanner: Discovering "C:\\xampp\\htdocs\\tutorial2\\app\\api\\admin\\users\\[id]\\details"
2026-01-16T09:35:56.787676Z  INFO scan_sources: tailwindcss_oxide::scanner: Discovering "C:\\xampp\\htdocs\\tutorial2\\app\\api\\admin\\users\\[id]\\membership-status"
2026-01-16T09:35:56.788242Z  INFO scan_sources: tailwindcss_oxide::scanner: Discovering "C:\\xampp\\htdocs\\tutorial2\\app\\api\\admin\\users\\[id]\\password"
2026-01-16T09:35:56.788692Z  INFO scan_sources: tailwindcss_oxide::scanner: Discovering "C:\\xampp\\htdocs\\tutorial2\\app\\api\\admin\\users\\[id]\\reject"
2026-01-16T09:35:56.789398Z  INFO scan_sources: tailwindcss_oxide::scanner: Discovering "C:\\xampp\\htdocs\\tutorial2\\app\\api\\auth"
2026-01-16T09:35:56.789879Z  INFO scan_sources: tailwindcss_oxide::scanner: Discovering "C:\\xampp\\htdocs\\tutorial2\\app\\api\\auth\\forgot-password"
2026-01-16T09:35:56.790244Z  INFO scan_sources: tailwindcss_oxide::scanner: Discovering "C:\\xampp\\htdocs\\tutorial2\\app\\api\\auth\\login"
2026-01-16T09:35:56.790868Z  INFO scan_sources: tailwindcss_oxide::scanner: Discovering "C:\\xampp\\htdocs\\tutorial2\\app\\api\\auth\\logout"
2026-01-16T09:35:56.791453Z  INFO scan_sources: tailwindcss_oxide::scanner: Discovering "C:\\xampp\\htdocs\\tutorial2\\app\\api\\auth\\me"
2026-01-16T09:35:56.792051Z  INFO scan_sources: tailwindcss_oxide::scanner: Discovering "C:\\xampp\\htdocs\\tutorial2\\app\\api\\auth\\membership-status"
2026-01-16T09:35:56.792612Z  INFO scan_sources: tailwindcss_oxide::scanner: Discovering "C:\\xampp\\htdocs\\tutorial2\\app\\api\\auth\\profile"
2026-01-16T09:35:56.793210Z  INFO scan_sources: tailwindcss_oxide::scanner: Discovering "C:\\xampp\\htdocs\\tutorial2\\app\\api\\auth\\refresh"
2026-01-16T09:35:56.793705Z  INFO scan_sources: tailwindcss_oxide::scanner: Discovering "C:\\xampp\\htdocs\\tutorial2\\app\\api\\auth\\register"
2026-01-16T09:35:56.794020Z  INFO scan_sources: tailwindcss_oxide::scanner: Discovering "C:\\xampp\\htdocs\\tutorial2\\app\\api\\auth\\[...nextauth]"
2026-01-16T09:35:56.794270Z  INFO scan_sources: tailwindcss_oxide::scanner: Discovering "C:\\xampp\\htdocs\\tutorial2\\app\\api\\contact-content"
2026-01-16T09:35:56.794569Z  INFO scan_sources: tailwindcss_oxide::scanner: Discovering "C:\\xampp\\htdocs\\tutorial2\\app\\api\\debug"
2026-01-16T09:35:56.794776Z  INFO scan_sources: tailwindcss_oxide::scanner: Discovering "C:\\xampp\\htdocs\\tutorial2\\app\\api\\debug\\pricing"
2026-01-16T09:35:56.795050Z  INFO scan_sources: tailwindcss_oxide::scanner: Discovering "C:\\xampp\\htdocs\\tutorial2\\app\\api\\debug\\send-email"
2026-01-16T09:35:56.795315Z  INFO scan_sources: tailwindcss_oxide::scanner: Discovering "C:\\xampp\\htdocs\\tutorial2\\app\\api\\debug\\send-test-email"
2026-01-16T09:35:56.795574Z  INFO scan_sources: tailwindcss_oxide::scanner: Discovering "C:\\xampp\\htdocs\\tutorial2\\app\\api\\events"
2026-01-16T09:35:56.795794Z  INFO scan_sources: tailwindcss_oxide::scanner: Discovering "C:\\xampp\\htdocs\\tutorial2\\app\\api\\events\\[id]"
2026-01-16T09:35:56.795970Z  INFO scan_sources: tailwindcss_oxide::scanner: Discovering "C:\\xampp\\htdocs\\tutorial2\\app\\api\\events\\[id]\\register"
2026-01-16T09:35:56.796316Z  INFO scan_sources: tailwindcss_oxide::scanner: Discovering "C:\\xampp\\htdocs\\tutorial2\\app\\api\\fix-membership"
2026-01-16T09:35:56.796556Z  INFO scan_sources: tailwindcss_oxide::scanner: Discovering "C:\\xampp\\htdocs\\tutorial2\\app\\api\\home-content"
2026-01-16T09:35:56.796802Z  INFO scan_sources: tailwindcss_oxide::scanner: Discovering "C:\\xampp\\htdocs\\tutorial2\\app\\api\\membership"
2026-01-16T09:35:56.797015Z  INFO scan_sources: tailwindcss_oxide::scanner: Discovering "C:\\xampp\\htdocs\\tutorial2\\app\\api\\membership\\complete-payment"
2026-01-16T09:35:56.797303Z  INFO scan_sources: tailwindcss_oxide::scanner: Discovering "C:\\xampp\\htdocs\\tutorial2\\app\\api\\membership\\next-number"
2026-01-16T09:35:56.797552Z  INFO scan_sources: tailwindcss_oxide::scanner: Discovering "C:\\xampp\\htdocs\\tutorial2\\app\\api\\membership\\pay"
2026-01-16T09:35:56.797808Z  INFO scan_sources: tailwindcss_oxide::scanner: Discovering "C:\\xampp\\htdocs\\tutorial2\\app\\api\\membership\\pay-early"
2026-01-16T09:35:56.798062Z  INFO scan_sources: tailwindcss_oxide::scanner: Discovering "C:\\xampp\\htdocs\\tutorial2\\app\\api\\membership\\payment-status"
2026-01-16T09:35:56.798399Z  INFO scan_sources: tailwindcss_oxide::scanner: Discovering "C:\\xampp\\htdocs\\tutorial2\\app\\api\\membership\\payment-success"
2026-01-16T09:35:56.798784Z  INFO scan_sources: tailwindcss_oxide::scanner: Discovering "C:\\xampp\\htdocs\\tutorial2\\app\\api\\membership\\status"
2026-01-16T09:35:56.799067Z  INFO scan_sources: tailwindcss_oxide::scanner: Discovering "C:\\xampp\\htdocs\\tutorial2\\app\\api\\messages"
2026-01-16T09:35:56.799291Z  INFO scan_sources: tailwindcss_oxide::scanner: Discovering "C:\\xampp\\htdocs\\tutorial2\\app\\api\\messages\\reply"
2026-01-16T09:35:56.799615Z  INFO scan_sources: tailwindcss_oxide::scanner: Discovering "C:\\xampp\\htdocs\\tutorial2\\app\\api\\messages\\[id]"
2026-01-16T09:35:56.799910Z  INFO scan_sources: tailwindcss_oxide::scanner: Discovering "C:\\xampp\\htdocs\\tutorial2\\app\\api\\messages\\[id]\\read"
2026-01-16T09:35:56.800986Z  INFO scan_sources: tailwindcss_oxide::scanner: Discovering "C:\\xampp\\htdocs\\tutorial2\\app\\api\\news"
2026-01-16T09:35:56.801592Z  INFO scan_sources: tailwindcss_oxide::scanner: Discovering "C:\\xampp\\htdocs\\tutorial2\\app\\api\\payment"
2026-01-16T09:35:56.801902Z  INFO scan_sources: tailwindcss_oxide::scanner: Discovering "C:\\xampp\\htdocs\\tutorial2\\app\\api\\payment\\pesapal"
2026-01-16T09:35:56.802352Z  INFO scan_sources: tailwindcss_oxide::scanner: Discovering "C:\\xampp\\htdocs\\tutorial2\\app\\api\\payments"
2026-01-16T09:35:56.802611Z  INFO scan_sources: tailwindcss_oxide::scanner: Discovering "C:\\xampp\\htdocs\\tutorial2\\app\\api\\payments\\activate-test"
2026-01-16T09:35:56.802893Z  INFO scan_sources: tailwindcss_oxide::scanner: Discovering "C:\\xampp\\htdocs\\tutorial2\\app\\api\\payments\\azampay"
2026-01-16T09:35:56.803061Z  INFO scan_sources: tailwindcss_oxide::scanner: Discovering "C:\\xampp\\htdocs\\tutorial2\\app\\api\\payments\\azampay\\callback"
2026-01-16T09:35:56.803290Z  INFO scan_sources: tailwindcss_oxide::scanner: Discovering "C:\\xampp\\htdocs\\tutorial2\\app\\api\\payments\\azampay\\checkout"
2026-01-16T09:35:56.803502Z  INFO scan_sources: tailwindcss_oxide::scanner: Discovering "C:\\xampp\\htdocs\\tutorial2\\app\\api\\payments\\cleanup"
2026-01-16T09:35:56.803676Z  INFO scan_sources: tailwindcss_oxide::scanner: Discovering "C:\\xampp\\htdocs\\tutorial2\\app\\api\\payments\\complete"
2026-01-16T09:35:56.803837Z  INFO scan_sources: tailwindcss_oxide::scanner: Discovering "C:\\xampp\\htdocs\\tutorial2\\app\\api\\payments\\mobile-money"
2026-01-16T09:35:56.803993Z  INFO scan_sources: tailwindcss_oxide::scanner: Discovering "C:\\xampp\\htdocs\\tutorial2\\app\\api\\payments\\payment-status"
2026-01-16T09:35:56.804149Z  INFO scan_sources: tailwindcss_oxide::scanner: Discovering "C:\\xampp\\htdocs\\tutorial2\\app\\api\\payments\\process"
2026-01-16T09:35:56.804319Z  INFO scan_sources: tailwindcss_oxide::scanner: Discovering "C:\\xampp\\htdocs\\tutorial2\\app\\api\\reports"
2026-01-16T09:35:56.804447Z  INFO scan_sources: tailwindcss_oxide::scanner: Discovering "C:\\xampp\\htdocs\\tutorial2\\app\\api\\reports\\generate"
2026-01-16T09:35:56.804595Z  INFO scan_sources: tailwindcss_oxide::scanner: Discovering "C:\\xampp\\htdocs\\tutorial2\\app\\api\\reports\\send-email"
2026-01-16T09:35:56.804753Z  INFO scan_sources: tailwindcss_oxide::scanner: Discovering "C:\\xampp\\htdocs\\tutorial2\\app\\api\\send-approval-email"
2026-01-16T09:35:56.804924Z  INFO scan_sources: tailwindcss_oxide::scanner: Discovering "C:\\xampp\\htdocs\\tutorial2\\app\\api\\settings"
2026-01-16T09:35:56.805070Z  INFO scan_sources: tailwindcss_oxide::scanner: Discovering "C:\\xampp\\htdocs\\tutorial2\\app\\api\\setup"
2026-01-16T09:35:56.805179Z  INFO scan_sources: tailwindcss_oxide::scanner: Discovering "C:\\xampp\\htdocs\\tutorial2\\app\\api\\setup\\ensure-admin"
2026-01-16T09:35:56.805350Z  INFO scan_sources: tailwindcss_oxide::scanner: Discovering "C:\\xampp\\htdocs\\tutorial2\\app\\api\\test-events"
2026-01-16T09:35:56.805508Z  INFO scan_sources: tailwindcss_oxide::scanner: Discovering "C:\\xampp\\htdocs\\tutorial2\\app\\api\\user"
2026-01-16T09:35:56.805636Z  INFO scan_sources: tailwindcss_oxide::scanner: Discovering "C:\\xampp\\htdocs\\tutorial2\\app\\api\\user\\profile"
2026-01-16T09:35:56.805829Z  INFO scan_sources: tailwindcss_oxide::scanner: Discovering "C:\\xampp\\htdocs\\tutorial2\\app\\auth"
2026-01-16T09:35:56.805949Z  INFO scan_sources: tailwindcss_oxide::scanner: Discovering "C:\\xampp\\htdocs\\tutorial2\\app\\auth\\forgot-password"
2026-01-16T09:35:56.806139Z  INFO scan_sources: tailwindcss_oxide::scanner: Discovering "C:\\xampp\\htdocs\\tutorial2\\app\\auth\\login"
2026-01-16T09:35:56.806287Z  INFO scan_sources: tailwindcss_oxide::scanner: Discovering "C:\\xampp\\htdocs\\tutorial2\\app\\auth\\pending-approval"
2026-01-16T09:35:56.806592Z  INFO scan_sources: tailwindcss_oxide::scanner: Discovering "C:\\xampp\\htdocs\\tutorial2\\app\\auth\\register"
2026-01-16T09:35:56.806788Z  INFO scan_sources: tailwindcss_oxide::scanner: Discovering "C:\\xampp\\htdocs\\tutorial2\\app\\components"
2026-01-16T09:35:56.806985Z  INFO scan_sources: tailwindcss_oxide::scanner: Discovering "C:\\xampp\\htdocs\\tutorial2\\app\\contact"
2026-01-16T09:35:56.807133Z  INFO scan_sources: tailwindcss_oxide::scanner: Discovering "C:\\xampp\\htdocs\\tutorial2\\app\\dashboard"
2026-01-16T09:35:56.807259Z  INFO scan_sources: tailwindcss_oxide::scanner: Discovering "C:\\xampp\\htdocs\\tutorial2\\app\\dashboard\\complete-profile"
2026-01-16T09:35:56.807408Z  INFO scan_sources: tailwindcss_oxide::scanner: Discovering "C:\\xampp\\htdocs\\tutorial2\\app\\dashboard\\events"
2026-01-16T09:35:56.807517Z  INFO scan_sources: tailwindcss_oxide::scanner: Discovering "C:\\xampp\\htdocs\\tutorial2\\app\\dashboard\\events\\create"
2026-01-16T09:35:56.807604Z  INFO scan_sources: tailwindcss_oxide::scanner: Discovering "C:\\xampp\\htdocs\\tutorial2\\app\\dashboard\\events\\create\\page.tsx"
2026-01-16T09:35:56.807748Z  INFO scan_sources: tailwindcss_oxide::scanner: Discovering "C:\\xampp\\htdocs\\tutorial2\\app\\dashboard\\membership-card"
2026-01-16T09:35:56.807926Z  INFO scan_sources: tailwindcss_oxide::scanner: Discovering "C:\\xampp\\htdocs\\tutorial2\\app\\dashboard\\messages"
2026-01-16T09:35:56.808116Z  INFO scan_sources: tailwindcss_oxide::scanner: Discovering "C:\\xampp\\htdocs\\tutorial2\\app\\dashboard\\news"
2026-01-16T09:35:56.808298Z  INFO scan_sources: tailwindcss_oxide::scanner: Discovering "C:\\xampp\\htdocs\\tutorial2\\app\\dashboard\\payment"
2026-01-16T09:35:56.808428Z  INFO scan_sources: tailwindcss_oxide::scanner: Discovering "C:\\xampp\\htdocs\\tutorial2\\app\\dashboard\\payment\\callback"
2026-01-16T09:35:56.808618Z  INFO scan_sources: tailwindcss_oxide::scanner: Discovering "C:\\xampp\\htdocs\\tutorial2\\app\\dashboard\\payment\\success"
2026-01-16T09:35:56.808865Z  INFO scan_sources: tailwindcss_oxide::scanner: Discovering "C:\\xampp\\htdocs\\tutorial2\\app\\dashboard\\profile"
2026-01-16T09:35:56.809054Z  INFO scan_sources: tailwindcss_oxide::scanner: Discovering "C:\\xampp\\htdocs\\tutorial2\\app\\dashboard\\subscribe"
2026-01-16T09:35:56.809289Z  INFO scan_sources: tailwindcss_oxide::scanner: Discovering "C:\\xampp\\htdocs\\tutorial2\\app\\fix-auth"
2026-01-16T09:35:56.809675Z  INFO scan_sources: tailwindcss_oxide::scanner: Discovering "C:\\xampp\\htdocs\\tutorial2\\app\\schemas"
2026-01-16T09:35:56.809855Z  INFO scan_sources: tailwindcss_oxide::scanner: Discovering "C:\\xampp\\htdocs\\tutorial2\\app\\scripts"
2026-01-16T09:35:56.810124Z  INFO scan_sources: tailwindcss_oxide::scanner: Discovering "C:\\xampp\\htdocs\\tutorial2\\app\\unauthorized"
2026-01-16T09:35:56.811137Z  INFO scan_sources: tailwindcss_oxide::scanner: Discovering "C:\\xampp\\htdocs\\tutorial2\\components"
2026-01-16T09:35:56.811445Z  INFO scan_sources: tailwindcss_oxide::scanner: Discovering "C:\\xampp\\htdocs\\tutorial2\\components\\admin"
2026-01-16T09:35:56.811890Z  INFO scan_sources: tailwindcss_oxide::scanner: Discovering "C:\\xampp\\htdocs\\tutorial2\\components\\dashboard"
2026-01-16T09:35:56.812570Z  INFO scan_sources: tailwindcss_oxide::scanner: Discovering "C:\\xampp\\htdocs\\tutorial2\\components\\ui"
2026-01-16T09:35:56.813449Z  INFO scan_sources: tailwindcss_oxide::scanner: Discovering "C:\\xampp\\htdocs\\tutorial2\\components\\web"
2026-01-16T09:35:56.814032Z  INFO scan_sources: tailwindcss_oxide::scanner: Discovering "C:\\xampp\\htdocs\\tutorial2\\contexts"
2026-01-16T09:35:56.814346Z  INFO scan_sources: tailwindcss_oxide::scanner: Discovering "C:\\xampp\\htdocs\\tutorial2\\convex"
2026-01-16T09:35:56.814557Z  INFO scan_sources: tailwindcss_oxide::scanner: Discovering "C:\\xampp\\htdocs\\tutorial2\\convex\\_generated"
2026-01-16T09:35:56.815266Z  INFO scan_sources: tailwindcss_oxide::scanner: Discovering "C:\\xampp\\htdocs\\tutorial2\\database"
2026-01-16T09:35:56.816491Z  INFO scan_sources: tailwindcss_oxide::scanner: Discovering "C:\\xampp\\htdocs\\tutorial2\\deploy-minimal"
2026-01-16T09:35:56.816866Z  INFO scan_sources: tailwindcss_oxide::scanner: Discovering "C:\\xampp\\htdocs\\tutorial2\\deploy-simple"
2026-01-16T09:35:56.817625Z  INFO scan_sources: tailwindcss_oxide::scanner: Discovering "C:\\xampp\\htdocs\\tutorial2\\deploy-temp"
2026-01-16T09:35:56.819890Z  INFO scan_sources: tailwindcss_oxide::scanner: Discovering "C:\\xampp\\htdocs\\tutorial2\\lib"
2026-01-16T09:35:56.820564Z  INFO scan_sources: tailwindcss_oxide::scanner: Discovering "C:\\xampp\\htdocs\\tutorial2\\migrations"
2026-01-16T09:35:56.821356Z  INFO scan_sources: tailwindcss_oxide::scanner: Discovering "C:\\xampp\\htdocs\\tutorial2\\public"
2026-01-16T09:35:56.821602Z  INFO scan_sources: tailwindcss_oxide::scanner: Discovering "C:\\xampp\\htdocs\\tutorial2\\public\\uploads"
2026-01-16T09:35:56.821744Z  INFO scan_sources: tailwindcss_oxide::scanner: Discovering "C:\\xampp\\htdocs\\tutorial2\\public\\uploads\\documents"
2026-01-16T09:35:56.821911Z  INFO scan_sources: tailwindcss_oxide::scanner: Discovering "C:\\xampp\\htdocs\\tutorial2\\public\\uploads\\profile-pictures"
2026-01-16T09:35:56.822420Z  INFO scan_sources: tailwindcss_oxide::scanner: Discovering "C:\\xampp\\htdocs\\tutorial2\\scripts"
2026-01-16T09:35:56.823726Z  INFO scan_sources: tailwindcss_oxide::scanner: Discovering "C:\\xampp\\htdocs\\tutorial2\\types"
2026-01-16T09:35:56.824101Z  INFO scan_sources: tailwindcss_oxide::scanner: exit
2026-01-16T09:35:56.824115Z  INFO extract_candidates: tailwindcss_oxide::scanner: enter
2026-01-16T09:35:56.824121Z  INFO extract_candidates:read_all_files: tailwindcss_oxide::scanner: enter
2026-01-16T09:35:56.824125Z  INFO extract_candidates:read_all_files: tailwindcss_oxide::scanner: Reading 1 file(s)
2026-01-16T09:35:56.824226Z  INFO extract_candidates:read_all_files: tailwindcss_oxide::scanner: Reading "C:\\xampp\\htdocs\\tutorial2\\app\\dashboard\\events\\create\\page.tsx"
2026-01-16T09:35:56.824250Z  INFO extract_candidates:read_all_files: tailwindcss_oxide::scanner: exit
2026-01-16T09:35:56.824255Z  INFO extract_candidates:parse_all_blobs: tailwindcss_oxide::scanner: enter
2026-01-16T09:35:56.824259Z  INFO extract_candidates:parse_all_blobs:extract: tailwindcss_oxide::scanner: enter
2026-01-16T09:35:56.824572Z  INFO extract_candidates:parse_all_blobs:extract: tailwindcss_oxide::scanner: exit
2026-01-16T09:35:56.824586Z  INFO extract_candidates:parse_all_blobs: tailwindcss_oxide::scanner: exit
2026-01-16T09:35:56.824678Z  INFO extract_candidates: tailwindcss_oxide::scanner: exit
2026-01-16T09:35:56.827213Z  INFO get_files: tailwindcss_oxide::scanner: enter
2026-01-16T09:35:56.827271Z  INFO get_files:scan_sources: tailwindcss_oxide::scanner: enter
2026-01-16T09:35:56.829493Z  INFO get_files:scan_sources: tailwindcss_oxide::scanner: Discovering "C:\\xampp\\htdocs\\tutorial2\\.windsurf"
2026-01-16T09:35:56.829652Z  INFO get_files:scan_sources: tailwindcss_oxide::scanner: Discovering "C:\\xampp\\htdocs\\tutorial2\\.windsurf\\workflows"
2026-01-16T09:35:56.830024Z  INFO get_files:scan_sources: tailwindcss_oxide::scanner: Discovering "C:\\xampp\\htdocs\\tutorial2\\api"
2026-01-16T09:35:56.830141Z  INFO get_files:scan_sources: tailwindcss_oxide::scanner: Discovering "C:\\xampp\\htdocs\\tutorial2\\api\\auth"
2026-01-16T09:35:56.830383Z  INFO get_files:scan_sources: tailwindcss_oxide::scanner: Discovering "C:\\xampp\\htdocs\\tutorial2\\app"
2026-01-16T09:35:56.830503Z  INFO get_files:scan_sources: tailwindcss_oxide::scanner: Discovering "C:\\xampp\\htdocs\\tutorial2\\app\\(layout)"
2026-01-16T09:35:56.830651Z  INFO get_files:scan_sources: tailwindcss_oxide::scanner: Discovering "C:\\xampp\\htdocs\\tutorial2\\app\\(shared-layout)"
2026-01-16T09:35:56.830838Z  INFO get_files:scan_sources: tailwindcss_oxide::scanner: Discovering "C:\\xampp\\htdocs\\tutorial2\\app\\about"
2026-01-16T09:35:56.831000Z  INFO get_files:scan_sources: tailwindcss_oxide::scanner: Discovering "C:\\xampp\\htdocs\\tutorial2\\app\\about-us"
2026-01-16T09:35:56.831150Z  INFO get_files:scan_sources: tailwindcss_oxide::scanner: Discovering "C:\\xampp\\htdocs\\tutorial2\\app\\admin"
2026-01-16T09:35:56.831262Z  INFO get_files:scan_sources: tailwindcss_oxide::scanner: Discovering "C:\\xampp\\htdocs\\tutorial2\\app\\admin\\cards"
2026-01-16T09:35:56.831409Z  INFO get_files:scan_sources: tailwindcss_oxide::scanner: Discovering "C:\\xampp\\htdocs\\tutorial2\\app\\admin\\content"
2026-01-16T09:35:56.831523Z  INFO get_files:scan_sources: tailwindcss_oxide::scanner: Discovering "C:\\xampp\\htdocs\\tutorial2\\app\\admin\\content\\about"
2026-01-16T09:35:56.831697Z  INFO get_files:scan_sources: tailwindcss_oxide::scanner: Discovering "C:\\xampp\\htdocs\\tutorial2\\app\\admin\\content\\contact"
2026-01-16T09:35:56.831841Z  INFO get_files:scan_sources: tailwindcss_oxide::scanner: Discovering "C:\\xampp\\htdocs\\tutorial2\\app\\admin\\content\\home"
2026-01-16T09:35:56.832029Z  INFO get_files:scan_sources: tailwindcss_oxide::scanner: Discovering "C:\\xampp\\htdocs\\tutorial2\\app\\admin\\dashboard"
2026-01-16T09:35:56.832196Z  INFO get_files:scan_sources: tailwindcss_oxide::scanner: Discovering "C:\\xampp\\htdocs\\tutorial2\\app\\admin\\events"
2026-01-16T09:35:56.832404Z  INFO get_files:scan_sources: tailwindcss_oxide::scanner: Discovering "C:\\xampp\\htdocs\\tutorial2\\app\\admin\\events\\[id]"
2026-01-16T09:35:56.833252Z  INFO get_files:scan_sources: tailwindcss_oxide::scanner: Discovering "C:\\xampp\\htdocs\\tutorial2\\app\\admin\\events\\[id]\\registrations"
2026-01-16T09:35:56.833992Z  INFO get_files:scan_sources: tailwindcss_oxide::scanner: Discovering "C:\\xampp\\htdocs\\tutorial2\\app\\admin\\membership"
2026-01-16T09:35:56.834641Z  INFO get_files:scan_sources: tailwindcss_oxide::scanner: Discovering "C:\\xampp\\htdocs\\tutorial2\\app\\admin\\news"
2026-01-16T09:35:56.835457Z  INFO get_files:scan_sources: tailwindcss_oxide::scanner: Discovering "C:\\xampp\\htdocs\\tutorial2\\app\\admin\\payment"
2026-01-16T09:35:56.835875Z  INFO get_files:scan_sources: tailwindcss_oxide::scanner: Discovering "C:\\xampp\\htdocs\\tutorial2\\app\\admin\\payments"
2026-01-16T09:35:56.836556Z  INFO get_files:scan_sources: tailwindcss_oxide::scanner: Discovering "C:\\xampp\\htdocs\\tutorial2\\app\\admin\\reports"
2026-01-16T09:35:56.836880Z  INFO get_files:scan_sources: tailwindcss_oxide::scanner: Discovering "C:\\xampp\\htdocs\\tutorial2\\app\\admin\\requests"
2026-01-16T09:35:56.837198Z  INFO get_files:scan_sources: tailwindcss_oxide::scanner: Discovering "C:\\xampp\\htdocs\\tutorial2\\app\\admin\\users"
2026-01-16T09:35:56.837421Z  INFO get_files:scan_sources: tailwindcss_oxide::scanner: Discovering "C:\\xampp\\htdocs\\tutorial2\\app\\admin\\users\\[id]"
2026-01-16T09:35:56.837696Z  INFO get_files:scan_sources: tailwindcss_oxide::scanner: Discovering "C:\\xampp\\htdocs\\tutorial2\\app\\api"
2026-01-16T09:35:56.837843Z  INFO get_files:scan_sources: tailwindcss_oxide::scanner: Discovering "C:\\xampp\\htdocs\\tutorial2\\app\\api\\about-content"
2026-01-16T09:35:56.838014Z  INFO get_files:scan_sources: tailwindcss_oxide::scanner: Discovering "C:\\xampp\\htdocs\\tutorial2\\app\\api\\admin"
2026-01-16T09:35:56.838179Z  INFO get_files:scan_sources: tailwindcss_oxide::scanner: Discovering "C:\\xampp\\htdocs\\tutorial2\\app\\api\\admin\\approve-member"
2026-01-16T09:35:56.838408Z  INFO get_files:scan_sources: tailwindcss_oxide::scanner: Discovering "C:\\xampp\\htdocs\\tutorial2\\app\\api\\admin\\cards"
2026-01-16T09:35:56.838582Z  INFO get_files:scan_sources: tailwindcss_oxide::scanner: Discovering "C:\\xampp\\htdocs\\tutorial2\\app\\api\\admin\\content"
2026-01-16T09:35:56.838827Z  INFO get_files:scan_sources: tailwindcss_oxide::scanner: Discovering "C:\\xampp\\htdocs\\tutorial2\\app\\api\\admin\\content\\about"
2026-01-16T09:35:56.839124Z  INFO get_files:scan_sources: tailwindcss_oxide::scanner: Discovering "C:\\xampp\\htdocs\\tutorial2\\app\\api\\admin\\content\\about\\[id]"
2026-01-16T09:35:56.839377Z  INFO get_files:scan_sources: tailwindcss_oxide::scanner: Discovering "C:\\xampp\\htdocs\\tutorial2\\app\\api\\admin\\content\\contact"
2026-01-16T09:35:56.839690Z  INFO get_files:scan_sources: tailwindcss_oxide::scanner: Discovering "C:\\xampp\\htdocs\\tutorial2\\app\\api\\admin\\content\\contact\\[id]"
2026-01-16T09:35:56.840071Z  INFO get_files:scan_sources: tailwindcss_oxide::scanner: Discovering "C:\\xampp\\htdocs\\tutorial2\\app\\api\\admin\\content\\footer"
2026-01-16T09:35:56.840264Z  INFO get_files:scan_sources: tailwindcss_oxide::scanner: Discovering "C:\\xampp\\htdocs\\tutorial2\\app\\api\\admin\\content\\home"
2026-01-16T09:35:56.840553Z  INFO get_files:scan_sources: tailwindcss_oxide::scanner: Discovering "C:\\xampp\\htdocs\\tutorial2\\app\\api\\admin\\content\\home\\[id]"
2026-01-16T09:35:56.841352Z  INFO get_files:scan_sources: tailwindcss_oxide::scanner: Discovering "C:\\xampp\\htdocs\\tutorial2\\app\\api\\admin\\content\\media"
2026-01-16T09:35:56.842015Z  INFO get_files:scan_sources: tailwindcss_oxide::scanner: Discovering "C:\\xampp\\htdocs\\tutorial2\\app\\api\\admin\\content\\navigation"
2026-01-16T09:35:56.842459Z  INFO get_files:scan_sources: tailwindcss_oxide::scanner: Discovering "C:\\xampp\\htdocs\\tutorial2\\app\\api\\admin\\content\\pages"
2026-01-16T09:35:56.842691Z  INFO get_files:scan_sources: tailwindcss_oxide::scanner: Discovering "C:\\xampp\\htdocs\\tutorial2\\app\\api\\admin\\content\\pages\\[id]"
2026-01-16T09:35:56.842946Z  INFO get_files:scan_sources: tailwindcss_oxide::scanner: Discovering "C:\\xampp\\htdocs\\tutorial2\\app\\api\\admin\\content\\settings"
2026-01-16T09:35:56.843168Z  INFO get_files:scan_sources: tailwindcss_oxide::scanner: Discovering "C:\\xampp\\htdocs\\tutorial2\\app\\api\\admin\\create-admin"
2026-01-16T09:35:56.843372Z  INFO get_files:scan_sources: tailwindcss_oxide::scanner: Discovering "C:\\xampp\\htdocs\\tutorial2\\app\\api\\admin\\deleted-users"
2026-01-16T09:35:56.843565Z  INFO get_files:scan_sources: tailwindcss_oxide::scanner: Discovering "C:\\xampp\\htdocs\\tutorial2\\app\\api\\admin\\events"
2026-01-16T09:35:56.843758Z  INFO get_files:scan_sources: tailwindcss_oxide::scanner: Discovering "C:\\xampp\\htdocs\\tutorial2\\app\\api\\admin\\events\\[id]"
2026-01-16T09:35:56.843912Z  INFO get_files:scan_sources: tailwindcss_oxide::scanner: Discovering "C:\\xampp\\htdocs\\tutorial2\\app\\api\\admin\\events\\[id]\\registrations"
2026-01-16T09:35:56.844340Z  INFO get_files:scan_sources: tailwindcss_oxide::scanner: Discovering "C:\\xampp\\htdocs\\tutorial2\\app\\api\\admin\\fix-admin"
2026-01-16T09:35:56.844695Z  INFO get_files:scan_sources: tailwindcss_oxide::scanner: Discovering "C:\\xampp\\htdocs\\tutorial2\\app\\api\\admin\\membership"
2026-01-16T09:35:56.844900Z  INFO get_files:scan_sources: tailwindcss_oxide::scanner: Discovering "C:\\xampp\\htdocs\\tutorial2\\app\\api\\admin\\membership\\cycles"
2026-01-16T09:35:56.845174Z  INFO get_files:scan_sources: tailwindcss_oxide::scanner: Discovering "C:\\xampp\\htdocs\\tutorial2\\app\\api\\admin\\membership\\settings"
2026-01-16T09:35:56.845479Z  INFO get_files:scan_sources: tailwindcss_oxide::scanner: Discovering "C:\\xampp\\htdocs\\tutorial2\\app\\api\\admin\\membership\\types"
2026-01-16T09:35:56.845779Z  INFO get_files:scan_sources: tailwindcss_oxide::scanner: Discovering "C:\\xampp\\htdocs\\tutorial2\\app\\api\\admin\\news"
2026-01-16T09:35:56.846039Z  INFO get_files:scan_sources: tailwindcss_oxide::scanner: Discovering "C:\\xampp\\htdocs\\tutorial2\\app\\api\\admin\\payment"
2026-01-16T09:35:56.846298Z  INFO get_files:scan_sources: tailwindcss_oxide::scanner: Discovering "C:\\xampp\\htdocs\\tutorial2\\app\\api\\admin\\payments"
2026-01-16T09:35:56.846501Z  INFO get_files:scan_sources: tailwindcss_oxide::scanner: Discovering "C:\\xampp\\htdocs\\tutorial2\\app\\api\\admin\\payments\\list"
2026-01-16T09:35:56.846694Z  INFO get_files:scan_sources: tailwindcss_oxide::scanner: Discovering "C:\\xampp\\htdocs\\tutorial2\\app\\api\\admin\\payments\\list\\export"
2026-01-16T09:35:56.847133Z  INFO get_files:scan_sources: tailwindcss_oxide::scanner: Discovering "C:\\xampp\\htdocs\\tutorial2\\app\\api\\admin\\payments\\[id]"
2026-01-16T09:35:56.847403Z  INFO get_files:scan_sources: tailwindcss_oxide::scanner: Discovering "C:\\xampp\\htdocs\\tutorial2\\app\\api\\admin\\payments\\[id]\\refund"
2026-01-16T09:35:56.847683Z  INFO get_files:scan_sources: tailwindcss_oxide::scanner: Discovering "C:\\xampp\\htdocs\\tutorial2\\app\\api\\admin\\reject-member"
2026-01-16T09:35:56.847852Z  INFO get_files:scan_sources: tailwindcss_oxide::scanner: Discovering "C:\\xampp\\htdocs\\tutorial2\\app\\api\\admin\\report"
2026-01-16T09:35:56.848043Z  INFO get_files:scan_sources: tailwindcss_oxide::scanner: Discovering "C:\\xampp\\htdocs\\tutorial2\\app\\api\\admin\\reports"
2026-01-16T09:35:56.848196Z  INFO get_files:scan_sources: tailwindcss_oxide::scanner: Discovering "C:\\xampp\\htdocs\\tutorial2\\app\\api\\admin\\reports\\generate"
2026-01-16T09:35:56.848449Z  INFO get_files:scan_sources: tailwindcss_oxide::scanner: Discovering "C:\\xampp\\htdocs\\tutorial2\\app\\api\\admin\\reset-admin"
2026-01-16T09:35:56.849124Z  INFO get_files:scan_sources: tailwindcss_oxide::scanner: Discovering "C:\\xampp\\htdocs\\tutorial2\\app\\api\\admin\\users"
2026-01-16T09:35:56.849275Z  INFO get_files:scan_sources: tailwindcss_oxide::scanner: Discovering "C:\\xampp\\htdocs\\tutorial2\\app\\api\\admin\\users\\restore"
2026-01-16T09:35:56.849601Z  INFO get_files:scan_sources: tailwindcss_oxide::scanner: Discovering "C:\\xampp\\htdocs\\tutorial2\\app\\api\\admin\\users\\[id]"
2026-01-16T09:35:56.849884Z  INFO get_files:scan_sources: tailwindcss_oxide::scanner: Discovering "C:\\xampp\\htdocs\\tutorial2\\app\\api\\admin\\users\\[id]\\approve"
2026-01-16T09:35:56.850168Z  INFO get_files:scan_sources: tailwindcss_oxide::scanner: Discovering "C:\\xampp\\htdocs\\tutorial2\\app\\api\\admin\\users\\[id]\\details"
2026-01-16T09:35:56.851811Z  INFO get_files:scan_sources: tailwindcss_oxide::scanner: Discovering "C:\\xampp\\htdocs\\tutorial2\\app\\api\\admin\\users\\[id]\\membership-status"
2026-01-16T09:35:56.852257Z  INFO get_files:scan_sources: tailwindcss_oxide::scanner: Discovering "C:\\xampp\\htdocs\\tutorial2\\app\\api\\admin\\users\\[id]\\password"
2026-01-16T09:35:56.852699Z  INFO get_files:scan_sources: tailwindcss_oxide::scanner: Discovering "C:\\xampp\\htdocs\\tutorial2\\app\\api\\admin\\users\\[id]\\reject"
2026-01-16T09:35:56.853241Z  INFO get_files:scan_sources: tailwindcss_oxide::scanner: Discovering "C:\\xampp\\htdocs\\tutorial2\\app\\api\\auth"
2026-01-16T09:35:56.853478Z  INFO get_files:scan_sources: tailwindcss_oxide::scanner: Discovering "C:\\xampp\\htdocs\\tutorial2\\app\\api\\auth\\forgot-password"
2026-01-16T09:35:56.853735Z  INFO get_files:scan_sources: tailwindcss_oxide::scanner: Discovering "C:\\xampp\\htdocs\\tutorial2\\app\\api\\auth\\login"
2026-01-16T09:35:56.854013Z  INFO get_files:scan_sources: tailwindcss_oxide::scanner: Discovering "C:\\xampp\\htdocs\\tutorial2\\app\\api\\auth\\logout"
2026-01-16T09:35:56.854302Z  INFO get_files:scan_sources: tailwindcss_oxide::scanner: Discovering "C:\\xampp\\htdocs\\tutorial2\\app\\api\\auth\\me"
2026-01-16T09:35:56.854607Z  INFO get_files:scan_sources: tailwindcss_oxide::scanner: Discovering "C:\\xampp\\htdocs\\tutorial2\\app\\api\\auth\\membership-status"
2026-01-16T09:35:56.854922Z  INFO get_files:scan_sources: tailwindcss_oxide::scanner: Discovering "C:\\xampp\\htdocs\\tutorial2\\app\\api\\auth\\profile"
2026-01-16T09:35:56.855285Z  INFO get_files:scan_sources: tailwindcss_oxide::scanner: Discovering "C:\\xampp\\htdocs\\tutorial2\\app\\api\\auth\\refresh"
2026-01-16T09:35:56.855532Z  INFO get_files:scan_sources: tailwindcss_oxide::scanner: Discovering "C:\\xampp\\htdocs\\tutorial2\\app\\api\\auth\\register"
2026-01-16T09:35:56.855804Z  INFO get_files:scan_sources: tailwindcss_oxide::scanner: Discovering "C:\\xampp\\htdocs\\tutorial2\\app\\api\\auth\\[...nextauth]"
2026-01-16T09:35:56.856132Z  INFO get_files:scan_sources: tailwindcss_oxide::scanner: Discovering "C:\\xampp\\htdocs\\tutorial2\\app\\api\\contact-content"
2026-01-16T09:35:56.856417Z  INFO get_files:scan_sources: tailwindcss_oxide::scanner: Discovering "C:\\xampp\\htdocs\\tutorial2\\app\\api\\debug"
2026-01-16T09:35:56.856988Z  INFO get_files:scan_sources: tailwindcss_oxide::scanner: Discovering "C:\\xampp\\htdocs\\tutorial2\\app\\api\\debug\\pricing"
2026-01-16T09:35:56.857352Z  INFO get_files:scan_sources: tailwindcss_oxide::scanner: Discovering "C:\\xampp\\htdocs\\tutorial2\\app\\api\\debug\\send-email"
2026-01-16T09:35:56.857748Z  INFO get_files:scan_sources: tailwindcss_oxide::scanner: Discovering "C:\\xampp\\htdocs\\tutorial2\\app\\api\\debug\\send-test-email"
2026-01-16T09:35:56.858130Z  INFO get_files:scan_sources: tailwindcss_oxide::scanner: Discovering "C:\\xampp\\htdocs\\tutorial2\\app\\api\\events"
2026-01-16T09:35:56.858476Z  INFO get_files:scan_sources: tailwindcss_oxide::scanner: Discovering "C:\\xampp\\htdocs\\tutorial2\\app\\api\\events\\[id]"
2026-01-16T09:35:56.858699Z  INFO get_files:scan_sources: tailwindcss_oxide::scanner: Discovering "C:\\xampp\\htdocs\\tutorial2\\app\\api\\events\\[id]\\register"
2026-01-16T09:35:56.859233Z  INFO get_files:scan_sources: tailwindcss_oxide::scanner: Discovering "C:\\xampp\\htdocs\\tutorial2\\app\\api\\fix-membership"
2026-01-16T09:35:56.859577Z  INFO get_files:scan_sources: tailwindcss_oxide::scanner: Discovering "C:\\xampp\\htdocs\\tutorial2\\app\\api\\home-content"
2026-01-16T09:35:56.860368Z  INFO get_files:scan_sources: tailwindcss_oxide::scanner: Discovering "C:\\xampp\\htdocs\\tutorial2\\app\\api\\membership"
2026-01-16T09:35:56.861066Z  INFO get_files:scan_sources: tailwindcss_oxide::scanner: Discovering "C:\\xampp\\htdocs\\tutorial2\\app\\api\\membership\\complete-payment"
2026-01-16T09:35:56.861537Z  INFO get_files:scan_sources: tailwindcss_oxide::scanner: Discovering "C:\\xampp\\htdocs\\tutorial2\\app\\api\\membership\\next-number"
2026-01-16T09:35:56.863000Z  INFO get_files:scan_sources: tailwindcss_oxide::scanner: Discovering "C:\\xampp\\htdocs\\tutorial2\\app\\api\\membership\\pay"
2026-01-16T09:35:56.863561Z  INFO get_files:scan_sources: tailwindcss_oxide::scanner: Discovering "C:\\xampp\\htdocs\\tutorial2\\app\\api\\membership\\pay-early"
2026-01-16T09:35:56.864069Z  INFO get_files:scan_sources: tailwindcss_oxide::scanner: Discovering "C:\\xampp\\htdocs\\tutorial2\\app\\api\\membership\\payment-status"
2026-01-16T09:35:56.864673Z  INFO get_files:scan_sources: tailwindcss_oxide::scanner: Discovering "C:\\xampp\\htdocs\\tutorial2\\app\\api\\membership\\payment-success"
2026-01-16T09:35:56.865294Z  INFO get_files:scan_sources: tailwindcss_oxide::scanner: Discovering "C:\\xampp\\htdocs\\tutorial2\\app\\api\\membership\\status"
2026-01-16T09:35:56.865858Z  INFO get_files:scan_sources: tailwindcss_oxide::scanner: Discovering "C:\\xampp\\htdocs\\tutorial2\\app\\api\\messages"
2026-01-16T09:35:56.866222Z  INFO get_files:scan_sources: tailwindcss_oxide::scanner: Discovering "C:\\xampp\\htdocs\\tutorial2\\app\\api\\messages\\reply"
2026-01-16T09:35:56.866764Z  INFO get_files:scan_sources: tailwindcss_oxide::scanner: Discovering "C:\\xampp\\htdocs\\tutorial2\\app\\api\\messages\\[id]"
2026-01-16T09:35:56.867081Z  INFO get_files:scan_sources: tailwindcss_oxide::scanner: Discovering "C:\\xampp\\htdocs\\tutorial2\\app\\api\\messages\\[id]\\read"
2026-01-16T09:35:56.868198Z  INFO get_files:scan_sources: tailwindcss_oxide::scanner: Discovering "C:\\xampp\\htdocs\\tutorial2\\app\\api\\news"
2026-01-16T09:35:56.868772Z  INFO get_files:scan_sources: tailwindcss_oxide::scanner: Discovering "C:\\xampp\\htdocs\\tutorial2\\app\\api\\payment"
2026-01-16T09:35:56.869015Z  INFO get_files:scan_sources: tailwindcss_oxide::scanner: Discovering "C:\\xampp\\htdocs\\tutorial2\\app\\api\\payment\\pesapal"
2026-01-16T09:35:56.869302Z  INFO get_files:scan_sources: tailwindcss_oxide::scanner: Discovering "C:\\xampp\\htdocs\\tutorial2\\app\\api\\payments"
2026-01-16T09:35:56.869495Z  INFO get_files:scan_sources: tailwindcss_oxide::scanner: Discovering "C:\\xampp\\htdocs\\tutorial2\\app\\api\\payments\\activate-test"
2026-01-16T09:35:56.869783Z  INFO get_files:scan_sources: tailwindcss_oxide::scanner: Discovering "C:\\xampp\\htdocs\\tutorial2\\app\\api\\payments\\azampay"
2026-01-16T09:35:56.869992Z  INFO get_files:scan_sources: tailwindcss_oxide::scanner: Discovering "C:\\xampp\\htdocs\\tutorial2\\app\\api\\payments\\azampay\\callback"
2026-01-16T09:35:56.870298Z  INFO get_files:scan_sources: tailwindcss_oxide::scanner: Discovering "C:\\xampp\\htdocs\\tutorial2\\app\\api\\payments\\azampay\\checkout"
2026-01-16T09:35:56.870603Z  INFO get_files:scan_sources: tailwindcss_oxide::scanner: Discovering "C:\\xampp\\htdocs\\tutorial2\\app\\api\\payments\\cleanup"
2026-01-16T09:35:56.870851Z  INFO get_files:scan_sources: tailwindcss_oxide::scanner: Discovering "C:\\xampp\\htdocs\\tutorial2\\app\\api\\payments\\complete"
2026-01-16T09:35:56.871111Z  INFO get_files:scan_sources: tailwindcss_oxide::scanner: Discovering "C:\\xampp\\htdocs\\tutorial2\\app\\api\\payments\\mobile-money"
2026-01-16T09:35:56.871364Z  INFO get_files:scan_sources: tailwindcss_oxide::scanner: Discovering "C:\\xampp\\htdocs\\tutorial2\\app\\api\\payments\\payment-status"
2026-01-16T09:35:56.871655Z  INFO get_files:scan_sources: tailwindcss_oxide::scanner: Discovering "C:\\xampp\\htdocs\\tutorial2\\app\\api\\payments\\process"
2026-01-16T09:35:56.872267Z  INFO get_files:scan_sources: tailwindcss_oxide::scanner: Discovering "C:\\xampp\\htdocs\\tutorial2\\app\\api\\reports"
2026-01-16T09:35:56.872631Z  INFO get_files:scan_sources: tailwindcss_oxide::scanner: Discovering "C:\\xampp\\htdocs\\tutorial2\\app\\api\\reports\\generate"
2026-01-16T09:35:56.873067Z  INFO get_files:scan_sources: tailwindcss_oxide::scanner: Discovering "C:\\xampp\\htdocs\\tutorial2\\app\\api\\reports\\send-email"
2026-01-16T09:35:56.873583Z  INFO get_files:scan_sources: tailwindcss_oxide::scanner: Discovering "C:\\xampp\\htdocs\\tutorial2\\app\\api\\send-approval-email"
2026-01-16T09:35:56.874054Z  INFO get_files:scan_sources: tailwindcss_oxide::scanner: Discovering "C:\\xampp\\htdocs\\tutorial2\\app\\api\\settings"
2026-01-16T09:35:56.874500Z  INFO get_files:scan_sources: tailwindcss_oxide::scanner: Discovering "C:\\xampp\\htdocs\\tutorial2\\app\\api\\setup"
2026-01-16T09:35:56.874841Z  INFO get_files:scan_sources: tailwindcss_oxide::scanner: Discovering "C:\\xampp\\htdocs\\tutorial2\\app\\api\\setup\\ensure-admin"
2026-01-16T09:35:56.875334Z  INFO get_files:scan_sources: tailwindcss_oxide::scanner: Discovering "C:\\xampp\\htdocs\\tutorial2\\app\\api\\test-events"
2026-01-16T09:35:56.875808Z  INFO get_files:scan_sources: tailwindcss_oxide::scanner: Discovering "C:\\xampp\\htdocs\\tutorial2\\app\\api\\user"
2026-01-16T09:35:56.875962Z  INFO get_files:scan_sources: tailwindcss_oxide::scanner: Discovering "C:\\xampp\\htdocs\\tutorial2\\app\\api\\user\\profile"
2026-01-16T09:35:56.876168Z  INFO get_files:scan_sources: tailwindcss_oxide::scanner: Discovering "C:\\xampp\\htdocs\\tutorial2\\app\\auth"
2026-01-16T09:35:56.876294Z  INFO get_files:scan_sources: tailwindcss_oxide::scanner: Discovering "C:\\xampp\\htdocs\\tutorial2\\app\\auth\\forgot-password"
2026-01-16T09:35:56.876477Z  INFO get_files:scan_sources: tailwindcss_oxide::scanner: Discovering "C:\\xampp\\htdocs\\tutorial2\\app\\auth\\login"
2026-01-16T09:35:56.876634Z  INFO get_files:scan_sources: tailwindcss_oxide::scanner: Discovering "C:\\xampp\\htdocs\\tutorial2\\app\\auth\\pending-approval"
2026-01-16T09:35:56.876788Z  INFO get_files:scan_sources: tailwindcss_oxide::scanner: Discovering "C:\\xampp\\htdocs\\tutorial2\\app\\auth\\register"
2026-01-16T09:35:56.876962Z  INFO get_files:scan_sources: tailwindcss_oxide::scanner: Discovering "C:\\xampp\\htdocs\\tutorial2\\app\\components"
2026-01-16T09:35:56.877150Z  INFO get_files:scan_sources: tailwindcss_oxide::scanner: Discovering "C:\\xampp\\htdocs\\tutorial2\\app\\contact"
2026-01-16T09:35:56.877305Z  INFO get_files:scan_sources: tailwindcss_oxide::scanner: Discovering "C:\\xampp\\htdocs\\tutorial2\\app\\dashboard"
2026-01-16T09:35:56.877453Z  INFO get_files:scan_sources: tailwindcss_oxide::scanner: Discovering "C:\\xampp\\htdocs\\tutorial2\\app\\dashboard\\complete-profile"
2026-01-16T09:35:56.877641Z  INFO get_files:scan_sources: tailwindcss_oxide::scanner: Discovering "C:\\xampp\\htdocs\\tutorial2\\app\\dashboard\\events"
2026-01-16T09:35:56.877766Z  INFO get_files:scan_sources: tailwindcss_oxide::scanner: Discovering "C:\\xampp\\htdocs\\tutorial2\\app\\dashboard\\events\\create"
2026-01-16T09:35:56.877989Z  INFO get_files:scan_sources: tailwindcss_oxide::scanner: Discovering "C:\\xampp\\htdocs\\tutorial2\\app\\dashboard\\membership-card"
2026-01-16T09:35:56.878180Z  INFO get_files:scan_sources: tailwindcss_oxide::scanner: Discovering "C:\\xampp\\htdocs\\tutorial2\\app\\dashboard\\messages"
2026-01-16T09:35:56.878338Z  INFO get_files:scan_sources: tailwindcss_oxide::scanner: Discovering "C:\\xampp\\htdocs\\tutorial2\\app\\dashboard\\news"
2026-01-16T09:35:56.878514Z  INFO get_files:scan_sources: tailwindcss_oxide::scanner: Discovering "C:\\xampp\\htdocs\\tutorial2\\app\\dashboard\\payment"
2026-01-16T09:35:56.878631Z  INFO get_files:scan_sources: tailwindcss_oxide::scanner: Discovering "C:\\xampp\\htdocs\\tutorial2\\app\\dashboard\\payment\\callback"
2026-01-16T09:35:56.878822Z  INFO get_files:scan_sources: tailwindcss_oxide::scanner: Discovering "C:\\xampp\\htdocs\\tutorial2\\app\\dashboard\\payment\\success"
2026-01-16T09:35:56.878990Z  INFO get_files:scan_sources: tailwindcss_oxide::scanner: Discovering "C:\\xampp\\htdocs\\tutorial2\\app\\dashboard\\profile"
2026-01-16T09:35:56.879141Z  INFO get_files:scan_sources: tailwindcss_oxide::scanner: Discovering "C:\\xampp\\htdocs\\tutorial2\\app\\dashboard\\subscribe"
2026-01-16T09:35:56.879320Z  INFO get_files:scan_sources: tailwindcss_oxide::scanner: Discovering "C:\\xampp\\htdocs\\tutorial2\\app\\fix-auth"
2026-01-16T09:35:56.879633Z  INFO get_files:scan_sources: tailwindcss_oxide::scanner: Discovering "C:\\xampp\\htdocs\\tutorial2\\app\\schemas"
2026-01-16T09:35:56.879798Z  INFO get_files:scan_sources: tailwindcss_oxide::scanner: Discovering "C:\\xampp\\htdocs\\tutorial2\\app\\scripts"
2026-01-16T09:35:56.879954Z  INFO get_files:scan_sources: tailwindcss_oxide::scanner: Discovering "C:\\xampp\\htdocs\\tutorial2\\app\\unauthorized"
2026-01-16T09:35:56.880469Z  INFO get_files:scan_sources: tailwindcss_oxide::scanner: Discovering "C:\\xampp\\htdocs\\tutorial2\\components"
2026-01-16T09:35:56.880600Z  INFO get_files:scan_sources: tailwindcss_oxide::scanner: Discovering "C:\\xampp\\htdocs\\tutorial2\\components\\admin"
2026-01-16T09:35:56.880810Z  INFO get_files:scan_sources: tailwindcss_oxide::scanner: Discovering "C:\\xampp\\htdocs\\tutorial2\\components\\dashboard"
2026-01-16T09:35:56.881088Z  INFO get_files:scan_sources: tailwindcss_oxide::scanner: Discovering "C:\\xampp\\htdocs\\tutorial2\\components\\ui"
2026-01-16T09:35:56.881467Z  INFO get_files:scan_sources: tailwindcss_oxide::scanner: Discovering "C:\\xampp\\htdocs\\tutorial2\\components\\web"
2026-01-16T09:35:56.881731Z  INFO get_files:scan_sources: tailwindcss_oxide::scanner: Discovering "C:\\xampp\\htdocs\\tutorial2\\contexts"
2026-01-16T09:35:56.881873Z  INFO get_files:scan_sources: tailwindcss_oxide::scanner: Discovering "C:\\xampp\\htdocs\\tutorial2\\convex"
2026-01-16T09:35:56.881984Z  INFO get_files:scan_sources: tailwindcss_oxide::scanner: Discovering "C:\\xampp\\htdocs\\tutorial2\\convex\\_generated"
2026-01-16T09:35:56.882363Z  INFO get_files:scan_sources: tailwindcss_oxide::scanner: Discovering "C:\\xampp\\htdocs\\tutorial2\\database"
2026-01-16T09:35:56.883026Z  INFO get_files:scan_sources: tailwindcss_oxide::scanner: Discovering "C:\\xampp\\htdocs\\tutorial2\\deploy-minimal"
2026-01-16T09:35:56.883306Z  INFO get_files:scan_sources: tailwindcss_oxide::scanner: Discovering "C:\\xampp\\htdocs\\tutorial2\\deploy-simple"
2026-01-16T09:35:56.883543Z  INFO get_files:scan_sources: tailwindcss_oxide::scanner: Discovering "C:\\xampp\\htdocs\\tutorial2\\deploy-temp"
2026-01-16T09:35:56.884899Z  INFO get_files:scan_sources: tailwindcss_oxide::scanner: Discovering "C:\\xampp\\htdocs\\tutorial2\\lib"
2026-01-16T09:35:56.886092Z  INFO get_files:scan_sources: tailwindcss_oxide::scanner: Discovering "C:\\xampp\\htdocs\\tutorial2\\migrations"
2026-01-16T09:35:56.888499Z  INFO get_files:scan_sources: tailwindcss_oxide::scanner: Discovering "C:\\xampp\\htdocs\\tutorial2\\public"
2026-01-16T09:35:56.889013Z  INFO get_files:scan_sources: tailwindcss_oxide::scanner: Discovering "C:\\xampp\\htdocs\\tutorial2\\public\\uploads"
2026-01-16T09:35:56.889312Z  INFO get_files:scan_sources: tailwindcss_oxide::scanner: Discovering "C:\\xampp\\htdocs\\tutorial2\\public\\uploads\\documents"
2026-01-16T09:35:56.889655Z  INFO get_files:scan_sources: tailwindcss_oxide::scanner: Discovering "C:\\xampp\\htdocs\\tutorial2\\public\\uploads\\profile-pictures"
2026-01-16T09:35:56.890651Z  INFO get_files:scan_sources: tailwindcss_oxide::scanner: Discovering "C:\\xampp\\htdocs\\tutorial2\\scripts"
2026-01-16T09:35:56.892494Z  INFO get_files:scan_sources: tailwindcss_oxide::scanner: Discovering "C:\\xampp\\htdocs\\tutorial2\\types"
2026-01-16T09:35:56.892991Z  INFO get_files:scan_sources: tailwindcss_oxide::scanner: exit
2026-01-16T09:35:56.893229Z  INFO get_files: tailwindcss_oxide::scanner: exit
2026-01-16T09:35:56.893679Z  INFO get_globs: tailwindcss_oxide::scanner: enter
2026-01-16T09:35:56.893693Z  INFO get_globs: tailwindcss_oxide::scanner: exit
2026-01-16T09:40:28.814109Z  INFO scan_sources: tailwindcss_oxide::scanner: enter
2026-01-16T09:40:28.816094Z  INFO scan_sources: tailwindcss_oxide::scanner: Discovering "C:\\xampp\\htdocs\\tutorial2\\.windsurf"
2026-01-16T09:40:28.816272Z  INFO scan_sources: tailwindcss_oxide::scanner: Discovering "C:\\xampp\\htdocs\\tutorial2\\.windsurf\\workflows"
2026-01-16T09:40:28.816746Z  INFO scan_sources: tailwindcss_oxide::scanner: Discovering "C:\\xampp\\htdocs\\tutorial2\\api"
2026-01-16T09:40:28.816905Z  INFO scan_sources: tailwindcss_oxide::scanner: Discovering "C:\\xampp\\htdocs\\tutorial2\\api\\auth"
2026-01-16T09:40:28.817197Z  INFO scan_sources: tailwindcss_oxide::scanner: Discovering "C:\\xampp\\htdocs\\tutorial2\\app"
2026-01-16T09:40:28.817365Z  INFO scan_sources: tailwindcss_oxide::scanner: Discovering "C:\\xampp\\htdocs\\tutorial2\\app\\(layout)"
2026-01-16T09:40:28.817624Z  INFO scan_sources: tailwindcss_oxide::scanner: Discovering "C:\\xampp\\htdocs\\tutorial2\\app\\(shared-layout)"
2026-01-16T09:40:28.817919Z  INFO scan_sources: tailwindcss_oxide::scanner: Discovering "C:\\xampp\\htdocs\\tutorial2\\app\\about"
2026-01-16T09:40:28.818129Z  INFO scan_sources: tailwindcss_oxide::scanner: Discovering "C:\\xampp\\htdocs\\tutorial2\\app\\about-us"
2026-01-16T09:40:28.818350Z  INFO scan_sources: tailwindcss_oxide::scanner: Discovering "C:\\xampp\\htdocs\\tutorial2\\app\\admin"
2026-01-16T09:40:28.818534Z  INFO scan_sources: tailwindcss_oxide::scanner: Discovering "C:\\xampp\\htdocs\\tutorial2\\app\\admin\\cards"
2026-01-16T09:40:28.818756Z  INFO scan_sources: tailwindcss_oxide::scanner: Discovering "C:\\xampp\\htdocs\\tutorial2\\app\\admin\\content"
2026-01-16T09:40:28.818903Z  INFO scan_sources: tailwindcss_oxide::scanner: Discovering "C:\\xampp\\htdocs\\tutorial2\\app\\admin\\content\\about"
2026-01-16T09:40:28.819085Z  INFO scan_sources: tailwindcss_oxide::scanner: Discovering "C:\\xampp\\htdocs\\tutorial2\\app\\admin\\content\\contact"
2026-01-16T09:40:28.819267Z  INFO scan_sources: tailwindcss_oxide::scanner: Discovering "C:\\xampp\\htdocs\\tutorial2\\app\\admin\\content\\home"
2026-01-16T09:40:28.819514Z  INFO scan_sources: tailwindcss_oxide::scanner: Discovering "C:\\xampp\\htdocs\\tutorial2\\app\\admin\\dashboard"
2026-01-16T09:40:28.819735Z  INFO scan_sources: tailwindcss_oxide::scanner: Discovering "C:\\xampp\\htdocs\\tutorial2\\app\\admin\\events"
2026-01-16T09:40:28.819916Z  INFO scan_sources: tailwindcss_oxide::scanner: Discovering "C:\\xampp\\htdocs\\tutorial2\\app\\admin\\events\\[id]"
2026-01-16T09:40:28.820087Z  INFO scan_sources: tailwindcss_oxide::scanner: Discovering "C:\\xampp\\htdocs\\tutorial2\\app\\admin\\events\\[id]\\registrations"
2026-01-16T09:40:28.820333Z  INFO scan_sources: tailwindcss_oxide::scanner: Discovering "C:\\xampp\\htdocs\\tutorial2\\app\\admin\\membership"
2026-01-16T09:40:28.820526Z  INFO scan_sources: tailwindcss_oxide::scanner: Discovering "C:\\xampp\\htdocs\\tutorial2\\app\\admin\\news"
2026-01-16T09:40:28.820833Z  INFO scan_sources: tailwindcss_oxide::scanner: Discovering "C:\\xampp\\htdocs\\tutorial2\\app\\admin\\payment"
2026-01-16T09:40:28.821016Z  INFO scan_sources: tailwindcss_oxide::scanner: Discovering "C:\\xampp\\htdocs\\tutorial2\\app\\admin\\payments"
2026-01-16T09:40:28.821195Z  INFO scan_sources: tailwindcss_oxide::scanner: Discovering "C:\\xampp\\htdocs\\tutorial2\\app\\admin\\reports"
2026-01-16T09:40:28.821391Z  INFO scan_sources: tailwindcss_oxide::scanner: Discovering "C:\\xampp\\htdocs\\tutorial2\\app\\admin\\requests"
2026-01-16T09:40:28.821570Z  INFO scan_sources: tailwindcss_oxide::scanner: Discovering "C:\\xampp\\htdocs\\tutorial2\\app\\admin\\users"
2026-01-16T09:40:28.821728Z  INFO scan_sources: tailwindcss_oxide::scanner: Discovering "C:\\xampp\\htdocs\\tutorial2\\app\\admin\\users\\[id]"
2026-01-16T09:40:28.821959Z  INFO scan_sources: tailwindcss_oxide::scanner: Discovering "C:\\xampp\\htdocs\\tutorial2\\app\\api"
2026-01-16T09:40:28.822115Z  INFO scan_sources: tailwindcss_oxide::scanner: Discovering "C:\\xampp\\htdocs\\tutorial2\\app\\api\\about-content"
2026-01-16T09:40:28.822292Z  INFO scan_sources: tailwindcss_oxide::scanner: Discovering "C:\\xampp\\htdocs\\tutorial2\\app\\api\\admin"
2026-01-16T09:40:28.822438Z  INFO scan_sources: tailwindcss_oxide::scanner: Discovering "C:\\xampp\\htdocs\\tutorial2\\app\\api\\admin\\approve-member"
2026-01-16T09:40:28.822656Z  INFO scan_sources: tailwindcss_oxide::scanner: Discovering "C:\\xampp\\htdocs\\tutorial2\\app\\api\\admin\\cards"
2026-01-16T09:40:28.823088Z  INFO scan_sources: tailwindcss_oxide::scanner: Discovering "C:\\xampp\\htdocs\\tutorial2\\app\\api\\admin\\content"
2026-01-16T09:40:28.823213Z  INFO scan_sources: tailwindcss_oxide::scanner: Discovering "C:\\xampp\\htdocs\\tutorial2\\app\\api\\admin\\content\\about"
2026-01-16T09:40:28.823348Z  INFO scan_sources: tailwindcss_oxide::scanner: Discovering "C:\\xampp\\htdocs\\tutorial2\\app\\api\\admin\\content\\about\\[id]"
2026-01-16T09:40:28.823509Z  INFO scan_sources: tailwindcss_oxide::scanner: Discovering "C:\\xampp\\htdocs\\tutorial2\\app\\api\\admin\\content\\contact"
2026-01-16T09:40:28.823636Z  INFO scan_sources: tailwindcss_oxide::scanner: Discovering "C:\\xampp\\htdocs\\tutorial2\\app\\api\\admin\\content\\contact\\[id]"
2026-01-16T09:40:28.823800Z  INFO scan_sources: tailwindcss_oxide::scanner: Discovering "C:\\xampp\\htdocs\\tutorial2\\app\\api\\admin\\content\\footer"
2026-01-16T09:40:28.823928Z  INFO scan_sources: tailwindcss_oxide::scanner: Discovering "C:\\xampp\\htdocs\\tutorial2\\app\\api\\admin\\content\\home"
2026-01-16T09:40:28.824048Z  INFO scan_sources: tailwindcss_oxide::scanner: Discovering "C:\\xampp\\htdocs\\tutorial2\\app\\api\\admin\\content\\home\\[id]"
2026-01-16T09:40:28.824218Z  INFO scan_sources: tailwindcss_oxide::scanner: Discovering "C:\\xampp\\htdocs\\tutorial2\\app\\api\\admin\\content\\media"
2026-01-16T09:40:28.824346Z  INFO scan_sources: tailwindcss_oxide::scanner: Discovering "C:\\xampp\\htdocs\\tutorial2\\app\\api\\admin\\content\\navigation"
2026-01-16T09:40:28.824467Z  INFO scan_sources: tailwindcss_oxide::scanner: Discovering "C:\\xampp\\htdocs\\tutorial2\\app\\api\\admin\\content\\pages"
2026-01-16T09:40:28.824575Z  INFO scan_sources: tailwindcss_oxide::scanner: Discovering "C:\\xampp\\htdocs\\tutorial2\\app\\api\\admin\\content\\pages\\[id]"
2026-01-16T09:40:28.824714Z  INFO scan_sources: tailwindcss_oxide::scanner: Discovering "C:\\xampp\\htdocs\\tutorial2\\app\\api\\admin\\content\\settings"
2026-01-16T09:40:28.824861Z  INFO scan_sources: tailwindcss_oxide::scanner: Discovering "C:\\xampp\\htdocs\\tutorial2\\app\\api\\admin\\create-admin"
2026-01-16T09:40:28.824984Z  INFO scan_sources: tailwindcss_oxide::scanner: Discovering "C:\\xampp\\htdocs\\tutorial2\\app\\api\\admin\\deleted-users"
2026-01-16T09:40:28.825111Z  INFO scan_sources: tailwindcss_oxide::scanner: Discovering "C:\\xampp\\htdocs\\tutorial2\\app\\api\\admin\\events"
2026-01-16T09:40:28.825257Z  INFO scan_sources: tailwindcss_oxide::scanner: Discovering "C:\\xampp\\htdocs\\tutorial2\\app\\api\\admin\\events\\[id]"
2026-01-16T09:40:28.825355Z  INFO scan_sources: tailwindcss_oxide::scanner: Discovering "C:\\xampp\\htdocs\\tutorial2\\app\\api\\admin\\events\\[id]\\registrations"
2026-01-16T09:40:28.825564Z  INFO scan_sources: tailwindcss_oxide::scanner: Discovering "C:\\xampp\\htdocs\\tutorial2\\app\\api\\admin\\fix-admin"
2026-01-16T09:40:28.825694Z  INFO scan_sources: tailwindcss_oxide::scanner: Discovering "C:\\xampp\\htdocs\\tutorial2\\app\\api\\admin\\membership"
2026-01-16T09:40:28.825794Z  INFO scan_sources: tailwindcss_oxide::scanner: Discovering "C:\\xampp\\htdocs\\tutorial2\\app\\api\\admin\\membership\\cycles"
2026-01-16T09:40:28.825930Z  INFO scan_sources: tailwindcss_oxide::scanner: Discovering "C:\\xampp\\htdocs\\tutorial2\\app\\api\\admin\\membership\\settings"
2026-01-16T09:40:28.826075Z  INFO scan_sources: tailwindcss_oxide::scanner: Discovering "C:\\xampp\\htdocs\\tutorial2\\app\\api\\admin\\membership\\types"
2026-01-16T09:40:28.826240Z  INFO scan_sources: tailwindcss_oxide::scanner: Discovering "C:\\xampp\\htdocs\\tutorial2\\app\\api\\admin\\news"
2026-01-16T09:40:28.826381Z  INFO scan_sources: tailwindcss_oxide::scanner: Discovering "C:\\xampp\\htdocs\\tutorial2\\app\\api\\admin\\payment"
2026-01-16T09:40:28.826505Z  INFO scan_sources: tailwindcss_oxide::scanner: Discovering "C:\\xampp\\htdocs\\tutorial2\\app\\api\\admin\\payments"
2026-01-16T09:40:28.826595Z  INFO scan_sources: tailwindcss_oxide::scanner: Discovering "C:\\xampp\\htdocs\\tutorial2\\app\\api\\admin\\payments\\list"
2026-01-16T09:40:28.826684Z  INFO scan_sources: tailwindcss_oxide::scanner: Discovering "C:\\xampp\\htdocs\\tutorial2\\app\\api\\admin\\payments\\list\\export"
2026-01-16T09:40:28.826867Z  INFO scan_sources: tailwindcss_oxide::scanner: Discovering "C:\\xampp\\htdocs\\tutorial2\\app\\api\\admin\\payments\\[id]"
2026-01-16T09:40:28.826989Z  INFO scan_sources: tailwindcss_oxide::scanner: Discovering "C:\\xampp\\htdocs\\tutorial2\\app\\api\\admin\\payments\\[id]\\refund"
2026-01-16T09:40:28.827152Z  INFO scan_sources: tailwindcss_oxide::scanner: Discovering "C:\\xampp\\htdocs\\tutorial2\\app\\api\\admin\\reject-member"
2026-01-16T09:40:28.827268Z  INFO scan_sources: tailwindcss_oxide::scanner: Discovering "C:\\xampp\\htdocs\\tutorial2\\app\\api\\admin\\report"
2026-01-16T09:40:28.827388Z  INFO scan_sources: tailwindcss_oxide::scanner: Discovering "C:\\xampp\\htdocs\\tutorial2\\app\\api\\admin\\reports"
2026-01-16T09:40:28.827488Z  INFO scan_sources: tailwindcss_oxide::scanner: Discovering "C:\\xampp\\htdocs\\tutorial2\\app\\api\\admin\\reports\\generate"
2026-01-16T09:40:28.827640Z  INFO scan_sources: tailwindcss_oxide::scanner: Discovering "C:\\xampp\\htdocs\\tutorial2\\app\\api\\admin\\reset-admin"
2026-01-16T09:40:28.827763Z  INFO scan_sources: tailwindcss_oxide::scanner: Discovering "C:\\xampp\\htdocs\\tutorial2\\app\\api\\admin\\users"
2026-01-16T09:40:28.827858Z  INFO scan_sources: tailwindcss_oxide::scanner: Discovering "C:\\xampp\\htdocs\\tutorial2\\app\\api\\admin\\users\\restore"
2026-01-16T09:40:28.827997Z  INFO scan_sources: tailwindcss_oxide::scanner: Discovering "C:\\xampp\\htdocs\\tutorial2\\app\\api\\admin\\users\\[id]"
2026-01-16T09:40:28.828097Z  INFO scan_sources: tailwindcss_oxide::scanner: Discovering "C:\\xampp\\htdocs\\tutorial2\\app\\api\\admin\\users\\[id]\\approve"
2026-01-16T09:40:28.828223Z  INFO scan_sources: tailwindcss_oxide::scanner: Discovering "C:\\xampp\\htdocs\\tutorial2\\app\\api\\admin\\users\\[id]\\details"
2026-01-16T09:40:28.828348Z  INFO scan_sources: tailwindcss_oxide::scanner: Discovering "C:\\xampp\\htdocs\\tutorial2\\app\\api\\admin\\users\\[id]\\membership-status"
2026-01-16T09:40:28.828481Z  INFO scan_sources: tailwindcss_oxide::scanner: Discovering "C:\\xampp\\htdocs\\tutorial2\\app\\api\\admin\\users\\[id]\\password"
2026-01-16T09:40:28.828609Z  INFO scan_sources: tailwindcss_oxide::scanner: Discovering "C:\\xampp\\htdocs\\tutorial2\\app\\api\\admin\\users\\[id]\\reject"
2026-01-16T09:40:28.828798Z  INFO scan_sources: tailwindcss_oxide::scanner: Discovering "C:\\xampp\\htdocs\\tutorial2\\app\\api\\auth"
2026-01-16T09:40:28.828907Z  INFO scan_sources: tailwindcss_oxide::scanner: Discovering "C:\\xampp\\htdocs\\tutorial2\\app\\api\\auth\\forgot-password"
2026-01-16T09:40:28.829028Z  INFO scan_sources: tailwindcss_oxide::scanner: Discovering "C:\\xampp\\htdocs\\tutorial2\\app\\api\\auth\\login"
2026-01-16T09:40:28.829149Z  INFO scan_sources: tailwindcss_oxide::scanner: Discovering "C:\\xampp\\htdocs\\tutorial2\\app\\api\\auth\\logout"
2026-01-16T09:40:28.829270Z  INFO scan_sources: tailwindcss_oxide::scanner: Discovering "C:\\xampp\\htdocs\\tutorial2\\app\\api\\auth\\me"
2026-01-16T09:40:28.829418Z  INFO scan_sources: tailwindcss_oxide::scanner: Discovering "C:\\xampp\\htdocs\\tutorial2\\app\\api\\auth\\membership-status"
2026-01-16T09:40:28.829571Z  INFO scan_sources: tailwindcss_oxide::scanner: Discovering "C:\\xampp\\htdocs\\tutorial2\\app\\api\\auth\\profile"
2026-01-16T09:40:28.829743Z  INFO scan_sources: tailwindcss_oxide::scanner: Discovering "C:\\xampp\\htdocs\\tutorial2\\app\\api\\auth\\refresh"
2026-01-16T09:40:28.829884Z  INFO scan_sources: tailwindcss_oxide::scanner: Discovering "C:\\xampp\\htdocs\\tutorial2\\app\\api\\auth\\register"
2026-01-16T09:40:28.830040Z  INFO scan_sources: tailwindcss_oxide::scanner: Discovering "C:\\xampp\\htdocs\\tutorial2\\app\\api\\auth\\[...nextauth]"
2026-01-16T09:40:28.830201Z  INFO scan_sources: tailwindcss_oxide::scanner: Discovering "C:\\xampp\\htdocs\\tutorial2\\app\\api\\contact-content"
2026-01-16T09:40:28.830344Z  INFO scan_sources: tailwindcss_oxide::scanner: Discovering "C:\\xampp\\htdocs\\tutorial2\\app\\api\\debug"
2026-01-16T09:40:28.830454Z  INFO scan_sources: tailwindcss_oxide::scanner: Discovering "C:\\xampp\\htdocs\\tutorial2\\app\\api\\debug\\pricing"
2026-01-16T09:40:28.830578Z  INFO scan_sources: tailwindcss_oxide::scanner: Discovering "C:\\xampp\\htdocs\\tutorial2\\app\\api\\debug\\send-email"
2026-01-16T09:40:28.830714Z  INFO scan_sources: tailwindcss_oxide::scanner: Discovering "C:\\xampp\\htdocs\\tutorial2\\app\\api\\debug\\send-test-email"
2026-01-16T09:40:28.830899Z  INFO scan_sources: tailwindcss_oxide::scanner: Discovering "C:\\xampp\\htdocs\\tutorial2\\app\\api\\events"
2026-01-16T09:40:28.831520Z  INFO scan_sources: tailwindcss_oxide::scanner: Discovering "C:\\xampp\\htdocs\\tutorial2\\app\\api\\events\\[id]"
2026-01-16T09:40:28.831641Z  INFO scan_sources: tailwindcss_oxide::scanner: Discovering "C:\\xampp\\htdocs\\tutorial2\\app\\api\\events\\[id]\\register"
2026-01-16T09:40:28.831818Z  INFO scan_sources: tailwindcss_oxide::scanner: Discovering "C:\\xampp\\htdocs\\tutorial2\\app\\api\\fix-membership"
2026-01-16T09:40:28.831959Z  INFO scan_sources: tailwindcss_oxide::scanner: Discovering "C:\\xampp\\htdocs\\tutorial2\\app\\api\\home-content"
2026-01-16T09:40:28.832093Z  INFO scan_sources: tailwindcss_oxide::scanner: Discovering "C:\\xampp\\htdocs\\tutorial2\\app\\api\\membership"
2026-01-16T09:40:28.832199Z  INFO scan_sources: tailwindcss_oxide::scanner: Discovering "C:\\xampp\\htdocs\\tutorial2\\app\\api\\membership\\complete-payment"
2026-01-16T09:40:28.832323Z  INFO scan_sources: tailwindcss_oxide::scanner: Discovering "C:\\xampp\\htdocs\\tutorial2\\app\\api\\membership\\next-number"
2026-01-16T09:40:28.832441Z  INFO scan_sources: tailwindcss_oxide::scanner: Discovering "C:\\xampp\\htdocs\\tutorial2\\app\\api\\membership\\pay"
2026-01-16T09:40:28.832609Z  INFO scan_sources: tailwindcss_oxide::scanner: Discovering "C:\\xampp\\htdocs\\tutorial2\\app\\api\\membership\\pay-early"
2026-01-16T09:40:28.832742Z  INFO scan_sources: tailwindcss_oxide::scanner: Discovering "C:\\xampp\\htdocs\\tutorial2\\app\\api\\membership\\payment-status"
2026-01-16T09:40:28.832873Z  INFO scan_sources: tailwindcss_oxide::scanner: Discovering "C:\\xampp\\htdocs\\tutorial2\\app\\api\\membership\\payment-success"
2026-01-16T09:40:28.833167Z  INFO scan_sources: tailwindcss_oxide::scanner: Discovering "C:\\xampp\\htdocs\\tutorial2\\app\\api\\membership\\status"
2026-01-16T09:40:28.833464Z  INFO scan_sources: tailwindcss_oxide::scanner: Discovering "C:\\xampp\\htdocs\\tutorial2\\app\\api\\messages"
2026-01-16T09:40:28.833573Z  INFO scan_sources: tailwindcss_oxide::scanner: Discovering "C:\\xampp\\htdocs\\tutorial2\\app\\api\\messages\\reply"
2026-01-16T09:40:28.833746Z  INFO scan_sources: tailwindcss_oxide::scanner: Discovering "C:\\xampp\\htdocs\\tutorial2\\app\\api\\messages\\[id]"
2026-01-16T09:40:28.834003Z  INFO scan_sources: tailwindcss_oxide::scanner: Discovering "C:\\xampp\\htdocs\\tutorial2\\app\\api\\messages\\[id]\\read"
2026-01-16T09:40:28.834197Z  INFO scan_sources: tailwindcss_oxide::scanner: Discovering "C:\\xampp\\htdocs\\tutorial2\\app\\api\\news"
2026-01-16T09:40:28.834314Z  INFO scan_sources: tailwindcss_oxide::scanner: Discovering "C:\\xampp\\htdocs\\tutorial2\\app\\api\\payment"
2026-01-16T09:40:28.834402Z  INFO scan_sources: tailwindcss_oxide::scanner: Discovering "C:\\xampp\\htdocs\\tutorial2\\app\\api\\payment\\pesapal"
2026-01-16T09:40:28.834553Z  INFO scan_sources: tailwindcss_oxide::scanner: Discovering "C:\\xampp\\htdocs\\tutorial2\\app\\api\\payments"
2026-01-16T09:40:28.834642Z  INFO scan_sources: tailwindcss_oxide::scanner: Discovering "C:\\xampp\\htdocs\\tutorial2\\app\\api\\payments\\activate-test"
2026-01-16T09:40:28.834758Z  INFO scan_sources: tailwindcss_oxide::scanner: Discovering "C:\\xampp\\htdocs\\tutorial2\\app\\api\\payments\\azampay"
2026-01-16T09:40:28.834844Z  INFO scan_sources: tailwindcss_oxide::scanner: Discovering "C:\\xampp\\htdocs\\tutorial2\\app\\api\\payments\\azampay\\callback"
2026-01-16T09:40:28.834972Z  INFO scan_sources: tailwindcss_oxide::scanner: Discovering "C:\\xampp\\htdocs\\tutorial2\\app\\api\\payments\\azampay\\checkout"
2026-01-16T09:40:28.835100Z  INFO scan_sources: tailwindcss_oxide::scanner: Discovering "C:\\xampp\\htdocs\\tutorial2\\app\\api\\payments\\cleanup"
2026-01-16T09:40:28.835212Z  INFO scan_sources: tailwindcss_oxide::scanner: Discovering "C:\\xampp\\htdocs\\tutorial2\\app\\api\\payments\\complete"
2026-01-16T09:40:28.835323Z  INFO scan_sources: tailwindcss_oxide::scanner: Discovering "C:\\xampp\\htdocs\\tutorial2\\app\\api\\payments\\mobile-money"
2026-01-16T09:40:28.835436Z  INFO scan_sources: tailwindcss_oxide::scanner: Discovering "C:\\xampp\\htdocs\\tutorial2\\app\\api\\payments\\payment-status"
2026-01-16T09:40:28.835550Z  INFO scan_sources: tailwindcss_oxide::scanner: Discovering "C:\\xampp\\htdocs\\tutorial2\\app\\api\\payments\\process"
2026-01-16T09:40:28.835672Z  INFO scan_sources: tailwindcss_oxide::scanner: Discovering "C:\\xampp\\htdocs\\tutorial2\\app\\api\\reports"
2026-01-16T09:40:28.835758Z  INFO scan_sources: tailwindcss_oxide::scanner: Discovering "C:\\xampp\\htdocs\\tutorial2\\app\\api\\reports\\generate"
2026-01-16T09:40:28.835870Z  INFO scan_sources: tailwindcss_oxide::scanner: Discovering "C:\\xampp\\htdocs\\tutorial2\\app\\api\\reports\\send-email"
2026-01-16T09:40:28.835994Z  INFO scan_sources: tailwindcss_oxide::scanner: Discovering "C:\\xampp\\htdocs\\tutorial2\\app\\api\\send-approval-email"
2026-01-16T09:40:28.836108Z  INFO scan_sources: tailwindcss_oxide::scanner: Discovering "C:\\xampp\\htdocs\\tutorial2\\app\\api\\settings"
2026-01-16T09:40:28.836220Z  INFO scan_sources: tailwindcss_oxide::scanner: Discovering "C:\\xampp\\htdocs\\tutorial2\\app\\api\\setup"
2026-01-16T09:40:28.836303Z  INFO scan_sources: tailwindcss_oxide::scanner: Discovering "C:\\xampp\\htdocs\\tutorial2\\app\\api\\setup\\ensure-admin"
2026-01-16T09:40:28.836426Z  INFO scan_sources: tailwindcss_oxide::scanner: Discovering "C:\\xampp\\htdocs\\tutorial2\\app\\api\\test-events"
2026-01-16T09:40:28.836540Z  INFO scan_sources: tailwindcss_oxide::scanner: Discovering "C:\\xampp\\htdocs\\tutorial2\\app\\api\\user"
2026-01-16T09:40:28.836626Z  INFO scan_sources: tailwindcss_oxide::scanner: Discovering "C:\\xampp\\htdocs\\tutorial2\\app\\api\\user\\profile"
2026-01-16T09:40:28.836783Z  INFO scan_sources: tailwindcss_oxide::scanner: Discovering "C:\\xampp\\htdocs\\tutorial2\\app\\auth"
2026-01-16T09:40:28.836872Z  INFO scan_sources: tailwindcss_oxide::scanner: Discovering "C:\\xampp\\htdocs\\tutorial2\\app\\auth\\forgot-password"
2026-01-16T09:40:28.837019Z  INFO scan_sources: tailwindcss_oxide::scanner: Discovering "C:\\xampp\\htdocs\\tutorial2\\app\\auth\\login"
2026-01-16T09:40:28.837134Z  INFO scan_sources: tailwindcss_oxide::scanner: Discovering "C:\\xampp\\htdocs\\tutorial2\\app\\auth\\pending-approval"
2026-01-16T09:40:28.837253Z  INFO scan_sources: tailwindcss_oxide::scanner: Discovering "C:\\xampp\\htdocs\\tutorial2\\app\\auth\\register"
2026-01-16T09:40:28.837377Z  INFO scan_sources: tailwindcss_oxide::scanner: Discovering "C:\\xampp\\htdocs\\tutorial2\\app\\components"
2026-01-16T09:40:28.837510Z  INFO scan_sources: tailwindcss_oxide::scanner: Discovering "C:\\xampp\\htdocs\\tutorial2\\app\\contact"
2026-01-16T09:40:28.837623Z  INFO scan_sources: tailwindcss_oxide::scanner: Discovering "C:\\xampp\\htdocs\\tutorial2\\app\\dashboard"
2026-01-16T09:40:28.837711Z  INFO scan_sources: tailwindcss_oxide::scanner: Discovering "C:\\xampp\\htdocs\\tutorial2\\app\\dashboard\\complete-profile"
2026-01-16T09:40:28.837823Z  INFO scan_sources: tailwindcss_oxide::scanner: Discovering "C:\\xampp\\htdocs\\tutorial2\\app\\dashboard\\events"
2026-01-16T09:40:28.837907Z  INFO scan_sources: tailwindcss_oxide::scanner: Discovering "C:\\xampp\\htdocs\\tutorial2\\app\\dashboard\\events\\create"
2026-01-16T09:40:28.838075Z  INFO scan_sources: tailwindcss_oxide::scanner: Discovering "C:\\xampp\\htdocs\\tutorial2\\app\\dashboard\\membership-card"
2026-01-16T09:40:28.838213Z  INFO scan_sources: tailwindcss_oxide::scanner: Discovering "C:\\xampp\\htdocs\\tutorial2\\app\\dashboard\\messages"
2026-01-16T09:40:28.838323Z  INFO scan_sources: tailwindcss_oxide::scanner: Discovering "C:\\xampp\\htdocs\\tutorial2\\app\\dashboard\\news"
2026-01-16T09:40:28.838450Z  INFO scan_sources: tailwindcss_oxide::scanner: Discovering "C:\\xampp\\htdocs\\tutorial2\\app\\dashboard\\payment"
2026-01-16T09:40:28.838534Z  INFO scan_sources: tailwindcss_oxide::scanner: Discovering "C:\\xampp\\htdocs\\tutorial2\\app\\dashboard\\payment\\callback"
2026-01-16T09:40:28.838732Z  INFO scan_sources: tailwindcss_oxide::scanner: Discovering "C:\\xampp\\htdocs\\tutorial2\\app\\dashboard\\payment\\success"
2026-01-16T09:40:28.838863Z  INFO scan_sources: tailwindcss_oxide::scanner: Discovering "C:\\xampp\\htdocs\\tutorial2\\app\\dashboard\\profile"
2026-01-16T09:40:28.838982Z  INFO scan_sources: tailwindcss_oxide::scanner: Discovering "C:\\xampp\\htdocs\\tutorial2\\app\\dashboard\\subscribe"
2026-01-16T09:40:28.839117Z  INFO scan_sources: tailwindcss_oxide::scanner: Discovering "C:\\xampp\\htdocs\\tutorial2\\app\\fix-auth"
2026-01-16T09:40:28.839501Z  INFO scan_sources: tailwindcss_oxide::scanner: Discovering "C:\\xampp\\htdocs\\tutorial2\\app\\schemas"
2026-01-16T09:40:28.839627Z  INFO scan_sources: tailwindcss_oxide::scanner: Discovering "C:\\xampp\\htdocs\\tutorial2\\app\\scripts"
2026-01-16T09:40:28.839741Z  INFO scan_sources: tailwindcss_oxide::scanner: Discovering "C:\\xampp\\htdocs\\tutorial2\\app\\unauthorized"
2026-01-16T09:40:28.840169Z  INFO scan_sources: tailwindcss_oxide::scanner: Discovering "C:\\xampp\\htdocs\\tutorial2\\components"
2026-01-16T09:40:28.840269Z  INFO scan_sources: tailwindcss_oxide::scanner: Discovering "C:\\xampp\\htdocs\\tutorial2\\components\\admin"
2026-01-16T09:40:28.840444Z  INFO scan_sources: tailwindcss_oxide::scanner: Discovering "C:\\xampp\\htdocs\\tutorial2\\components\\dashboard"
2026-01-16T09:40:28.840674Z  INFO scan_sources: tailwindcss_oxide::scanner: Discovering "C:\\xampp\\htdocs\\tutorial2\\components\\ui"
2026-01-16T09:40:28.840997Z  INFO scan_sources: tailwindcss_oxide::scanner: Discovering "C:\\xampp\\htdocs\\tutorial2\\components\\web"
2026-01-16T09:40:28.841208Z  INFO scan_sources: tailwindcss_oxide::scanner: Discovering "C:\\xampp\\htdocs\\tutorial2\\contexts"
2026-01-16T09:40:28.841337Z  INFO scan_sources: tailwindcss_oxide::scanner: Discovering "C:\\xampp\\htdocs\\tutorial2\\convex"
2026-01-16T09:40:28.841429Z  INFO scan_sources: tailwindcss_oxide::scanner: Discovering "C:\\xampp\\htdocs\\tutorial2\\convex\\_generated"
2026-01-16T09:40:28.841737Z  INFO scan_sources: tailwindcss_oxide::scanner: Discovering "C:\\xampp\\htdocs\\tutorial2\\database"
2026-01-16T09:40:28.842080Z  INFO scan_sources: tailwindcss_oxide::scanner: Discovering "C:\\xampp\\htdocs\\tutorial2\\database\\setup_events.sql"
2026-01-16T09:40:28.842357Z  INFO scan_sources: tailwindcss_oxide::scanner: Discovering "C:\\xampp\\htdocs\\tutorial2\\deploy-minimal"
2026-01-16T09:40:28.842570Z  INFO scan_sources: tailwindcss_oxide::scanner: Discovering "C:\\xampp\\htdocs\\tutorial2\\deploy-simple"
2026-01-16T09:40:28.842749Z  INFO scan_sources: tailwindcss_oxide::scanner: Discovering "C:\\xampp\\htdocs\\tutorial2\\deploy-temp"
2026-01-16T09:40:28.843337Z  INFO scan_sources: tailwindcss_oxide::scanner: Discovering "C:\\xampp\\htdocs\\tutorial2\\lib"
2026-01-16T09:40:28.843880Z  INFO scan_sources: tailwindcss_oxide::scanner: Discovering "C:\\xampp\\htdocs\\tutorial2\\migrations"
2026-01-16T09:40:28.844574Z  INFO scan_sources: tailwindcss_oxide::scanner: Discovering "C:\\xampp\\htdocs\\tutorial2\\public"
2026-01-16T09:40:28.844757Z  INFO scan_sources: tailwindcss_oxide::scanner: Discovering "C:\\xampp\\htdocs\\tutorial2\\public\\uploads"
2026-01-16T09:40:28.844872Z  INFO scan_sources: tailwindcss_oxide::scanner: Discovering "C:\\xampp\\htdocs\\tutorial2\\public\\uploads\\documents"
2026-01-16T09:40:28.845036Z  INFO scan_sources: tailwindcss_oxide::scanner: Discovering "C:\\xampp\\htdocs\\tutorial2\\public\\uploads\\profile-pictures"
2026-01-16T09:40:28.845459Z  INFO scan_sources: tailwindcss_oxide::scanner: Discovering "C:\\xampp\\htdocs\\tutorial2\\scripts"
2026-01-16T09:40:28.846581Z  INFO scan_sources: tailwindcss_oxide::scanner: Discovering "C:\\xampp\\htdocs\\tutorial2\\types"
2026-01-16T09:40:28.847371Z  INFO scan_sources: tailwindcss_oxide::scanner: exit
2026-01-16T09:40:28.847384Z  INFO extract_candidates: tailwindcss_oxide::scanner: enter
2026-01-16T09:40:28.847389Z  INFO extract_candidates:read_all_files: tailwindcss_oxide::scanner: enter
2026-01-16T09:40:28.847393Z  INFO extract_candidates:read_all_files: tailwindcss_oxide::scanner: Reading 1 file(s)
2026-01-16T09:40:28.847489Z  INFO extract_candidates:read_all_files: tailwindcss_oxide::scanner: Reading "C:\\xampp\\htdocs\\tutorial2\\database\\setup_events.sql"
2026-01-16T09:40:28.847496Z  INFO extract_candidates:read_all_files: tailwindcss_oxide::scanner: exit
2026-01-16T09:40:28.847499Z  INFO extract_candidates:parse_all_blobs: tailwindcss_oxide::scanner: enter
2026-01-16T09:40:28.847503Z  INFO extract_candidates:parse_all_blobs:extract: tailwindcss_oxide::scanner: enter
2026-01-16T09:40:28.847637Z  INFO extract_candidates:parse_all_blobs:extract: tailwindcss_oxide::scanner: exit
2026-01-16T09:40:28.847658Z  INFO extract_candidates:parse_all_blobs: tailwindcss_oxide::scanner: exit
2026-01-16T09:40:28.847708Z  INFO extract_candidates: tailwindcss_oxide::scanner: exit
2026-01-16T09:40:28.849507Z  INFO get_files: tailwindcss_oxide::scanner: enter
2026-01-16T09:40:28.849541Z  INFO get_files:scan_sources: tailwindcss_oxide::scanner: enter
2026-01-16T09:40:28.850873Z  INFO get_files:scan_sources: tailwindcss_oxide::scanner: Discovering "C:\\xampp\\htdocs\\tutorial2\\.windsurf"
2026-01-16T09:40:28.850973Z  INFO get_files:scan_sources: tailwindcss_oxide::scanner: Discovering "C:\\xampp\\htdocs\\tutorial2\\.windsurf\\workflows"
2026-01-16T09:40:28.851228Z  INFO get_files:scan_sources: tailwindcss_oxide::scanner: Discovering "C:\\xampp\\htdocs\\tutorial2\\api"
2026-01-16T09:40:28.851313Z  INFO get_files:scan_sources: tailwindcss_oxide::scanner: Discovering "C:\\xampp\\htdocs\\tutorial2\\api\\auth"
2026-01-16T09:40:28.851479Z  INFO get_files:scan_sources: tailwindcss_oxide::scanner: Discovering "C:\\xampp\\htdocs\\tutorial2\\app"
2026-01-16T09:40:28.851566Z  INFO get_files:scan_sources: tailwindcss_oxide::scanner: Discovering "C:\\xampp\\htdocs\\tutorial2\\app\\(layout)"
2026-01-16T09:40:28.851677Z  INFO get_files:scan_sources: tailwindcss_oxide::scanner: Discovering "C:\\xampp\\htdocs\\tutorial2\\app\\(shared-layout)"
2026-01-16T09:40:28.851799Z  INFO get_files:scan_sources: tailwindcss_oxide::scanner: Discovering "C:\\xampp\\htdocs\\tutorial2\\app\\about"
2026-01-16T09:40:28.851903Z  INFO get_files:scan_sources: tailwindcss_oxide::scanner: Discovering "C:\\xampp\\htdocs\\tutorial2\\app\\about-us"
2026-01-16T09:40:28.852017Z  INFO get_files:scan_sources: tailwindcss_oxide::scanner: Discovering "C:\\xampp\\htdocs\\tutorial2\\app\\admin"
2026-01-16T09:40:28.852097Z  INFO get_files:scan_sources: tailwindcss_oxide::scanner: Discovering "C:\\xampp\\htdocs\\tutorial2\\app\\admin\\cards"
2026-01-16T09:40:28.852201Z  INFO get_files:scan_sources: tailwindcss_oxide::scanner: Discovering "C:\\xampp\\htdocs\\tutorial2\\app\\admin\\content"
2026-01-16T09:40:28.852281Z  INFO get_files:scan_sources: tailwindcss_oxide::scanner: Discovering "C:\\xampp\\htdocs\\tutorial2\\app\\admin\\content\\about"
2026-01-16T09:40:28.852391Z  INFO get_files:scan_sources: tailwindcss_oxide::scanner: Discovering "C:\\xampp\\htdocs\\tutorial2\\app\\admin\\content\\contact"
2026-01-16T09:40:28.852508Z  INFO get_files:scan_sources: tailwindcss_oxide::scanner: Discovering "C:\\xampp\\htdocs\\tutorial2\\app\\admin\\content\\home"
2026-01-16T09:40:28.852637Z  INFO get_files:scan_sources: tailwindcss_oxide::scanner: Discovering "C:\\xampp\\htdocs\\tutorial2\\app\\admin\\dashboard"
2026-01-16T09:40:28.852757Z  INFO get_files:scan_sources: tailwindcss_oxide::scanner: Discovering "C:\\xampp\\htdocs\\tutorial2\\app\\admin\\events"
2026-01-16T09:40:28.852850Z  INFO get_files:scan_sources: tailwindcss_oxide::scanner: Discovering "C:\\xampp\\htdocs\\tutorial2\\app\\admin\\events\\[id]"
2026-01-16T09:40:28.852956Z  INFO get_files:scan_sources: tailwindcss_oxide::scanner: Discovering "C:\\xampp\\htdocs\\tutorial2\\app\\admin\\events\\[id]\\registrations"
2026-01-16T09:40:28.853106Z  INFO get_files:scan_sources: tailwindcss_oxide::scanner: Discovering "C:\\xampp\\htdocs\\tutorial2\\app\\admin\\membership"
2026-01-16T09:40:28.853209Z  INFO get_files:scan_sources: tailwindcss_oxide::scanner: Discovering "C:\\xampp\\htdocs\\tutorial2\\app\\admin\\news"
2026-01-16T09:40:28.853418Z  INFO get_files:scan_sources: tailwindcss_oxide::scanner: Discovering "C:\\xampp\\htdocs\\tutorial2\\app\\admin\\payment"
2026-01-16T09:40:28.853519Z  INFO get_files:scan_sources: tailwindcss_oxide::scanner: Discovering "C:\\xampp\\htdocs\\tutorial2\\app\\admin\\payments"
2026-01-16T09:40:28.853618Z  INFO get_files:scan_sources: tailwindcss_oxide::scanner: Discovering "C:\\xampp\\htdocs\\tutorial2\\app\\admin\\reports"
2026-01-16T09:40:28.853718Z  INFO get_files:scan_sources: tailwindcss_oxide::scanner: Discovering "C:\\xampp\\htdocs\\tutorial2\\app\\admin\\requests"
2026-01-16T09:40:28.853818Z  INFO get_files:scan_sources: tailwindcss_oxide::scanner: Discovering "C:\\xampp\\htdocs\\tutorial2\\app\\admin\\users"
2026-01-16T09:40:28.853914Z  INFO get_files:scan_sources: tailwindcss_oxide::scanner: Discovering "C:\\xampp\\htdocs\\tutorial2\\app\\admin\\users\\[id]"
2026-01-16T09:40:28.854039Z  INFO get_files:scan_sources: tailwindcss_oxide::scanner: Discovering "C:\\xampp\\htdocs\\tutorial2\\app\\api"
2026-01-16T09:40:28.854121Z  INFO get_files:scan_sources: tailwindcss_oxide::scanner: Discovering "C:\\xampp\\htdocs\\tutorial2\\app\\api\\about-content"
2026-01-16T09:40:28.854222Z  INFO get_files:scan_sources: tailwindcss_oxide::scanner: Discovering "C:\\xampp\\htdocs\\tutorial2\\app\\api\\admin"
2026-01-16T09:40:28.854304Z  INFO get_files:scan_sources: tailwindcss_oxide::scanner: Discovering "C:\\xampp\\htdocs\\tutorial2\\app\\api\\admin\\approve-member"
2026-01-16T09:40:28.854407Z  INFO get_files:scan_sources: tailwindcss_oxide::scanner: Discovering "C:\\xampp\\htdocs\\tutorial2\\app\\api\\admin\\cards"
2026-01-16T09:40:28.854510Z  INFO get_files:scan_sources: tailwindcss_oxide::scanner: Discovering "C:\\xampp\\htdocs\\tutorial2\\app\\api\\admin\\content"
2026-01-16T09:40:28.854645Z  INFO get_files:scan_sources: tailwindcss_oxide::scanner: Discovering "C:\\xampp\\htdocs\\tutorial2\\app\\api\\admin\\content\\about"
2026-01-16T09:40:28.854744Z  INFO get_files:scan_sources: tailwindcss_oxide::scanner: Discovering "C:\\xampp\\htdocs\\tutorial2\\app\\api\\admin\\content\\about\\[id]"
2026-01-16T09:40:28.854858Z  INFO get_files:scan_sources: tailwindcss_oxide::scanner: Discovering "C:\\xampp\\htdocs\\tutorial2\\app\\api\\admin\\content\\contact"
2026-01-16T09:40:28.854961Z  INFO get_files:scan_sources: tailwindcss_oxide::scanner: Discovering "C:\\xampp\\htdocs\\tutorial2\\app\\api\\admin\\content\\contact\\[id]"
2026-01-16T09:40:28.855075Z  INFO get_files:scan_sources: tailwindcss_oxide::scanner: Discovering "C:\\xampp\\htdocs\\tutorial2\\app\\api\\admin\\content\\footer"
2026-01-16T09:40:28.855176Z  INFO get_files:scan_sources: tailwindcss_oxide::scanner: Discovering "C:\\xampp\\htdocs\\tutorial2\\app\\api\\admin\\content\\home"
2026-01-16T09:40:28.855267Z  INFO get_files:scan_sources: tailwindcss_oxide::scanner: Discovering "C:\\xampp\\htdocs\\tutorial2\\app\\api\\admin\\content\\home\\[id]"
2026-01-16T09:40:28.855379Z  INFO get_files:scan_sources: tailwindcss_oxide::scanner: Discovering "C:\\xampp\\htdocs\\tutorial2\\app\\api\\admin\\content\\media"
2026-01-16T09:40:28.855481Z  INFO get_files:scan_sources: tailwindcss_oxide::scanner: Discovering "C:\\xampp\\htdocs\\tutorial2\\app\\api\\admin\\content\\navigation"
2026-01-16T09:40:28.855583Z  INFO get_files:scan_sources: tailwindcss_oxide::scanner: Discovering "C:\\xampp\\htdocs\\tutorial2\\app\\api\\admin\\content\\pages"
2026-01-16T09:40:28.855675Z  INFO get_files:scan_sources: tailwindcss_oxide::scanner: Discovering "C:\\xampp\\htdocs\\tutorial2\\app\\api\\admin\\content\\pages\\[id]"
2026-01-16T09:40:28.855787Z  INFO get_files:scan_sources: tailwindcss_oxide::scanner: Discovering "C:\\xampp\\htdocs\\tutorial2\\app\\api\\admin\\content\\settings"
2026-01-16T09:40:28.855956Z  INFO get_files:scan_sources: tailwindcss_oxide::scanner: Discovering "C:\\xampp\\htdocs\\tutorial2\\app\\api\\admin\\create-admin"
2026-01-16T09:40:28.856113Z  INFO get_files:scan_sources: tailwindcss_oxide::scanner: Discovering "C:\\xampp\\htdocs\\tutorial2\\app\\api\\admin\\deleted-users"
2026-01-16T09:40:28.856273Z  INFO get_files:scan_sources: tailwindcss_oxide::scanner: Discovering "C:\\xampp\\htdocs\\tutorial2\\app\\api\\admin\\events"
2026-01-16T09:40:28.856407Z  INFO get_files:scan_sources: tailwindcss_oxide::scanner: Discovering "C:\\xampp\\htdocs\\tutorial2\\app\\api\\admin\\events\\[id]"
2026-01-16T09:40:28.856500Z  INFO get_files:scan_sources: tailwindcss_oxide::scanner: Discovering "C:\\xampp\\htdocs\\tutorial2\\app\\api\\admin\\events\\[id]\\registrations"
2026-01-16T09:40:28.856698Z  INFO get_files:scan_sources: tailwindcss_oxide::scanner: Discovering "C:\\xampp\\htdocs\\tutorial2\\app\\api\\admin\\fix-admin"
2026-01-16T09:40:28.856825Z  INFO get_files:scan_sources: tailwindcss_oxide::scanner: Discovering "C:\\xampp\\htdocs\\tutorial2\\app\\api\\admin\\membership"
2026-01-16T09:40:28.856940Z  INFO get_files:scan_sources: tailwindcss_oxide::scanner: Discovering "C:\\xampp\\htdocs\\tutorial2\\app\\api\\admin\\membership\\cycles"
2026-01-16T09:40:28.857059Z  INFO get_files:scan_sources: tailwindcss_oxide::scanner: Discovering "C:\\xampp\\htdocs\\tutorial2\\app\\api\\admin\\membership\\settings"
2026-01-16T09:40:28.857181Z  INFO get_files:scan_sources: tailwindcss_oxide::scanner: Discovering "C:\\xampp\\htdocs\\tutorial2\\app\\api\\admin\\membership\\types"
2026-01-16T09:40:28.857318Z  INFO get_files:scan_sources: tailwindcss_oxide::scanner: Discovering "C:\\xampp\\htdocs\\tutorial2\\app\\api\\admin\\news"
2026-01-16T09:40:28.857441Z  INFO get_files:scan_sources: tailwindcss_oxide::scanner: Discovering "C:\\xampp\\htdocs\\tutorial2\\app\\api\\admin\\payment"
2026-01-16T09:40:28.857558Z  INFO get_files:scan_sources: tailwindcss_oxide::scanner: Discovering "C:\\xampp\\htdocs\\tutorial2\\app\\api\\admin\\payments"
2026-01-16T09:40:28.857660Z  INFO get_files:scan_sources: tailwindcss_oxide::scanner: Discovering "C:\\xampp\\htdocs\\tutorial2\\app\\api\\admin\\payments\\list"
2026-01-16T09:40:28.857754Z  INFO get_files:scan_sources: tailwindcss_oxide::scanner: Discovering "C:\\xampp\\htdocs\\tutorial2\\app\\api\\admin\\payments\\list\\export"
2026-01-16T09:40:28.857920Z  INFO get_files:scan_sources: tailwindcss_oxide::scanner: Discovering "C:\\xampp\\htdocs\\tutorial2\\app\\api\\admin\\payments\\[id]"
2026-01-16T09:40:28.858009Z  INFO get_files:scan_sources: tailwindcss_oxide::scanner: Discovering "C:\\xampp\\htdocs\\tutorial2\\app\\api\\admin\\payments\\[id]\\refund"
2026-01-16T09:40:28.858211Z  INFO get_files:scan_sources: tailwindcss_oxide::scanner: Discovering "C:\\xampp\\htdocs\\tutorial2\\app\\api\\admin\\reject-member"
2026-01-16T09:40:28.858382Z  INFO get_files:scan_sources: tailwindcss_oxide::scanner: Discovering "C:\\xampp\\htdocs\\tutorial2\\app\\api\\admin\\report"
2026-01-16T09:40:28.858500Z  INFO get_files:scan_sources: tailwindcss_oxide::scanner: Discovering "C:\\xampp\\htdocs\\tutorial2\\app\\api\\admin\\reports"
2026-01-16T09:40:28.858590Z  INFO get_files:scan_sources: tailwindcss_oxide::scanner: Discovering "C:\\xampp\\htdocs\\tutorial2\\app\\api\\admin\\reports\\generate"
2026-01-16T09:40:28.858783Z  INFO get_files:scan_sources: tailwindcss_oxide::scanner: Discovering "C:\\xampp\\htdocs\\tutorial2\\app\\api\\admin\\reset-admin"
2026-01-16T09:40:28.858951Z  INFO get_files:scan_sources: tailwindcss_oxide::scanner: Discovering "C:\\xampp\\htdocs\\tutorial2\\app\\api\\admin\\users"
2026-01-16T09:40:28.859140Z  INFO get_files:scan_sources: tailwindcss_oxide::scanner: Discovering "C:\\xampp\\htdocs\\tutorial2\\app\\api\\admin\\users\\restore"
2026-01-16T09:40:28.859774Z  INFO get_files:scan_sources: tailwindcss_oxide::scanner: Discovering "C:\\xampp\\htdocs\\tutorial2\\app\\api\\admin\\users\\[id]"
2026-01-16T09:40:28.859913Z  INFO get_files:scan_sources: tailwindcss_oxide::scanner: Discovering "C:\\xampp\\htdocs\\tutorial2\\app\\api\\admin\\users\\[id]\\approve"
2026-01-16T09:40:28.860057Z  INFO get_files:scan_sources: tailwindcss_oxide::scanner: Discovering "C:\\xampp\\htdocs\\tutorial2\\app\\api\\admin\\users\\[id]\\details"
2026-01-16T09:40:28.860201Z  INFO get_files:scan_sources: tailwindcss_oxide::scanner: Discovering "C:\\xampp\\htdocs\\tutorial2\\app\\api\\admin\\users\\[id]\\membership-status"
2026-01-16T09:40:28.860358Z  INFO get_files:scan_sources: tailwindcss_oxide::scanner: Discovering "C:\\xampp\\htdocs\\tutorial2\\app\\api\\admin\\users\\[id]\\password"
2026-01-16T09:40:28.860510Z  INFO get_files:scan_sources: tailwindcss_oxide::scanner: Discovering "C:\\xampp\\htdocs\\tutorial2\\app\\api\\admin\\users\\[id]\\reject"
2026-01-16T09:40:28.860722Z  INFO get_files:scan_sources: tailwindcss_oxide::scanner: Discovering "C:\\xampp\\htdocs\\tutorial2\\app\\api\\auth"
2026-01-16T09:40:28.860827Z  INFO get_files:scan_sources: tailwindcss_oxide::scanner: Discovering "C:\\xampp\\htdocs\\tutorial2\\app\\api\\auth\\forgot-password"
2026-01-16T09:40:28.861010Z  INFO get_files:scan_sources: tailwindcss_oxide::scanner: Discovering "C:\\xampp\\htdocs\\tutorial2\\app\\api\\auth\\login"
2026-01-16T09:40:28.861185Z  INFO get_files:scan_sources: tailwindcss_oxide::scanner: Discovering "C:\\xampp\\htdocs\\tutorial2\\app\\api\\auth\\logout"
2026-01-16T09:40:28.861336Z  INFO get_files:scan_sources: tailwindcss_oxide::scanner: Discovering "C:\\xampp\\htdocs\\tutorial2\\app\\api\\auth\\me"
2026-01-16T09:40:28.861474Z  INFO get_files:scan_sources: tailwindcss_oxide::scanner: Discovering "C:\\xampp\\htdocs\\tutorial2\\app\\api\\auth\\membership-status"
2026-01-16T09:40:28.861604Z  INFO get_files:scan_sources: tailwindcss_oxide::scanner: Discovering "C:\\xampp\\htdocs\\tutorial2\\app\\api\\auth\\profile"
2026-01-16T09:40:28.861747Z  INFO get_files:scan_sources: tailwindcss_oxide::scanner: Discovering "C:\\xampp\\htdocs\\tutorial2\\app\\api\\auth\\refresh"
2026-01-16T09:40:28.861874Z  INFO get_files:scan_sources: tailwindcss_oxide::scanner: Discovering "C:\\xampp\\htdocs\\tutorial2\\app\\api\\auth\\register"
2026-01-16T09:40:28.862022Z  INFO get_files:scan_sources: tailwindcss_oxide::scanner: Discovering "C:\\xampp\\htdocs\\tutorial2\\app\\api\\auth\\[...nextauth]"
2026-01-16T09:40:28.862202Z  INFO get_files:scan_sources: tailwindcss_oxide::scanner: Discovering "C:\\xampp\\htdocs\\tutorial2\\app\\api\\contact-content"
2026-01-16T09:40:28.862333Z  INFO get_files:scan_sources: tailwindcss_oxide::scanner: Discovering "C:\\xampp\\htdocs\\tutorial2\\app\\api\\debug"
2026-01-16T09:40:28.862441Z  INFO get_files:scan_sources: tailwindcss_oxide::scanner: Discovering "C:\\xampp\\htdocs\\tutorial2\\app\\api\\debug\\pricing"
2026-01-16T09:40:28.862572Z  INFO get_files:scan_sources: tailwindcss_oxide::scanner: Discovering "C:\\xampp\\htdocs\\tutorial2\\app\\api\\debug\\send-email"
2026-01-16T09:40:28.862714Z  INFO get_files:scan_sources: tailwindcss_oxide::scanner: Discovering "C:\\xampp\\htdocs\\tutorial2\\app\\api\\debug\\send-test-email"
2026-01-16T09:40:28.863160Z  INFO get_files:scan_sources: tailwindcss_oxide::scanner: Discovering "C:\\xampp\\htdocs\\tutorial2\\app\\api\\events"
2026-01-16T09:40:28.863319Z  INFO get_files:scan_sources: tailwindcss_oxide::scanner: Discovering "C:\\xampp\\htdocs\\tutorial2\\app\\api\\events\\[id]"
2026-01-16T09:40:28.863417Z  INFO get_files:scan_sources: tailwindcss_oxide::scanner: Discovering "C:\\xampp\\htdocs\\tutorial2\\app\\api\\events\\[id]\\register"
2026-01-16T09:40:28.863611Z  INFO get_files:scan_sources: tailwindcss_oxide::scanner: Discovering "C:\\xampp\\htdocs\\tutorial2\\app\\api\\fix-membership"
2026-01-16T09:40:28.863749Z  INFO get_files:scan_sources: tailwindcss_oxide::scanner: Discovering "C:\\xampp\\htdocs\\tutorial2\\app\\api\\home-content"
2026-01-16T09:40:28.863892Z  INFO get_files:scan_sources: tailwindcss_oxide::scanner: Discovering "C:\\xampp\\htdocs\\tutorial2\\app\\api\\membership"
2026-01-16T09:40:28.864005Z  INFO get_files:scan_sources: tailwindcss_oxide::scanner: Discovering "C:\\xampp\\htdocs\\tutorial2\\app\\api\\membership\\complete-payment"
2026-01-16T09:40:28.864149Z  INFO get_files:scan_sources: tailwindcss_oxide::scanner: Discovering "C:\\xampp\\htdocs\\tutorial2\\app\\api\\membership\\next-number"
2026-01-16T09:40:28.864296Z  INFO get_files:scan_sources: tailwindcss_oxide::scanner: Discovering "C:\\xampp\\htdocs\\tutorial2\\app\\api\\membership\\pay"
2026-01-16T09:40:28.864455Z  INFO get_files:scan_sources: tailwindcss_oxide::scanner: Discovering "C:\\xampp\\htdocs\\tutorial2\\app\\api\\membership\\pay-early"
2026-01-16T09:40:28.864618Z  INFO get_files:scan_sources: tailwindcss_oxide::scanner: Discovering "C:\\xampp\\htdocs\\tutorial2\\app\\api\\membership\\payment-status"
2026-01-16T09:40:28.864819Z  INFO get_files:scan_sources: tailwindcss_oxide::scanner: Discovering "C:\\xampp\\htdocs\\tutorial2\\app\\api\\membership\\payment-success"
2026-01-16T09:40:28.865029Z  INFO get_files:scan_sources: tailwindcss_oxide::scanner: Discovering "C:\\xampp\\htdocs\\tutorial2\\app\\api\\membership\\status"
2026-01-16T09:40:28.865245Z  INFO get_files:scan_sources: tailwindcss_oxide::scanner: Discovering "C:\\xampp\\htdocs\\tutorial2\\app\\api\\messages"
2026-01-16T09:40:28.865336Z  INFO get_files:scan_sources: tailwindcss_oxide::scanner: Discovering "C:\\xampp\\htdocs\\tutorial2\\app\\api\\messages\\reply"
2026-01-16T09:40:28.865471Z  INFO get_files:scan_sources: tailwindcss_oxide::scanner: Discovering "C:\\xampp\\htdocs\\tutorial2\\app\\api\\messages\\[id]"
2026-01-16T09:40:28.865568Z  INFO get_files:scan_sources: tailwindcss_oxide::scanner: Discovering "C:\\xampp\\htdocs\\tutorial2\\app\\api\\messages\\[id]\\read"
2026-01-16T09:40:28.865758Z  INFO get_files:scan_sources: tailwindcss_oxide::scanner: Discovering "C:\\xampp\\htdocs\\tutorial2\\app\\api\\news"
2026-01-16T09:40:28.865892Z  INFO get_files:scan_sources: tailwindcss_oxide::scanner: Discovering "C:\\xampp\\htdocs\\tutorial2\\app\\api\\payment"
2026-01-16T09:40:28.865987Z  INFO get_files:scan_sources: tailwindcss_oxide::scanner: Discovering "C:\\xampp\\htdocs\\tutorial2\\app\\api\\payment\\pesapal"
2026-01-16T09:40:28.866151Z  INFO get_files:scan_sources: tailwindcss_oxide::scanner: Discovering "C:\\xampp\\htdocs\\tutorial2\\app\\api\\payments"
2026-01-16T09:40:28.866266Z  INFO get_files:scan_sources: tailwindcss_oxide::scanner: Discovering "C:\\xampp\\htdocs\\tutorial2\\app\\api\\payments\\activate-test"
2026-01-16T09:40:28.866397Z  INFO get_files:scan_sources: tailwindcss_oxide::scanner: Discovering "C:\\xampp\\htdocs\\tutorial2\\app\\api\\payments\\azampay"
2026-01-16T09:40:28.866494Z  INFO get_files:scan_sources: tailwindcss_oxide::scanner: Discovering "C:\\xampp\\htdocs\\tutorial2\\app\\api\\payments\\azampay\\callback"
2026-01-16T09:40:28.866612Z  INFO get_files:scan_sources: tailwindcss_oxide::scanner: Discovering "C:\\xampp\\htdocs\\tutorial2\\app\\api\\payments\\azampay\\checkout"
2026-01-16T09:40:28.866755Z  INFO get_files:scan_sources: tailwindcss_oxide::scanner: Discovering "C:\\xampp\\htdocs\\tutorial2\\app\\api\\payments\\cleanup"
2026-01-16T09:40:28.866883Z  INFO get_files:scan_sources: tailwindcss_oxide::scanner: Discovering "C:\\xampp\\htdocs\\tutorial2\\app\\api\\payments\\complete"
2026-01-16T09:40:28.866994Z  INFO get_files:scan_sources: tailwindcss_oxide::scanner: Discovering "C:\\xampp\\htdocs\\tutorial2\\app\\api\\payments\\mobile-money"
2026-01-16T09:40:28.867106Z  INFO get_files:scan_sources: tailwindcss_oxide::scanner: Discovering "C:\\xampp\\htdocs\\tutorial2\\app\\api\\payments\\payment-status"
2026-01-16T09:40:28.867216Z  INFO get_files:scan_sources: tailwindcss_oxide::scanner: Discovering "C:\\xampp\\htdocs\\tutorial2\\app\\api\\payments\\process"
2026-01-16T09:40:28.867338Z  INFO get_files:scan_sources: tailwindcss_oxide::scanner: Discovering "C:\\xampp\\htdocs\\tutorial2\\app\\api\\reports"
2026-01-16T09:40:28.867423Z  INFO get_files:scan_sources: tailwindcss_oxide::scanner: Discovering "C:\\xampp\\htdocs\\tutorial2\\app\\api\\reports\\generate"
2026-01-16T09:40:28.867534Z  INFO get_files:scan_sources: tailwindcss_oxide::scanner: Discovering "C:\\xampp\\htdocs\\tutorial2\\app\\api\\reports\\send-email"
2026-01-16T09:40:28.867656Z  INFO get_files:scan_sources: tailwindcss_oxide::scanner: Discovering "C:\\xampp\\htdocs\\tutorial2\\app\\api\\send-approval-email"
2026-01-16T09:40:28.867766Z  INFO get_files:scan_sources: tailwindcss_oxide::scanner: Discovering "C:\\xampp\\htdocs\\tutorial2\\app\\api\\settings"
2026-01-16T09:40:28.867878Z  INFO get_files:scan_sources: tailwindcss_oxide::scanner: Discovering "C:\\xampp\\htdocs\\tutorial2\\app\\api\\setup"
2026-01-16T09:40:28.867961Z  INFO get_files:scan_sources: tailwindcss_oxide::scanner: Discovering "C:\\xampp\\htdocs\\tutorial2\\app\\api\\setup\\ensure-admin"
2026-01-16T09:40:28.868083Z  INFO get_files:scan_sources: tailwindcss_oxide::scanner: Discovering "C:\\xampp\\htdocs\\tutorial2\\app\\api\\test-events"
2026-01-16T09:40:28.868194Z  INFO get_files:scan_sources: tailwindcss_oxide::scanner: Discovering "C:\\xampp\\htdocs\\tutorial2\\app\\api\\user"
2026-01-16T09:40:28.868275Z  INFO get_files:scan_sources: tailwindcss_oxide::scanner: Discovering "C:\\xampp\\htdocs\\tutorial2\\app\\api\\user\\profile"
2026-01-16T09:40:28.868415Z  INFO get_files:scan_sources: tailwindcss_oxide::scanner: Discovering "C:\\xampp\\htdocs\\tutorial2\\app\\auth"
2026-01-16T09:40:28.868502Z  INFO get_files:scan_sources: tailwindcss_oxide::scanner: Discovering "C:\\xampp\\htdocs\\tutorial2\\app\\auth\\forgot-password"
2026-01-16T09:40:28.868631Z  INFO get_files:scan_sources: tailwindcss_oxide::scanner: Discovering "C:\\xampp\\htdocs\\tutorial2\\app\\auth\\login"
2026-01-16T09:40:28.868750Z  INFO get_files:scan_sources: tailwindcss_oxide::scanner: Discovering "C:\\xampp\\htdocs\\tutorial2\\app\\auth\\pending-approval"
2026-01-16T09:40:28.868866Z  INFO get_files:scan_sources: tailwindcss_oxide::scanner: Discovering "C:\\xampp\\htdocs\\tutorial2\\app\\auth\\register"
2026-01-16T09:40:28.868988Z  INFO get_files:scan_sources: tailwindcss_oxide::scanner: Discovering "C:\\xampp\\htdocs\\tutorial2\\app\\components"
2026-01-16T09:40:28.869121Z  INFO get_files:scan_sources: tailwindcss_oxide::scanner: Discovering "C:\\xampp\\htdocs\\tutorial2\\app\\contact"
2026-01-16T09:40:28.869234Z  INFO get_files:scan_sources: tailwindcss_oxide::scanner: Discovering "C:\\xampp\\htdocs\\tutorial2\\app\\dashboard"
2026-01-16T09:40:28.869329Z  INFO get_files:scan_sources: tailwindcss_oxide::scanner: Discovering "C:\\xampp\\htdocs\\tutorial2\\app\\dashboard\\complete-profile"
2026-01-16T09:40:28.869440Z  INFO get_files:scan_sources: tailwindcss_oxide::scanner: Discovering "C:\\xampp\\htdocs\\tutorial2\\app\\dashboard\\events"
2026-01-16T09:40:28.869531Z  INFO get_files:scan_sources: tailwindcss_oxide::scanner: Discovering "C:\\xampp\\htdocs\\tutorial2\\app\\dashboard\\events\\create"
2026-01-16T09:40:28.869687Z  INFO get_files:scan_sources: tailwindcss_oxide::scanner: Discovering "C:\\xampp\\htdocs\\tutorial2\\app\\dashboard\\membership-card"
2026-01-16T09:40:28.869822Z  INFO get_files:scan_sources: tailwindcss_oxide::scanner: Discovering "C:\\xampp\\htdocs\\tutorial2\\app\\dashboard\\messages"
2026-01-16T09:40:28.869933Z  INFO get_files:scan_sources: tailwindcss_oxide::scanner: Discovering "C:\\xampp\\htdocs\\tutorial2\\app\\dashboard\\news"
2026-01-16T09:40:28.870058Z  INFO get_files:scan_sources: tailwindcss_oxide::scanner: Discovering "C:\\xampp\\htdocs\\tutorial2\\app\\dashboard\\payment"
2026-01-16T09:40:28.870141Z  INFO get_files:scan_sources: tailwindcss_oxide::scanner: Discovering "C:\\xampp\\htdocs\\tutorial2\\app\\dashboard\\payment\\callback"
2026-01-16T09:40:28.870269Z  INFO get_files:scan_sources: tailwindcss_oxide::scanner: Discovering "C:\\xampp\\htdocs\\tutorial2\\app\\dashboard\\payment\\success"
2026-01-16T09:40:28.870388Z  INFO get_files:scan_sources: tailwindcss_oxide::scanner: Discovering "C:\\xampp\\htdocs\\tutorial2\\app\\dashboard\\profile"
2026-01-16T09:40:28.870508Z  INFO get_files:scan_sources: tailwindcss_oxide::scanner: Discovering "C:\\xampp\\htdocs\\tutorial2\\app\\dashboard\\subscribe"
2026-01-16T09:40:28.870644Z  INFO get_files:scan_sources: tailwindcss_oxide::scanner: Discovering "C:\\xampp\\htdocs\\tutorial2\\app\\fix-auth"
2026-01-16T09:40:28.870855Z  INFO get_files:scan_sources: tailwindcss_oxide::scanner: Discovering "C:\\xampp\\htdocs\\tutorial2\\app\\schemas"
2026-01-16T09:40:28.870972Z  INFO get_files:scan_sources: tailwindcss_oxide::scanner: Discovering "C:\\xampp\\htdocs\\tutorial2\\app\\scripts"
2026-01-16T09:40:28.871092Z  INFO get_files:scan_sources: tailwindcss_oxide::scanner: Discovering "C:\\xampp\\htdocs\\tutorial2\\app\\unauthorized"
2026-01-16T09:40:28.871517Z  INFO get_files:scan_sources: tailwindcss_oxide::scanner: Discovering "C:\\xampp\\htdocs\\tutorial2\\components"
2026-01-16T09:40:28.871616Z  INFO get_files:scan_sources: tailwindcss_oxide::scanner: Discovering "C:\\xampp\\htdocs\\tutorial2\\components\\admin"
2026-01-16T09:40:28.871788Z  INFO get_files:scan_sources: tailwindcss_oxide::scanner: Discovering "C:\\xampp\\htdocs\\tutorial2\\components\\dashboard"
2026-01-16T09:40:28.872024Z  INFO get_files:scan_sources: tailwindcss_oxide::scanner: Discovering "C:\\xampp\\htdocs\\tutorial2\\components\\ui"
2026-01-16T09:40:28.872309Z  INFO get_files:scan_sources: tailwindcss_oxide::scanner: Discovering "C:\\xampp\\htdocs\\tutorial2\\components\\web"
2026-01-16T09:40:28.872502Z  INFO get_files:scan_sources: tailwindcss_oxide::scanner: Discovering "C:\\xampp\\htdocs\\tutorial2\\contexts"
2026-01-16T09:40:28.872873Z  INFO get_files:scan_sources: tailwindcss_oxide::scanner: Discovering "C:\\xampp\\htdocs\\tutorial2\\convex"
2026-01-16T09:40:28.873212Z  INFO get_files:scan_sources: tailwindcss_oxide::scanner: Discovering "C:\\xampp\\htdocs\\tutorial2\\convex\\_generated"
2026-01-16T09:40:28.874327Z  INFO get_files:scan_sources: tailwindcss_oxide::scanner: Discovering "C:\\xampp\\htdocs\\tutorial2\\database"
2026-01-16T09:40:28.875755Z  INFO get_files:scan_sources: tailwindcss_oxide::scanner: Discovering "C:\\xampp\\htdocs\\tutorial2\\deploy-minimal"
2026-01-16T09:40:28.876030Z  INFO get_files:scan_sources: tailwindcss_oxide::scanner: Discovering "C:\\xampp\\htdocs\\tutorial2\\deploy-simple"
2026-01-16T09:40:28.876238Z  INFO get_files:scan_sources: tailwindcss_oxide::scanner: Discovering "C:\\xampp\\htdocs\\tutorial2\\deploy-temp"
2026-01-16T09:40:28.877010Z  INFO get_files:scan_sources: tailwindcss_oxide::scanner: Discovering "C:\\xampp\\htdocs\\tutorial2\\lib"
2026-01-16T09:40:28.877590Z  INFO get_files:scan_sources: tailwindcss_oxide::scanner: Discovering "C:\\xampp\\htdocs\\tutorial2\\migrations"
2026-01-16T09:40:28.878263Z  INFO get_files:scan_sources: tailwindcss_oxide::scanner: Discovering "C:\\xampp\\htdocs\\tutorial2\\public"
2026-01-16T09:40:28.878425Z  INFO get_files:scan_sources: tailwindcss_oxide::scanner: Discovering "C:\\xampp\\htdocs\\tutorial2\\public\\uploads"
2026-01-16T09:40:28.878531Z  INFO get_files:scan_sources: tailwindcss_oxide::scanner: Discovering "C:\\xampp\\htdocs\\tutorial2\\public\\uploads\\documents"
2026-01-16T09:40:28.878659Z  INFO get_files:scan_sources: tailwindcss_oxide::scanner: Discovering "C:\\xampp\\htdocs\\tutorial2\\public\\uploads\\profile-pictures"
2026-01-16T09:40:28.879051Z  INFO get_files:scan_sources: tailwindcss_oxide::scanner: Discovering "C:\\xampp\\htdocs\\tutorial2\\scripts"
2026-01-16T09:40:28.879991Z  INFO get_files:scan_sources: tailwindcss_oxide::scanner: Discovering "C:\\xampp\\htdocs\\tutorial2\\types"
2026-01-16T09:40:28.880238Z  INFO get_files:scan_sources: tailwindcss_oxide::scanner: exit
2026-01-16T09:40:28.880481Z  INFO get_files: tailwindcss_oxide::scanner: exit
2026-01-16T09:40:28.880846Z  INFO get_globs: tailwindcss_oxide::scanner: enter
2026-01-16T09:40:28.880855Z  INFO get_globs: tailwindcss_oxide::scanner: exit
2026-01-16T09:40:37.730113Z  INFO scan_sources: tailwindcss_oxide::scanner: enter
2026-01-16T09:40:37.731561Z  INFO scan_sources: tailwindcss_oxide::scanner: Discovering "C:\\xampp\\htdocs\\tutorial2\\.windsurf"
2026-01-16T09:40:37.731699Z  INFO scan_sources: tailwindcss_oxide::scanner: Discovering "C:\\xampp\\htdocs\\tutorial2\\.windsurf\\workflows"
2026-01-16T09:40:37.732019Z  INFO scan_sources: tailwindcss_oxide::scanner: Discovering "C:\\xampp\\htdocs\\tutorial2\\api"
2026-01-16T09:40:37.732134Z  INFO scan_sources: tailwindcss_oxide::scanner: Discovering "C:\\xampp\\htdocs\\tutorial2\\api\\auth"
2026-01-16T09:40:37.732335Z  INFO scan_sources: tailwindcss_oxide::scanner: Discovering "C:\\xampp\\htdocs\\tutorial2\\app"
2026-01-16T09:40:37.732435Z  INFO scan_sources: tailwindcss_oxide::scanner: Discovering "C:\\xampp\\htdocs\\tutorial2\\app\\(layout)"
2026-01-16T09:40:37.732557Z  INFO scan_sources: tailwindcss_oxide::scanner: Discovering "C:\\xampp\\htdocs\\tutorial2\\app\\(shared-layout)"
2026-01-16T09:40:37.732720Z  INFO scan_sources: tailwindcss_oxide::scanner: Discovering "C:\\xampp\\htdocs\\tutorial2\\app\\about"
2026-01-16T09:40:37.732858Z  INFO scan_sources: tailwindcss_oxide::scanner: Discovering "C:\\xampp\\htdocs\\tutorial2\\app\\about-us"
2026-01-16T09:40:37.733002Z  INFO scan_sources: tailwindcss_oxide::scanner: Discovering "C:\\xampp\\htdocs\\tutorial2\\app\\admin"
2026-01-16T09:40:37.733115Z  INFO scan_sources: tailwindcss_oxide::scanner: Discovering "C:\\xampp\\htdocs\\tutorial2\\app\\admin\\cards"
2026-01-16T09:40:37.733282Z  INFO scan_sources: tailwindcss_oxide::scanner: Discovering "C:\\xampp\\htdocs\\tutorial2\\app\\admin\\content"
2026-01-16T09:40:37.733396Z  INFO scan_sources: tailwindcss_oxide::scanner: Discovering "C:\\xampp\\htdocs\\tutorial2\\app\\admin\\content\\about"
2026-01-16T09:40:37.733563Z  INFO scan_sources: tailwindcss_oxide::scanner: Discovering "C:\\xampp\\htdocs\\tutorial2\\app\\admin\\content\\contact"
2026-01-16T09:40:37.733706Z  INFO scan_sources: tailwindcss_oxide::scanner: Discovering "C:\\xampp\\htdocs\\tutorial2\\app\\admin\\content\\home"
2026-01-16T09:40:37.733922Z  INFO scan_sources: tailwindcss_oxide::scanner: Discovering "C:\\xampp\\htdocs\\tutorial2\\app\\admin\\dashboard"
2026-01-16T09:40:37.734080Z  INFO scan_sources: tailwindcss_oxide::scanner: Discovering "C:\\xampp\\htdocs\\tutorial2\\app\\admin\\events"
2026-01-16T09:40:37.734240Z  INFO scan_sources: tailwindcss_oxide::scanner: Discovering "C:\\xampp\\htdocs\\tutorial2\\app\\admin\\events\\[id]"
2026-01-16T09:40:37.734427Z  INFO scan_sources: tailwindcss_oxide::scanner: Discovering "C:\\xampp\\htdocs\\tutorial2\\app\\admin\\events\\[id]\\registrations"
2026-01-16T09:40:37.734606Z  INFO scan_sources: tailwindcss_oxide::scanner: Discovering "C:\\xampp\\htdocs\\tutorial2\\app\\admin\\membership"
2026-01-16T09:40:37.734727Z  INFO scan_sources: tailwindcss_oxide::scanner: Discovering "C:\\xampp\\htdocs\\tutorial2\\app\\admin\\news"
2026-01-16T09:40:37.734958Z  INFO scan_sources: tailwindcss_oxide::scanner: Discovering "C:\\xampp\\htdocs\\tutorial2\\app\\admin\\payment"
2026-01-16T09:40:37.735078Z  INFO scan_sources: tailwindcss_oxide::scanner: Discovering "C:\\xampp\\htdocs\\tutorial2\\app\\admin\\payments"
2026-01-16T09:40:37.735191Z  INFO scan_sources: tailwindcss_oxide::scanner: Discovering "C:\\xampp\\htdocs\\tutorial2\\app\\admin\\reports"
2026-01-16T09:40:37.735304Z  INFO scan_sources: tailwindcss_oxide::scanner: Discovering "C:\\xampp\\htdocs\\tutorial2\\app\\admin\\requests"
2026-01-16T09:40:37.735432Z  INFO scan_sources: tailwindcss_oxide::scanner: Discovering "C:\\xampp\\htdocs\\tutorial2\\app\\admin\\users"
2026-01-16T09:40:37.735542Z  INFO scan_sources: tailwindcss_oxide::scanner: Discovering "C:\\xampp\\htdocs\\tutorial2\\app\\admin\\users\\[id]"
2026-01-16T09:40:37.735687Z  INFO scan_sources: tailwindcss_oxide::scanner: Discovering "C:\\xampp\\htdocs\\tutorial2\\app\\api"
2026-01-16T09:40:37.735780Z  INFO scan_sources: tailwindcss_oxide::scanner: Discovering "C:\\xampp\\htdocs\\tutorial2\\app\\api\\about-content"
2026-01-16T09:40:37.735894Z  INFO scan_sources: tailwindcss_oxide::scanner: Discovering "C:\\xampp\\htdocs\\tutorial2\\app\\api\\admin"
2026-01-16T09:40:37.735997Z  INFO scan_sources: tailwindcss_oxide::scanner: Discovering "C:\\xampp\\htdocs\\tutorial2\\app\\api\\admin\\approve-member"
2026-01-16T09:40:37.736122Z  INFO scan_sources: tailwindcss_oxide::scanner: Discovering "C:\\xampp\\htdocs\\tutorial2\\app\\api\\admin\\cards"
2026-01-16T09:40:37.736258Z  INFO scan_sources: tailwindcss_oxide::scanner: Discovering "C:\\xampp\\htdocs\\tutorial2\\app\\api\\admin\\content"
2026-01-16T09:40:37.736346Z  INFO scan_sources: tailwindcss_oxide::scanner: Discovering "C:\\xampp\\htdocs\\tutorial2\\app\\api\\admin\\content\\about"
2026-01-16T09:40:37.736455Z  INFO scan_sources: tailwindcss_oxide::scanner: Discovering "C:\\xampp\\htdocs\\tutorial2\\app\\api\\admin\\content\\about\\[id]"
2026-01-16T09:40:37.736617Z  INFO scan_sources: tailwindcss_oxide::scanner: Discovering "C:\\xampp\\htdocs\\tutorial2\\app\\api\\admin\\content\\contact"
2026-01-16T09:40:37.736776Z  INFO scan_sources: tailwindcss_oxide::scanner: Discovering "C:\\xampp\\htdocs\\tutorial2\\app\\api\\admin\\content\\contact\\[id]"
2026-01-16T09:40:37.736927Z  INFO scan_sources: tailwindcss_oxide::scanner: Discovering "C:\\xampp\\htdocs\\tutorial2\\app\\api\\admin\\content\\footer"
2026-01-16T09:40:37.737040Z  INFO scan_sources: tailwindcss_oxide::scanner: Discovering "C:\\xampp\\htdocs\\tutorial2\\app\\api\\admin\\content\\home"
2026-01-16T09:40:37.737161Z  INFO scan_sources: tailwindcss_oxide::scanner: Discovering "C:\\xampp\\htdocs\\tutorial2\\app\\api\\admin\\content\\home\\[id]"
2026-01-16T09:40:37.737288Z  INFO scan_sources: tailwindcss_oxide::scanner: Discovering "C:\\xampp\\htdocs\\tutorial2\\app\\api\\admin\\content\\media"
2026-01-16T09:40:37.737413Z  INFO scan_sources: tailwindcss_oxide::scanner: Discovering "C:\\xampp\\htdocs\\tutorial2\\app\\api\\admin\\content\\navigation"
2026-01-16T09:40:37.737526Z  INFO scan_sources: tailwindcss_oxide::scanner: Discovering "C:\\xampp\\htdocs\\tutorial2\\app\\api\\admin\\content\\pages"
2026-01-16T09:40:37.737708Z  INFO scan_sources: tailwindcss_oxide::scanner: Discovering "C:\\xampp\\htdocs\\tutorial2\\app\\api\\admin\\content\\pages\\[id]"
2026-01-16T09:40:37.737931Z  INFO scan_sources: tailwindcss_oxide::scanner: Discovering "C:\\xampp\\htdocs\\tutorial2\\app\\api\\admin\\content\\settings"
2026-01-16T09:40:37.738081Z  INFO scan_sources: tailwindcss_oxide::scanner: Discovering "C:\\xampp\\htdocs\\tutorial2\\app\\api\\admin\\create-admin"
2026-01-16T09:40:37.738252Z  INFO scan_sources: tailwindcss_oxide::scanner: Discovering "C:\\xampp\\htdocs\\tutorial2\\app\\api\\admin\\deleted-users"
2026-01-16T09:40:37.738396Z  INFO scan_sources: tailwindcss_oxide::scanner: Discovering "C:\\xampp\\htdocs\\tutorial2\\app\\api\\admin\\events"
2026-01-16T09:40:37.738590Z  INFO scan_sources: tailwindcss_oxide::scanner: Discovering "C:\\xampp\\htdocs\\tutorial2\\app\\api\\admin\\events\\[id]"
2026-01-16T09:40:37.738760Z  INFO scan_sources: tailwindcss_oxide::scanner: Discovering "C:\\xampp\\htdocs\\tutorial2\\app\\api\\admin\\events\\[id]\\registrations"
2026-01-16T09:40:37.738996Z  INFO scan_sources: tailwindcss_oxide::scanner: Discovering "C:\\xampp\\htdocs\\tutorial2\\app\\api\\admin\\fix-admin"
2026-01-16T09:40:37.739125Z  INFO scan_sources: tailwindcss_oxide::scanner: Discovering "C:\\xampp\\htdocs\\tutorial2\\app\\api\\admin\\membership"
2026-01-16T09:40:37.739216Z  INFO scan_sources: tailwindcss_oxide::scanner: Discovering "C:\\xampp\\htdocs\\tutorial2\\app\\api\\admin\\membership\\cycles"
2026-01-16T09:40:37.739889Z  INFO scan_sources: tailwindcss_oxide::scanner: Discovering "C:\\xampp\\htdocs\\tutorial2\\app\\api\\admin\\membership\\settings"
2026-01-16T09:40:37.740367Z  INFO scan_sources: tailwindcss_oxide::scanner: Discovering "C:\\xampp\\htdocs\\tutorial2\\app\\api\\admin\\membership\\types"
2026-01-16T09:40:37.740841Z  INFO scan_sources: tailwindcss_oxide::scanner: Discovering "C:\\xampp\\htdocs\\tutorial2\\app\\api\\admin\\news"
2026-01-16T09:40:37.741221Z  INFO scan_sources: tailwindcss_oxide::scanner: Discovering "C:\\xampp\\htdocs\\tutorial2\\app\\api\\admin\\payment"
2026-01-16T09:40:37.741592Z  INFO scan_sources: tailwindcss_oxide::scanner: Discovering "C:\\xampp\\htdocs\\tutorial2\\app\\api\\admin\\payments"
2026-01-16T09:40:37.741856Z  INFO scan_sources: tailwindcss_oxide::scanner: Discovering "C:\\xampp\\htdocs\\tutorial2\\app\\api\\admin\\payments\\list"
2026-01-16T09:40:37.742133Z  INFO scan_sources: tailwindcss_oxide::scanner: Discovering "C:\\xampp\\htdocs\\tutorial2\\app\\api\\admin\\payments\\list\\export"
2026-01-16T09:40:37.742733Z  INFO scan_sources: tailwindcss_oxide::scanner: Discovering "C:\\xampp\\htdocs\\tutorial2\\app\\api\\admin\\payments\\[id]"
2026-01-16T09:40:37.743260Z  INFO scan_sources: tailwindcss_oxide::scanner: Discovering "C:\\xampp\\htdocs\\tutorial2\\app\\api\\admin\\payments\\[id]\\refund"
2026-01-16T09:40:37.743499Z  INFO scan_sources: tailwindcss_oxide::scanner: Discovering "C:\\xampp\\htdocs\\tutorial2\\app\\api\\admin\\reject-member"
2026-01-16T09:40:37.743651Z  INFO scan_sources: tailwindcss_oxide::scanner: Discovering "C:\\xampp\\htdocs\\tutorial2\\app\\api\\admin\\report"
2026-01-16T09:40:37.743802Z  INFO scan_sources: tailwindcss_oxide::scanner: Discovering "C:\\xampp\\htdocs\\tutorial2\\app\\api\\admin\\reports"
2026-01-16T09:40:37.743902Z  INFO scan_sources: tailwindcss_oxide::scanner: Discovering "C:\\xampp\\htdocs\\tutorial2\\app\\api\\admin\\reports\\generate"
2026-01-16T09:40:37.744071Z  INFO scan_sources: tailwindcss_oxide::scanner: Discovering "C:\\xampp\\htdocs\\tutorial2\\app\\api\\admin\\reset-admin"
2026-01-16T09:40:37.744198Z  INFO scan_sources: tailwindcss_oxide::scanner: Discovering "C:\\xampp\\htdocs\\tutorial2\\app\\api\\admin\\users"
2026-01-16T09:40:37.744296Z  INFO scan_sources: tailwindcss_oxide::scanner: Discovering "C:\\xampp\\htdocs\\tutorial2\\app\\api\\admin\\users\\restore"
2026-01-16T09:40:37.744439Z  INFO scan_sources: tailwindcss_oxide::scanner: Discovering "C:\\xampp\\htdocs\\tutorial2\\app\\api\\admin\\users\\[id]"
2026-01-16T09:40:37.744542Z  INFO scan_sources: tailwindcss_oxide::scanner: Discovering "C:\\xampp\\htdocs\\tutorial2\\app\\api\\admin\\users\\[id]\\approve"
2026-01-16T09:40:37.744671Z  INFO scan_sources: tailwindcss_oxide::scanner: Discovering "C:\\xampp\\htdocs\\tutorial2\\app\\api\\admin\\users\\[id]\\details"
2026-01-16T09:40:37.744818Z  INFO scan_sources: tailwindcss_oxide::scanner: Discovering "C:\\xampp\\htdocs\\tutorial2\\app\\api\\admin\\users\\[id]\\membership-status"
2026-01-16T09:40:37.744984Z  INFO scan_sources: tailwindcss_oxide::scanner: Discovering "C:\\xampp\\htdocs\\tutorial2\\app\\api\\admin\\users\\[id]\\password"
2026-01-16T09:40:37.745117Z  INFO scan_sources: tailwindcss_oxide::scanner: Discovering "C:\\xampp\\htdocs\\tutorial2\\app\\api\\admin\\users\\[id]\\reject"
2026-01-16T09:40:37.745313Z  INFO scan_sources: tailwindcss_oxide::scanner: Discovering "C:\\xampp\\htdocs\\tutorial2\\app\\api\\auth"
2026-01-16T09:40:37.745411Z  INFO scan_sources: tailwindcss_oxide::scanner: Discovering "C:\\xampp\\htdocs\\tutorial2\\app\\api\\auth\\forgot-password"
2026-01-16T09:40:37.745533Z  INFO scan_sources: tailwindcss_oxide::scanner: Discovering "C:\\xampp\\htdocs\\tutorial2\\app\\api\\auth\\login"
2026-01-16T09:40:37.745649Z  INFO scan_sources: tailwindcss_oxide::scanner: Discovering "C:\\xampp\\htdocs\\tutorial2\\app\\api\\auth\\logout"
2026-01-16T09:40:37.745782Z  INFO scan_sources: tailwindcss_oxide::scanner: Discovering "C:\\xampp\\htdocs\\tutorial2\\app\\api\\auth\\me"
2026-01-16T09:40:37.745898Z  INFO scan_sources: tailwindcss_oxide::scanner: Discovering "C:\\xampp\\htdocs\\tutorial2\\app\\api\\auth\\membership-status"
2026-01-16T09:40:37.746035Z  INFO scan_sources: tailwindcss_oxide::scanner: Discovering "C:\\xampp\\htdocs\\tutorial2\\app\\api\\auth\\profile"
2026-01-16T09:40:37.746177Z  INFO scan_sources: tailwindcss_oxide::scanner: Discovering "C:\\xampp\\htdocs\\tutorial2\\app\\api\\auth\\refresh"
2026-01-16T09:40:37.746297Z  INFO scan_sources: tailwindcss_oxide::scanner: Discovering "C:\\xampp\\htdocs\\tutorial2\\app\\api\\auth\\register"
2026-01-16T09:40:37.746427Z  INFO scan_sources: tailwindcss_oxide::scanner: Discovering "C:\\xampp\\htdocs\\tutorial2\\app\\api\\auth\\[...nextauth]"
2026-01-16T09:40:37.746582Z  INFO scan_sources: tailwindcss_oxide::scanner: Discovering "C:\\xampp\\htdocs\\tutorial2\\app\\api\\contact-content"
2026-01-16T09:40:37.746716Z  INFO scan_sources: tailwindcss_oxide::scanner: Discovering "C:\\xampp\\htdocs\\tutorial2\\app\\api\\debug"
2026-01-16T09:40:37.746820Z  INFO scan_sources: tailwindcss_oxide::scanner: Discovering "C:\\xampp\\htdocs\\tutorial2\\app\\api\\debug\\pricing"
2026-01-16T09:40:37.746956Z  INFO scan_sources: tailwindcss_oxide::scanner: Discovering "C:\\xampp\\htdocs\\tutorial2\\app\\api\\debug\\send-email"
2026-01-16T09:40:37.747074Z  INFO scan_sources: tailwindcss_oxide::scanner: Discovering "C:\\xampp\\htdocs\\tutorial2\\app\\api\\debug\\send-test-email"
2026-01-16T09:40:37.747205Z  INFO scan_sources: tailwindcss_oxide::scanner: Discovering "C:\\xampp\\htdocs\\tutorial2\\app\\api\\events"
2026-01-16T09:40:37.747314Z  INFO scan_sources: tailwindcss_oxide::scanner: Discovering "C:\\xampp\\htdocs\\tutorial2\\app\\api\\events\\[id]"
2026-01-16T09:40:37.747403Z  INFO scan_sources: tailwindcss_oxide::scanner: Discovering "C:\\xampp\\htdocs\\tutorial2\\app\\api\\events\\[id]\\register"
2026-01-16T09:40:37.747545Z  INFO scan_sources: tailwindcss_oxide::scanner: Discovering "C:\\xampp\\htdocs\\tutorial2\\app\\api\\fix-membership"
2026-01-16T09:40:37.747659Z  INFO scan_sources: tailwindcss_oxide::scanner: Discovering "C:\\xampp\\htdocs\\tutorial2\\app\\api\\home-content"
2026-01-16T09:40:37.747777Z  INFO scan_sources: tailwindcss_oxide::scanner: Discovering "C:\\xampp\\htdocs\\tutorial2\\app\\api\\membership"
2026-01-16T09:40:37.747884Z  INFO scan_sources: tailwindcss_oxide::scanner: Discovering "C:\\xampp\\htdocs\\tutorial2\\app\\api\\membership\\complete-payment"
2026-01-16T09:40:37.748019Z  INFO scan_sources: tailwindcss_oxide::scanner: Discovering "C:\\xampp\\htdocs\\tutorial2\\app\\api\\membership\\next-number"
2026-01-16T09:40:37.748183Z  INFO scan_sources: tailwindcss_oxide::scanner: Discovering "C:\\xampp\\htdocs\\tutorial2\\app\\api\\membership\\pay"
2026-01-16T09:40:37.748325Z  INFO scan_sources: tailwindcss_oxide::scanner: Discovering "C:\\xampp\\htdocs\\tutorial2\\app\\api\\membership\\pay-early"
2026-01-16T09:40:37.748462Z  INFO scan_sources: tailwindcss_oxide::scanner: Discovering "C:\\xampp\\htdocs\\tutorial2\\app\\api\\membership\\payment-status"
2026-01-16T09:40:37.748601Z  INFO scan_sources: tailwindcss_oxide::scanner: Discovering "C:\\xampp\\htdocs\\tutorial2\\app\\api\\membership\\payment-success"
2026-01-16T09:40:37.748787Z  INFO scan_sources: tailwindcss_oxide::scanner: Discovering "C:\\xampp\\htdocs\\tutorial2\\app\\api\\membership\\status"
2026-01-16T09:40:37.749060Z  INFO scan_sources: tailwindcss_oxide::scanner: Discovering "C:\\xampp\\htdocs\\tutorial2\\app\\api\\messages"
2026-01-16T09:40:37.749168Z  INFO scan_sources: tailwindcss_oxide::scanner: Discovering "C:\\xampp\\htdocs\\tutorial2\\app\\api\\messages\\reply"
2026-01-16T09:40:37.749341Z  INFO scan_sources: tailwindcss_oxide::scanner: Discovering "C:\\xampp\\htdocs\\tutorial2\\app\\api\\messages\\[id]"
2026-01-16T09:40:37.749485Z  INFO scan_sources: tailwindcss_oxide::scanner: Discovering "C:\\xampp\\htdocs\\tutorial2\\app\\api\\messages\\[id]\\read"
2026-01-16T09:40:37.749659Z  INFO scan_sources: tailwindcss_oxide::scanner: Discovering "C:\\xampp\\htdocs\\tutorial2\\app\\api\\news"
2026-01-16T09:40:37.749781Z  INFO scan_sources: tailwindcss_oxide::scanner: Discovering "C:\\xampp\\htdocs\\tutorial2\\app\\api\\payment"
2026-01-16T09:40:37.749879Z  INFO scan_sources: tailwindcss_oxide::scanner: Discovering "C:\\xampp\\htdocs\\tutorial2\\app\\api\\payment\\pesapal"
2026-01-16T09:40:37.750015Z  INFO scan_sources: tailwindcss_oxide::scanner: Discovering "C:\\xampp\\htdocs\\tutorial2\\app\\api\\payments"
2026-01-16T09:40:37.750120Z  INFO scan_sources: tailwindcss_oxide::scanner: Discovering "C:\\xampp\\htdocs\\tutorial2\\app\\api\\payments\\activate-test"
2026-01-16T09:40:37.750256Z  INFO scan_sources: tailwindcss_oxide::scanner: Discovering "C:\\xampp\\htdocs\\tutorial2\\app\\api\\payments\\azampay"
2026-01-16T09:40:37.750366Z  INFO scan_sources: tailwindcss_oxide::scanner: Discovering "C:\\xampp\\htdocs\\tutorial2\\app\\api\\payments\\azampay\\callback"
2026-01-16T09:40:37.750500Z  INFO scan_sources: tailwindcss_oxide::scanner: Discovering "C:\\xampp\\htdocs\\tutorial2\\app\\api\\payments\\azampay\\checkout"
2026-01-16T09:40:37.750636Z  INFO scan_sources: tailwindcss_oxide::scanner: Discovering "C:\\xampp\\htdocs\\tutorial2\\app\\api\\payments\\cleanup"
2026-01-16T09:40:37.750753Z  INFO scan_sources: tailwindcss_oxide::scanner: Discovering "C:\\xampp\\htdocs\\tutorial2\\app\\api\\payments\\complete"
2026-01-16T09:40:37.750883Z  INFO scan_sources: tailwindcss_oxide::scanner: Discovering "C:\\xampp\\htdocs\\tutorial2\\app\\api\\payments\\mobile-money"
2026-01-16T09:40:37.751015Z  INFO scan_sources: tailwindcss_oxide::scanner: Discovering "C:\\xampp\\htdocs\\tutorial2\\app\\api\\payments\\payment-status"
2026-01-16T09:40:37.751142Z  INFO scan_sources: tailwindcss_oxide::scanner: Discovering "C:\\xampp\\htdocs\\tutorial2\\app\\api\\payments\\process"
2026-01-16T09:40:37.751281Z  INFO scan_sources: tailwindcss_oxide::scanner: Discovering "C:\\xampp\\htdocs\\tutorial2\\app\\api\\reports"
2026-01-16T09:40:37.751375Z  INFO scan_sources: tailwindcss_oxide::scanner: Discovering "C:\\xampp\\htdocs\\tutorial2\\app\\api\\reports\\generate"
2026-01-16T09:40:37.751493Z  INFO scan_sources: tailwindcss_oxide::scanner: Discovering "C:\\xampp\\htdocs\\tutorial2\\app\\api\\reports\\send-email"
2026-01-16T09:40:37.751619Z  INFO scan_sources: tailwindcss_oxide::scanner: Discovering "C:\\xampp\\htdocs\\tutorial2\\app\\api\\send-approval-email"
2026-01-16T09:40:37.751744Z  INFO scan_sources: tailwindcss_oxide::scanner: Discovering "C:\\xampp\\htdocs\\tutorial2\\app\\api\\settings"
2026-01-16T09:40:37.751878Z  INFO scan_sources: tailwindcss_oxide::scanner: Discovering "C:\\xampp\\htdocs\\tutorial2\\app\\api\\setup"
2026-01-16T09:40:37.751974Z  INFO scan_sources: tailwindcss_oxide::scanner: Discovering "C:\\xampp\\htdocs\\tutorial2\\app\\api\\setup\\ensure-admin"
2026-01-16T09:40:37.752142Z  INFO scan_sources: tailwindcss_oxide::scanner: Discovering "C:\\xampp\\htdocs\\tutorial2\\app\\api\\test-events"
2026-01-16T09:40:37.752286Z  INFO scan_sources: tailwindcss_oxide::scanner: Discovering "C:\\xampp\\htdocs\\tutorial2\\app\\api\\user"
2026-01-16T09:40:37.752379Z  INFO scan_sources: tailwindcss_oxide::scanner: Discovering "C:\\xampp\\htdocs\\tutorial2\\app\\api\\user\\profile"
2026-01-16T09:40:37.752602Z  INFO scan_sources: tailwindcss_oxide::scanner: Discovering "C:\\xampp\\htdocs\\tutorial2\\app\\auth"
2026-01-16T09:40:37.752761Z  INFO scan_sources: tailwindcss_oxide::scanner: Discovering "C:\\xampp\\htdocs\\tutorial2\\app\\auth\\forgot-password"
2026-01-16T09:40:37.752936Z  INFO scan_sources: tailwindcss_oxide::scanner: Discovering "C:\\xampp\\htdocs\\tutorial2\\app\\auth\\login"
2026-01-16T09:40:37.753071Z  INFO scan_sources: tailwindcss_oxide::scanner: Discovering "C:\\xampp\\htdocs\\tutorial2\\app\\auth\\pending-approval"
2026-01-16T09:40:37.753187Z  INFO scan_sources: tailwindcss_oxide::scanner: Discovering "C:\\xampp\\htdocs\\tutorial2\\app\\auth\\register"
2026-01-16T09:40:37.753313Z  INFO scan_sources: tailwindcss_oxide::scanner: Discovering "C:\\xampp\\htdocs\\tutorial2\\app\\components"
2026-01-16T09:40:37.753448Z  INFO scan_sources: tailwindcss_oxide::scanner: Discovering "C:\\xampp\\htdocs\\tutorial2\\app\\contact"
2026-01-16T09:40:37.753563Z  INFO scan_sources: tailwindcss_oxide::scanner: Discovering "C:\\xampp\\htdocs\\tutorial2\\app\\dashboard"
2026-01-16T09:40:37.753654Z  INFO scan_sources: tailwindcss_oxide::scanner: Discovering "C:\\xampp\\htdocs\\tutorial2\\app\\dashboard\\complete-profile"
2026-01-16T09:40:37.753773Z  INFO scan_sources: tailwindcss_oxide::scanner: Discovering "C:\\xampp\\htdocs\\tutorial2\\app\\dashboard\\events"
2026-01-16T09:40:37.753862Z  INFO scan_sources: tailwindcss_oxide::scanner: Discovering "C:\\xampp\\htdocs\\tutorial2\\app\\dashboard\\events\\create"
2026-01-16T09:40:37.753933Z  INFO scan_sources: tailwindcss_oxide::scanner: Discovering "C:\\xampp\\htdocs\\tutorial2\\app\\dashboard\\events\\create\\page.tsx"
2026-01-16T09:40:37.754048Z  INFO scan_sources: tailwindcss_oxide::scanner: Discovering "C:\\xampp\\htdocs\\tutorial2\\app\\dashboard\\membership-card"
2026-01-16T09:40:37.754195Z  INFO scan_sources: tailwindcss_oxide::scanner: Discovering "C:\\xampp\\htdocs\\tutorial2\\app\\dashboard\\messages"
2026-01-16T09:40:37.754310Z  INFO scan_sources: tailwindcss_oxide::scanner: Discovering "C:\\xampp\\htdocs\\tutorial2\\app\\dashboard\\news"
2026-01-16T09:40:37.754441Z  INFO scan_sources: tailwindcss_oxide::scanner: Discovering "C:\\xampp\\htdocs\\tutorial2\\app\\dashboard\\payment"
2026-01-16T09:40:37.754527Z  INFO scan_sources: tailwindcss_oxide::scanner: Discovering "C:\\xampp\\htdocs\\tutorial2\\app\\dashboard\\payment\\callback"
2026-01-16T09:40:37.754658Z  INFO scan_sources: tailwindcss_oxide::scanner: Discovering "C:\\xampp\\htdocs\\tutorial2\\app\\dashboard\\payment\\success"
2026-01-16T09:40:37.754782Z  INFO scan_sources: tailwindcss_oxide::scanner: Discovering "C:\\xampp\\htdocs\\tutorial2\\app\\dashboard\\profile"
2026-01-16T09:40:37.754907Z  INFO scan_sources: tailwindcss_oxide::scanner: Discovering "C:\\xampp\\htdocs\\tutorial2\\app\\dashboard\\subscribe"
2026-01-16T09:40:37.755046Z  INFO scan_sources: tailwindcss_oxide::scanner: Discovering "C:\\xampp\\htdocs\\tutorial2\\app\\fix-auth"
2026-01-16T09:40:37.755272Z  INFO scan_sources: tailwindcss_oxide::scanner: Discovering "C:\\xampp\\htdocs\\tutorial2\\app\\schemas"
2026-01-16T09:40:37.755384Z  INFO scan_sources: tailwindcss_oxide::scanner: Discovering "C:\\xampp\\htdocs\\tutorial2\\app\\scripts"
2026-01-16T09:40:37.755497Z  INFO scan_sources: tailwindcss_oxide::scanner: Discovering "C:\\xampp\\htdocs\\tutorial2\\app\\unauthorized"
2026-01-16T09:40:37.755898Z  INFO scan_sources: tailwindcss_oxide::scanner: Discovering "C:\\xampp\\htdocs\\tutorial2\\components"
2026-01-16T09:40:37.755992Z  INFO scan_sources: tailwindcss_oxide::scanner: Discovering "C:\\xampp\\htdocs\\tutorial2\\components\\admin"
2026-01-16T09:40:37.756350Z  INFO scan_sources: tailwindcss_oxide::scanner: Discovering "C:\\xampp\\htdocs\\tutorial2\\components\\dashboard"
2026-01-16T09:40:37.756927Z  INFO scan_sources: tailwindcss_oxide::scanner: Discovering "C:\\xampp\\htdocs\\tutorial2\\components\\ui"
2026-01-16T09:40:37.757353Z  INFO scan_sources: tailwindcss_oxide::scanner: Discovering "C:\\xampp\\htdocs\\tutorial2\\components\\web"
2026-01-16T09:40:37.757605Z  INFO scan_sources: tailwindcss_oxide::scanner: Discovering "C:\\xampp\\htdocs\\tutorial2\\contexts"
2026-01-16T09:40:37.757734Z  INFO scan_sources: tailwindcss_oxide::scanner: Discovering "C:\\xampp\\htdocs\\tutorial2\\convex"
2026-01-16T09:40:37.757837Z  INFO scan_sources: tailwindcss_oxide::scanner: Discovering "C:\\xampp\\htdocs\\tutorial2\\convex\\_generated"
2026-01-16T09:40:37.758177Z  INFO scan_sources: tailwindcss_oxide::scanner: Discovering "C:\\xampp\\htdocs\\tutorial2\\database"
2026-01-16T09:40:37.758997Z  INFO scan_sources: tailwindcss_oxide::scanner: Discovering "C:\\xampp\\htdocs\\tutorial2\\deploy-minimal"
2026-01-16T09:40:37.759230Z  INFO scan_sources: tailwindcss_oxide::scanner: Discovering "C:\\xampp\\htdocs\\tutorial2\\deploy-simple"
2026-01-16T09:40:37.759423Z  INFO scan_sources: tailwindcss_oxide::scanner: Discovering "C:\\xampp\\htdocs\\tutorial2\\deploy-temp"
2026-01-16T09:40:37.760105Z  INFO scan_sources: tailwindcss_oxide::scanner: Discovering "C:\\xampp\\htdocs\\tutorial2\\lib"
2026-01-16T09:40:37.760841Z  INFO scan_sources: tailwindcss_oxide::scanner: Discovering "C:\\xampp\\htdocs\\tutorial2\\migrations"
2026-01-16T09:40:37.762048Z  INFO scan_sources: tailwindcss_oxide::scanner: Discovering "C:\\xampp\\htdocs\\tutorial2\\public"
2026-01-16T09:40:37.762432Z  INFO scan_sources: tailwindcss_oxide::scanner: Discovering "C:\\xampp\\htdocs\\tutorial2\\public\\uploads"
2026-01-16T09:40:37.762578Z  INFO scan_sources: tailwindcss_oxide::scanner: Discovering "C:\\xampp\\htdocs\\tutorial2\\public\\uploads\\documents"
2026-01-16T09:40:37.762801Z  INFO scan_sources: tailwindcss_oxide::scanner: Discovering "C:\\xampp\\htdocs\\tutorial2\\public\\uploads\\profile-pictures"
2026-01-16T09:40:37.763471Z  INFO scan_sources: tailwindcss_oxide::scanner: Discovering "C:\\xampp\\htdocs\\tutorial2\\scripts"
2026-01-16T09:40:37.764799Z  INFO scan_sources: tailwindcss_oxide::scanner: Discovering "C:\\xampp\\htdocs\\tutorial2\\types"
2026-01-16T09:40:37.765135Z  INFO scan_sources: tailwindcss_oxide::scanner: exit
2026-01-16T09:40:37.765146Z  INFO extract_candidates: tailwindcss_oxide::scanner: enter
2026-01-16T09:40:37.765151Z  INFO extract_candidates:read_all_files: tailwindcss_oxide::scanner: enter
2026-01-16T09:40:37.765154Z  INFO extract_candidates:read_all_files: tailwindcss_oxide::scanner: Reading 1 file(s)
2026-01-16T09:40:37.765235Z  INFO extract_candidates:read_all_files: tailwindcss_oxide::scanner: Reading "C:\\xampp\\htdocs\\tutorial2\\app\\dashboard\\events\\create\\page.tsx"
2026-01-16T09:40:37.765243Z  INFO extract_candidates:read_all_files: tailwindcss_oxide::scanner: exit
2026-01-16T09:40:37.765247Z  INFO extract_candidates:parse_all_blobs: tailwindcss_oxide::scanner: enter
2026-01-16T09:40:37.765250Z  INFO extract_candidates:parse_all_blobs:extract: tailwindcss_oxide::scanner: enter
2026-01-16T09:40:37.766119Z  INFO extract_candidates:parse_all_blobs:extract: tailwindcss_oxide::scanner: exit
2026-01-16T09:40:37.766150Z  INFO extract_candidates:parse_all_blobs: tailwindcss_oxide::scanner: exit
2026-01-16T09:40:37.766240Z  INFO extract_candidates: tailwindcss_oxide::scanner: exit
2026-01-16T09:40:37.768317Z  INFO get_files: tailwindcss_oxide::scanner: enter
2026-01-16T09:40:37.768348Z  INFO get_files:scan_sources: tailwindcss_oxide::scanner: enter
2026-01-16T09:40:37.769930Z  INFO get_files:scan_sources: tailwindcss_oxide::scanner: Discovering "C:\\xampp\\htdocs\\tutorial2\\.windsurf"
2026-01-16T09:40:37.770049Z  INFO get_files:scan_sources: tailwindcss_oxide::scanner: Discovering "C:\\xampp\\htdocs\\tutorial2\\.windsurf\\workflows"
2026-01-16T09:40:37.770456Z  INFO get_files:scan_sources: tailwindcss_oxide::scanner: Discovering "C:\\xampp\\htdocs\\tutorial2\\api"
2026-01-16T09:40:37.770568Z  INFO get_files:scan_sources: tailwindcss_oxide::scanner: Discovering "C:\\xampp\\htdocs\\tutorial2\\api\\auth"
2026-01-16T09:40:37.770810Z  INFO get_files:scan_sources: tailwindcss_oxide::scanner: Discovering "C:\\xampp\\htdocs\\tutorial2\\app"
2026-01-16T09:40:37.770961Z  INFO get_files:scan_sources: tailwindcss_oxide::scanner: Discovering "C:\\xampp\\htdocs\\tutorial2\\app\\(layout)"
2026-01-16T09:40:37.771158Z  INFO get_files:scan_sources: tailwindcss_oxide::scanner: Discovering "C:\\xampp\\htdocs\\tutorial2\\app\\(shared-layout)"
2026-01-16T09:40:37.771363Z  INFO get_files:scan_sources: tailwindcss_oxide::scanner: Discovering "C:\\xampp\\htdocs\\tutorial2\\app\\about"
2026-01-16T09:40:37.771527Z  INFO get_files:scan_sources: tailwindcss_oxide::scanner: Discovering "C:\\xampp\\htdocs\\tutorial2\\app\\about-us"
2026-01-16T09:40:37.771697Z  INFO get_files:scan_sources: tailwindcss_oxide::scanner: Discovering "C:\\xampp\\htdocs\\tutorial2\\app\\admin"
2026-01-16T09:40:37.771832Z  INFO get_files:scan_sources: tailwindcss_oxide::scanner: Discovering "C:\\xampp\\htdocs\\tutorial2\\app\\admin\\cards"
2026-01-16T09:40:37.772019Z  INFO get_files:scan_sources: tailwindcss_oxide::scanner: Discovering "C:\\xampp\\htdocs\\tutorial2\\app\\admin\\content"
2026-01-16T09:40:37.772162Z  INFO get_files:scan_sources: tailwindcss_oxide::scanner: Discovering "C:\\xampp\\htdocs\\tutorial2\\app\\admin\\content\\about"
2026-01-16T09:40:37.772342Z  INFO get_files:scan_sources: tailwindcss_oxide::scanner: Discovering "C:\\xampp\\htdocs\\tutorial2\\app\\admin\\content\\contact"
2026-01-16T09:40:37.772517Z  INFO get_files:scan_sources: tailwindcss_oxide::scanner: Discovering "C:\\xampp\\htdocs\\tutorial2\\app\\admin\\content\\home"
2026-01-16T09:40:37.772748Z  INFO get_files:scan_sources: tailwindcss_oxide::scanner: Discovering "C:\\xampp\\htdocs\\tutorial2\\app\\admin\\dashboard"
2026-01-16T09:40:37.773006Z  INFO get_files:scan_sources: tailwindcss_oxide::scanner: Discovering "C:\\xampp\\htdocs\\tutorial2\\app\\admin\\events"
2026-01-16T09:40:37.773246Z  INFO get_files:scan_sources: tailwindcss_oxide::scanner: Discovering "C:\\xampp\\htdocs\\tutorial2\\app\\admin\\events\\[id]"
2026-01-16T09:40:37.773453Z  INFO get_files:scan_sources: tailwindcss_oxide::scanner: Discovering "C:\\xampp\\htdocs\\tutorial2\\app\\admin\\events\\[id]\\registrations"
2026-01-16T09:40:37.773640Z  INFO get_files:scan_sources: tailwindcss_oxide::scanner: Discovering "C:\\xampp\\htdocs\\tutorial2\\app\\admin\\membership"
2026-01-16T09:40:37.773781Z  INFO get_files:scan_sources: tailwindcss_oxide::scanner: Discovering "C:\\xampp\\htdocs\\tutorial2\\app\\admin\\news"
2026-01-16T09:40:37.773997Z  INFO get_files:scan_sources: tailwindcss_oxide::scanner: Discovering "C:\\xampp\\htdocs\\tutorial2\\app\\admin\\payment"
2026-01-16T09:40:37.774133Z  INFO get_files:scan_sources: tailwindcss_oxide::scanner: Discovering "C:\\xampp\\htdocs\\tutorial2\\app\\admin\\payments"
2026-01-16T09:40:37.774248Z  INFO get_files:scan_sources: tailwindcss_oxide::scanner: Discovering "C:\\xampp\\htdocs\\tutorial2\\app\\admin\\reports"
2026-01-16T09:40:37.774360Z  INFO get_files:scan_sources: tailwindcss_oxide::scanner: Discovering "C:\\xampp\\htdocs\\tutorial2\\app\\admin\\requests"
2026-01-16T09:40:37.774488Z  INFO get_files:scan_sources: tailwindcss_oxide::scanner: Discovering "C:\\xampp\\htdocs\\tutorial2\\app\\admin\\users"
2026-01-16T09:40:37.774591Z  INFO get_files:scan_sources: tailwindcss_oxide::scanner: Discovering "C:\\xampp\\htdocs\\tutorial2\\app\\admin\\users\\[id]"
2026-01-16T09:40:37.774737Z  INFO get_files:scan_sources: tailwindcss_oxide::scanner: Discovering "C:\\xampp\\htdocs\\tutorial2\\app\\api"
2026-01-16T09:40:37.774834Z  INFO get_files:scan_sources: tailwindcss_oxide::scanner: Discovering "C:\\xampp\\htdocs\\tutorial2\\app\\api\\about-content"
2026-01-16T09:40:37.774966Z  INFO get_files:scan_sources: tailwindcss_oxide::scanner: Discovering "C:\\xampp\\htdocs\\tutorial2\\app\\api\\admin"
2026-01-16T09:40:37.775073Z  INFO get_files:scan_sources: tailwindcss_oxide::scanner: Discovering "C:\\xampp\\htdocs\\tutorial2\\app\\api\\admin\\approve-member"
2026-01-16T09:40:37.775197Z  INFO get_files:scan_sources: tailwindcss_oxide::scanner: Discovering "C:\\xampp\\htdocs\\tutorial2\\app\\api\\admin\\cards"
2026-01-16T09:40:37.775314Z  INFO get_files:scan_sources: tailwindcss_oxide::scanner: Discovering "C:\\xampp\\htdocs\\tutorial2\\app\\api\\admin\\content"
2026-01-16T09:40:37.775402Z  INFO get_files:scan_sources: tailwindcss_oxide::scanner: Discovering "C:\\xampp\\htdocs\\tutorial2\\app\\api\\admin\\content\\about"
2026-01-16T09:40:37.775508Z  INFO get_files:scan_sources: tailwindcss_oxide::scanner: Discovering "C:\\xampp\\htdocs\\tutorial2\\app\\api\\admin\\content\\about\\[id]"
2026-01-16T09:40:37.775639Z  INFO get_files:scan_sources: tailwindcss_oxide::scanner: Discovering "C:\\xampp\\htdocs\\tutorial2\\app\\api\\admin\\content\\contact"
2026-01-16T09:40:37.775743Z  INFO get_files:scan_sources: tailwindcss_oxide::scanner: Discovering "C:\\xampp\\htdocs\\tutorial2\\app\\api\\admin\\content\\contact\\[id]"
2026-01-16T09:40:37.775870Z  INFO get_files:scan_sources: tailwindcss_oxide::scanner: Discovering "C:\\xampp\\htdocs\\tutorial2\\app\\api\\admin\\content\\footer"
2026-01-16T09:40:37.775984Z  INFO get_files:scan_sources: tailwindcss_oxide::scanner: Discovering "C:\\xampp\\htdocs\\tutorial2\\app\\api\\admin\\content\\home"
2026-01-16T09:40:37.776091Z  INFO get_files:scan_sources: tailwindcss_oxide::scanner: Discovering "C:\\xampp\\htdocs\\tutorial2\\app\\api\\admin\\content\\home\\[id]"
2026-01-16T09:40:37.776217Z  INFO get_files:scan_sources: tailwindcss_oxide::scanner: Discovering "C:\\xampp\\htdocs\\tutorial2\\app\\api\\admin\\content\\media"
2026-01-16T09:40:37.776333Z  INFO get_files:scan_sources: tailwindcss_oxide::scanner: Discovering "C:\\xampp\\htdocs\\tutorial2\\app\\api\\admin\\content\\navigation"
2026-01-16T09:40:37.776452Z  INFO get_files:scan_sources: tailwindcss_oxide::scanner: Discovering "C:\\xampp\\htdocs\\tutorial2\\app\\api\\admin\\content\\pages"
2026-01-16T09:40:37.776567Z  INFO get_files:scan_sources: tailwindcss_oxide::scanner: Discovering "C:\\xampp\\htdocs\\tutorial2\\app\\api\\admin\\content\\pages\\[id]"
2026-01-16T09:40:37.776698Z  INFO get_files:scan_sources: tailwindcss_oxide::scanner: Discovering "C:\\xampp\\htdocs\\tutorial2\\app\\api\\admin\\content\\settings"
2026-01-16T09:40:37.776838Z  INFO get_files:scan_sources: tailwindcss_oxide::scanner: Discovering "C:\\xampp\\htdocs\\tutorial2\\app\\api\\admin\\create-admin"
2026-01-16T09:40:37.776963Z  INFO get_files:scan_sources: tailwindcss_oxide::scanner: Discovering "C:\\xampp\\htdocs\\tutorial2\\app\\api\\admin\\deleted-users"
2026-01-16T09:40:37.777081Z  INFO get_files:scan_sources: tailwindcss_oxide::scanner: Discovering "C:\\xampp\\htdocs\\tutorial2\\app\\api\\admin\\events"
2026-01-16T09:40:37.777216Z  INFO get_files:scan_sources: tailwindcss_oxide::scanner: Discovering "C:\\xampp\\htdocs\\tutorial2\\app\\api\\admin\\events\\[id]"
2026-01-16T09:40:37.777307Z  INFO get_files:scan_sources: tailwindcss_oxide::scanner: Discovering "C:\\xampp\\htdocs\\tutorial2\\app\\api\\admin\\events\\[id]\\registrations"
2026-01-16T09:40:37.777483Z  INFO get_files:scan_sources: tailwindcss_oxide::scanner: Discovering "C:\\xampp\\htdocs\\tutorial2\\app\\api\\admin\\fix-admin"
2026-01-16T09:40:37.777602Z  INFO get_files:scan_sources: tailwindcss_oxide::scanner: Discovering "C:\\xampp\\htdocs\\tutorial2\\app\\api\\admin\\membership"
2026-01-16T09:40:37.777733Z  INFO get_files:scan_sources: tailwindcss_oxide::scanner: Discovering "C:\\xampp\\htdocs\\tutorial2\\app\\api\\admin\\membership\\cycles"
2026-01-16T09:40:37.777849Z  INFO get_files:scan_sources: tailwindcss_oxide::scanner: Discovering "C:\\xampp\\htdocs\\tutorial2\\app\\api\\admin\\membership\\settings"
2026-01-16T09:40:37.777972Z  INFO get_files:scan_sources: tailwindcss_oxide::scanner: Discovering "C:\\xampp\\htdocs\\tutorial2\\app\\api\\admin\\membership\\types"
2026-01-16T09:40:37.778162Z  INFO get_files:scan_sources: tailwindcss_oxide::scanner: Discovering "C:\\xampp\\htdocs\\tutorial2\\app\\api\\admin\\news"
2026-01-16T09:40:37.778356Z  INFO get_files:scan_sources: tailwindcss_oxide::scanner: Discovering "C:\\xampp\\htdocs\\tutorial2\\app\\api\\admin\\payment"
2026-01-16T09:40:37.778475Z  INFO get_files:scan_sources: tailwindcss_oxide::scanner: Discovering "C:\\xampp\\htdocs\\tutorial2\\app\\api\\admin\\payments"
2026-01-16T09:40:37.778566Z  INFO get_files:scan_sources: tailwindcss_oxide::scanner: Discovering "C:\\xampp\\htdocs\\tutorial2\\app\\api\\admin\\payments\\list"
2026-01-16T09:40:37.778657Z  INFO get_files:scan_sources: tailwindcss_oxide::scanner: Discovering "C:\\xampp\\htdocs\\tutorial2\\app\\api\\admin\\payments\\list\\export"
2026-01-16T09:40:37.778825Z  INFO get_files:scan_sources: tailwindcss_oxide::scanner: Discovering "C:\\xampp\\htdocs\\tutorial2\\app\\api\\admin\\payments\\[id]"
2026-01-16T09:40:37.778927Z  INFO get_files:scan_sources: tailwindcss_oxide::scanner: Discovering "C:\\xampp\\htdocs\\tutorial2\\app\\api\\admin\\payments\\[id]\\refund"
2026-01-16T09:40:37.779087Z  INFO get_files:scan_sources: tailwindcss_oxide::scanner: Discovering "C:\\xampp\\htdocs\\tutorial2\\app\\api\\admin\\reject-member"
2026-01-16T09:40:37.779203Z  INFO get_files:scan_sources: tailwindcss_oxide::scanner: Discovering "C:\\xampp\\htdocs\\tutorial2\\app\\api\\admin\\report"
2026-01-16T09:40:37.779320Z  INFO get_files:scan_sources: tailwindcss_oxide::scanner: Discovering "C:\\xampp\\htdocs\\tutorial2\\app\\api\\admin\\reports"
2026-01-16T09:40:37.779412Z  INFO get_files:scan_sources: tailwindcss_oxide::scanner: Discovering "C:\\xampp\\htdocs\\tutorial2\\app\\api\\admin\\reports\\generate"
2026-01-16T09:40:37.779558Z  INFO get_files:scan_sources: tailwindcss_oxide::scanner: Discovering "C:\\xampp\\htdocs\\tutorial2\\app\\api\\admin\\reset-admin"
2026-01-16T09:40:37.779685Z  INFO get_files:scan_sources: tailwindcss_oxide::scanner: Discovering "C:\\xampp\\htdocs\\tutorial2\\app\\api\\admin\\users"
2026-01-16T09:40:37.779771Z  INFO get_files:scan_sources: tailwindcss_oxide::scanner: Discovering "C:\\xampp\\htdocs\\tutorial2\\app\\api\\admin\\users\\restore"
2026-01-16T09:40:37.779903Z  INFO get_files:scan_sources: tailwindcss_oxide::scanner: Discovering "C:\\xampp\\htdocs\\tutorial2\\app\\api\\admin\\users\\[id]"
2026-01-16T09:40:37.779994Z  INFO get_files:scan_sources: tailwindcss_oxide::scanner: Discovering "C:\\xampp\\htdocs\\tutorial2\\app\\api\\admin\\users\\[id]\\approve"
2026-01-16T09:40:37.780111Z  INFO get_files:scan_sources: tailwindcss_oxide::scanner: Discovering "C:\\xampp\\htdocs\\tutorial2\\app\\api\\admin\\users\\[id]\\details"
2026-01-16T09:40:37.780237Z  INFO get_files:scan_sources: tailwindcss_oxide::scanner: Discovering "C:\\xampp\\htdocs\\tutorial2\\app\\api\\admin\\users\\[id]\\membership-status"
2026-01-16T09:40:37.780375Z  INFO get_files:scan_sources: tailwindcss_oxide::scanner: Discovering "C:\\xampp\\htdocs\\tutorial2\\app\\api\\admin\\users\\[id]\\password"
2026-01-16T09:40:37.780503Z  INFO get_files:scan_sources: tailwindcss_oxide::scanner: Discovering "C:\\xampp\\htdocs\\tutorial2\\app\\api\\admin\\users\\[id]\\reject"
2026-01-16T09:40:37.780680Z  INFO get_files:scan_sources: tailwindcss_oxide::scanner: Discovering "C:\\xampp\\htdocs\\tutorial2\\app\\api\\auth"
2026-01-16T09:40:37.780773Z  INFO get_files:scan_sources: tailwindcss_oxide::scanner: Discovering "C:\\xampp\\htdocs\\tutorial2\\app\\api\\auth\\forgot-password"
2026-01-16T09:40:37.780896Z  INFO get_files:scan_sources: tailwindcss_oxide::scanner: Discovering "C:\\xampp\\htdocs\\tutorial2\\app\\api\\auth\\login"
2026-01-16T09:40:37.781030Z  INFO get_files:scan_sources: tailwindcss_oxide::scanner: Discovering "C:\\xampp\\htdocs\\tutorial2\\app\\api\\auth\\logout"
2026-01-16T09:40:37.781170Z  INFO get_files:scan_sources: tailwindcss_oxide::scanner: Discovering "C:\\xampp\\htdocs\\tutorial2\\app\\api\\auth\\me"
2026-01-16T09:40:37.781334Z  INFO get_files:scan_sources: tailwindcss_oxide::scanner: Discovering "C:\\xampp\\htdocs\\tutorial2\\app\\api\\auth\\membership-status"
2026-01-16T09:40:37.781502Z  INFO get_files:scan_sources: tailwindcss_oxide::scanner: Discovering "C:\\xampp\\htdocs\\tutorial2\\app\\api\\auth\\profile"
2026-01-16T09:40:37.781652Z  INFO get_files:scan_sources: tailwindcss_oxide::scanner: Discovering "C:\\xampp\\htdocs\\tutorial2\\app\\api\\auth\\refresh"
2026-01-16T09:40:37.781771Z  INFO get_files:scan_sources: tailwindcss_oxide::scanner: Discovering "C:\\xampp\\htdocs\\tutorial2\\app\\api\\auth\\register"
2026-01-16T09:40:37.781890Z  INFO get_files:scan_sources: tailwindcss_oxide::scanner: Discovering "C:\\xampp\\htdocs\\tutorial2\\app\\api\\auth\\[...nextauth]"
2026-01-16T09:40:37.782062Z  INFO get_files:scan_sources: tailwindcss_oxide::scanner: Discovering "C:\\xampp\\htdocs\\tutorial2\\app\\api\\contact-content"
2026-01-16T09:40:37.782186Z  INFO get_files:scan_sources: tailwindcss_oxide::scanner: Discovering "C:\\xampp\\htdocs\\tutorial2\\app\\api\\debug"
2026-01-16T09:40:37.782277Z  INFO get_files:scan_sources: tailwindcss_oxide::scanner: Discovering "C:\\xampp\\htdocs\\tutorial2\\app\\api\\debug\\pricing"
2026-01-16T09:40:37.782407Z  INFO get_files:scan_sources: tailwindcss_oxide::scanner: Discovering "C:\\xampp\\htdocs\\tutorial2\\app\\api\\debug\\send-email"
2026-01-16T09:40:37.782527Z  INFO get_files:scan_sources: tailwindcss_oxide::scanner: Discovering "C:\\xampp\\htdocs\\tutorial2\\app\\api\\debug\\send-test-email"
2026-01-16T09:40:37.782670Z  INFO get_files:scan_sources: tailwindcss_oxide::scanner: Discovering "C:\\xampp\\htdocs\\tutorial2\\app\\api\\events"
2026-01-16T09:40:37.782789Z  INFO get_files:scan_sources: tailwindcss_oxide::scanner: Discovering "C:\\xampp\\htdocs\\tutorial2\\app\\api\\events\\[id]"
2026-01-16T09:40:37.782890Z  INFO get_files:scan_sources: tailwindcss_oxide::scanner: Discovering "C:\\xampp\\htdocs\\tutorial2\\app\\api\\events\\[id]\\register"
2026-01-16T09:40:37.783062Z  INFO get_files:scan_sources: tailwindcss_oxide::scanner: Discovering "C:\\xampp\\htdocs\\tutorial2\\app\\api\\fix-membership"
2026-01-16T09:40:37.783187Z  INFO get_files:scan_sources: tailwindcss_oxide::scanner: Discovering "C:\\xampp\\htdocs\\tutorial2\\app\\api\\home-content"
2026-01-16T09:40:37.783345Z  INFO get_files:scan_sources: tailwindcss_oxide::scanner: Discovering "C:\\xampp\\htdocs\\tutorial2\\app\\api\\membership"
2026-01-16T09:40:37.783458Z  INFO get_files:scan_sources: tailwindcss_oxide::scanner: Discovering "C:\\xampp\\htdocs\\tutorial2\\app\\api\\membership\\complete-payment"
2026-01-16T09:40:37.783583Z  INFO get_files:scan_sources: tailwindcss_oxide::scanner: Discovering "C:\\xampp\\htdocs\\tutorial2\\app\\api\\membership\\next-number"
2026-01-16T09:40:37.783703Z  INFO get_files:scan_sources: tailwindcss_oxide::scanner: Discovering "C:\\xampp\\htdocs\\tutorial2\\app\\api\\membership\\pay"
2026-01-16T09:40:37.783830Z  INFO get_files:scan_sources: tailwindcss_oxide::scanner: Discovering "C:\\xampp\\htdocs\\tutorial2\\app\\api\\membership\\pay-early"
2026-01-16T09:40:37.783958Z  INFO get_files:scan_sources: tailwindcss_oxide::scanner: Discovering "C:\\xampp\\htdocs\\tutorial2\\app\\api\\membership\\payment-status"
2026-01-16T09:40:37.784094Z  INFO get_files:scan_sources: tailwindcss_oxide::scanner: Discovering "C:\\xampp\\htdocs\\tutorial2\\app\\api\\membership\\payment-success"
2026-01-16T09:40:37.784255Z  INFO get_files:scan_sources: tailwindcss_oxide::scanner: Discovering "C:\\xampp\\htdocs\\tutorial2\\app\\api\\membership\\status"
2026-01-16T09:40:37.784424Z  INFO get_files:scan_sources: tailwindcss_oxide::scanner: Discovering "C:\\xampp\\htdocs\\tutorial2\\app\\api\\messages"
2026-01-16T09:40:37.784515Z  INFO get_files:scan_sources: tailwindcss_oxide::scanner: Discovering "C:\\xampp\\htdocs\\tutorial2\\app\\api\\messages\\reply"
2026-01-16T09:40:37.784662Z  INFO get_files:scan_sources: tailwindcss_oxide::scanner: Discovering "C:\\xampp\\htdocs\\tutorial2\\app\\api\\messages\\[id]"
2026-01-16T09:40:37.784752Z  INFO get_files:scan_sources: tailwindcss_oxide::scanner: Discovering "C:\\xampp\\htdocs\\tutorial2\\app\\api\\messages\\[id]\\read"
2026-01-16T09:40:37.784994Z  INFO get_files:scan_sources: tailwindcss_oxide::scanner: Discovering "C:\\xampp\\htdocs\\tutorial2\\app\\api\\news"
2026-01-16T09:40:37.785141Z  INFO get_files:scan_sources: tailwindcss_oxide::scanner: Discovering "C:\\xampp\\htdocs\\tutorial2\\app\\api\\payment"
2026-01-16T09:40:37.785230Z  INFO get_files:scan_sources: tailwindcss_oxide::scanner: Discovering "C:\\xampp\\htdocs\\tutorial2\\app\\api\\payment\\pesapal"
2026-01-16T09:40:37.785356Z  INFO get_files:scan_sources: tailwindcss_oxide::scanner: Discovering "C:\\xampp\\htdocs\\tutorial2\\app\\api\\payments"
2026-01-16T09:40:37.785446Z  INFO get_files:scan_sources: tailwindcss_oxide::scanner: Discovering "C:\\xampp\\htdocs\\tutorial2\\app\\api\\payments\\activate-test"
2026-01-16T09:40:37.785576Z  INFO get_files:scan_sources: tailwindcss_oxide::scanner: Discovering "C:\\xampp\\htdocs\\tutorial2\\app\\api\\payments\\azampay"
2026-01-16T09:40:37.785663Z  INFO get_files:scan_sources: tailwindcss_oxide::scanner: Discovering "C:\\xampp\\htdocs\\tutorial2\\app\\api\\payments\\azampay\\callback"
2026-01-16T09:40:37.785780Z  INFO get_files:scan_sources: tailwindcss_oxide::scanner: Discovering "C:\\xampp\\htdocs\\tutorial2\\app\\api\\payments\\azampay\\checkout"
2026-01-16T09:40:37.785904Z  INFO get_files:scan_sources: tailwindcss_oxide::scanner: Discovering "C:\\xampp\\htdocs\\tutorial2\\app\\api\\payments\\cleanup"
2026-01-16T09:40:37.786021Z  INFO get_files:scan_sources: tailwindcss_oxide::scanner: Discovering "C:\\xampp\\htdocs\\tutorial2\\app\\api\\payments\\complete"
2026-01-16T09:40:37.786137Z  INFO get_files:scan_sources: tailwindcss_oxide::scanner: Discovering "C:\\xampp\\htdocs\\tutorial2\\app\\api\\payments\\mobile-money"
2026-01-16T09:40:37.786251Z  INFO get_files:scan_sources: tailwindcss_oxide::scanner: Discovering "C:\\xampp\\htdocs\\tutorial2\\app\\api\\payments\\payment-status"
2026-01-16T09:40:37.786374Z  INFO get_files:scan_sources: tailwindcss_oxide::scanner: Discovering "C:\\xampp\\htdocs\\tutorial2\\app\\api\\payments\\process"
2026-01-16T09:40:37.786500Z  INFO get_files:scan_sources: tailwindcss_oxide::scanner: Discovering "C:\\xampp\\htdocs\\tutorial2\\app\\api\\reports"
2026-01-16T09:40:37.786589Z  INFO get_files:scan_sources: tailwindcss_oxide::scanner: Discovering "C:\\xampp\\htdocs\\tutorial2\\app\\api\\reports\\generate"
2026-01-16T09:40:37.786702Z  INFO get_files:scan_sources: tailwindcss_oxide::scanner: Discovering "C:\\xampp\\htdocs\\tutorial2\\app\\api\\reports\\send-email"
2026-01-16T09:40:37.786829Z  INFO get_files:scan_sources: tailwindcss_oxide::scanner: Discovering "C:\\xampp\\htdocs\\tutorial2\\app\\api\\send-approval-email"
2026-01-16T09:40:37.786954Z  INFO get_files:scan_sources: tailwindcss_oxide::scanner: Discovering "C:\\xampp\\htdocs\\tutorial2\\app\\api\\settings"
2026-01-16T09:40:37.787099Z  INFO get_files:scan_sources: tailwindcss_oxide::scanner: Discovering "C:\\xampp\\htdocs\\tutorial2\\app\\api\\setup"
2026-01-16T09:40:37.787237Z  INFO get_files:scan_sources: tailwindcss_oxide::scanner: Discovering "C:\\xampp\\htdocs\\tutorial2\\app\\api\\setup\\ensure-admin"
2026-01-16T09:40:37.787371Z  INFO get_files:scan_sources: tailwindcss_oxide::scanner: Discovering "C:\\xampp\\htdocs\\tutorial2\\app\\api\\test-events"
2026-01-16T09:40:37.787486Z  INFO get_files:scan_sources: tailwindcss_oxide::scanner: Discovering "C:\\xampp\\htdocs\\tutorial2\\app\\api\\user"
2026-01-16T09:40:37.787572Z  INFO get_files:scan_sources: tailwindcss_oxide::scanner: Discovering "C:\\xampp\\htdocs\\tutorial2\\app\\api\\user\\profile"
2026-01-16T09:40:37.787726Z  INFO get_files:scan_sources: tailwindcss_oxide::scanner: Discovering "C:\\xampp\\htdocs\\tutorial2\\app\\auth"
2026-01-16T09:40:37.787825Z  INFO get_files:scan_sources: tailwindcss_oxide::scanner: Discovering "C:\\xampp\\htdocs\\tutorial2\\app\\auth\\forgot-password"
2026-01-16T09:40:37.788004Z  INFO get_files:scan_sources: tailwindcss_oxide::scanner: Discovering "C:\\xampp\\htdocs\\tutorial2\\app\\auth\\login"
2026-01-16T09:40:37.788163Z  INFO get_files:scan_sources: tailwindcss_oxide::scanner: Discovering "C:\\xampp\\htdocs\\tutorial2\\app\\auth\\pending-approval"
2026-01-16T09:40:37.788308Z  INFO get_files:scan_sources: tailwindcss_oxide::scanner: Discovering "C:\\xampp\\htdocs\\tutorial2\\app\\auth\\register"
2026-01-16T09:40:37.788481Z  INFO get_files:scan_sources: tailwindcss_oxide::scanner: Discovering "C:\\xampp\\htdocs\\tutorial2\\app\\components"
2026-01-16T09:40:37.788642Z  INFO get_files:scan_sources: tailwindcss_oxide::scanner: Discovering "C:\\xampp\\htdocs\\tutorial2\\app\\contact"
2026-01-16T09:40:37.788765Z  INFO get_files:scan_sources: tailwindcss_oxide::scanner: Discovering "C:\\xampp\\htdocs\\tutorial2\\app\\dashboard"
2026-01-16T09:40:37.788861Z  INFO get_files:scan_sources: tailwindcss_oxide::scanner: Discovering "C:\\xampp\\htdocs\\tutorial2\\app\\dashboard\\complete-profile"
2026-01-16T09:40:37.789041Z  INFO get_files:scan_sources: tailwindcss_oxide::scanner: Discovering "C:\\xampp\\htdocs\\tutorial2\\app\\dashboard\\events"
2026-01-16T09:40:37.789138Z  INFO get_files:scan_sources: tailwindcss_oxide::scanner: Discovering "C:\\xampp\\htdocs\\tutorial2\\app\\dashboard\\events\\create"
2026-01-16T09:40:37.789312Z  INFO get_files:scan_sources: tailwindcss_oxide::scanner: Discovering "C:\\xampp\\htdocs\\tutorial2\\app\\dashboard\\membership-card"
2026-01-16T09:40:37.789507Z  INFO get_files:scan_sources: tailwindcss_oxide::scanner: Discovering "C:\\xampp\\htdocs\\tutorial2\\app\\dashboard\\messages"
2026-01-16T09:40:37.789969Z  INFO get_files:scan_sources: tailwindcss_oxide::scanner: Discovering "C:\\xampp\\htdocs\\tutorial2\\app\\dashboard\\news"
2026-01-16T09:40:37.790422Z  INFO get_files:scan_sources: tailwindcss_oxide::scanner: Discovering "C:\\xampp\\htdocs\\tutorial2\\app\\dashboard\\payment"
2026-01-16T09:40:37.790746Z  INFO get_files:scan_sources: tailwindcss_oxide::scanner: Discovering "C:\\xampp\\htdocs\\tutorial2\\app\\dashboard\\payment\\callback"
2026-01-16T09:40:37.791196Z  INFO get_files:scan_sources: tailwindcss_oxide::scanner: Discovering "C:\\xampp\\htdocs\\tutorial2\\app\\dashboard\\payment\\success"
2026-01-16T09:40:37.791580Z  INFO get_files:scan_sources: tailwindcss_oxide::scanner: Discovering "C:\\xampp\\htdocs\\tutorial2\\app\\dashboard\\profile"
2026-01-16T09:40:37.791890Z  INFO get_files:scan_sources: tailwindcss_oxide::scanner: Discovering "C:\\xampp\\htdocs\\tutorial2\\app\\dashboard\\subscribe"
2026-01-16T09:40:37.792278Z  INFO get_files:scan_sources: tailwindcss_oxide::scanner: Discovering "C:\\xampp\\htdocs\\tutorial2\\app\\fix-auth"
2026-01-16T09:40:37.792812Z  INFO get_files:scan_sources: tailwindcss_oxide::scanner: Discovering "C:\\xampp\\htdocs\\tutorial2\\app\\schemas"
2026-01-16T09:40:37.793196Z  INFO get_files:scan_sources: tailwindcss_oxide::scanner: Discovering "C:\\xampp\\htdocs\\tutorial2\\app\\scripts"
2026-01-16T09:40:37.793465Z  INFO get_files:scan_sources: tailwindcss_oxide::scanner: Discovering "C:\\xampp\\htdocs\\tutorial2\\app\\unauthorized"
2026-01-16T09:40:37.794313Z  INFO get_files:scan_sources: tailwindcss_oxide::scanner: Discovering "C:\\xampp\\htdocs\\tutorial2\\components"
2026-01-16T09:40:37.794497Z  INFO get_files:scan_sources: tailwindcss_oxide::scanner: Discovering "C:\\xampp\\htdocs\\tutorial2\\components\\admin"
2026-01-16T09:40:37.794766Z  INFO get_files:scan_sources: tailwindcss_oxide::scanner: Discovering "C:\\xampp\\htdocs\\tutorial2\\components\\dashboard"
2026-01-16T09:40:37.795055Z  INFO get_files:scan_sources: tailwindcss_oxide::scanner: Discovering "C:\\xampp\\htdocs\\tutorial2\\components\\ui"
2026-01-16T09:40:37.795392Z  INFO get_files:scan_sources: tailwindcss_oxide::scanner: Discovering "C:\\xampp\\htdocs\\tutorial2\\components\\web"
2026-01-16T09:40:37.795621Z  INFO get_files:scan_sources: tailwindcss_oxide::scanner: Discovering "C:\\xampp\\htdocs\\tutorial2\\contexts"
2026-01-16T09:40:37.795749Z  INFO get_files:scan_sources: tailwindcss_oxide::scanner: Discovering "C:\\xampp\\htdocs\\tutorial2\\convex"
2026-01-16T09:40:37.795857Z  INFO get_files:scan_sources: tailwindcss_oxide::scanner: Discovering "C:\\xampp\\htdocs\\tutorial2\\convex\\_generated"
2026-01-16T09:40:37.796191Z  INFO get_files:scan_sources: tailwindcss_oxide::scanner: Discovering "C:\\xampp\\htdocs\\tutorial2\\database"
2026-01-16T09:40:37.796764Z  INFO get_files:scan_sources: tailwindcss_oxide::scanner: Discovering "C:\\xampp\\htdocs\\tutorial2\\deploy-minimal"
2026-01-16T09:40:37.796961Z  INFO get_files:scan_sources: tailwindcss_oxide::scanner: Discovering "C:\\xampp\\htdocs\\tutorial2\\deploy-simple"
2026-01-16T09:40:37.797137Z  INFO get_files:scan_sources: tailwindcss_oxide::scanner: Discovering "C:\\xampp\\htdocs\\tutorial2\\deploy-temp"
2026-01-16T09:40:37.797670Z  INFO get_files:scan_sources: tailwindcss_oxide::scanner: Discovering "C:\\xampp\\htdocs\\tutorial2\\lib"
2026-01-16T09:40:37.798181Z  INFO get_files:scan_sources: tailwindcss_oxide::scanner: Discovering "C:\\xampp\\htdocs\\tutorial2\\migrations"
2026-01-16T09:40:37.798786Z  INFO get_files:scan_sources: tailwindcss_oxide::scanner: Discovering "C:\\xampp\\htdocs\\tutorial2\\public"
2026-01-16T09:40:37.798944Z  INFO get_files:scan_sources: tailwindcss_oxide::scanner: Discovering "C:\\xampp\\htdocs\\tutorial2\\public\\uploads"
2026-01-16T09:40:37.799055Z  INFO get_files:scan_sources: tailwindcss_oxide::scanner: Discovering "C:\\xampp\\htdocs\\tutorial2\\public\\uploads\\documents"
2026-01-16T09:40:37.799187Z  INFO get_files:scan_sources: tailwindcss_oxide::scanner: Discovering "C:\\xampp\\htdocs\\tutorial2\\public\\uploads\\profile-pictures"
2026-01-16T09:40:37.799594Z  INFO get_files:scan_sources: tailwindcss_oxide::scanner: Discovering "C:\\xampp\\htdocs\\tutorial2\\scripts"
2026-01-16T09:40:37.800467Z  INFO get_files:scan_sources: tailwindcss_oxide::scanner: Discovering "C:\\xampp\\htdocs\\tutorial2\\types"
2026-01-16T09:40:37.800725Z  INFO get_files:scan_sources: tailwindcss_oxide::scanner: exit
2026-01-16T09:40:37.800945Z  INFO get_files: tailwindcss_oxide::scanner: exit
2026-01-16T09:40:37.801482Z  INFO get_globs: tailwindcss_oxide::scanner: enter
2026-01-16T09:40:37.801508Z  INFO get_globs: tailwindcss_oxide::scanner: exit
2026-01-16T09:44:19.804354Z  INFO scan_sources: tailwindcss_oxide::scanner: enter
2026-01-16T09:44:19.806295Z  INFO scan_sources: tailwindcss_oxide::scanner: Discovering "C:\\xampp\\htdocs\\tutorial2\\.windsurf"
2026-01-16T09:44:19.806476Z  INFO scan_sources: tailwindcss_oxide::scanner: Discovering "C:\\xampp\\htdocs\\tutorial2\\.windsurf\\workflows"
2026-01-16T09:44:19.806930Z  INFO scan_sources: tailwindcss_oxide::scanner: Discovering "C:\\xampp\\htdocs\\tutorial2\\api"
2026-01-16T09:44:19.807087Z  INFO scan_sources: tailwindcss_oxide::scanner: Discovering "C:\\xampp\\htdocs\\tutorial2\\api\\auth"
2026-01-16T09:44:19.807426Z  INFO scan_sources: tailwindcss_oxide::scanner: Discovering "C:\\xampp\\htdocs\\tutorial2\\app"
2026-01-16T09:44:19.807602Z  INFO scan_sources: tailwindcss_oxide::scanner: Discovering "C:\\xampp\\htdocs\\tutorial2\\app\\(layout)"
2026-01-16T09:44:19.807844Z  INFO scan_sources: tailwindcss_oxide::scanner: Discovering "C:\\xampp\\htdocs\\tutorial2\\app\\(shared-layout)"
2026-01-16T09:44:19.808154Z  INFO scan_sources: tailwindcss_oxide::scanner: Discovering "C:\\xampp\\htdocs\\tutorial2\\app\\about"
2026-01-16T09:44:19.808333Z  INFO scan_sources: tailwindcss_oxide::scanner: Discovering "C:\\xampp\\htdocs\\tutorial2\\app\\about-us"
2026-01-16T09:44:19.808497Z  INFO scan_sources: tailwindcss_oxide::scanner: Discovering "C:\\xampp\\htdocs\\tutorial2\\app\\admin"
2026-01-16T09:44:19.808618Z  INFO scan_sources: tailwindcss_oxide::scanner: Discovering "C:\\xampp\\htdocs\\tutorial2\\app\\admin\\cards"
2026-01-16T09:44:19.808773Z  INFO scan_sources: tailwindcss_oxide::scanner: Discovering "C:\\xampp\\htdocs\\tutorial2\\app\\admin\\content"
2026-01-16T09:44:19.808903Z  INFO scan_sources: tailwindcss_oxide::scanner: Discovering "C:\\xampp\\htdocs\\tutorial2\\app\\admin\\content\\about"
2026-01-16T09:44:19.809138Z  INFO scan_sources: tailwindcss_oxide::scanner: Discovering "C:\\xampp\\htdocs\\tutorial2\\app\\admin\\content\\contact"
2026-01-16T09:44:19.809369Z  INFO scan_sources: tailwindcss_oxide::scanner: Discovering "C:\\xampp\\htdocs\\tutorial2\\app\\admin\\content\\home"
2026-01-16T09:44:19.809646Z  INFO scan_sources: tailwindcss_oxide::scanner: Discovering "C:\\xampp\\htdocs\\tutorial2\\app\\admin\\dashboard"
2026-01-16T09:44:19.809908Z  INFO scan_sources: tailwindcss_oxide::scanner: Discovering "C:\\xampp\\htdocs\\tutorial2\\app\\admin\\events"
2026-01-16T09:44:19.810117Z  INFO scan_sources: tailwindcss_oxide::scanner: Discovering "C:\\xampp\\htdocs\\tutorial2\\app\\admin\\events\\[id]"
2026-01-16T09:44:19.810672Z  INFO scan_sources: tailwindcss_oxide::scanner: Discovering "C:\\xampp\\htdocs\\tutorial2\\app\\admin\\events\\[id]\\registrations"
2026-01-16T09:44:19.811208Z  INFO scan_sources: tailwindcss_oxide::scanner: Discovering "C:\\xampp\\htdocs\\tutorial2\\app\\admin\\membership"
2026-01-16T09:44:19.811632Z  INFO scan_sources: tailwindcss_oxide::scanner: Discovering "C:\\xampp\\htdocs\\tutorial2\\app\\admin\\news"
2026-01-16T09:44:19.812275Z  INFO scan_sources: tailwindcss_oxide::scanner: Discovering "C:\\xampp\\htdocs\\tutorial2\\app\\admin\\payment"
2026-01-16T09:44:19.812656Z  INFO scan_sources: tailwindcss_oxide::scanner: Discovering "C:\\xampp\\htdocs\\tutorial2\\app\\admin\\payments"
2026-01-16T09:44:19.813036Z  INFO scan_sources: tailwindcss_oxide::scanner: Discovering "C:\\xampp\\htdocs\\tutorial2\\app\\admin\\reports"
2026-01-16T09:44:19.813480Z  INFO scan_sources: tailwindcss_oxide::scanner: Discovering "C:\\xampp\\htdocs\\tutorial2\\app\\admin\\requests"
2026-01-16T09:44:19.813931Z  INFO scan_sources: tailwindcss_oxide::scanner: Discovering "C:\\xampp\\htdocs\\tutorial2\\app\\admin\\users"
2026-01-16T09:44:19.814355Z  INFO scan_sources: tailwindcss_oxide::scanner: Discovering "C:\\xampp\\htdocs\\tutorial2\\app\\admin\\users\\[id]"
2026-01-16T09:44:19.814821Z  INFO scan_sources: tailwindcss_oxide::scanner: Discovering "C:\\xampp\\htdocs\\tutorial2\\app\\api"
2026-01-16T09:44:19.815091Z  INFO scan_sources: tailwindcss_oxide::scanner: Discovering "C:\\xampp\\htdocs\\tutorial2\\app\\api\\about-content"
2026-01-16T09:44:19.815506Z  INFO scan_sources: tailwindcss_oxide::scanner: Discovering "C:\\xampp\\htdocs\\tutorial2\\app\\api\\admin"
2026-01-16T09:44:19.815885Z  INFO scan_sources: tailwindcss_oxide::scanner: Discovering "C:\\xampp\\htdocs\\tutorial2\\app\\api\\admin\\approve-member"
2026-01-16T09:44:19.816281Z  INFO scan_sources: tailwindcss_oxide::scanner: Discovering "C:\\xampp\\htdocs\\tutorial2\\app\\api\\admin\\cards"
2026-01-16T09:44:19.816685Z  INFO scan_sources: tailwindcss_oxide::scanner: Discovering "C:\\xampp\\htdocs\\tutorial2\\app\\api\\admin\\content"
2026-01-16T09:44:19.816971Z  INFO scan_sources: tailwindcss_oxide::scanner: Discovering "C:\\xampp\\htdocs\\tutorial2\\app\\api\\admin\\content\\about"
2026-01-16T09:44:19.817308Z  INFO scan_sources: tailwindcss_oxide::scanner: Discovering "C:\\xampp\\htdocs\\tutorial2\\app\\api\\admin\\content\\about\\[id]"
2026-01-16T09:44:19.817820Z  INFO scan_sources: tailwindcss_oxide::scanner: Discovering "C:\\xampp\\htdocs\\tutorial2\\app\\api\\admin\\content\\contact"
2026-01-16T09:44:19.818123Z  INFO scan_sources: tailwindcss_oxide::scanner: Discovering "C:\\xampp\\htdocs\\tutorial2\\app\\api\\admin\\content\\contact\\[id]"
2026-01-16T09:44:19.818491Z  INFO scan_sources: tailwindcss_oxide::scanner: Discovering "C:\\xampp\\htdocs\\tutorial2\\app\\api\\admin\\content\\footer"
2026-01-16T09:44:19.818881Z  INFO scan_sources: tailwindcss_oxide::scanner: Discovering "C:\\xampp\\htdocs\\tutorial2\\app\\api\\admin\\content\\home"
2026-01-16T09:44:19.819147Z  INFO scan_sources: tailwindcss_oxide::scanner: Discovering "C:\\xampp\\htdocs\\tutorial2\\app\\api\\admin\\content\\home\\[id]"
2026-01-16T09:44:19.819462Z  INFO scan_sources: tailwindcss_oxide::scanner: Discovering "C:\\xampp\\htdocs\\tutorial2\\app\\api\\admin\\content\\media"
2026-01-16T09:44:19.819777Z  INFO scan_sources: tailwindcss_oxide::scanner: Discovering "C:\\xampp\\htdocs\\tutorial2\\app\\api\\admin\\content\\navigation"
2026-01-16T09:44:19.820139Z  INFO scan_sources: tailwindcss_oxide::scanner: Discovering "C:\\xampp\\htdocs\\tutorial2\\app\\api\\admin\\content\\pages"
2026-01-16T09:44:19.820469Z  INFO scan_sources: tailwindcss_oxide::scanner: Discovering "C:\\xampp\\htdocs\\tutorial2\\app\\api\\admin\\content\\pages\\[id]"
2026-01-16T09:44:19.820849Z  INFO scan_sources: tailwindcss_oxide::scanner: Discovering "C:\\xampp\\htdocs\\tutorial2\\app\\api\\admin\\content\\settings"
2026-01-16T09:44:19.821234Z  INFO scan_sources: tailwindcss_oxide::scanner: Discovering "C:\\xampp\\htdocs\\tutorial2\\app\\api\\admin\\create-admin"
2026-01-16T09:44:19.821588Z  INFO scan_sources: tailwindcss_oxide::scanner: Discovering "C:\\xampp\\htdocs\\tutorial2\\app\\api\\admin\\deleted-users"
2026-01-16T09:44:19.821776Z  INFO scan_sources: tailwindcss_oxide::scanner: Discovering "C:\\xampp\\htdocs\\tutorial2\\app\\api\\admin\\events"
2026-01-16T09:44:19.821956Z  INFO scan_sources: tailwindcss_oxide::scanner: Discovering "C:\\xampp\\htdocs\\tutorial2\\app\\api\\admin\\events\\[id]"
2026-01-16T09:44:19.822103Z  INFO scan_sources: tailwindcss_oxide::scanner: Discovering "C:\\xampp\\htdocs\\tutorial2\\app\\api\\admin\\events\\[id]\\registrations"
2026-01-16T09:44:19.822342Z  INFO scan_sources: tailwindcss_oxide::scanner: Discovering "C:\\xampp\\htdocs\\tutorial2\\app\\api\\admin\\fix-admin"
2026-01-16T09:44:19.822480Z  INFO scan_sources: tailwindcss_oxide::scanner: Discovering "C:\\xampp\\htdocs\\tutorial2\\app\\api\\admin\\membership"
2026-01-16T09:44:19.822575Z  INFO scan_sources: tailwindcss_oxide::scanner: Discovering "C:\\xampp\\htdocs\\tutorial2\\app\\api\\admin\\membership\\cycles"
2026-01-16T09:44:19.822720Z  INFO scan_sources: tailwindcss_oxide::scanner: Discovering "C:\\xampp\\htdocs\\tutorial2\\app\\api\\admin\\membership\\settings"
2026-01-16T09:44:19.822849Z  INFO scan_sources: tailwindcss_oxide::scanner: Discovering "C:\\xampp\\htdocs\\tutorial2\\app\\api\\admin\\membership\\types"
2026-01-16T09:44:19.823005Z  INFO scan_sources: tailwindcss_oxide::scanner: Discovering "C:\\xampp\\htdocs\\tutorial2\\app\\api\\admin\\news"
2026-01-16T09:44:19.823154Z  INFO scan_sources: tailwindcss_oxide::scanner: Discovering "C:\\xampp\\htdocs\\tutorial2\\app\\api\\admin\\payment"
2026-01-16T09:44:19.823280Z  INFO scan_sources: tailwindcss_oxide::scanner: Discovering "C:\\xampp\\htdocs\\tutorial2\\app\\api\\admin\\payments"
2026-01-16T09:44:19.823374Z  INFO scan_sources: tailwindcss_oxide::scanner: Discovering "C:\\xampp\\htdocs\\tutorial2\\app\\api\\admin\\payments\\list"
2026-01-16T09:44:19.823482Z  INFO scan_sources: tailwindcss_oxide::scanner: Discovering "C:\\xampp\\htdocs\\tutorial2\\app\\api\\admin\\payments\\list\\export"
2026-01-16T09:44:19.823690Z  INFO scan_sources: tailwindcss_oxide::scanner: Discovering "C:\\xampp\\htdocs\\tutorial2\\app\\api\\admin\\payments\\[id]"
2026-01-16T09:44:19.823824Z  INFO scan_sources: tailwindcss_oxide::scanner: Discovering "C:\\xampp\\htdocs\\tutorial2\\app\\api\\admin\\payments\\[id]\\refund"
2026-01-16T09:44:19.824067Z  INFO scan_sources: tailwindcss_oxide::scanner: Discovering "C:\\xampp\\htdocs\\tutorial2\\app\\api\\admin\\reject-member"
2026-01-16T09:44:19.824282Z  INFO scan_sources: tailwindcss_oxide::scanner: Discovering "C:\\xampp\\htdocs\\tutorial2\\app\\api\\admin\\report"
2026-01-16T09:44:19.824472Z  INFO scan_sources: tailwindcss_oxide::scanner: Discovering "C:\\xampp\\htdocs\\tutorial2\\app\\api\\admin\\reports"
2026-01-16T09:44:19.824610Z  INFO scan_sources: tailwindcss_oxide::scanner: Discovering "C:\\xampp\\htdocs\\tutorial2\\app\\api\\admin\\reports\\generate"
2026-01-16T09:44:19.824823Z  INFO scan_sources: tailwindcss_oxide::scanner: Discovering "C:\\xampp\\htdocs\\tutorial2\\app\\api\\admin\\reset-admin"
2026-01-16T09:44:19.824986Z  INFO scan_sources: tailwindcss_oxide::scanner: Discovering "C:\\xampp\\htdocs\\tutorial2\\app\\api\\admin\\users"
2026-01-16T09:44:19.825120Z  INFO scan_sources: tailwindcss_oxide::scanner: Discovering "C:\\xampp\\htdocs\\tutorial2\\app\\api\\admin\\users\\restore"
2026-01-16T09:44:19.825328Z  INFO scan_sources: tailwindcss_oxide::scanner: Discovering "C:\\xampp\\htdocs\\tutorial2\\app\\api\\admin\\users\\[id]"
2026-01-16T09:44:19.825466Z  INFO scan_sources: tailwindcss_oxide::scanner: Discovering "C:\\xampp\\htdocs\\tutorial2\\app\\api\\admin\\users\\[id]\\approve"
2026-01-16T09:44:19.825641Z  INFO scan_sources: tailwindcss_oxide::scanner: Discovering "C:\\xampp\\htdocs\\tutorial2\\app\\api\\admin\\users\\[id]\\details"
2026-01-16T09:44:19.825823Z  INFO scan_sources: tailwindcss_oxide::scanner: Discovering "C:\\xampp\\htdocs\\tutorial2\\app\\api\\admin\\users\\[id]\\membership-status"
2026-01-16T09:44:19.826006Z  INFO scan_sources: tailwindcss_oxide::scanner: Discovering "C:\\xampp\\htdocs\\tutorial2\\app\\api\\admin\\users\\[id]\\password"
2026-01-16T09:44:19.826197Z  INFO scan_sources: tailwindcss_oxide::scanner: Discovering "C:\\xampp\\htdocs\\tutorial2\\app\\api\\admin\\users\\[id]\\reject"
2026-01-16T09:44:19.826486Z  INFO scan_sources: tailwindcss_oxide::scanner: Discovering "C:\\xampp\\htdocs\\tutorial2\\app\\api\\auth"
2026-01-16T09:44:19.826632Z  INFO scan_sources: tailwindcss_oxide::scanner: Discovering "C:\\xampp\\htdocs\\tutorial2\\app\\api\\auth\\forgot-password"
2026-01-16T09:44:19.826831Z  INFO scan_sources: tailwindcss_oxide::scanner: Discovering "C:\\xampp\\htdocs\\tutorial2\\app\\api\\auth\\login"
2026-01-16T09:44:19.826997Z  INFO scan_sources: tailwindcss_oxide::scanner: Discovering "C:\\xampp\\htdocs\\tutorial2\\app\\api\\auth\\logout"
2026-01-16T09:44:19.827158Z  INFO scan_sources: tailwindcss_oxide::scanner: Discovering "C:\\xampp\\htdocs\\tutorial2\\app\\api\\auth\\me"
2026-01-16T09:44:19.827402Z  INFO scan_sources: tailwindcss_oxide::scanner: Discovering "C:\\xampp\\htdocs\\tutorial2\\app\\api\\auth\\membership-status"
2026-01-16T09:44:19.827723Z  INFO scan_sources: tailwindcss_oxide::scanner: Discovering "C:\\xampp\\htdocs\\tutorial2\\app\\api\\auth\\profile"
2026-01-16T09:44:19.827965Z  INFO scan_sources: tailwindcss_oxide::scanner: Discovering "C:\\xampp\\htdocs\\tutorial2\\app\\api\\auth\\refresh"
2026-01-16T09:44:19.828174Z  INFO scan_sources: tailwindcss_oxide::scanner: Discovering "C:\\xampp\\htdocs\\tutorial2\\app\\api\\auth\\register"
2026-01-16T09:44:19.828358Z  INFO scan_sources: tailwindcss_oxide::scanner: Discovering "C:\\xampp\\htdocs\\tutorial2\\app\\api\\auth\\[...nextauth]"
2026-01-16T09:44:19.828502Z  INFO scan_sources: tailwindcss_oxide::scanner: Discovering "C:\\xampp\\htdocs\\tutorial2\\app\\api\\contact-content"
2026-01-16T09:44:19.828638Z  INFO scan_sources: tailwindcss_oxide::scanner: Discovering "C:\\xampp\\htdocs\\tutorial2\\app\\api\\debug"
2026-01-16T09:44:19.828727Z  INFO scan_sources: tailwindcss_oxide::scanner: Discovering "C:\\xampp\\htdocs\\tutorial2\\app\\api\\debug\\pricing"
2026-01-16T09:44:19.828842Z  INFO scan_sources: tailwindcss_oxide::scanner: Discovering "C:\\xampp\\htdocs\\tutorial2\\app\\api\\debug\\send-email"
2026-01-16T09:44:19.828956Z  INFO scan_sources: tailwindcss_oxide::scanner: Discovering "C:\\xampp\\htdocs\\tutorial2\\app\\api\\debug\\send-test-email"
2026-01-16T09:44:19.829104Z  INFO scan_sources: tailwindcss_oxide::scanner: Discovering "C:\\xampp\\htdocs\\tutorial2\\app\\api\\events"
2026-01-16T09:44:19.829220Z  INFO scan_sources: tailwindcss_oxide::scanner: Discovering "C:\\xampp\\htdocs\\tutorial2\\app\\api\\events\\[id]"
2026-01-16T09:44:19.829310Z  INFO scan_sources: tailwindcss_oxide::scanner: Discovering "C:\\xampp\\htdocs\\tutorial2\\app\\api\\events\\[id]\\register"
2026-01-16T09:44:19.829452Z  INFO scan_sources: tailwindcss_oxide::scanner: Discovering "C:\\xampp\\htdocs\\tutorial2\\app\\api\\fix-membership"
2026-01-16T09:44:19.829569Z  INFO scan_sources: tailwindcss_oxide::scanner: Discovering "C:\\xampp\\htdocs\\tutorial2\\app\\api\\home-content"
2026-01-16T09:44:19.829688Z  INFO scan_sources: tailwindcss_oxide::scanner: Discovering "C:\\xampp\\htdocs\\tutorial2\\app\\api\\membership"
2026-01-16T09:44:19.829795Z  INFO scan_sources: tailwindcss_oxide::scanner: Discovering "C:\\xampp\\htdocs\\tutorial2\\app\\api\\membership\\complete-payment"
2026-01-16T09:44:19.829978Z  INFO scan_sources: tailwindcss_oxide::scanner: Discovering "C:\\xampp\\htdocs\\tutorial2\\app\\api\\membership\\next-number"
2026-01-16T09:44:19.830095Z  INFO scan_sources: tailwindcss_oxide::scanner: Discovering "C:\\xampp\\htdocs\\tutorial2\\app\\api\\membership\\pay"
2026-01-16T09:44:19.830213Z  INFO scan_sources: tailwindcss_oxide::scanner: Discovering "C:\\xampp\\htdocs\\tutorial2\\app\\api\\membership\\pay-early"
2026-01-16T09:44:19.830331Z  INFO scan_sources: tailwindcss_oxide::scanner: Discovering "C:\\xampp\\htdocs\\tutorial2\\app\\api\\membership\\payment-status"
2026-01-16T09:44:19.830449Z  INFO scan_sources: tailwindcss_oxide::scanner: Discovering "C:\\xampp\\htdocs\\tutorial2\\app\\api\\membership\\payment-success"
2026-01-16T09:44:19.830603Z  INFO scan_sources: tailwindcss_oxide::scanner: Discovering "C:\\xampp\\htdocs\\tutorial2\\app\\api\\membership\\status"
2026-01-16T09:44:19.830770Z  INFO scan_sources: tailwindcss_oxide::scanner: Discovering "C:\\xampp\\htdocs\\tutorial2\\app\\api\\messages"
2026-01-16T09:44:19.830856Z  INFO scan_sources: tailwindcss_oxide::scanner: Discovering "C:\\xampp\\htdocs\\tutorial2\\app\\api\\messages\\reply"
2026-01-16T09:44:19.830993Z  INFO scan_sources: tailwindcss_oxide::scanner: Discovering "C:\\xampp\\htdocs\\tutorial2\\app\\api\\messages\\[id]"
2026-01-16T09:44:19.831085Z  INFO scan_sources: tailwindcss_oxide::scanner: Discovering "C:\\xampp\\htdocs\\tutorial2\\app\\api\\messages\\[id]\\read"
2026-01-16T09:44:19.831284Z  INFO scan_sources: tailwindcss_oxide::scanner: Discovering "C:\\xampp\\htdocs\\tutorial2\\app\\api\\news"
2026-01-16T09:44:19.831414Z  INFO scan_sources: tailwindcss_oxide::scanner: Discovering "C:\\xampp\\htdocs\\tutorial2\\app\\api\\payment"
2026-01-16T09:44:19.831524Z  INFO scan_sources: tailwindcss_oxide::scanner: Discovering "C:\\xampp\\htdocs\\tutorial2\\app\\api\\payment\\pesapal"
2026-01-16T09:44:19.831677Z  INFO scan_sources: tailwindcss_oxide::scanner: Discovering "C:\\xampp\\htdocs\\tutorial2\\app\\api\\payments"
2026-01-16T09:44:19.831820Z  INFO scan_sources: tailwindcss_oxide::scanner: Discovering "C:\\xampp\\htdocs\\tutorial2\\app\\api\\payments\\activate-test"
2026-01-16T09:44:19.831978Z  INFO scan_sources: tailwindcss_oxide::scanner: Discovering "C:\\xampp\\htdocs\\tutorial2\\app\\api\\payments\\azampay"
2026-01-16T09:44:19.832092Z  INFO scan_sources: tailwindcss_oxide::scanner: Discovering "C:\\xampp\\htdocs\\tutorial2\\app\\api\\payments\\azampay\\callback"
2026-01-16T09:44:19.832275Z  INFO scan_sources: tailwindcss_oxide::scanner: Discovering "C:\\xampp\\htdocs\\tutorial2\\app\\api\\payments\\azampay\\checkout"
2026-01-16T09:44:19.832462Z  INFO scan_sources: tailwindcss_oxide::scanner: Discovering "C:\\xampp\\htdocs\\tutorial2\\app\\api\\payments\\cleanup"
2026-01-16T09:44:19.832602Z  INFO scan_sources: tailwindcss_oxide::scanner: Discovering "C:\\xampp\\htdocs\\tutorial2\\app\\api\\payments\\complete"
2026-01-16T09:44:19.832731Z  INFO scan_sources: tailwindcss_oxide::scanner: Discovering "C:\\xampp\\htdocs\\tutorial2\\app\\api\\payments\\mobile-money"
2026-01-16T09:44:19.832872Z  INFO scan_sources: tailwindcss_oxide::scanner: Discovering "C:\\xampp\\htdocs\\tutorial2\\app\\api\\payments\\payment-status"
2026-01-16T09:44:19.833047Z  INFO scan_sources: tailwindcss_oxide::scanner: Discovering "C:\\xampp\\htdocs\\tutorial2\\app\\api\\payments\\process"
2026-01-16T09:44:19.833201Z  INFO scan_sources: tailwindcss_oxide::scanner: Discovering "C:\\xampp\\htdocs\\tutorial2\\app\\api\\reports"
2026-01-16T09:44:19.833318Z  INFO scan_sources: tailwindcss_oxide::scanner: Discovering "C:\\xampp\\htdocs\\tutorial2\\app\\api\\reports\\generate"
2026-01-16T09:44:19.833442Z  INFO scan_sources: tailwindcss_oxide::scanner: Discovering "C:\\xampp\\htdocs\\tutorial2\\app\\api\\reports\\send-email"
2026-01-16T09:44:19.833573Z  INFO scan_sources: tailwindcss_oxide::scanner: Discovering "C:\\xampp\\htdocs\\tutorial2\\app\\api\\send-approval-email"
2026-01-16T09:44:19.833731Z  INFO scan_sources: tailwindcss_oxide::scanner: Discovering "C:\\xampp\\htdocs\\tutorial2\\app\\api\\settings"
2026-01-16T09:44:19.833863Z  INFO scan_sources: tailwindcss_oxide::scanner: Discovering "C:\\xampp\\htdocs\\tutorial2\\app\\api\\setup"
2026-01-16T09:44:19.833953Z  INFO scan_sources: tailwindcss_oxide::scanner: Discovering "C:\\xampp\\htdocs\\tutorial2\\app\\api\\setup\\ensure-admin"
2026-01-16T09:44:19.834144Z  INFO scan_sources: tailwindcss_oxide::scanner: Discovering "C:\\xampp\\htdocs\\tutorial2\\app\\api\\test-events"
2026-01-16T09:44:19.834348Z  INFO scan_sources: tailwindcss_oxide::scanner: Discovering "C:\\xampp\\htdocs\\tutorial2\\app\\api\\user"
2026-01-16T09:44:19.834478Z  INFO scan_sources: tailwindcss_oxide::scanner: Discovering "C:\\xampp\\htdocs\\tutorial2\\app\\api\\user\\profile"
2026-01-16T09:44:19.834649Z  INFO scan_sources: tailwindcss_oxide::scanner: Discovering "C:\\xampp\\htdocs\\tutorial2\\app\\auth"
2026-01-16T09:44:19.834771Z  INFO scan_sources: tailwindcss_oxide::scanner: Discovering "C:\\xampp\\htdocs\\tutorial2\\app\\auth\\forgot-password"
2026-01-16T09:44:19.835019Z  INFO scan_sources: tailwindcss_oxide::scanner: Discovering "C:\\xampp\\htdocs\\tutorial2\\app\\auth\\login"
2026-01-16T09:44:19.835221Z  INFO scan_sources: tailwindcss_oxide::scanner: Discovering "C:\\xampp\\htdocs\\tutorial2\\app\\auth\\pending-approval"
2026-01-16T09:44:19.835401Z  INFO scan_sources: tailwindcss_oxide::scanner: Discovering "C:\\xampp\\htdocs\\tutorial2\\app\\auth\\register"
2026-01-16T09:44:19.835618Z  INFO scan_sources: tailwindcss_oxide::scanner: Discovering "C:\\xampp\\htdocs\\tutorial2\\app\\components"
2026-01-16T09:44:19.835875Z  INFO scan_sources: tailwindcss_oxide::scanner: Discovering "C:\\xampp\\htdocs\\tutorial2\\app\\contact"
2026-01-16T09:44:19.836052Z  INFO scan_sources: tailwindcss_oxide::scanner: Discovering "C:\\xampp\\htdocs\\tutorial2\\app\\dashboard"
2026-01-16T09:44:19.836179Z  INFO scan_sources: tailwindcss_oxide::scanner: Discovering "C:\\xampp\\htdocs\\tutorial2\\app\\dashboard\\complete-profile"
2026-01-16T09:44:19.836324Z  INFO scan_sources: tailwindcss_oxide::scanner: Discovering "C:\\xampp\\htdocs\\tutorial2\\app\\dashboard\\events"
2026-01-16T09:44:19.836438Z  INFO scan_sources: tailwindcss_oxide::scanner: Discovering "C:\\xampp\\htdocs\\tutorial2\\app\\dashboard\\events\\create"
2026-01-16T09:44:19.836515Z  INFO scan_sources: tailwindcss_oxide::scanner: Discovering "C:\\xampp\\htdocs\\tutorial2\\app\\dashboard\\events\\create\\page.tsx"
2026-01-16T09:44:19.836675Z  INFO scan_sources: tailwindcss_oxide::scanner: Discovering "C:\\xampp\\htdocs\\tutorial2\\app\\dashboard\\membership-card"
2026-01-16T09:44:19.836827Z  INFO scan_sources: tailwindcss_oxide::scanner: Discovering "C:\\xampp\\htdocs\\tutorial2\\app\\dashboard\\messages"
2026-01-16T09:44:19.836949Z  INFO scan_sources: tailwindcss_oxide::scanner: Discovering "C:\\xampp\\htdocs\\tutorial2\\app\\dashboard\\news"
2026-01-16T09:44:19.837088Z  INFO scan_sources: tailwindcss_oxide::scanner: Discovering "C:\\xampp\\htdocs\\tutorial2\\app\\dashboard\\payment"
2026-01-16T09:44:19.837192Z  INFO scan_sources: tailwindcss_oxide::scanner: Discovering "C:\\xampp\\htdocs\\tutorial2\\app\\dashboard\\payment\\callback"
2026-01-16T09:44:19.837335Z  INFO scan_sources: tailwindcss_oxide::scanner: Discovering "C:\\xampp\\htdocs\\tutorial2\\app\\dashboard\\payment\\success"
2026-01-16T09:44:19.837466Z  INFO scan_sources: tailwindcss_oxide::scanner: Discovering "C:\\xampp\\htdocs\\tutorial2\\app\\dashboard\\profile"
2026-01-16T09:44:19.837585Z  INFO scan_sources: tailwindcss_oxide::scanner: Discovering "C:\\xampp\\htdocs\\tutorial2\\app\\dashboard\\subscribe"
2026-01-16T09:44:19.837732Z  INFO scan_sources: tailwindcss_oxide::scanner: Discovering "C:\\xampp\\htdocs\\tutorial2\\app\\fix-auth"
2026-01-16T09:44:19.837965Z  INFO scan_sources: tailwindcss_oxide::scanner: Discovering "C:\\xampp\\htdocs\\tutorial2\\app\\schemas"
2026-01-16T09:44:19.838091Z  INFO scan_sources: tailwindcss_oxide::scanner: Discovering "C:\\xampp\\htdocs\\tutorial2\\app\\scripts"
2026-01-16T09:44:19.838210Z  INFO scan_sources: tailwindcss_oxide::scanner: Discovering "C:\\xampp\\htdocs\\tutorial2\\app\\unauthorized"
2026-01-16T09:44:19.838638Z  INFO scan_sources: tailwindcss_oxide::scanner: Discovering "C:\\xampp\\htdocs\\tutorial2\\components"
2026-01-16T09:44:19.838754Z  INFO scan_sources: tailwindcss_oxide::scanner: Discovering "C:\\xampp\\htdocs\\tutorial2\\components\\admin"
2026-01-16T09:44:19.838925Z  INFO scan_sources: tailwindcss_oxide::scanner: Discovering "C:\\xampp\\htdocs\\tutorial2\\components\\dashboard"
2026-01-16T09:44:19.839149Z  INFO scan_sources: tailwindcss_oxide::scanner: Discovering "C:\\xampp\\htdocs\\tutorial2\\components\\ui"
2026-01-16T09:44:19.839464Z  INFO scan_sources: tailwindcss_oxide::scanner: Discovering "C:\\xampp\\htdocs\\tutorial2\\components\\web"
2026-01-16T09:44:19.839666Z  INFO scan_sources: tailwindcss_oxide::scanner: Discovering "C:\\xampp\\htdocs\\tutorial2\\contexts"
2026-01-16T09:44:19.839782Z  INFO scan_sources: tailwindcss_oxide::scanner: Discovering "C:\\xampp\\htdocs\\tutorial2\\convex"
2026-01-16T09:44:19.839871Z  INFO scan_sources: tailwindcss_oxide::scanner: Discovering "C:\\xampp\\htdocs\\tutorial2\\convex\\_generated"
2026-01-16T09:44:19.840171Z  INFO scan_sources: tailwindcss_oxide::scanner: Discovering "C:\\xampp\\htdocs\\tutorial2\\database"
2026-01-16T09:44:19.840725Z  INFO scan_sources: tailwindcss_oxide::scanner: Discovering "C:\\xampp\\htdocs\\tutorial2\\deploy-minimal"
2026-01-16T09:44:19.840923Z  INFO scan_sources: tailwindcss_oxide::scanner: Discovering "C:\\xampp\\htdocs\\tutorial2\\deploy-simple"
2026-01-16T09:44:19.841100Z  INFO scan_sources: tailwindcss_oxide::scanner: Discovering "C:\\xampp\\htdocs\\tutorial2\\deploy-temp"
2026-01-16T09:44:19.841681Z  INFO scan_sources: tailwindcss_oxide::scanner: Discovering "C:\\xampp\\htdocs\\tutorial2\\lib"
2026-01-16T09:44:19.842228Z  INFO scan_sources: tailwindcss_oxide::scanner: Discovering "C:\\xampp\\htdocs\\tutorial2\\migrations"
2026-01-16T09:44:19.843253Z  INFO scan_sources: tailwindcss_oxide::scanner: Discovering "C:\\xampp\\htdocs\\tutorial2\\public"
2026-01-16T09:44:19.843861Z  INFO scan_sources: tailwindcss_oxide::scanner: Discovering "C:\\xampp\\htdocs\\tutorial2\\public\\uploads"
2026-01-16T09:44:19.845953Z  INFO scan_sources: tailwindcss_oxide::scanner: Discovering "C:\\xampp\\htdocs\\tutorial2\\public\\uploads\\documents"
2026-01-16T09:44:19.846597Z  INFO scan_sources: tailwindcss_oxide::scanner: Discovering "C:\\xampp\\htdocs\\tutorial2\\public\\uploads\\profile-pictures"
2026-01-16T09:44:19.848141Z  INFO scan_sources: tailwindcss_oxide::scanner: Discovering "C:\\xampp\\htdocs\\tutorial2\\scripts"
2026-01-16T09:44:19.850296Z  INFO scan_sources: tailwindcss_oxide::scanner: Discovering "C:\\xampp\\htdocs\\tutorial2\\types"
2026-01-16T09:44:19.850603Z  INFO scan_sources: tailwindcss_oxide::scanner: exit
2026-01-16T09:44:19.850614Z  INFO extract_candidates: tailwindcss_oxide::scanner: enter
2026-01-16T09:44:19.850619Z  INFO extract_candidates:read_all_files: tailwindcss_oxide::scanner: enter
2026-01-16T09:44:19.850623Z  INFO extract_candidates:read_all_files: tailwindcss_oxide::scanner: Reading 1 file(s)
2026-01-16T09:44:19.850697Z  INFO extract_candidates:read_all_files: tailwindcss_oxide::scanner: Reading "C:\\xampp\\htdocs\\tutorial2\\app\\dashboard\\events\\create\\page.tsx"
2026-01-16T09:44:19.850714Z  INFO extract_candidates:read_all_files: tailwindcss_oxide::scanner: exit
2026-01-16T09:44:19.850718Z  INFO extract_candidates:parse_all_blobs: tailwindcss_oxide::scanner: enter
2026-01-16T09:44:19.850721Z  INFO extract_candidates:parse_all_blobs:extract: tailwindcss_oxide::scanner: enter
2026-01-16T09:44:19.850973Z  INFO extract_candidates:parse_all_blobs:extract: tailwindcss_oxide::scanner: exit
2026-01-16T09:44:19.850984Z  INFO extract_candidates:parse_all_blobs: tailwindcss_oxide::scanner: exit
2026-01-16T09:44:19.851440Z  INFO extract_candidates: tailwindcss_oxide::scanner: exit
2026-01-16T09:44:19.853195Z  INFO get_files: tailwindcss_oxide::scanner: enter
2026-01-16T09:44:19.853234Z  INFO get_files:scan_sources: tailwindcss_oxide::scanner: enter
2026-01-16T09:44:19.854563Z  INFO get_files:scan_sources: tailwindcss_oxide::scanner: Discovering "C:\\xampp\\htdocs\\tutorial2\\.windsurf"
2026-01-16T09:44:19.854693Z  INFO get_files:scan_sources: tailwindcss_oxide::scanner: Discovering "C:\\xampp\\htdocs\\tutorial2\\.windsurf\\workflows"
2026-01-16T09:44:19.855019Z  INFO get_files:scan_sources: tailwindcss_oxide::scanner: Discovering "C:\\xampp\\htdocs\\tutorial2\\api"
2026-01-16T09:44:19.855114Z  INFO get_files:scan_sources: tailwindcss_oxide::scanner: Discovering "C:\\xampp\\htdocs\\tutorial2\\api\\auth"
2026-01-16T09:44:19.855295Z  INFO get_files:scan_sources: tailwindcss_oxide::scanner: Discovering "C:\\xampp\\htdocs\\tutorial2\\app"
2026-01-16T09:44:19.855393Z  INFO get_files:scan_sources: tailwindcss_oxide::scanner: Discovering "C:\\xampp\\htdocs\\tutorial2\\app\\(layout)"
2026-01-16T09:44:19.855512Z  INFO get_files:scan_sources: tailwindcss_oxide::scanner: Discovering "C:\\xampp\\htdocs\\tutorial2\\app\\(shared-layout)"
2026-01-16T09:44:19.855648Z  INFO get_files:scan_sources: tailwindcss_oxide::scanner: Discovering "C:\\xampp\\htdocs\\tutorial2\\app\\about"
2026-01-16T09:44:19.855771Z  INFO get_files:scan_sources: tailwindcss_oxide::scanner: Discovering "C:\\xampp\\htdocs\\tutorial2\\app\\about-us"
2026-01-16T09:44:19.855885Z  INFO get_files:scan_sources: tailwindcss_oxide::scanner: Discovering "C:\\xampp\\htdocs\\tutorial2\\app\\admin"
2026-01-16T09:44:19.855978Z  INFO get_files:scan_sources: tailwindcss_oxide::scanner: Discovering "C:\\xampp\\htdocs\\tutorial2\\app\\admin\\cards"
2026-01-16T09:44:19.856108Z  INFO get_files:scan_sources: tailwindcss_oxide::scanner: Discovering "C:\\xampp\\htdocs\\tutorial2\\app\\admin\\content"
2026-01-16T09:44:19.856234Z  INFO get_files:scan_sources: tailwindcss_oxide::scanner: Discovering "C:\\xampp\\htdocs\\tutorial2\\app\\admin\\content\\about"
2026-01-16T09:44:19.856368Z  INFO get_files:scan_sources: tailwindcss_oxide::scanner: Discovering "C:\\xampp\\htdocs\\tutorial2\\app\\admin\\content\\contact"
2026-01-16T09:44:19.856484Z  INFO get_files:scan_sources: tailwindcss_oxide::scanner: Discovering "C:\\xampp\\htdocs\\tutorial2\\app\\admin\\content\\home"
2026-01-16T09:44:19.856633Z  INFO get_files:scan_sources: tailwindcss_oxide::scanner: Discovering "C:\\xampp\\htdocs\\tutorial2\\app\\admin\\dashboard"
2026-01-16T09:44:19.856782Z  INFO get_files:scan_sources: tailwindcss_oxide::scanner: Discovering "C:\\xampp\\htdocs\\tutorial2\\app\\admin\\events"
2026-01-16T09:44:19.856944Z  INFO get_files:scan_sources: tailwindcss_oxide::scanner: Discovering "C:\\xampp\\htdocs\\tutorial2\\app\\admin\\events\\[id]"
2026-01-16T09:44:19.857052Z  INFO get_files:scan_sources: tailwindcss_oxide::scanner: Discovering "C:\\xampp\\htdocs\\tutorial2\\app\\admin\\events\\[id]\\registrations"
2026-01-16T09:44:19.857217Z  INFO get_files:scan_sources: tailwindcss_oxide::scanner: Discovering "C:\\xampp\\htdocs\\tutorial2\\app\\admin\\membership"
2026-01-16T09:44:19.857339Z  INFO get_files:scan_sources: tailwindcss_oxide::scanner: Discovering "C:\\xampp\\htdocs\\tutorial2\\app\\admin\\news"
2026-01-16T09:44:19.857638Z  INFO get_files:scan_sources: tailwindcss_oxide::scanner: Discovering "C:\\xampp\\htdocs\\tutorial2\\app\\admin\\payment"
2026-01-16T09:44:19.857888Z  INFO get_files:scan_sources: tailwindcss_oxide::scanner: Discovering "C:\\xampp\\htdocs\\tutorial2\\app\\admin\\payments"
2026-01-16T09:44:19.858043Z  INFO get_files:scan_sources: tailwindcss_oxide::scanner: Discovering "C:\\xampp\\htdocs\\tutorial2\\app\\admin\\reports"
2026-01-16T09:44:19.858189Z  INFO get_files:scan_sources: tailwindcss_oxide::scanner: Discovering "C:\\xampp\\htdocs\\tutorial2\\app\\admin\\requests"
2026-01-16T09:44:19.858379Z  INFO get_files:scan_sources: tailwindcss_oxide::scanner: Discovering "C:\\xampp\\htdocs\\tutorial2\\app\\admin\\users"
2026-01-16T09:44:19.858563Z  INFO get_files:scan_sources: tailwindcss_oxide::scanner: Discovering "C:\\xampp\\htdocs\\tutorial2\\app\\admin\\users\\[id]"
2026-01-16T09:44:19.858831Z  INFO get_files:scan_sources: tailwindcss_oxide::scanner: Discovering "C:\\xampp\\htdocs\\tutorial2\\app\\api"
2026-01-16T09:44:19.858947Z  INFO get_files:scan_sources: tailwindcss_oxide::scanner: Discovering "C:\\xampp\\htdocs\\tutorial2\\app\\api\\about-content"
2026-01-16T09:44:19.859074Z  INFO get_files:scan_sources: tailwindcss_oxide::scanner: Discovering "C:\\xampp\\htdocs\\tutorial2\\app\\api\\admin"
2026-01-16T09:44:19.859169Z  INFO get_files:scan_sources: tailwindcss_oxide::scanner: Discovering "C:\\xampp\\htdocs\\tutorial2\\app\\api\\admin\\approve-member"
2026-01-16T09:44:19.859307Z  INFO get_files:scan_sources: tailwindcss_oxide::scanner: Discovering "C:\\xampp\\htdocs\\tutorial2\\app\\api\\admin\\cards"
2026-01-16T09:44:19.859447Z  INFO get_files:scan_sources: tailwindcss_oxide::scanner: Discovering "C:\\xampp\\htdocs\\tutorial2\\app\\api\\admin\\content"
2026-01-16T09:44:19.859546Z  INFO get_files:scan_sources: tailwindcss_oxide::scanner: Discovering "C:\\xampp\\htdocs\\tutorial2\\app\\api\\admin\\content\\about"
2026-01-16T09:44:19.860141Z  INFO get_files:scan_sources: tailwindcss_oxide::scanner: Discovering "C:\\xampp\\htdocs\\tutorial2\\app\\api\\admin\\content\\about\\[id]"
2026-01-16T09:44:19.860315Z  INFO get_files:scan_sources: tailwindcss_oxide::scanner: Discovering "C:\\xampp\\htdocs\\tutorial2\\app\\api\\admin\\content\\contact"
2026-01-16T09:44:19.860427Z  INFO get_files:scan_sources: tailwindcss_oxide::scanner: Discovering "C:\\xampp\\htdocs\\tutorial2\\app\\api\\admin\\content\\contact\\[id]"
2026-01-16T09:44:19.860662Z  INFO get_files:scan_sources: tailwindcss_oxide::scanner: Discovering "C:\\xampp\\htdocs\\tutorial2\\app\\api\\admin\\content\\footer"
2026-01-16T09:44:19.861313Z  INFO get_files:scan_sources: tailwindcss_oxide::scanner: Discovering "C:\\xampp\\htdocs\\tutorial2\\app\\api\\admin\\content\\home"
2026-01-16T09:44:19.861672Z  INFO get_files:scan_sources: tailwindcss_oxide::scanner: Discovering "C:\\xampp\\htdocs\\tutorial2\\app\\api\\admin\\content\\home\\[id]"
2026-01-16T09:44:19.862093Z  INFO get_files:scan_sources: tailwindcss_oxide::scanner: Discovering "C:\\xampp\\htdocs\\tutorial2\\app\\api\\admin\\content\\media"
2026-01-16T09:44:19.862480Z  INFO get_files:scan_sources: tailwindcss_oxide::scanner: Discovering "C:\\xampp\\htdocs\\tutorial2\\app\\api\\admin\\content\\navigation"
2026-01-16T09:44:19.862765Z  INFO get_files:scan_sources: tailwindcss_oxide::scanner: Discovering "C:\\xampp\\htdocs\\tutorial2\\app\\api\\admin\\content\\pages"
2026-01-16T09:44:19.863060Z  INFO get_files:scan_sources: tailwindcss_oxide::scanner: Discovering "C:\\xampp\\htdocs\\tutorial2\\app\\api\\admin\\content\\pages\\[id]"
2026-01-16T09:44:19.863393Z  INFO get_files:scan_sources: tailwindcss_oxide::scanner: Discovering "C:\\xampp\\htdocs\\tutorial2\\app\\api\\admin\\content\\settings"
2026-01-16T09:44:19.863577Z  INFO get_files:scan_sources: tailwindcss_oxide::scanner: Discovering "C:\\xampp\\htdocs\\tutorial2\\app\\api\\admin\\create-admin"
2026-01-16T09:44:19.863872Z  INFO get_files:scan_sources: tailwindcss_oxide::scanner: Discovering "C:\\xampp\\htdocs\\tutorial2\\app\\api\\admin\\deleted-users"
2026-01-16T09:44:19.864162Z  INFO get_files:scan_sources: tailwindcss_oxide::scanner: Discovering "C:\\xampp\\htdocs\\tutorial2\\app\\api\\admin\\events"
2026-01-16T09:44:19.864526Z  INFO get_files:scan_sources: tailwindcss_oxide::scanner: Discovering "C:\\xampp\\htdocs\\tutorial2\\app\\api\\admin\\events\\[id]"
2026-01-16T09:44:19.864715Z  INFO get_files:scan_sources: tailwindcss_oxide::scanner: Discovering "C:\\xampp\\htdocs\\tutorial2\\app\\api\\admin\\events\\[id]\\registrations"
2026-01-16T09:44:19.865013Z  INFO get_files:scan_sources: tailwindcss_oxide::scanner: Discovering "C:\\xampp\\htdocs\\tutorial2\\app\\api\\admin\\fix-admin"
2026-01-16T09:44:19.865195Z  INFO get_files:scan_sources: tailwindcss_oxide::scanner: Discovering "C:\\xampp\\htdocs\\tutorial2\\app\\api\\admin\\membership"
2026-01-16T09:44:19.865348Z  INFO get_files:scan_sources: tailwindcss_oxide::scanner: Discovering "C:\\xampp\\htdocs\\tutorial2\\app\\api\\admin\\membership\\cycles"
2026-01-16T09:44:19.865556Z  INFO get_files:scan_sources: tailwindcss_oxide::scanner: Discovering "C:\\xampp\\htdocs\\tutorial2\\app\\api\\admin\\membership\\settings"
2026-01-16T09:44:19.865765Z  INFO get_files:scan_sources: tailwindcss_oxide::scanner: Discovering "C:\\xampp\\htdocs\\tutorial2\\app\\api\\admin\\membership\\types"
2026-01-16T09:44:19.865964Z  INFO get_files:scan_sources: tailwindcss_oxide::scanner: Discovering "C:\\xampp\\htdocs\\tutorial2\\app\\api\\admin\\news"
2026-01-16T09:44:19.866138Z  INFO get_files:scan_sources: tailwindcss_oxide::scanner: Discovering "C:\\xampp\\htdocs\\tutorial2\\app\\api\\admin\\payment"
2026-01-16T09:44:19.866314Z  INFO get_files:scan_sources: tailwindcss_oxide::scanner: Discovering "C:\\xampp\\htdocs\\tutorial2\\app\\api\\admin\\payments"
2026-01-16T09:44:19.866455Z  INFO get_files:scan_sources: tailwindcss_oxide::scanner: Discovering "C:\\xampp\\htdocs\\tutorial2\\app\\api\\admin\\payments\\list"
2026-01-16T09:44:19.866594Z  INFO get_files:scan_sources: tailwindcss_oxide::scanner: Discovering "C:\\xampp\\htdocs\\tutorial2\\app\\api\\admin\\payments\\list\\export"
2026-01-16T09:44:19.866868Z  INFO get_files:scan_sources: tailwindcss_oxide::scanner: Discovering "C:\\xampp\\htdocs\\tutorial2\\app\\api\\admin\\payments\\[id]"
2026-01-16T09:44:19.867007Z  INFO get_files:scan_sources: tailwindcss_oxide::scanner: Discovering "C:\\xampp\\htdocs\\tutorial2\\app\\api\\admin\\payments\\[id]\\refund"
2026-01-16T09:44:19.867249Z  INFO get_files:scan_sources: tailwindcss_oxide::scanner: Discovering "C:\\xampp\\htdocs\\tutorial2\\app\\api\\admin\\reject-member"
2026-01-16T09:44:19.867426Z  INFO get_files:scan_sources: tailwindcss_oxide::scanner: Discovering "C:\\xampp\\htdocs\\tutorial2\\app\\api\\admin\\report"
2026-01-16T09:44:19.867858Z  INFO get_files:scan_sources: tailwindcss_oxide::scanner: Discovering "C:\\xampp\\htdocs\\tutorial2\\app\\api\\admin\\reports"
2026-01-16T09:44:19.868095Z  INFO get_files:scan_sources: tailwindcss_oxide::scanner: Discovering "C:\\xampp\\htdocs\\tutorial2\\app\\api\\admin\\reports\\generate"
2026-01-16T09:44:19.868426Z  INFO get_files:scan_sources: tailwindcss_oxide::scanner: Discovering "C:\\xampp\\htdocs\\tutorial2\\app\\api\\admin\\reset-admin"
2026-01-16T09:44:19.868687Z  INFO get_files:scan_sources: tailwindcss_oxide::scanner: Discovering "C:\\xampp\\htdocs\\tutorial2\\app\\api\\admin\\users"
2026-01-16T09:44:19.868885Z  INFO get_files:scan_sources: tailwindcss_oxide::scanner: Discovering "C:\\xampp\\htdocs\\tutorial2\\app\\api\\admin\\users\\restore"
2026-01-16T09:44:19.869242Z  INFO get_files:scan_sources: tailwindcss_oxide::scanner: Discovering "C:\\xampp\\htdocs\\tutorial2\\app\\api\\admin\\users\\[id]"
2026-01-16T09:44:19.869533Z  INFO get_files:scan_sources: tailwindcss_oxide::scanner: Discovering "C:\\xampp\\htdocs\\tutorial2\\app\\api\\admin\\users\\[id]\\approve"
2026-01-16T09:44:19.869891Z  INFO get_files:scan_sources: tailwindcss_oxide::scanner: Discovering "C:\\xampp\\htdocs\\tutorial2\\app\\api\\admin\\users\\[id]\\details"
2026-01-16T09:44:19.870065Z  INFO get_files:scan_sources: tailwindcss_oxide::scanner: Discovering "C:\\xampp\\htdocs\\tutorial2\\app\\api\\admin\\users\\[id]\\membership-status"
2026-01-16T09:44:19.870199Z  INFO get_files:scan_sources: tailwindcss_oxide::scanner: Discovering "C:\\xampp\\htdocs\\tutorial2\\app\\api\\admin\\users\\[id]\\password"
2026-01-16T09:44:19.870317Z  INFO get_files:scan_sources: tailwindcss_oxide::scanner: Discovering "C:\\xampp\\htdocs\\tutorial2\\app\\api\\admin\\users\\[id]\\reject"
2026-01-16T09:44:19.870499Z  INFO get_files:scan_sources: tailwindcss_oxide::scanner: Discovering "C:\\xampp\\htdocs\\tutorial2\\app\\api\\auth"
2026-01-16T09:44:19.870611Z  INFO get_files:scan_sources: tailwindcss_oxide::scanner: Discovering "C:\\xampp\\htdocs\\tutorial2\\app\\api\\auth\\forgot-password"
2026-01-16T09:44:19.870736Z  INFO get_files:scan_sources: tailwindcss_oxide::scanner: Discovering "C:\\xampp\\htdocs\\tutorial2\\app\\api\\auth\\login"
2026-01-16T09:44:19.870855Z  INFO get_files:scan_sources: tailwindcss_oxide::scanner: Discovering "C:\\xampp\\htdocs\\tutorial2\\app\\api\\auth\\logout"
2026-01-16T09:44:19.870974Z  INFO get_files:scan_sources: tailwindcss_oxide::scanner: Discovering "C:\\xampp\\htdocs\\tutorial2\\app\\api\\auth\\me"
2026-01-16T09:44:19.871095Z  INFO get_files:scan_sources: tailwindcss_oxide::scanner: Discovering "C:\\xampp\\htdocs\\tutorial2\\app\\api\\auth\\membership-status"
2026-01-16T09:44:19.871221Z  INFO get_files:scan_sources: tailwindcss_oxide::scanner: Discovering "C:\\xampp\\htdocs\\tutorial2\\app\\api\\auth\\profile"
2026-01-16T09:44:19.871359Z  INFO get_files:scan_sources: tailwindcss_oxide::scanner: Discovering "C:\\xampp\\htdocs\\tutorial2\\app\\api\\auth\\refresh"
2026-01-16T09:44:19.871475Z  INFO get_files:scan_sources: tailwindcss_oxide::scanner: Discovering "C:\\xampp\\htdocs\\tutorial2\\app\\api\\auth\\register"
2026-01-16T09:44:19.871627Z  INFO get_files:scan_sources: tailwindcss_oxide::scanner: Discovering "C:\\xampp\\htdocs\\tutorial2\\app\\api\\auth\\[...nextauth]"
2026-01-16T09:44:19.871777Z  INFO get_files:scan_sources: tailwindcss_oxide::scanner: Discovering "C:\\xampp\\htdocs\\tutorial2\\app\\api\\contact-content"
2026-01-16T09:44:19.871912Z  INFO get_files:scan_sources: tailwindcss_oxide::scanner: Discovering "C:\\xampp\\htdocs\\tutorial2\\app\\api\\debug"
2026-01-16T09:44:19.872024Z  INFO get_files:scan_sources: tailwindcss_oxide::scanner: Discovering "C:\\xampp\\htdocs\\tutorial2\\app\\api\\debug\\pricing"
2026-01-16T09:44:19.872142Z  INFO get_files:scan_sources: tailwindcss_oxide::scanner: Discovering "C:\\xampp\\htdocs\\tutorial2\\app\\api\\debug\\send-email"
2026-01-16T09:44:19.872258Z  INFO get_files:scan_sources: tailwindcss_oxide::scanner: Discovering "C:\\xampp\\htdocs\\tutorial2\\app\\api\\debug\\send-test-email"
2026-01-16T09:44:19.872387Z  INFO get_files:scan_sources: tailwindcss_oxide::scanner: Discovering "C:\\xampp\\htdocs\\tutorial2\\app\\api\\events"
2026-01-16T09:44:19.872499Z  INFO get_files:scan_sources: tailwindcss_oxide::scanner: Discovering "C:\\xampp\\htdocs\\tutorial2\\app\\api\\events\\[id]"
2026-01-16T09:44:19.872595Z  INFO get_files:scan_sources: tailwindcss_oxide::scanner: Discovering "C:\\xampp\\htdocs\\tutorial2\\app\\api\\events\\[id]\\register"
2026-01-16T09:44:19.872733Z  INFO get_files:scan_sources: tailwindcss_oxide::scanner: Discovering "C:\\xampp\\htdocs\\tutorial2\\app\\api\\fix-membership"
2026-01-16T09:44:19.872849Z  INFO get_files:scan_sources: tailwindcss_oxide::scanner: Discovering "C:\\xampp\\htdocs\\tutorial2\\app\\api\\home-content"
2026-01-16T09:44:19.872979Z  INFO get_files:scan_sources: tailwindcss_oxide::scanner: Discovering "C:\\xampp\\htdocs\\tutorial2\\app\\api\\membership"
2026-01-16T09:44:19.873071Z  INFO get_files:scan_sources: tailwindcss_oxide::scanner: Discovering "C:\\xampp\\htdocs\\tutorial2\\app\\api\\membership\\complete-payment"
2026-01-16T09:44:19.873189Z  INFO get_files:scan_sources: tailwindcss_oxide::scanner: Discovering "C:\\xampp\\htdocs\\tutorial2\\app\\api\\membership\\next-number"
2026-01-16T09:44:19.873306Z  INFO get_files:scan_sources: tailwindcss_oxide::scanner: Discovering "C:\\xampp\\htdocs\\tutorial2\\app\\api\\membership\\pay"
2026-01-16T09:44:19.873420Z  INFO get_files:scan_sources: tailwindcss_oxide::scanner: Discovering "C:\\xampp\\htdocs\\tutorial2\\app\\api\\membership\\pay-early"
2026-01-16T09:44:19.873543Z  INFO get_files:scan_sources: tailwindcss_oxide::scanner: Discovering "C:\\xampp\\htdocs\\tutorial2\\app\\api\\membership\\payment-status"
2026-01-16T09:44:19.873662Z  INFO get_files:scan_sources: tailwindcss_oxide::scanner: Discovering "C:\\xampp\\htdocs\\tutorial2\\app\\api\\membership\\payment-success"
2026-01-16T09:44:19.873825Z  INFO get_files:scan_sources: tailwindcss_oxide::scanner: Discovering "C:\\xampp\\htdocs\\tutorial2\\app\\api\\membership\\status"
2026-01-16T09:44:19.874001Z  INFO get_files:scan_sources: tailwindcss_oxide::scanner: Discovering "C:\\xampp\\htdocs\\tutorial2\\app\\api\\messages"
2026-01-16T09:44:19.874102Z  INFO get_files:scan_sources: tailwindcss_oxide::scanner: Discovering "C:\\xampp\\htdocs\\tutorial2\\app\\api\\messages\\reply"
2026-01-16T09:44:19.874242Z  INFO get_files:scan_sources: tailwindcss_oxide::scanner: Discovering "C:\\xampp\\htdocs\\tutorial2\\app\\api\\messages\\[id]"
2026-01-16T09:44:19.874330Z  INFO get_files:scan_sources: tailwindcss_oxide::scanner: Discovering "C:\\xampp\\htdocs\\tutorial2\\app\\api\\messages\\[id]\\read"
2026-01-16T09:44:19.874493Z  INFO get_files:scan_sources: tailwindcss_oxide::scanner: Discovering "C:\\xampp\\htdocs\\tutorial2\\app\\api\\news"
2026-01-16T09:44:19.874607Z  INFO get_files:scan_sources: tailwindcss_oxide::scanner: Discovering "C:\\xampp\\htdocs\\tutorial2\\app\\api\\payment"
2026-01-16T09:44:19.874738Z  INFO get_files:scan_sources: tailwindcss_oxide::scanner: Discovering "C:\\xampp\\htdocs\\tutorial2\\app\\api\\payment\\pesapal"
2026-01-16T09:44:19.874865Z  INFO get_files:scan_sources: tailwindcss_oxide::scanner: Discovering "C:\\xampp\\htdocs\\tutorial2\\app\\api\\payments"
2026-01-16T09:44:19.874954Z  INFO get_files:scan_sources: tailwindcss_oxide::scanner: Discovering "C:\\xampp\\htdocs\\tutorial2\\app\\api\\payments\\activate-test"
2026-01-16T09:44:19.875078Z  INFO get_files:scan_sources: tailwindcss_oxide::scanner: Discovering "C:\\xampp\\htdocs\\tutorial2\\app\\api\\payments\\azampay"
2026-01-16T09:44:19.875168Z  INFO get_files:scan_sources: tailwindcss_oxide::scanner: Discovering "C:\\xampp\\htdocs\\tutorial2\\app\\api\\payments\\azampay\\callback"
2026-01-16T09:44:19.875289Z  INFO get_files:scan_sources: tailwindcss_oxide::scanner: Discovering "C:\\xampp\\htdocs\\tutorial2\\app\\api\\payments\\azampay\\checkout"
2026-01-16T09:44:19.875420Z  INFO get_files:scan_sources: tailwindcss_oxide::scanner: Discovering "C:\\xampp\\htdocs\\tutorial2\\app\\api\\payments\\cleanup"
2026-01-16T09:44:19.875547Z  INFO get_files:scan_sources: tailwindcss_oxide::scanner: Discovering "C:\\xampp\\htdocs\\tutorial2\\app\\api\\payments\\complete"
2026-01-16T09:44:19.875666Z  INFO get_files:scan_sources: tailwindcss_oxide::scanner: Discovering "C:\\xampp\\htdocs\\tutorial2\\app\\api\\payments\\mobile-money"
2026-01-16T09:44:19.875783Z  INFO get_files:scan_sources: tailwindcss_oxide::scanner: Discovering "C:\\xampp\\htdocs\\tutorial2\\app\\api\\payments\\payment-status"
2026-01-16T09:44:19.875896Z  INFO get_files:scan_sources: tailwindcss_oxide::scanner: Discovering "C:\\xampp\\htdocs\\tutorial2\\app\\api\\payments\\process"
2026-01-16T09:44:19.876031Z  INFO get_files:scan_sources: tailwindcss_oxide::scanner: Discovering "C:\\xampp\\htdocs\\tutorial2\\app\\api\\reports"
2026-01-16T09:44:19.876119Z  INFO get_files:scan_sources: tailwindcss_oxide::scanner: Discovering "C:\\xampp\\htdocs\\tutorial2\\app\\api\\reports\\generate"
2026-01-16T09:44:19.876473Z  INFO get_files:scan_sources: tailwindcss_oxide::scanner: Discovering "C:\\xampp\\htdocs\\tutorial2\\app\\api\\reports\\send-email"
2026-01-16T09:44:19.876698Z  INFO get_files:scan_sources: tailwindcss_oxide::scanner: Discovering "C:\\xampp\\htdocs\\tutorial2\\app\\api\\send-approval-email"
2026-01-16T09:44:19.876872Z  INFO get_files:scan_sources: tailwindcss_oxide::scanner: Discovering "C:\\xampp\\htdocs\\tutorial2\\app\\api\\settings"
2026-01-16T09:44:19.876992Z  INFO get_files:scan_sources: tailwindcss_oxide::scanner: Discovering "C:\\xampp\\htdocs\\tutorial2\\app\\api\\setup"
2026-01-16T09:44:19.877082Z  INFO get_files:scan_sources: tailwindcss_oxide::scanner: Discovering "C:\\xampp\\htdocs\\tutorial2\\app\\api\\setup\\ensure-admin"
2026-01-16T09:44:19.877727Z  INFO get_files:scan_sources: tailwindcss_oxide::scanner: Discovering "C:\\xampp\\htdocs\\tutorial2\\app\\api\\test-events"
2026-01-16T09:44:19.878117Z  INFO get_files:scan_sources: tailwindcss_oxide::scanner: Discovering "C:\\xampp\\htdocs\\tutorial2\\app\\api\\user"
2026-01-16T09:44:19.878403Z  INFO get_files:scan_sources: tailwindcss_oxide::scanner: Discovering "C:\\xampp\\htdocs\\tutorial2\\app\\api\\user\\profile"
2026-01-16T09:44:19.878614Z  INFO get_files:scan_sources: tailwindcss_oxide::scanner: Discovering "C:\\xampp\\htdocs\\tutorial2\\app\\auth"
2026-01-16T09:44:19.878717Z  INFO get_files:scan_sources: tailwindcss_oxide::scanner: Discovering "C:\\xampp\\htdocs\\tutorial2\\app\\auth\\forgot-password"
2026-01-16T09:44:19.878858Z  INFO get_files:scan_sources: tailwindcss_oxide::scanner: Discovering "C:\\xampp\\htdocs\\tutorial2\\app\\auth\\login"
2026-01-16T09:44:19.878993Z  INFO get_files:scan_sources: tailwindcss_oxide::scanner: Discovering "C:\\xampp\\htdocs\\tutorial2\\app\\auth\\pending-approval"
2026-01-16T09:44:19.879120Z  INFO get_files:scan_sources: tailwindcss_oxide::scanner: Discovering "C:\\xampp\\htdocs\\tutorial2\\app\\auth\\register"
2026-01-16T09:44:19.879267Z  INFO get_files:scan_sources: tailwindcss_oxide::scanner: Discovering "C:\\xampp\\htdocs\\tutorial2\\app\\components"
2026-01-16T09:44:19.879441Z  INFO get_files:scan_sources: tailwindcss_oxide::scanner: Discovering "C:\\xampp\\htdocs\\tutorial2\\app\\contact"
2026-01-16T09:44:19.879594Z  INFO get_files:scan_sources: tailwindcss_oxide::scanner: Discovering "C:\\xampp\\htdocs\\tutorial2\\app\\dashboard"
2026-01-16T09:44:19.879716Z  INFO get_files:scan_sources: tailwindcss_oxide::scanner: Discovering "C:\\xampp\\htdocs\\tutorial2\\app\\dashboard\\complete-profile"
2026-01-16T09:44:19.879886Z  INFO get_files:scan_sources: tailwindcss_oxide::scanner: Discovering "C:\\xampp\\htdocs\\tutorial2\\app\\dashboard\\events"
2026-01-16T09:44:19.880024Z  INFO get_files:scan_sources: tailwindcss_oxide::scanner: Discovering "C:\\xampp\\htdocs\\tutorial2\\app\\dashboard\\events\\create"
2026-01-16T09:44:19.880264Z  INFO get_files:scan_sources: tailwindcss_oxide::scanner: Discovering "C:\\xampp\\htdocs\\tutorial2\\app\\dashboard\\membership-card"
2026-01-16T09:44:19.880461Z  INFO get_files:scan_sources: tailwindcss_oxide::scanner: Discovering "C:\\xampp\\htdocs\\tutorial2\\app\\dashboard\\messages"
2026-01-16T09:44:19.880672Z  INFO get_files:scan_sources: tailwindcss_oxide::scanner: Discovering "C:\\xampp\\htdocs\\tutorial2\\app\\dashboard\\news"
2026-01-16T09:44:19.880827Z  INFO get_files:scan_sources: tailwindcss_oxide::scanner: Discovering "C:\\xampp\\htdocs\\tutorial2\\app\\dashboard\\payment"
2026-01-16T09:44:19.880945Z  INFO get_files:scan_sources: tailwindcss_oxide::scanner: Discovering "C:\\xampp\\htdocs\\tutorial2\\app\\dashboard\\payment\\callback"
2026-01-16T09:44:19.881084Z  INFO get_files:scan_sources: tailwindcss_oxide::scanner: Discovering "C:\\xampp\\htdocs\\tutorial2\\app\\dashboard\\payment\\success"
2026-01-16T09:44:19.881262Z  INFO get_files:scan_sources: tailwindcss_oxide::scanner: Discovering "C:\\xampp\\htdocs\\tutorial2\\app\\dashboard\\profile"
2026-01-16T09:44:19.881379Z  INFO get_files:scan_sources: tailwindcss_oxide::scanner: Discovering "C:\\xampp\\htdocs\\tutorial2\\app\\dashboard\\subscribe"
2026-01-16T09:44:19.881516Z  INFO get_files:scan_sources: tailwindcss_oxide::scanner: Discovering "C:\\xampp\\htdocs\\tutorial2\\app\\fix-auth"
2026-01-16T09:44:19.881721Z  INFO get_files:scan_sources: tailwindcss_oxide::scanner: Discovering "C:\\xampp\\htdocs\\tutorial2\\app\\schemas"
2026-01-16T09:44:19.881834Z  INFO get_files:scan_sources: tailwindcss_oxide::scanner: Discovering "C:\\xampp\\htdocs\\tutorial2\\app\\scripts"
2026-01-16T09:44:19.881966Z  INFO get_files:scan_sources: tailwindcss_oxide::scanner: Discovering "C:\\xampp\\htdocs\\tutorial2\\app\\unauthorized"
2026-01-16T09:44:19.882384Z  INFO get_files:scan_sources: tailwindcss_oxide::scanner: Discovering "C:\\xampp\\htdocs\\tutorial2\\components"
2026-01-16T09:44:19.882483Z  INFO get_files:scan_sources: tailwindcss_oxide::scanner: Discovering "C:\\xampp\\htdocs\\tutorial2\\components\\admin"
2026-01-16T09:44:19.882659Z  INFO get_files:scan_sources: tailwindcss_oxide::scanner: Discovering "C:\\xampp\\htdocs\\tutorial2\\components\\dashboard"
2026-01-16T09:44:19.882881Z  INFO get_files:scan_sources: tailwindcss_oxide::scanner: Discovering "C:\\xampp\\htdocs\\tutorial2\\components\\ui"
2026-01-16T09:44:19.883186Z  INFO get_files:scan_sources: tailwindcss_oxide::scanner: Discovering "C:\\xampp\\htdocs\\tutorial2\\components\\web"
2026-01-16T09:44:19.883390Z  INFO get_files:scan_sources: tailwindcss_oxide::scanner: Discovering "C:\\xampp\\htdocs\\tutorial2\\contexts"
2026-01-16T09:44:19.883509Z  INFO get_files:scan_sources: tailwindcss_oxide::scanner: Discovering "C:\\xampp\\htdocs\\tutorial2\\convex"
2026-01-16T09:44:19.883599Z  INFO get_files:scan_sources: tailwindcss_oxide::scanner: Discovering "C:\\xampp\\htdocs\\tutorial2\\convex\\_generated"
2026-01-16T09:44:19.883894Z  INFO get_files:scan_sources: tailwindcss_oxide::scanner: Discovering "C:\\xampp\\htdocs\\tutorial2\\database"
2026-01-16T09:44:19.884446Z  INFO get_files:scan_sources: tailwindcss_oxide::scanner: Discovering "C:\\xampp\\htdocs\\tutorial2\\deploy-minimal"
2026-01-16T09:44:19.884633Z  INFO get_files:scan_sources: tailwindcss_oxide::scanner: Discovering "C:\\xampp\\htdocs\\tutorial2\\deploy-simple"
2026-01-16T09:44:19.884800Z  INFO get_files:scan_sources: tailwindcss_oxide::scanner: Discovering "C:\\xampp\\htdocs\\tutorial2\\deploy-temp"
2026-01-16T09:44:19.885321Z  INFO get_files:scan_sources: tailwindcss_oxide::scanner: Discovering "C:\\xampp\\htdocs\\tutorial2\\lib"
2026-01-16T09:44:19.885806Z  INFO get_files:scan_sources: tailwindcss_oxide::scanner: Discovering "C:\\xampp\\htdocs\\tutorial2\\migrations"
2026-01-16T09:44:19.886412Z  INFO get_files:scan_sources: tailwindcss_oxide::scanner: Discovering "C:\\xampp\\htdocs\\tutorial2\\public"
2026-01-16T09:44:19.886573Z  INFO get_files:scan_sources: tailwindcss_oxide::scanner: Discovering "C:\\xampp\\htdocs\\tutorial2\\public\\uploads"
2026-01-16T09:44:19.886681Z  INFO get_files:scan_sources: tailwindcss_oxide::scanner: Discovering "C:\\xampp\\htdocs\\tutorial2\\public\\uploads\\documents"
2026-01-16T09:44:19.886813Z  INFO get_files:scan_sources: tailwindcss_oxide::scanner: Discovering "C:\\xampp\\htdocs\\tutorial2\\public\\uploads\\profile-pictures"
2026-01-16T09:44:19.887213Z  INFO get_files:scan_sources: tailwindcss_oxide::scanner: Discovering "C:\\xampp\\htdocs\\tutorial2\\scripts"
2026-01-16T09:44:19.889035Z  INFO get_files:scan_sources: tailwindcss_oxide::scanner: Discovering "C:\\xampp\\htdocs\\tutorial2\\types"
2026-01-16T09:44:19.889390Z  INFO get_files:scan_sources: tailwindcss_oxide::scanner: exit
2026-01-16T09:44:19.889563Z  INFO get_files: tailwindcss_oxide::scanner: exit
2026-01-16T09:44:19.889926Z  INFO get_globs: tailwindcss_oxide::scanner: enter
2026-01-16T09:44:19.889938Z  INFO get_globs: tailwindcss_oxide::scanner: exit
